Ki [nM],pKi,standardized_smiles
328.0,6.484126156288321,CCc1cc2c(c(C(F)(F)F)c1)C(=O)N(C)C1CNCC21
10.7,7.97061622231479,CCCCN(C(=O)NC1CCC(CCN2CCN(c3nsc4ccccc34)CC2)CC1)c1ccccc1
1.07,8.97061622231479,O=c1c2cccnc2ccn1CCN1CCN(c2noc3ccccc23)CC1
9.519,8.021408673179925,O=C(NC1CCC(CCN2CCC(c3noc4cc(F)ccc34)CC2)CC1)c1ccc(N2CCOCC2)cc1
6.0,8.221848749616356,O=C1c2ncccc2CCC1CCN1CCN(c2noc3ccccc23)CC1
257.0,6.590066876668706,CC1N=C(N)Nc2cccc(Cl)c21
3.07,8.512861624522813,O=C1NCc2ccc(OCCCCN3CCN(c4cccc5cc(F)ccc45)CC3)c(F)c21
82.5,7.0835460514500745,OC1(c2ccc(Cl)cc2)CCN(CCCSc2ccc(F)cc2)CC1
625.0,6.204119982655925,CN(C)CCn1ccc2ccccc21
42.66,7.36997914888659,O=C1CC(CN2CCC(C(=O)c3ccc(F)cc3)CC2)Cc2[nH]ncc21
12.0,7.920818753952375,Cc1c2n(c3ccccc13)CCNCC2
5.8,8.236572006437063,Fc1ccc(N2CCN(CCC3OCCc4ccccc43)CC2)cc1
12.2,7.913640169325252,CC#CC(=O)NC1CCC(CCN2CCN(c3nccc4c3CCO4)CC2)CC1
26.0,7.585026652029182,O=c1c2cnccc2ccn1CCN1CCN(c2noc3ccccc23)CC1
1172.0,5.931072388317928,CCC(Oc1cc(C(F)(F)F)ccc1F)c1nc(N)nc(N2CCN(C)CC2)n1
501.19,6.299997602857746,COc1ccc(N2CCC(c3ccc(Cl)c(Cl)c3)C2=O)cc1OCCN1CCCCC1
0.76,9.119186407719209,O=C(NC1CCC(CCN2CCN(c3nsc4ccccc34)CC2)CC1)OCc1ccccc1
2.2,8.657577319177793,Cc1cc2c(cn1)C(=O)N(CCN1CCC(c3noc4ccccc34)CC1)CC21CC1
50.0,7.301029995663981,Oc1cc(-c2c[nH]c3ccc(F)cc23)c(O)n1CCCCN1CCC(c2c[nH]c3ccccc23)CC1
3000.0,5.522878745280337,CC(=O)c1c(C)cc2oc(=O)cc(C)c2c1OCCCN1CCN(c2cnccn2)CC1
1.1,8.958607314841775,Cn1ccc2c1CCN(CCN1CCC(c3noc4ccccc34)CC1)C2=O
22.9,7.640164517660112,O=C(NCCCCN1CCN(c2cccc(Cl)c2Cl)CC1)c1ccc(-c2ccccn2)cc1
1970.0,5.705533773838407,O=c1[nH]c2c(N3CCN(CCC4CCCN4S(=O)(=O)c4cncc5ccccc45)CC3)cccc2o1
605.0,6.218244625347531,CC(Oc1ccc(C(F)(F)F)cc1OC1CNC1)c1cccc(C(F)(F)F)c1
125.0,6.903089986991944,COc1ccc(CCN(CCCc2cccc(Cl)c2)CCc2ccc3c(c2)OCO3)cc1OC
23.75,7.624336386039115,O=C(NC1CCC(CCN2CCN(c3cccc4c3OCO4)CC2)CC1)C1CC(Cl)C1
10.0,8.0,CC(C)Oc1ccc(CC(=O)N(Cc2ccc(F)cc2F)C2CCN(C)CC2F)cc1
316.0,6.5003129173815966,CC(C)Oc1ccc(CC(=O)N(Cc2ccc(Cl)cc2Cl)C2CCN(C)CC2)cc1
1140.0,5.943095148663527,Clc1ccc2c3c1CCN3CCNC2
0.6,9.221848749616356,Nc1cc(F)ccc1C(=O)CCCN1CCC2C(C1)c1cccc3c1N2CCCC3
146.0,6.835647144215563,COc1cc(SCC(F)F)c(OC)cc1CCN
4.75,8.323306390375134,O=C(NC1CCc2ccc(CCN3CCN(c4nsc5ccccc45)CC3)cc21)c1ccccc1
0.33,9.481486060122112,Cn1ncc2c1CCCN(CCN1CCN(c3nsc4ccccc34)CC1)C2=O
15.72,7.8035474582966105,O=C(CC1(O)CCCCC1)NC1CCC(CCN2CCC(c3cccc4c3OCO4)CC2)CC1
93.0,7.031517051446065,COc1ccc(Cn2nnc(C(=O)NCCCCCN3CCN(c4ccccc4OC)CC3)c2C)cc1
12.0,7.920818753952375,NCc1cc(OCc2cc(F)ccc2F)n(CC2CCCC2)n1
5.37,8.270025714300445,O=S(=O)(NC1CCN(CCCc2noc3ccccc23)C1)c1ccc2cc(Cl)ccc2c1
10.0,8.0,Cn1cc2c(n1)CCN(CCN1CCN(c3noc4ccccc34)CC1)C2=O
1.0,9.0,Cc1cc2c(cn1)C(=O)N(CCN1CCC(c3noc4ccccc34)CC1)CC2
1.92,8.71669877129645,O=C1c2ncccc2CCN1CCN1CCC(c2nsc3ccccc23)CC1
29.79,7.525929496784957,COC1CCC(CC(=O)NC2CCC(CCN3CCN(c4cccc5c4OCO5)CC3)CC2)CC1
26.0,7.585026652029182,Cc1cccc(S(=O)(=O)NCCCCN2CCN(c3noc4ccccc34)CC2)c1
60.1,7.221125527997261,CCc1cc(Cl)c(OC)c(N2CCN(CCCCNC(=O)c3cc4ccccc4[nH]3)CC2)c1
0.42,9.3767507096021,COc1cc2c(cn1)C(=O)N(CCN1CCN(c3nsc4ccccc34)CC1)CC2
47.0,7.327902142064283,O=c1n(CCCCCCN2CCN(c3cccc(Cl)c3Cl)CC2)nc2ccccn12
13.68,7.863913902615902,O=C(CC1CCCCO1)NC1CCC(CCN2CCC(c3noc4cc(Cl)ccc34)CC2)CC1
0.28,9.55284196865778,Cc1cc(CCN2CCN(c3noc4ccccc34)CC2)c2c(c1)C(C)CC(=O)N2
72.3,7.140861702705469,Brc1cncc2c1CCC1CNCCN21
15.0,7.823908740944319,CC1(O)CCC(CC(=O)NC2CCC(CCN3CCC(c4noc5cc(Cl)ccc45)CC3)CC2)CC1
18.0,7.7447274948966935,c1ccc2c(c1)cc1n2CCNCC1
19.0,7.721246399047171,O=c1c2ncccc2ccn1CCN1CCN(c2noc3ccccc23)CC1
8.0,8.096910013008056,Cc1noc2c1C(=O)N(CCN1CCC(c3noc4ccccc34)CC1)CC2
141.0,6.85078088734462,Cc1cccc2c1C(=O)NC1CCNCCN21
3900.0,5.4089353929735005,CCCCCCOc1ccc(C2=NC(CO)C(C)S2)cc1
13.0,7.886056647693163,Cc1ccc2c(c1)Oc1cc(C)ccc1C(N1CCN(CC(C)(C)C(=O)O)CC1)=N2
2505.0,5.601192269796735,O=S(=O)(c1cccc(N2CCNCC2)c1)n1cccc1-c1cccc(F)c1
584.0,6.2335871528876,COc1ccccc1N1CCN(CCCCCN2C(=O)c3ccccc3S2(=O)=O)CC1
11.6,7.935542010773082,O=C(NC1CCC(CCN2CCC(c3ccc(F)c4occc34)CC2)CC1)C1CCOCC1
3.7,8.431798275933005,Cc1cccc(S(=O)(=O)NCCCN2CCC(c3noc4cc(F)ccc34)CC2)c1
27.48,7.560983271612487,CS(=O)(=O)NC1CCC(CCN2CCC(c3noc4ccc(F)cc34)CC2)CC1
154.88,6.810004660035681,O=C1c2ccccc2CCCN1CCN1CCC(Oc2ccccc2)CC1
69.0,7.161150909262744,CN(C1CCN(CCOc2ccccc2-c2ccccc2)CC1)S(=O)(=O)c1ccc(F)cc1
190.0,6.721246399047171,CC1CC(=O)Nc2c(CCN3CCN(c4noc5ccccc45)CC3)cccc21
12.43,7.905528871358356,O=C(CO)NC1CCC(CCN2CCN(c3cccc4c3OCO4)CC2)CC1
22.32,7.651305809734459,O=C(NC1CCC(CCN2CCC(c3noc4ccc(F)cc34)CC2)CC1)c1ccc(N2CCOCC2)cc1
197.0,6.705533773838407,CN1CCN(c2nc(N)nc(CSc3ccccc3)n2)CC1
1300.0,5.886056647693163,O=C1COc2c(N3CCN(CCCCOc4ccn5nccc5c4)CC3)ccc(O)c2N1
0.17,9.769551078621726,CC1CC(=O)Nc2c(CCN3CCN(c4nsc5ccccc45)CC3)cc(F)cc21
431.0,6.3655227298392685,CCc1cc2c(c(C(F)(F)F)c1)C(=O)N1CCNCC21
98.6,7.006123085058789,CC(C)c1ccc2[nH]cc(C3=CCCNC3)c2c1
1584.89,5.800000874803203,Cc1cc2c(cc1Cl)N(C(=O)Nc1ccc(Oc3cccnc3C)nn1)CC2
27.0,7.568636235841013,O=C1c2nc(Cl)ccc2CCN1CCN1CCN(c2noc3ccccc23)CC1
200.0,6.698970004336019,Cc1cc(F)ccc1CN(C(=O)Cc1ccc(OCC(C)C)cc1)C1CCN(C)CC1
5.012,8.299988937677888,Cn1ncc(Br)c1-c1cc(NC(=O)Nc2ccc(Cl)cc2)ccc1OCc1ccccc1
9.394,8.02714944415277,O=C(CC1OCCCO1)NC1CCC(CCN2CCC(c3noc4cc(F)c(F)cc34)CC2)CC1
1000.0,6.0,COc1cc(OC)c(C(=O)CCCCN2CCC3(CC2)NC(=O)NC3=O)cc1NS(=O)(=O)c1ccc(OC(F)(F)F)cc1
44.0,7.356547323513812,Cc1cnc(N2CCN(CCC3CCC(NC(=O)CC4CCOCC4)CC3)CC2)c2c1OCC2
9.53,8.020907099361674,O=C1NCc2ccc(OCCCCN3CCN(c4cccc5cc(F)ccc45)CC3)cc21
6425.4,5.19209983104952,Nc1nc2c(c(N3CCNCC3)n1)CC=C1OC3CCCCC3C12
17.38,7.7599502278873524,O=C1CC(CN2CCC(C(=O)c3ccc(F)cc3)CC2)Cc2oc(-c3ccccc3)cc21
42.3,7.373659632624958,O=C(NCCC(O)CN1CCN(c2cccc(Cl)c2Cl)CC1)c1ccc(-c2ccccn2)cc1
6.457,8.18996921359416,CNc1ncc2c(n1)CC(CN1CCC(C(=O)c3ccc(F)cc3)CC1)CC2=O
11.1,7.954677021213342,O=C(NC1CCC(CCN2CCN(c3nccc4c3CCO4)CC2)CC1)c1ccc(F)cc1
1.4,8.853871964321762,CCN(CCN1CCC(c2noc3cc(F)ccc23)CC1)C(=O)C(O)C(C)C
125.89,6.900008766455316,Cc1cc(S(=O)(=O)Nc2ccc3c(c2)CCN(C)CC3)ccc1-c1ccc(Cl)cc1
0.89,9.050609993355087,CC(C)COc1ccc(CNC(=O)N(Cc2ccn(C)n2)C2CCN(C)CC23CC3)cc1
2.2,8.657577319177793,CNCc1cc(OCc2cc(F)ccc2F)n(CC2CCCC2)n1
5010.0,5.300162274132754,CCC1CN2CCc3c([nH]c4cccc(OC)c34)C2CC1C(=COC)C(=O)OC
11.0,7.958607314841775,O=C(CC(F)(F)F)NC1CCC(CCN2CCN(c3nccc4c3CCO4)CC2)CC1
230.0,6.638272163982407,CC(C)c1ccccc1OCCN1CCC(N(C)S(=O)(=O)c2cccc(F)c2)CC1
1.3,8.886056647693163,Cn1c(F)cc2c1CCN(CCN1CCN(c3nsc4ccccc34)CC1)C2=O
2.5,8.602059991327963,CNCc1cc(OCc2cc(C)ccc2F)n(C(C)C2CCCCC2)n1
65.0,7.187086643357144,COc1ccc(CCN(CCCc2ccccc2F)CCc2ccc3c(c2)OCO3)cc1OC
4.96,8.304518323509802,Cc1ccccc1OC(=O)NC1CCC(CCN2CCN(c3nsc4ccccc34)CC2)CC1
17.0,7.769551078621726,Nc1nc(N)nc(NCCCCCN2CCN(c3cccc(Cl)c3Cl)CC2)n1
557.0,6.254144804826271,CN(C1CCN(CCOc2ccccc2C(C)(C)C)CC1)S(=O)(=O)c1cnn(C)c1
30.899999999999995,7.510041520575165,O=C(CCCN1C2CCC1CC(O)(c1ccc(Cl)cc1)C2)c1ccc(F)cc1
456.0,6.341035157335565,CCc1cc(C)c2c(c1)CC1CNCCN1C2=O
676.0,6.170053304058364,Cc1c(CCN)c2cccc3c2n1CCC3
3.2,8.494850021680094,Cn1nccc1-c1cc(NC(=O)Nc2ccc(F)cc2F)ccc1OCCN1CCCCC1
398.11,6.399996913372259,COc1cc2c(cc1C(F)(F)F)N(C(=O)Nc1cccc(-c3cccnc3)c1C)CC2
125.89,6.900008766455316,COc1ccc2c(c1)-c1c(ccn1CC(C)N)C2
4.9,8.309803919971486,O=S(=O)(NCCCCN1CCC(c2noc3cc(F)ccc23)CC1)c1ccc(Cl)c(Cl)c1
0.52,9.2839966563652,NC(=O)c1ccc(S(=O)(=O)C2CCN(CCc3ccc(F)cc3F)CC2)cc1
125.89,6.900008766455316,COc1ccc2c(c1)-c1c(ccn1CC(C)N)C2
300.0,6.522878745280337,Brc1ccc2c3c1CCN3CCNC2
1.4,8.853871964321762,O=C(CO)NC1CCC(CCN2CCN(c3nccc4sccc34)CC2)CC1
88.5,7.053056729302175,CCCNC(C)Cc1cc(OC)c(Br)cc1OC
189.0,6.723538195826756,Oc1c2c(c(O)n1CCCCCCN1CCN(c3cccc(C(F)(F)F)c3)CC1)C1CCC2C1
3820.0,5.4179366370882915,CCOc1cc2c(c(C(F)(F)F)c1)C(=O)N1CCNCC21
19.0,7.721246399047171,O=S(=O)(c1ccccc1)c1c[nH]c2cccc(CCNC3CCCC3)c12
3.62,8.441291429466835,O=C(c1ccc(F)cc1)C1CCN(CCc2ccc(I)cc2)CC1
0.15,9.823908740944319,Cn1nccc1-c1cc(NC(=O)Nc2ccc(Cl)cc2)ccc1OCCN1CCCC1
511.0,6.291579099865287,COc1cccc2c1CC1CNCCN1C2=O
3.0,8.522878745280337,O=C1c2ncccc2CCN1CCN1CCN(c2nsc3cc(F)ccc23)CC1
336.0,6.4736607226101555,CCc1cccc(N2CCN(CC(F)CCNC(=O)c3cc4ccccc4o3)CC2)c1Cl
4.365,8.36001575195841,O=S(=O)(CC1CCN(CCCc2noc3cc(F)ccc23)C1)c1cccc(Cl)c1
0.631,9.199970640755865,COc1cccc(CCc2ccccc2OCC(O)CN(C)C)c1
316.23,6.499996931948306,O=C(O)C1CCN(C2CCC3(Cc4ccccc4Oc4ccccc43)C2)CC1
65.0,7.187086643357144,CC1(CN)c2ccccc2Cc2ccccc21
4010.0,5.396855627379818,Cc1ccc(Cl)c2c1C1CNCCN1C2=O
17.6,7.7544873321858505,Cn1nccc1-c1cc(NC(=O)Nc2ccc(Cl)cc2)ccc1OCCN1CCNCC1
6.3785,8.195281440136988,COc1cc(SC(F)F)c(OC)cc1CCN
18.3,7.73754891026957,Nc1nc(SCCN2CCN(Cc3ccccc3Cl)CC2)nc(N)c1Cc1ccccc1
3.3,8.481486060122112,COc1cccc(NC(=O)Nc2ccc(OCCN3CCCCC3)c(-c3ccnn3C)c2)c1
3.6,8.443697499232712,Cn1cc(Br)c(C(=O)N2CCN(CCc3ccc(F)cc3)CC2)n1
3.6,8.443697499232712,Cc1cccc(N2CCN(CCCCNC(=O)c3cc4ccccc4o3)CC2)c1C
790.0,6.102372908709558,ON=Cc1cnn2ccc(OCCCCN3CCN(c4ccc(O)c5c4OCCO5)CC3)cc12
10.3,7.987162775294828,CCN(CCN1CCN(c2noc3cc(F)ccc23)CC1)C(=O)C(C)O
7.943,8.100015437450608,Cc1cc2c(cc1Cl)N(C(=O)Nc1ccc(Oc3cnccc3C)nc1)CC2
0.41,9.387216143280265,Cn1nccc1-c1cc(NC(=O)Nc2ccc(Cl)cc2)ccc1OCCN1CCCCC1
573.0,6.24184537803261,CN1CCN(c2nc(N)nc(C(C)(C)Oc3ccccc3Cl)n2)CC1
13.0,7.886056647693163,CCCc1ccc2c(c1)Oc1cc(Cl)ccc1N=C2N1CCN(CC(C)(C)C(=O)O)CC1
478.63,6.32000008377078,C=CCN(CC=C)CCc1c[nH]c2ccc(Br)cc12
251.19,6.599997654072044,COc1cc2c(cc1C(F)(F)F)N(C(=O)Nc1cccc(-c3cnccc3C)c1)CC2
0.6,9.221848749616356,Cn1ncc(Cl)c1-c1cc(NC(=O)c2cccc(F)c2)ccc1OCCN1CCOCC1
6.5,8.187086643357144,Cc1c(S(=O)(=O)NCCCCN2CCN(c3nsc4ccccc34)CC2)sc2ccc(F)cc12
501.19,6.299997602857746,CCc1cc2c(cc1C(F)(F)F)N(C(=O)Nc1ccc(Oc3cccnc3C)nc1)CC2
110.0,6.958607314841775,CN(C)C1Cc2ccccc2C(c2cccc(F)c2)C1
12.4,7.906578314837765,Cn1nc(CCCN2CCC3C(C2)c2cccc4c2N3CC(=O)N4)c2ccc(F)cc21
65.7,7.182434630440219,Cc1cc2c(cc1OCCCN1CCN(c3cccc4cccc(F)c34)CC1)C(=O)NC2
423.0,6.373659632624958,CN(C)CC1CC2c3ccccc3Oc3ccc(F)cc3C2O1
0.54,9.267606240177031,Cn1nc2c(c1Br)C(=O)N(CCN1CCN(c3nsc4ccccc34)CC1)CC2
287.0,6.542118103266008,Cn1nccc1-c1cc(NC(=O)c2cccc(C(F)(F)F)c2)ccc1OCCN1CCNC(=O)C1
19.95,7.700057099977233,Cn1ncc(Br)c1-c1cc(NC(=O)Nc2ccc(Cl)cc2)ccc1OCc1ccc(Cl)cc1
1.92,8.71669877129645,Nc1nc(-c2ccc(F)cc2)c(C2CCN(CCCC(=O)c3ccc(F)cc3)C2)s1
250.0,6.6020599913279625,CC(C)Oc1cccc2c1C(=O)N1CCNCC21
1.1,8.958607314841775,O=C(CCCN1CCC2C(C1)c1cccc3c1N2CCCC3)c1ccc(F)cc1
31.29,7.5045944368538064,O=C(CF)NC1CCC(CCN2CCN(c3cccc4c3OCO4)CC2)CC1
334.0,6.476253533188435,COc1cccc(N2CCN(CCCCCCN3C(=O)c4cccc5cccc(c45)C3=O)CC2)c1
268.0,6.5718652059712115,CCCCOc1cc2c(cc1OC)-c1c(OC)c(OC)cc3c1C(C2)N(C)CC3
0.4,9.397940008672037,Cc1cccc(S(=O)(=O)NCCCCN2CCN(c3nsc4ccccc34)CC2)c1
0.99,9.00436480540245,COC1CN(CCOc2ccc(NC(=O)Nc3ccc(Cl)cc3)cc2-c2ccnn2C)C1
190.0,6.721246399047171,O=S(=O)(NCCCCN1CCN(c2noc3ccccc23)CC1)c1cc2ccccc2s1
1.4,8.853871964321762,CNCc1cc(OCc2ccc(F)cc2C)n(CC2CCCCC2)n1
30.0,7.522878745280337,CC(=O)c1c(OCCCCN2CCN(c3cccc(Cl)c3Cl)CC2)ccc2c(C)cc(=O)oc12
92.0,7.036212172654444,CCCCC(=O)Oc1cccc2c1-c1cccc3c1C(C2)N(CCC)CC3
8.26,8.083019952679617,O=C(CCO)NC1CCC(CCN2CCC(c3coc4ccccc34)CC2)CC1
109.825,6.959298788062642,Clc1ccc2c(c1)CC(CCN1CCN(c3ccccn3)CC1)C2
62.0,7.2076083105017466,CCC(Oc1cc(Cl)ccc1Cl)c1nc(N)nc(N2CCNCC2)n1
661.0,6.179798540514359,CCc1[nH]c(N)nc1-c1cn(S(=O)(=O)c2ccccc2)c2ccc(OC)cc12
0.8,9.096910013008056,CC(O)C(=O)N(CCN1CCC(c2noc3cc(F)ccc23)CC1)CC1CC1
1.2,8.920818753952375,O=S(=O)(c1ccccc1)C1CCN(CCc2ccccc2)CC1
0.64,9.193820026016112,O=C(NC1CCC(CCN2CCN(c3nsc4ccccc34)CC2)CC1)c1cc2ccccc2[nH]1
136.0,6.866461091629782,Cc1ccc2c(n1)N1C(C)CNCC1C2
83.38,7.078938109209721,OCCN1CCN(c2nc(Nc3cccc(O)c3)c3ccccc3n2)CC1
0.6,9.221848749616356,O=C1c2c[nH]nc2CCN1CCN1CCN(c2nsc3ccccc23)CC1
0.25,9.602059991327963,Fc1ccc2c(C3CNCCC3F)c(C3CCCCC3)[nH]c2c1
2.77,8.557520230935552,Cc1c2c(nn1C)CCN(CCN1CC=C(c3noc4ccccc34)CC1)C2=O
5.9,8.229147988357855,CNCc1cc(OCc2cc(Cl)ccc2F)n(CCC(C)(C)CO)n1
1189.0,5.924818145381308,O=C(NCCCCN1CCN(c2ccccc2C(F)(F)F)CC1)c1[nH]nc2ccccc12
630.96,6.199998172182031,COc1ccc(N2CC=C(c3ccc(C)cc3)C2=O)cc1OCCN1CCC(C)CC1
13.344999999999999,7.874681421876473,c1cc(CC2CCC2)c2c(n1)N1CCNCC1CC2
91.0,7.040958607678906,CCC1NCCN2C(=O)c3c(cccc3C(F)(F)F)C12
63.1,7.199970640755866,CCCCOc1ccc(CC(=O)N(Cc2ccc(F)cc2F)C2CCN(C)CC2)cc1
1.7,8.769551078621726,CN1CCN2c3c(cccc31)C1CCN(CCCC(=O)c3ccc(F)cc3)CCC12
2.9,8.537602002101044,Cc1cccc(N)c1C(=O)NN1c2ccc(Cl)cc2N=C(N2CCN(C)CC2)c2ccccc21
1488.0,5.82739706879014,CCc1cc(Cl)c2c(c1)C1CNCC1NC2=O
31.62,7.50003813440381,Cc1c(Cl)cc2c(c1Cl)CCN2C(=O)Nc1cccnc1
6.5,8.187086643357144,Cn1cnc2c1CCN(CCN1CCN(c3nsc4ccccc34)CC1)C2=O
16.92,7.771599641296995,O=C(NC1CCC(CCN2CCC(c3cccc4c3OCO4)CC2)CC1)C1CCC1
1559.0,5.807153884811158,CC1Cn2c3c(c4cccc(c42)CN1)CCCC3
14.7,7.8326826652518236,CCN1CCN(c2cc(-c3ccc(F)cc3)c3c(n2)CCCC(O)CC3)CC1
24.14,7.617262734238669,COC(C(=O)NC1CCC(CCN2CCN(c3cccc4c3OCO4)CC2)CC1)C(C)C
210.0,6.6777807052660805,CN(C)C1Cc2ccccc2C(c2ccc(C(F)(F)F)cc2)C1
0.66,9.18045606445813,N#Cc1cccc(S(=O)(=O)C2CCN(CCc3ccc(F)cc3F)CC2)c1
1.288,8.890084136976206,Cn1ccc2c(S(=O)(=O)NC3CCN(CCCc4noc5ccccc45)C3)cccc21
70.0,7.154901959985743,Clc1ccc(Cl)c(-c2cc(Cl)cc3c2N2CCNCCC2C3)c1
351.0,6.454692883534176,CCc1c(CC2CCCC2)cnc2c1CCC1CNCCN21
31.6,7.5003129173815966,COc1cc(F)c(CN(C(=O)Cc2ccc(OCC(C)C)cc2)C2CCN(C)CC2)c(F)c1
223.0,6.651695136951839,O=c1n(CCCCCCN2CCN(c3cccc4ccccc34)CC2)nc2ccccn12
12830.0,4.891773343625071,COc1ccccc1OCCNc1nc(N)nc(NCCc2c[nH]c3ccccc23)n1
1584.89,5.800000874803203,COc1cc2c(cc1Br)N(C(=O)Nc1cccnc1)CC2
22.955,7.639122702897961,COc1cc(SCCC(F)F)c(OC)cc1CCN
0.55,9.259637310505756,CCN(CC)CCCOc1ccc(NC(=O)Nc2ccc(Cl)cc2)cc1-c1ccnn1C
18.0,7.7447274948966935,Fc1ccc(OCCCN2CCN(c3ccccn3)CC2)cc1
13.0,7.886056647693163,Fc1ccc(Cc2nc3c(c(-c4ccc(F)cc4)n2)CNCC3)cc1
392.0,6.406713932979542,CC(O)c1ccc2c(n1)N1C(C)CNCC1C2
2402.0,5.619426996933113,COc1ccc(F)cc1OC(C)c1nc(N)nc(N2CCN(C)CC2)n1
3.895,8.409492537991417,O=C(CCCN1CCc2ccccc2C1)c1ccccc1
25.1,7.600326278518962,CC(C)Oc1ccc(COC(=O)N(Cc2ccc(F)cc2F)C2CCN(C3COC3)CC2)cc1
7.7,8.113509274827518,O=C(CCCN1CCC2C(C1)c1cccc3c1N2CCC3)c1ccc(F)cc1
57.32,7.241693818274693,O=S(=O)(NC1CCC(CCN2CCN(c3cccc4c3OCO4)CC2)CC1)c1ccc(F)cc1
10.0,8.0,COc1cc(CC(C)N)c(OC)cc1CCCc1ccccc1
1.714,8.76598918241282,O=C(NC1CCC(CCN2CCC(c3noc4cc(F)ccc34)CC2)CC1)c1ccc2c(c1)OCO2
179.0,6.747146969020107,Cc1nc2c(o1)C(=O)N(CCN1CCN(c3noc4ccccc34)CC1)CC2
5.98,8.223298816011589,O=C(NC1CCC(CCN2CCN(c3cccc4c3OCO4)CC2)CC1)C1(O)CCC1
222.0,6.653647025549361,CC(C)OCc1ccnc2c1CCC1CNCCN21
0.3162,9.500038134403809,COc1ccc(NC(=O)Nc2cc(F)cc(F)c2)cc1-c1c(Br)cnn1C
249.0,6.603800652904264,O=C(Nc1cccnn1)N1CC(CC=Cc2cncc(Oc3ccc(C(F)(F)F)cn3)n2)C1
2718.0,5.565750547603525,CC1CCCN1CCc1cc2cc(C(=O)c3ccc(F)cc3)ccc2o1
1578.9450000000002,5.8016329976753775,C=CCOc1cc(F)c(F)cc1C1CC1CN
7.0,8.154901959985743,CC(=O)c1c(OCCCN2CCN(c3ccccc3Br)CC2)ccc2c(C)cc(=O)oc12
421.0,6.375717904164332,CC(C(O)c1ccc(O)cc1)N1CCC(Cc2ccccc2)CC1
44.835,7.348382825905038,COc1cc(CCN)cc(OC)c1SC(F)(F)F
1.2,8.920818753952375,CN(C1CCC(CCN2CCN(c3nsc4ccccc34)CC2)CC1)S(=O)(=O)c1cccs1
14.62,7.835052627378158,COCC(=O)NC1CCC(CCN2CCC(c3cccc4c3OCO4)CC2)CC1
79.43,7.100015437450609,O=C(O)C1=CCN(C2CCC3(Cc4ccccc4Cc4ccccc43)C2)CC1
0.96,9.017728766960431,CC1CN(CCN2CCN(c3nsc4ccccc34)CC2)C(=O)c2cnn(C)c21
10.0,8.0,O=S(=O)(NCCCN1CCN(c2nsc3ccccc23)CC1)c1ccc2ccccc2c1
370.0,6.431798275933005,CN(C)C1Cc2ccccc2C(C2CCCCCCC2)C1
1526.0,5.816445466381138,O=S1(=O)c2cccc3cccc(c23)N1CCCCCCN1CCN(c2ccc(C(F)(F)F)cc2)CC1
794.165,6.10008925683624,Cc1ccc2c(ccn2CC(C)N)c1
0.6,9.221848749616356,Cn1nccc1-c1cc(NC(=O)c2cccc(C(F)(F)F)c2)ccc1OCCN1CCCC1
25.3,7.5968794788241825,O=C1NCc2cc(Cl)c(OCCCCN3CCN(c4cccc5cccc(F)c45)CC3)cc21
99.5,7.002176919254275,COCCc1ccnc2c1CCC1CNCCN21
1770.0,5.752026733638194,NCCc1ccc(Br)cc1
234.0,6.6307841425898575,C=CCOc1c(OC)cc2c3c1-c1cc(N)ccc1CC3N(C)CC2
600.0,6.221848749616356,CCCNCCc1ccc(Cl)c(-c2ccccc2OC)c1
33.78,7.47134035476501,O=C(CC1CCCO1)NC1CCC(CCN2CCC(c3cccc4c3OCO4)CC2)CC1
15.8,7.801342913045577,CC(C)COc1ccc(COC(=O)N(Cc2ccc(F)cc2O)C2CCN(C)CC2)cc1
942.0,6.025949097207123,CC1CNCC2Cc3ccc(CO)nc3N12
2300.0,5.638272163982407,CCCN(CCCCOc1ccc2c(C=O)cnn2c1)C1CCc2c(O)cccc2C1
19.2,7.716698771296451,O=C(NC1CCC(CCN2CCN(c3nccc4c3CCO4)CC2)CC1)C(F)(F)F
2040.0,5.690369832574102,O=c1[nH]c2c(N3CCN(CCC4CCCN4S(=O)(=O)c4cncc5ccccc45)CC3)cccc2o1
12.7,7.896196279044043,CC(=O)N(C)c1ccc(OCCCN2CCC(c3noc4cc(F)ccc34)CC2)cc1
480.0,6.318758762624412,CN(C)CCSc1cccc(C2(O)CCCCC2)n1
2.0,8.698970004336019,Oc1cc2c3c(ccc2[nH]1)OC(CNCC1CCc2[nH]c4ccc(F)cc4c2C1)CO3
1.13,8.94692155651658,O=C1NCc2ccc(OCCCCN3CCN(c4cccc5cccc(F)c45)CC3)c(Cl)c21
16.0,7.795880017344075,OCc1cc2cc(OCCCCN3CCN(c4cccc(Cl)c4Cl)CC3)ccn2n1
28.0,7.552841968657781,COc1cccc(C(=O)Nc2ccc(OCCN3CCN(S(C)(=O)=O)CC3)c(-c3ccnn3C)c2)c1
3240.0,5.489454989793388,COc1ccccc1N1CCN(CC(F)CCNC(=O)c2cc3ccccc3[nH]2)CC1
1000.0,6.0,OC1(c2ccc(Cl)c(C(F)(F)F)c2)CCN(CCCC(c2ccccc2)c2ccccc2)CC1
82.0,7.086186147616283,CC(N)Cn1ncc2ccc(F)cc21
0.52,9.2839966563652,CCC(CC)Cn1nc(CNC)cc1OCc1cc(Cl)ccc1F
8.6,8.065501548756432,CN1CCN(CCc2ccc(OCCCN3CCC(c4noc5cc(F)ccc45)CC3)cc2)CC1
158.49,6.799998134593398,Cc1cc2c(cc1C(F)(F)F)N(C(=O)Nc1ccc(Oc3cccnc3C)nc1)CC2
121.0,6.91721462968355,Cc1cccc(-c2c(O)c(O)cc3c2CCN(C)CC3c2cccc(C)c2)c1
7.5,8.1249387366083,CC1CNCC2Cc3ccc(C(F)(F)F)cc3N12
13.0,7.886056647693163,FC(F)(F)CC1CN2CCNCc3ccc(Br)c1c32
7.67,8.115204636051018,COC1CCC(CC(=O)NC2CCC(CCN3CCC(c4noc5cc(F)c(F)cc45)CC3)CC2)CC1
1995.26,5.700000503883016,COc1ccc(S(=O)(=O)Nc2cc(C(=O)CCCCN3CCC4(CC3)NC(=O)NC4=O)c(OC)cc2OC)cc1
427.78999999999996,6.368769371694315,COc1ccccc1N1CCN(CCCn2c(O)c3c(c2O)C2(C)CC(=O)C3C(C)C2)CC1
496.0,6.304518323509803,O=C1Nc2ccccc2C12CCN(CCN1CCN(c3ccccc3)CC1)C2
2951.21,5.529999886197673,COc1ccc(-c2ccc(C(=O)Nc3cccc(Cn4ncc(N5CCNCC5)c(Cl)c4=O)c3C)cc2)cn1
2250.0,5.647817481888637,O=C1c2ccccc2S(=O)(=O)N1CCCCN1CCN(c2cccc(C(F)(F)F)c2)CC1
1.2149999999999999,8.915423722065668,O=C(CCCN1CCCN(c2ccccn2)CC1)c1ccc(F)cc1
2620.0,5.581698708680254,CC(C)c1cc2c(c(C(F)(F)F)c1)C(=O)N1CCNCC21
10.0,8.0,c1ccc2c3c([nH]c2c1)CCNCC3
1258.93,5.899998417198648,Cc1ccc2c(N3CCN(CCc4ccc5c(c4)NC(=O)CO5)CC3)cccc2n1
630.96,6.199998172182031,Cc1cc2c(cc1C(F)(F)F)N(C(=O)Nc1cnc(Oc3cccnc3C)cn1)CC2
28.8,7.540607512240769,CC(C)CCc1ccnc2c1CCC1CNCCN21
9.3,8.031517051446064,O=C(NC1CCC(CCN2CCC(c3cccc4c3CCO4)CC2)CC1)C1(O)CC1
1.0,9.0,O=C1c2c(Br)nn(Br)c2CCN1CCN1CCN(c2nsc3ccccc23)CC1
24.39,7.612788199686269,O=C(CC1CCCOC1)NC1CCC(CCN2CCN(c3cccc4c3OCO4)CC2)CC1
367.0,6.43533393574791,Cc1cc(C(C)(C)C)c(O)c(C)c1CC1=NCCN1
6.695,8.174249418651971,CN(C)CCCN1c2ccccc2Sc2ccccc21
18190.0,4.740167300936516,Nc1nc(NCCNc2cccc(Cl)c2Cl)nc(NCCc2c[nH]c3ccccc23)n1
127.0,6.896196279044043,CN(C)CCCN1c2ccccc2CCc2ccccc21
2.2,8.657577319177793,COc1ccc2[nH]cc(C(C)CN)c2c1
2.754,8.560036064079094,CC1CC(NS(=O)(=O)c2cc3ccccc3o2)CN1CCCc1noc2cc(F)ccc12
86.5,7.062983892535186,OCCN1CCN(CC2CC3c4ccccc4Cc4ccccc4C3O2)CC1
0.2455,9.609948503541013,O=S(=O)(NC1CCN(CCCc2noc3ccccc23)C1)c1cc2ccccc2o1
1.8,8.744727494896694,CNCc1cc(OCc2cc(F)c(F)cc2F)n(CCC(C)(C)C)n1
5.7,8.244125144327509,O=C(c1cc2ccccn2n1)N1CCN(CCc2ccc(F)cc2F)CC1
34.3,7.464705879957229,COC1CCC(CC(=O)NC2CCC(CCN3CCC(c4cccc5c4OCO5)CC3)CC2)CC1
0.55,9.259637310505756,O=S(=O)(NCCCCN1CCC(c2noc3cc(F)ccc23)CC1)c1cc2ccccc2s1
2.8,8.55284196865778,CNCc1cc(OCc2ccccc2)n(CC2(C)CCCCC2)n1
68.0,7.167491087293763,Cn1cc(Br)c(C(=O)N2CCN(CCc3ccccc3)CC2)n1
3981.07,5.40000018605658,O=C(O)C1=CCCN(C2CCC3(Cc4ccccc4Cc4ccccc43)C2)C1
13.0,7.886056647693163,CC(O)CC(=O)NC1CCC(CCN2CCC(c3noc4cc(Cl)ccc34)CC2)CC1
0.158,9.801342913045577,CN1CCC(N(Cc2ccc(F)cc2F)C(=O)OCc2ccc(OCCF)cc2)CC1
52.0,7.2839966563652006,CNCC1c2ccccc2Cc2ccccc21
43.0,7.366531544420414,Cc1cccc2c1N1C(C)CNCC1C2
0.82,9.086186147616283,Cn1nccc1-c1cc(NC(=O)Nc2cccc(F)c2)ccc1OCCN1CCOCC1
244.0,6.61261017366127,CCCC(C)Oc1cc2c3c(c1OC)-c1cc(OC)c(OC)cc1CC3N(C)CC2
2.2,8.657577319177793,O=S(=O)(NCCCCN1CCN(c2nsc3ccccc23)CC1)c1ccc(OC(F)(F)F)cc1
24.0,7.619788758288394,Nc1nc(NCCCCN2CCN(c3ccccc3)CC2)nc(NCCc2c[nH]c3ccccc23)n1
2.6,8.585026652029182,O=S(=O)(c1ccc(C=Cc2ccc(F)cc2F)nc1)c1ccccc1F
194.0,6.7121982700697735,COc1cccc(CN2CC=C(c3c[nH]c4ccccc34)CC2)c1
9.0,8.045757490560675,O=S(=O)(c1cccc2cnccc12)N1CCCC1CCN1CCN(c2cccc3sccc23)CC1
410.0,6.3872161432802645,COc1ccccc1N1CCN(CCCCOc2ccn3nc(C#N)cc3c2)CC1
22.8,7.642065152999546,O=c1c2cnc(C(F)(F)F)cc2ccn1CCN1CCN(c2noc3ccccc23)CC1
5011.87,5.300000202445418,COc1cc2c(cc1C(F)(F)F)N(C(=O)Nc1ccc(C)c(-c3cccnc3)c1)CC2
665.0,6.1771783546968955,CCCC(=O)Nc1ccc2c(c1)-c1c(OCC3CC3)c(OC)cc3c1C(C2)N(C)CC3
5.3,8.275724130399212,Clc1cccc(N2CCN(CCCc3cn(-c4ccn5nccc5c4)nn3)CC2)c1Cl
149.11,6.826493229791896,CC(C)c1ccc(Nc2nc(N3CCN(CCO)CC3)nc3ccccc23)cc1
398.11,6.399996913372259,CSc1cc2c(cc1C(F)(F)F)N(C(=O)Nc1cccnc1)CC2
8.62,8.064492734175287,O=C(NC1CCC(CCN2CCC(c3coc4ccccc34)CC2)CC1)C(F)(F)F
12.5,7.903089986991944,Cc1c(OCCCN2CCN(c3cccc4cc(F)ccc34)CC2)ccc2c1C(=O)NC2
15.8,7.801342913045577,CC(C)COc1ccc(CCOC(=O)N(Cc2ccc(F)cc2)C2CCN(C)CC2F)cc1
2.51,8.600326278518962,CC(C)Oc1ccc(COC(=O)N(Cc2ccc(F)cc2F)C2CCN(C3CC3)CC2)cc1
31.52,7.5014137911824825,CC(C)(C)c1ccc(S(=O)(=O)NC2CCC(CCN3CCC(c4coc5ccccc45)CC3)CC2)cc1
9.54,8.020451625295905,O=C(c1ccc(F)cc1)C1CCN(CCc2ccc(F)cc2)CC1
2.2,8.657577319177793,Cc1cccc(C)c1C(=O)NN1c2ccc(Cl)cc2N=C(N2CCN(C)CC2)c2ccccc21
54.0,7.267606240177032,CC1CNCC2Cc3ccc(Cl)nc3N12
950.0,6.022276394711152,COc1cccc(CCN2C3C4C5CC6C7C5C3C7C2(O)C64)c1OC
5.8,8.236572006437063,CC(=O)NC1CCC(CCN2CCN(c3nsc4ccccc34)CC2)CC1
66.0,7.180456064458132,O=c1n(CCCCCCN2CCN(c3cccc(Cl)c3)CC2)c2cccc3c2n1CCC3
14.7,7.8326826652518236,CS(=O)(=O)c1ccc(C(=O)NC2CCC(CCN3CCC(c4cccc5c4CCO5)CC3)CC2)cc1
5.96,8.224753740259764,CC(C)c1ncc2c(=O)n(CCN3CCN(c4nsc5ccccc45)CC3)ccc2n1
71.0,7.1487416512809245,Oc1cc(-c2c[nH]c3ccccc23)c(O)n1CCCCN1CCC(c2c[nH]c3ccc(F)cc23)CC1
46.9,7.328827157284917,Cc1cccnc1-c1ccc(C(=O)NCC=CCN2CCN(c3cccc(Cl)c3Cl)CC2)cc1
30000.0,4.522878745280337,COc1ccc(N2CCN(CCCN3CCN(C(=O)c4ccccc4)CC3)CC2)cc1
8.0,8.096910013008056,Cc1ccc2onc(C3CCN(CCN4CCc5cccnc5C4=O)CC3)c2c1
54.205,7.265960651242877,O=C(CCCN1CCN(c2ccccn2)CC1)c1ccc(F)cc1
1191.0,5.924088238517222,COc1ccc(-c2c3n(c(=O)n(CCCCN4CCCC(c5c[nH]c6ccc(OC)cc56)C4)c2=O)CCCC3)cc1
500.0,6.301029995663981,Fc1ccc(OCC2CCC3CN(c4ncc(F)cn4)CCN3C2)cc1
193.0,6.714442690992226,CC(=O)c1cccc(NC(=O)NCCCN2CCC(Cc3ccc(F)cc3)CC2)c1
4.0,8.397940008672037,O=C(CC1CCC(O)CC1)NC1CCC(CCN2CCN(c3nccc4sccc34)CC2)CC1
4.300000000000001,8.366531544420413,COC1CCC(CC(=O)NC2CCC(CCN3CCN(c4nccc5sccc45)CC3)CC2)C1
2.0,8.698970004336019,CC(N)Cc1c[nH]c2ccc3c(c12)CCCO3
63.1,7.199970640755866,COc1cc2c(cc1C(F)(F)F)N(C(=O)Nc1cncc(-c3cccnc3)c1)CC2
1120.0,5.950781977329818,Fc1cccc(-c2[nH]ncc2N2CCNCC2)c1
0.251,9.600326278518962,CC(C)COc1ccc(COC(=O)N(Cc2ccc(F)cc2)C2CCN(C)CC2F)cc1
1081.0,5.96617430604669,CC1CNCC2Cc3ccccc3C(=O)N12
21.21,7.673459331483438,COCCC(=O)NC1CCC(CCN2CCN(c3cccc4c3OCO4)CC2)CC1
91.0,7.040958607678906,O=S(=O)(c1cncc2ccccc12)N1CCCC1CCN1CCN(c2cccc3c2OCCO3)CC1
38.5,7.414539270491499,O=C1NCc2cc(F)c(OCCCN3CCN(c4cccc5cc(F)ccc45)CC3)cc21
7.8,8.10790539730952,CN(C)C(=O)CCC(=O)NC1CCC(CCN2CCC(c3coc4ccccc34)CC2)CC1
17170.0,4.765229704839084,Cc1ccccc1OCc1nc(N)nc(N2CCN(C)CC2)n1
6.31,8.199970640755867,COc1ccc(NC(=O)c2ccc(-c3ccc(-c4noc(C)n4)cc3C)cc2)cc1CCCN(C)C
0.44,9.356547323513812,CC(=O)N1CCC(C)c2cc(F)cc(CCN3CCN(c4nsc5ccccc45)CC3)c21
2.7,8.568636235841012,CNCc1cc(OCc2cc(F)ccc2F)n(Cc2ccc(C)cc2)n1
15.9,7.798602875679548,O=C1CCc2ccc(OCCCCN3CCN(c4ccccc4Cl)CC3)nc2N1
4.86,8.313363730737706,Cc1noc2c1C(=O)N(CCN1CCN(c3nsc4ccccc34)CC1)CCC2
412.0,6.3851027839668655,CC(Oc1cc(Cl)cc(Cl)c1)c1nc(N)nc(N2CCN(C)CC2)n1
11.1,7.954677021213342,O=C(NC1CCC(CCN2CCN(c3nccc4c3CCO4)CC2)CC1)C1CC1
7.1,8.148741651280925,Clc1cccc(N2CCN(CCc3cn(-c4ccn5nccc5c4)nn3)CC2)c1Cl
922.0,6.035269078946371,c1cc2c3c(c1)c1c(n3CCNC2)CCC1
21.7,7.663540266151471,O=C(NC1CCC(CCN2CCN(c3nccc4c3CCO4)CC2)CC1)c1ccc(Cl)cc1Cl
36.0,7.443697499232712,Cc1cc(C(=O)N2CCN(CC(=O)c3ccc(F)cc3)CC2)[nH]n1
1.61,8.79317412396815,Cc1cncc2c1CCN(CCN1CCC(c3noc4ccccc34)CC1)C2=O
596.0,6.2247537402597635,O=S1(=O)c2cccc3cccc(c23)N1CCCCCCN1CCN(c2cccc(C(F)(F)F)c2)CC1
361.0,6.442492798094342,OC1(c2ccc(Cl)c(C(F)(F)F)c2)CCN(CCCC(c2ccc(F)cc2)c2ccc(F)cc2)CC1
12.26,7.911509529817604,CC=CCC(=O)NC1CCC(CCN2CCC(c3coc4ccccc34)CC2)CC1
0.1,10.0,COc1cc(F)c(F)cc1CN(C(=O)Cc1ccc(OC(C)C)cc1)C1CCN(C)CC1
32.3,7.490797477668897,CC(C)c1ccnc2c1CCC1CNCCN21
7.943,8.100015437450608,C1=C(N2CCNCC2)c2nccn2Cc2ccccc21
1.82,8.739928612014925,O=C(Nc1ccco1)NC1CCC(CCN2CCN(c3nsc4ccccc34)CC2)CC1
2.818,8.550059011226661,Cc1c(S(=O)(=O)NC2CCN(CCCc3noc4ccccc34)C2)sc2ccc(Cl)cc12
326.0,6.486782399932061,O=C1c2ccccc2CC2CNCCN12
14.3,7.844663962534938,CC(=O)c1cccc(NC(=O)Nc2ccc(OCCN3CCCCC3)c(-c3ccnn3C)c2)c1
8000.0,5.096910013008056,C#CC1=CCC(N(CCC)CCCCNC(=O)c2ccc(OCCCc3cn(CCCC)nn3)c(OC)c2)CO1
1.5,8.823908740944319,O=S(=O)(NCCCN1CCC(c2noc3cc(F)ccc23)CC1)c1ccc(F)c(Cl)c1
8.8,8.05551732784983,CN1CN(c2ccccc2)C2(CCN(CCCC(=O)c3ccc(F)cc3)CC2)C1=O
1732.0,5.761452112318672,CN(CCc1ccccc1)C1C2C3CC4C5C3CC2C5C41
3.1,8.508638306165727,Fc1ccc(CCN2CCC3(CCc4ccc(F)cc4O3)CC2)c(F)c1
117.0,6.931814138253839,COc1ccccc1OCCNCC(O)COc1cccc2[nH]c3ccccc3c12
1.8,8.744727494896694,O=S(=O)(c1ccc(C=Cc2ccc(F)cc2Cl)nc1)c1ccccc1F
1.63,8.787812395596042,OC(c1ccc(F)cc1)C1CCN(CCc2ccc(F)cc2)CC1
1.1,8.958607314841775,Cc1ccc2sc(S(=O)(=O)NC3CCC(CCN4CCN(c5nsc6ccccc56)CC4)CC3)cc2c1
579.0,6.2373214362725635,O=C1c2c(cc(C3CC3)cc2C(F)(F)F)C2CNCCN12
44.0,7.356547323513812,CCCc1c(C(=O)NCCCCN2CCN(c3ccccc3OC)CC2)nnn1Cc1ccccc1Br
17.0,7.769551078621726,O=C(NCCCCN1CCN(c2cccc(Cl)c2Cl)CC1)c1cc2ccccc2s1
73.99,7.1308269726783164,O=C1CC(CN2CCC(C(=O)c3ccc(F)cc3)CC2)Cc2occc21
58.0,7.236572006437063,CC(=O)c1c(OCCCCN2CCN(c3cc(C)cc(C)c3)CC2)ccc2c(C)cc(=O)oc12
1.9,8.721246399047171,O=C(c1nc2ccccn2c1Br)N1CCN(CCc2ccc(F)cc2F)CC1
140.0,6.853871964321762,O=C(NC1CCN(Cc2ccc(OC(F)(F)F)cc2)C1)c1ccc(-c2cccs2)cc1
9.02,8.044793462458058,N#Cc1ccc(C(=O)NC2CCC(CCN3CCC(c4cccc5c4OCO5)CC3)CC2)cc1
117.0,6.931814138253839,CC1CNCC2c3cccc(C(F)(F)F)c3C(=O)N12
313.0,6.504455662453552,O=C1c2ccccc2S(=O)(=O)N1CCCCCN1CCN(c2ccccc2)CC1
75.2,7.123782159408358,CC(=O)NC1CCC(CCN2CCN(c3nc(C)cc4occc34)CC2)CC1
9.0,8.045757490560675,CC(=O)c1c(C)cc2oc(=O)cc(C)c2c1OCCCCN1CCN(c2ccccc2F)CC1
32.0,7.494850021680094,NCCCC1c2ccccc2Cc2ccccc21
15.2,7.818156412055227,O=C1CN2c3c(cccc3C3CN(CCCOc4ccc(F)cc4F)CCC32)N1
89.0,7.050609993355087,COc1ccccc1N1CCN(CCc2cn(-c3ccn4ncc(C=O)c4c3)nn2)CC1
1376.0,5.8613815661005075,CC(CN1CCC(C2=Nc3ccccc3Cc3ccccc32)CC1)C(=O)O
3.3,8.481486060122112,CC(=O)NC1CCC(CCN2CCN(c3nccc4sccc34)CC2)CC1
0.14,9.853871964321762,CCc1ccc2c(c1)C(C1=CC(C)N(C)CC1)=Nc1cc(Cl)ccc1N2
12300.0,4.910094888560602,CSc1nc(Cl)c2c(n1)N1CCCNCC1CC2
8.7,8.060480747381382,COc1nn(CC(C)N)c2c1ccc1occc12
5.1,8.292429823902063,Cc1cc(OCCCN2CCC(c3noc4cc(F)ccc34)CC2)ccc1CN1CCOCC1
0.65,9.187086643357144,NC(=O)c1ccc(S(=O)(=O)c2ccc(C=Cc3ccc(F)cc3F)cc2)cc1
890.0,6.050609993355087,CCc1c(CC2CCCCO2)cnc2c1CCC1CNCCN21
0.15,9.823908740944319,O=C(NC1CCc2cc(CCN3CCN(c4nsc5ccccc45)CC3)ccc21)C(F)(F)F
2990.0,5.52432881167557,CCc1cc(Cl)c(OC)c(N2CCN(CC(F)CCNC(=O)c3cc4ccccc4o3)CC2)c1
1.13,8.94692155651658,CC(C)n1cc2c(n1)CCN(CCN1CCN(c3nsc4ccccc34)CC1)C2=O
11.4,7.943095148663527,O=C(NC1CCC(CCN2CCC(c3cccc4c3CCO4)CC2)CC1)c1ccccc1
235.0,6.628932137728263,CN1C(=N)N(C)C(=Cc2c[nH]c3cc(F)ccc23)C1=O
6.8,8.167491087293763,CS(=O)(=O)NC1CCC(CCN2CCN(c3nccc4occc34)CC2)CC1
498.0,6.302770657240282,CN(C)Cc1cn(C)c2cccc(O)c12
177.0,6.752026733638194,O=S1(=O)c2cccc3cccc(c23)N1CCCCCCN1CCN(c2cccc(Cl)c2Cl)CC1
338.0,6.471083299722345,CC(C(O)c1ccc(O)cc1)N1CCC(Cc2ccccc2)CC1
2917.0,5.535063570878267,O=C(NCCCCN1CCN(c2ncccn2)CC1)c1[nH]nc2ccccc12
168.0,6.774690718274137,FC(F)(F)c1ccc2c3c1CCN3CCNC2
2.425,8.615288257061717,Cc1ccc(S(=O)(=O)NC2CCC(CCN3CCN(c4nsc5ccccc45)CC3)CC2)o1
0.73,9.136677139879543,CNCc1cc(OCc2cc(Cl)ccc2F)n(CC2CC3CCC2C3)n1
64.0,7.1938200260161125,CCCc1nn(CC(C)N)c2c1ccc1occc12
225.0,6.647817481888637,COc1ccc(C2NCCc3c2[nH]c2ccc(Cl)cc32)c(O)c1
5.66,8.247183568811728,O=C(NC1CCC(CCN2CCC(c3coc4ccccc34)CC2)CC1)c1ccc(F)cc1
0.8,9.096910013008056,O=S(=O)(NCCCCN1CCC(c2noc3cc(F)ccc23)CC1)c1cc2ccc(Cl)cc2s1
43.0,7.366531544420414,COc1ccc(CCN(CCCc2ccccc2Cl)CCc2ccc3c(c2)OCO3)cc1OC
38.0,7.42021640338319,CCc1cc2c(ccc3c(OC)nn(CC(C)N)c32)o1
1.0,9.0,COc1cc(F)c(CN(C(=O)OCc2ccc(OCC(C)C)cc2)C2CCN(C)CC2)c(F)c1
173.0,6.761953896871205,O=C1c2ncccc2CCN1CCN1CCC(c2noc3cccc(F)c23)CC1
125.89,6.900008766455316,COc1ccc2c(c1)-c1c(ccn1CC(C)N)C2
1.8,8.744727494896694,O=C(NC1CCN(Cc2ccccc2)C1)c1ccc(-c2cccs2)cc1
585.0,6.232844133917819,COc1cc2c3c(c1OC)-c1cc(N)ccc1CC3N(C)CC2
8.6,8.065501548756432,Cn1nccc1-c1cc(NC(=O)c2ccc(F)cc2F)ccc1OCCN1CCOCC1
6500.0,5.187086643357144,O=C(c1ccccc1)N1CCN(CCCN2CCN(c3ccccc3)CC2)CC1
21.79,7.661742769753745,COC(=O)NC1CCC(CCN2CCC(c3cccc4c3OCO4)CC2)CC1
26.76,7.572513890904214,O=C(NC1CCC(CCN2CCN(c3cccc4c3OCO4)CC2)CC1)C1CC1(F)F
433.0,6.363512103646634,CN1CCN(CC2CC3c4ccccc4Cc4ccccc4C3O2)CC1
199.53,6.699991797446187,COc1cc2c(cc1C(F)(F)F)N(C(=O)Nc1cccc(-c3cccnc3)c1)CC2
501.19,6.299997602857746,COc1ccc(N2Cc3c(F)c(F)cc(Cl)c3C2=O)cc1OCCN1CCC(C)CC1
26.810000000000002,7.57170318601712,CC(C)Cc1ccnc2c1CCC1CNCCN21
0.2512,9.599980364934842,CCOc1ccc(NC(=O)Nc2ccc(Cl)cc2)cc1-c1c(Br)cnn1C
0.2,9.698970004336019,CCOc1ccc(COC(=O)N(Cc2ccc(F)cc2F)C2CCN(C)CC2)cc1
70.0,7.154901959985743,Nc1cc(Cl)ccc1C(=O)CCCN1CCC2C(C1)c1cccc3c1N2CCCS3
71.7,7.144480844332199,Cn1cc2c(n1)CCN(CCN1CCC(c3noc4ccccc34)C1)C2=O
138.0,6.860120913598763,Cc1ccc(-c2noc3c2CCNCC3)cc1
63.1,7.199970640755866,CSc1c(Cl)cc2c(c1Cl)CCN2C(=O)Nc1cccnc1
3881.5,5.411000409500565,COc1ccccc1N1CCN(CCCn2c(=O)ccn3c4c(=O)n(C)c(=O)n(C)c4nc23)CC1
162.0,6.790484985457369,O=C1c2ccccc2S(=O)(=O)N1CCCCCN1CCN(c2cccc(C(F)(F)F)c2)CC1
63.1,7.199970640755866,CC(C)COc1ccc(CCOC(=O)N(Cc2ccc(F)cc2)C2CCNCC2F)cc1
8300.0,5.080921907623926,COc1ccccc1N1CCN(CCN2CCN(C(=O)c3nn(C)c4ccccc34)CC2)CC1
311.0,6.507239610973162,CCC(Oc1cc(F)ccc1Cl)c1nc(N)nc(N2CCN(C)CC2)n1
1300.0,5.886056647693163,CN(C)C1Cc2ccccc2C(c2cccc(C(F)(F)F)c2)C1
4.1,8.387216143280265,Cn1nccc1-c1cc(NC(=O)c2ccc(F)c(F)c2)ccc1OCCN1CCOCC1
2.4,8.619788758288394,O=C(NCCC(O)CN1CCN(c2cccc3ccccc23)CC1)c1cnc2ccccc2c1
2.483,8.605023280445435,O=C(NC1CCC(CCN2CCC(c3noc4cc(F)ccc34)CC2)CC1)c1ccc(N2CCS(=O)(=O)CC2)cc1
22.9,7.640164517660112,CC(=O)NC1CCC(CCN2CCN(c3nccc4c3CCO4)CC2)CC1
19.4,7.712198270069774,O=C(CC1COCCO1)NC1CCC(CCN2CCC(c3cccc4c3CCO4)CC2)CC1
3.675,8.434742656579786,CNCc1cc(OCc2ccccc2)n(CC2CCCCC2)n1
0.3162,9.500038134403809,COc1ccc(NC(=O)Nc2ccc(Cl)c(C(F)(F)F)c2)cc1-c1c(Br)cnn1C
8.8,8.05551732784983,O=C(CC1CCC(O)CC1)NC1CCC(CCN2CCN(c3nccc4occc34)CC2)CC1
15.0,7.823908740944319,O=S(=O)(NCCCCN1CCN(c2nsc3ccccc23)CC1)c1ccc(F)c(Cl)c1
10.0,8.0,Cc1ccc2c(C3CCN(CCn4ccc5cccnc5c4=O)CC3)noc2c1
7.4,8.130768280269024,O=S(=O)(c1ccccc1)c1ccc(C=Cc2ccc(F)cc2)nc1
19.95,7.700057099977233,Cc1cc2c(cc1NS(=O)(=O)c1ccc(-c3ccc(Cl)cc3)cc1)CCN(C)CC2
100.0,7.0,Cc1cc2c(cc1C(F)(F)F)N(C(=O)Nc1ccc(OCc3cncn3C)nc1)CC2
31.2,7.505845405981558,O=C1CCc2ccc(OCCCCN3CCN(c4cccc(F)c4Cl)CC3)nc2N1
6309.57,5.200000237109354,COC(=O)c1cc2c(cc1Cl)N(C(=O)Nc1cccnc1)CC2
269.0,6.570247719997592,CN1CCCC1Cc1c[nH]c2ccc(NS(=O)(=O)c3cccc(Cl)c3)cc12
1806.35,5.743198096579772,COc1cccc2c3c(oc12)CN(CCCCOc1ccc2ccc(=O)[nH]c2c1)CC3
0.3981,9.400007822415901,COc1ccc(NC(=O)Nc2cc(C(F)(F)F)cc(C(F)(F)F)c2)cc1-c1c(Br)cnn1C
360.0,6.443697499232712,CC1CNCC2c3cccc(C(F)(F)F)c3C(=O)N12
165.0,6.782516055786093,COc1ccc(CCN(CCCc2ccccc2)CCc2ccc3c(c2)OCO3)cc1OC
77.3,7.111820506081675,CC=CCC(=O)NC1CCC(CCN2CCC(c3cccc4c3CCO4)CC2)CC1
58.0,7.236572006437063,CCN(CCN1CCN(c2noc3ccccc23)CC1)C(=O)C(C)O
470.0,6.327902142064283,N#Cc1cccnc1N1CCN(CCCN2CCN(c3cccc(Cl)c3Cl)CC2)CC1
3700.0,5.431798275933005,CC1CN2CCNCc3cccc1c32
8.7,8.060480747381382,CCC(O)CC(=O)NC1CCC(CCN2CCC(c3coc4ccccc34)CC2)CC1
398.055,6.400056916503627,Cc1cc2c(cc1Cl)CCN2C(=O)Nc1cccnc1
5.754,8.240030142445693,COc1ccc2cc(S(=O)(=O)NC3CCN(CCCc4noc5ccccc45)C3)ccc2c1
480.0,6.318758762624412,NCCC1c2ccccc2Cc2ccccc21
27.0,7.568636235841013,O=C(CC1CCCO1)NC1CCC(CCN2CCC(c3cccc4c3CCO4)CC2)CC1
4770.0,5.321481620959886,OC1(c2ccc(Cl)cc2)CC2CCC(C1)N2Cc1c[nH]c2ccccc12
3.89,8.410050398674292,Cc1c(S(=O)(=O)NC2CCN(CCCc3noc4ccccc34)C2)sc2ccc(F)cc12
1258.93,5.899998417198648,COc1ccc(N2Cc3cc(C)cc(C)c3C2=O)cc1OCCN1CCC(C)CC1
317.0,6.498940737782249,OC1(c2ccc(Cl)cc2)CC2CCC(C1)N2CCCCc1ccc(F)cc1
2278.0,5.642446280256919,CC(Oc1cc(F)ccc1F)c1nc(N)nc(N2CCN(C)CC2)n1
3.4,8.468521082957745,CCN(CCN1CCC(n2ncc3cc(F)ccc32)CC1)C(=O)C(C)O
36.010000000000005,7.443576878628715,COc1cc(SCC(F)(F)C(F)F)c(OC)cc1CCN
1203.13,5.919687443954971,O=C1c2ccc(F)cc2CC1CCN1CCc2ccccc2C1
2511.89,5.59999938302362,CSc1cc2c(cc1Cl)N(C(=O)Nc1cccnc1)CC2
407.38,6.390000296157769,C=CCN(CC=C)CCc1c[nH]c2ccc(Cl)cc12
6059.0,5.21759904750347,OC1(c2ccc(Cl)c(C(F)(F)F)c2)CCN(CCCCN(c2ccc(F)cc2)c2ccc(F)cc2)CC1
1464.0,5.8344589232776265,CC(Oc1cc(C(F)(F)F)ccc1F)c1nc(N)nc(N2CCN(C)CC2)n1
0.1995,9.700057099977233,COc1ccc(NC(=O)Nc2ccc(Cl)cc2Cl)cc1-c1c(Br)cnn1C
1.9,8.721246399047171,COc1cc(CC(C)N)c(OC)cc1Br
112.0,6.950781977329818,N=C(N)NN=Cc1c(Cl)cccc1Cl
772.0,6.112382699664264,COc1ccc(N2CCN(CCCOc3c(C)cc(C)cc3C)CC2)cc1
10.0,8.0,O=C1NCc2cc(F)c(OCCCCN3CCN(c4cccc5ccc(F)cc45)CC3)cc21
794.33,6.0999990348465305,Cc1ccc2ccn(CC(C)N)c2c1
5.22,8.282329496997738,CCc1cccc(N2CCN(CCCCNC(=O)c3cc4ccccc4[nH]3)CC2)c1Cl
25.7,7.590066876668706,COC(=O)c1coc2c1C(=O)CC(CN1CCC(C(=O)c3ccc(F)cc3)CC1)C2
41.46,7.382370702242158,Cc1ccc(S(=O)(=O)NC2CCC(CCN3CCC(c4coc5ccccc45)CC3)CC2)cc1
5.6,8.2518119729938,Fc1ccc2c(C3CCN(CCCOc4ccc(CN5CCOCC5)cc4F)CC3)noc2c1
25.84,7.587707490676953,CCC(O)C(=O)NC1CCC(CCN2CCN(c3cccc4c3OCO4)CC2)CC1
1.2245,8.912041210539266,c1ccc(Cc2ccnc3c2CCC2CNCCN32)cc1
6.918,8.160019442321657,O=C1c2ccccc2CCCN1CCN1CCC(n2ccc3cc(F)ccc32)CC1
1.1,8.958607314841775,CCN(CCCN1CCN(c2noc3cc(F)ccc23)CC1)S(=O)(=O)C(C)CO
398.11,6.399996913372259,COc1ccc(N2CC=C(c3ccc(Br)cc3)C2=O)cc1OCCN1CCC(C)CC1
9.67,8.014573525916997,CCN1CCN(c2cc(-c3ccc(F)cc3)c3c(n2)CCC(O)CCC3)CC1
178.0,6.749579997691106,CC(C)c1ccccc1OCCN1CCC(NS(=O)(=O)c2cccc(F)c2)CC1
7600.0,5.119186407719209,CN(C)CCc1c[nH]c2cc(O)ccc12
626.0,6.20342566678957,CCOc1ccccc1-c1cccc2c1N1CCNCCC1C2
1100.0,5.958607314841775,O=C(NC1CCN(Cc2ccc(Cl)cc2)C1)c1cccc(-c2cccs2)c1
1666.0,5.778325002929231,O=S(=O)(c1cccc(Cl)c1)n1ccc2c(N3CCNCC3)nc3ccccc3c21
490.0,6.309803919971486,N#Cc1cnn2ccc(OCCCCN3CCN(c4cccc(Cl)c4Cl)CC3)cc12
0.2512,9.599980364934842,COc1ccc(NC(=O)Nc2ccc(F)cc2)cc1-c1c(Br)cnn1C
4.5,8.346787486224656,CNCc1cc(OCc2cc(Cl)ccc2F)n(CC(C)C)n1
911.005,6.040479239419482,CC1CC2(C)CC(=O)C1c1c2c(O)n(OCCCN2CCN(c3ccccc3F)CC2)c1O
68.8,7.162411561764489,c1csc(-c2ccnc3c2CCC2CNCCN32)c1
98.0,7.008773924307505,O=S(=O)(NCCCN1CCN(c2noc3ccccc23)CC1)c1ccc(F)c(Cl)c1
15.0,7.823908740944319,CNCc1nn(CC2CCCCC2)c(OCc2cc(F)ccc2F)c1F
4.0,8.397940008672037,CC1CCCCN1CCc1c(-c2ccccc2)[nH]c2ccccc12
199.53,6.699991797446187,CCc1cc(NC(=O)N2CCc3cc(OC)c(C(F)(F)F)cc32)cc(-c2cccnc2)c1
5.6,8.2518119729938,O=C(CO)NC1CCC(CCN2CCN(c3nccc4occc34)CC2)CC1
25.1,7.600326278518962,COc1ccc(CSC(=O)N(Cc2ccc(F)cc2F)C2CCN(C)CC2)cc1
2.5,8.602059991327963,CCCCCCc1cc(OC)c(CC(C)N)cc1OC
958.0,6.018634490921456,CCc1c(C2CCC2)cnc2c1CCC1CNCCN21
0.2512,9.599980364934842,COc1ccc(NC(=O)Nc2ccc(F)c(F)c2)cc1-c1c(Cl)cnn1C
0.063,10.200659450546418,CN1CCC(N(Cc2ccc(F)cc2F)C(=O)OCc2ccc(OCC(C)(C)O)cc2)CC1
2.3,8.638272163982407,Cc1c(S(=O)(=O)NCCCN2CCC(c3noc4cc(F)ccc34)CC2)sc2ccc(F)cc12
14.0,7.853871964321762,O=C(CCCN1CCc2ccccc2C1)c1ccc(F)cc1
106.0,6.97469413473523,COc1cccc(N2CCN(CCCOc3cc(C)cc4oc(=O)cc(C)c34)CC2)c1
50.5,7.296708621881338,COc1cccc2[nH]cc(C3=CCCNC3)c12
628.48,6.2017085382291635,Nc1ccc(CCCCN2CCN(c3ccccn3)CC2)cc1
2235.0,5.650722472532045,N#Cc1cccc(NC(=O)NCCCN2CCCC(Cc3ccccc3F)C2)c1
1.8,8.744727494896694,CCN(CCN1CCC(c2c[nH]c3ccccc23)CC1)C(=O)C(C)O
1.05,8.978810700930062,CCn1cc2c(n1)CCN(CCN1CCN(c3nsc4ccccc34)CC1)C2=O
7.6,8.119186407719209,O=C1c2cncnc2CCN1CCN1CCC(c2noc3ccccc23)CC1
5.01,8.300162274132754,CC(C)Oc1ccc(CC(=O)N(Cc2ccc(F)cc2F)C2CCN(C)CC2)cc1
2.45,8.610833915635467,O=C(NC1CCc2ccc(CCN3CCN(c4nsc5ccccc45)CC3)cc21)c1ccc(F)cc1
4300.0,5.366531544420414,CC(CN)n1ccc2ccc3ccccc3c21
4.374,8.359121221298382,CN(C)CCC=C1c2ccccc2CCc2ccccc21
4754.0,5.322940822607839,COc1ccccc1N1CCN(Cc2ccc(CN3C(=O)c4ccccc4S3(=O)=O)cc2)CC1
10.8,7.966576244513051,COc1cc(CN2CCCC2)ccc1OCCCN1CCC(c2noc3cc(F)ccc23)CC1
10.3,7.987162775294828,CN1CCc2cc(NCc3cccc(Cl)c3)c(O)cc2C(c2ccccc2)C1
3.5,8.455931955649724,O=C1CCc2ccc(OCCCCN3CCN(c4cccc5cc(F)ccc45)CC3)nc2N1
13.8,7.860120913598763,Cn1ccc2c1CCCN(CCN1CCC(c3noc4ccccc34)C1)C2=O
2.4,8.619788758288394,O=C(Nc1ccccc1)NC1CCC(CCN2CCN(c3nsc4ccccc34)CC2)CC1
28.7,7.542118103266008,CN(C)C(=O)NC1CCC(CCN2CCN(c3nccc4c3CCO4)CC2)CC1
1072.26,5.9696998947978495,CC(=O)OC12C=C(C)C(c3c1c(O)n(OCCCN1CCN(c4ccccc4F)CC1)c3O)C(C)C2
431.42,6.365099725510009,CCCCCN=C(N)NN=Cc1c[nH]c2ccc(OC)cc12
60.0,7.221848749616356,Cc1noc2c1C(=O)N(CCN1CCN(c3noc4ccccc34)CC1)CC2
21.0,7.6777807052660805,COc1ccc(-c2c(=O)n(CCCCN3CCCC(c4c[nH]c5ccccc45)C3)c(=O)n3ccccc23)cc1
1995.26,5.700000503883016,COc1cc(OC)c(C(=O)CCCCN2CCC3(CC2)NC(=O)NC3=O)cc1NS(=O)(=O)c1cccc(Cl)c1
2547.0,5.593971055036385,CC1CNCC2Cc3ccc(C#N)nc3N12
2.273,8.643400564275028,CN1CC(C(=O)NC2(C)OC3(O)C4CCCN4C(=O)C(Cc4ccccc4)N3C2=O)CC2c3cccc4[nH]cc(c34)CC21
91.0,7.040958607678906,Cc1cccc2c(C3CCN(CCN4CCc5cccnc5C4=O)CC3)noc12
157.0,6.804100347590766,CCc1cc2c(c(C(F)(F)F)c1)C(=O)NC1CNCC21
1.9,8.721246399047171,CC1CNCC2Cc3ccccc3N12
0.46499999999999997,9.332547047110046,O=S(=O)(NC1CCC(CCN2CCN(c3nsc4ccccc34)CC2)CC1)c1ccco1
15.85,7.79997073344623,O=C(O)C1CN(C2CCC3(Cc4ccccc4Cc4ccccc43)C2)C1
0.06,10.221848749616356,Fc1ccc2c(C3CNCCC3F)c(-c3ccccc3)[nH]c2c1
120.0,6.920818753952375,COc1ccc(-c2ccccc2)c(CNC(=O)NCCCN2CCN(c3ccccc3OC)CC2)c1
5.01,8.300162274132754,COc1ccc(CCc2ccccc2OCC(CN(C)C)OC(=O)CCC(=O)O)cc1
1.7,8.769551078621726,O=S(=O)(NCCCCN1CCC(c2noc3cc(F)ccc23)CC1)c1ccc2ccccc2c1
47.3,7.325138859262188,CN1CCC=C(c2[nH]nc3cc(F)ccc23)C1
19.0,7.721246399047171,O=C1CN2c3c(cccc3C3CN(CCCOc4ccc(F)cc4O)CCC32)N1
2800.0,5.552841968657781,CN(C)C1Cc2ccccc2C(c2ccccc2Cl)C1
2.8,8.55284196865778,Cn1ncc2c1CCCN(CCN1CCN(c3noc4ccccc34)CC1)C2=O
3.54,8.450996737974211,CS(=O)(=O)CC(=O)NC1CCC(CCN2CCC(c3coc4ccccc34)CC2)CC1
14.0,7.853871964321762,O=C(NC1CCN(Cc2ccc(F)cc2)C1)c1ccc(-c2cccs2)cc1
55.2,7.2580609222708015,O=C(NC1CCC(CCN2CCC(c3cccc4c3CCO4)CC2)CC1)C(F)(F)F
316.0,6.5003129173815966,CC(C)Oc1ccc(CC(=O)N(Cc2ccc(F)cc2Cl)C2CCN(C)CC2)cc1
20.8,7.681936665037238,CCc1cccc(N2CCN(CCC3CCC(NC(=O)COC)CC3)CC2)c1Cl
3.77,8.423658649794207,CC(C)(C)c1ccc(C(=O)NC2CCC(CCN3CCC(c4coc5ccccc45)CC3)CC2)cc1
147.47,6.8312963197509236,CCN(CC)CCOC(=O)C(Cc1cccc2ccccc12)CC1CCCO1
2.6,8.585026652029182,N#Cc1ccc(S(=O)(=O)C2CCN(CCc3ccc(F)cc3F)CC2)cc1
2.6,8.585026652029182,Cc1c(Cl)ccc2c1N1C(C)CNCC1C2
630.96,6.199998172182031,COc1ccc(N2Cc3cccc(Br)c3C2=O)cc1OCCN1CCC(C)CC1
251.19,6.599997654072044,CSc1cc2c(cc1C(F)(F)F)N(C(=O)Nc1ccc(Oc3cccnc3C)nc1)CC2
880.0,6.055517327849832,CCCN(CCCCOc1ccc2c(C=NO)cnn2c1)C1CCc2c(O)cccc2C1
2.5,8.602059991327963,CCCc1c(C(=O)NCCCCN2CCN(c3cccc(Cl)c3Cl)CC2)nnn1Cc1ccccc1
89.0,7.050609993355087,CC1CCCCN1CCc1cccc2[nH]cc(S(=O)(=O)c3ccccc3)c12
5800.0,5.236572006437063,CC1SC(c2ccccc2)=NC1Cc1c[nH]cn1
14.0,7.853871964321762,CC(C)CC1C(=O)N2CCCC2C2(O)OC(NC(=O)C3C=C4c5cccc6[nH]cc(c56)CC4N(C)C3)(C(C)C)C(=O)N12
794.33,6.0999990348465305,COc1ccc(N2CC=C(c3ccc(Cl)c(Cl)c3)C2=O)cc1OCCN1CCC(C)CC1
51.0,7.292429823902063,CCOC(=O)Nc1cc(F)ccc1C(=O)CCCN1CCC2C(C1)c1cccc3c1N2CCCS3
22.3,7.651695136951839,O=C(CC1COCCO1)NC1CCC(CCN2CCC(c3cccc4c3CCO4)CC2)CC1
9.69,8.013676222949234,O=C(CC(O)C(F)(F)F)NC1CCC(CCN2CCC(c3coc4ccccc34)CC2)CC1
6739.0,5.171404543628298,COc1ccc(NC(=O)N2CCN(c3ccccc3OC)CC2)cc1N1CCN(C)CC1
1231.0,5.909741947068683,Cc1cc2c3c(c1)c1c(n3CCNC2)CCCC1
5.56,8.254925208417943,CC(C)(C)Oc1ccc(C(=O)NC2CCC(CCN3CCC(c4coc5ccccc45)CC3)CC2)cc1
244.0,6.61261017366127,O=S(=O)(c1cccc2ncccc12)N1CCCC1CCN1CCN(c2cccc3[nH]ccc23)CC1
1.6,8.795880017344075,Nc1ccccc1C(=O)CCCN1CCC2C(C1)c1cccc3c1N2CCO3
251.19,6.599997654072044,COc1ccc(NS(=O)(=O)c2sc3ccc(Cl)cc3c2C)cc1N1CCN2CCCC2C1
102.0,6.991399828238082,Fc1ccc(N2CCN(CCNc3cncc(Cl)n3)CC2)cc1
43.97,7.356843534380293,COCCC(=O)NC1CCC(CCN2CCC(c3noc4cc(Cl)c(F)cc34)CC2)CC1
5011.9349999999995,5.299994570025129,O=C(Nc1cccnc1)N1CCc2ccc(Cl)c(Cl)c21
2511.89,5.59999938302362,O=C(Nc1ccc(OCc2ccccn2)nc1)N1CCc2cc(Br)ccc21
288.9,6.539252458155803,CC(=O)Nc1ccc(OCCCN2CCN(c3cccc(Cl)c3Cl)CC2)cc1
18.71,7.72792621249999,N#CCC(=O)NC1CCC(CCN2CCN(c3cccc4c3OCO4)CC2)CC1
228.0,6.642065152999546,COc1ccccc1N1CCN(CCCCNC(=O)c2ccc(-c3ccccn3)cc2)CC1
16.79,7.774949303861951,CC(C)C(=O)NC1CCC(CCN2CCN(c3cccc4c3OCO4)CC2)CC1
371.0,6.430626090384954,O=S(=O)(c1cncc2ccccc12)N1CCC(CCN2CCN(c3cccc(Cl)c3Cl)CC2)CC1
2.9,8.537602002101044,Fc1ccc(CCN2CCC3(CCc4ccccc4C3)CC2)c(F)c1
9.0,8.045757490560675,O=S(=O)(NCCCCN1CCC(c2noc3cc(F)ccc23)CC1)c1ccc(F)c(Cl)c1
423.0,6.373659632624958,CCCc1nc(CN2CCC(c3ccccc3)C2)cs1
398.11,6.399996913372259,COc1ccc(N2Cc3cc(Cl)cc(Cl)c3C2=O)cc1OCCN1CCC(C)CC1
2182.185,5.661108433824048,CCN(CC)CCOC(=O)C(Cc1cccc2ccccc12)CC1CCCO1
0.43,9.366531544420413,FC1CCNCC1c1c(-c2ccccc2)[nH]c2ccccc12
139.0,6.856985199745905,O=S(=O)(c1cccc2ncccc12)N1CCC(CCN2CCN(c3ccc(F)cc3)CC2)CC1
184.0,6.735182176990463,O=C(NCCCCN1CCN(c2ccccc2F)CC1)c1[nH]nc2ccccc12
9.4,8.0268721464003,CC(C)(C)C(=O)NC1CCC(CCN2CCN(c3nccc4c3CCO4)CC2)CC1
0.2455,9.609948503541013,O=S(=O)(CC1CCN(CCCc2noc3cc(F)ccc23)C1)c1ccc2ccccc2c1
405.69,6.391805697245991,NC(=O)c1ccc(C(=O)CCCN2CCc3ccccc3C2)cc1
61.19,7.213319546803351,CN(C)C(=O)NC1CCC(CCN2CCN(c3cccc(Cl)c3Cl)CC2)CC1
7.82,8.106793246940152,CC(C)(O)C(=O)NC1CCC(CCN2CCN(c3nccc4c3CCO4)CC2)CC1
13.05,7.8843894883257,O=C(NC1CCC(CCN2CCC(c3cccc4c3OCO4)CC2)CC1)c1ccc(F)cc1
125.89,6.900008766455316,Cc1cc2c(cc1Cl)N(C(=O)Nc1cnc(Oc3cccnc3C)c(Cl)c1)CC2
250.0,6.6020599913279625,COc1ccccc1-c1cc(CCN(C)C)ccc1Cl
1.549,8.809948582240795,O=S(=O)(NC1CCN(CCCc2noc3ccccc23)C1)c1cccc(Cl)c1
5.3,8.275724130399212,CS(=O)(=O)CC(=O)NC1CCC(CCN2CCC(c3cccc4occc34)CC2)CC1
376.0,6.424812155072339,O=S1(=O)c2cccc3cccc(c23)N1CCCCCCN1CCN(c2ccccc2F)CC1
2.1,8.67778070526608,CCN(CCN1CCC(c2c[nH]c3ccccc23)CC1)C(=O)C(C)O
102.16499999999999,6.99069786066171,CC1CC2(C)CC(=O)C1c1c2c(O)n(CCCCN2CCN(c3ccc(F)cc3)CC2)c1O
26.23,7.581201709409647,O=C(CC1CCCOC1)NC1CCC(CCN2CCN(c3cccc4c3OCO4)CC2)CC1
0.4467,9.349984047528162,Cn1ccc2cc(S(=O)(=O)NC3CCN(CCCc4noc5ccccc45)C3)ccc21
30000.0,4.522878745280337,COc1ccccc1N1CCN(CCCN2CCN(C(=O)c3ccccc3)CC2)CC1
4975.0,5.303206914918255,COc1ccccc1N1CCN(CCCCn2ncc(=O)n(C)c2=O)CC1
2.5,8.602059991327963,CCc1nc2c(o1)C(=O)N(CCN1CCN(c3nsc4ccccc34)CC1)CC2
5.0,8.301029995663981,O=S(=O)(c1cccc2ncccc12)N1CCCC1CCN1CCC(c2noc3cc(F)ccc23)CC1
493.0,6.30715308072277,O=c1n(CC2CCC(CN3CCN(c4cccc(Cl)c4)CC3)CC2)nc2ccccn12
10.0,8.0,COc1cc(SCCC(F)(F)F)c(OC)cc1CCN
13.0,7.886056647693163,CC(C)c1ccc2c(c1)Oc1cc(Cl)ccc1N=C2N1CCN(CC(C)(C)C(=O)O)CC1
13.99,7.854182285508172,O=C(NC1CCC(CCN2CCC(c3cccc4c3OCO4)CC2)CC1)C(O)C(F)(F)F
1313.0,5.881735273910521,CCNC(=O)c1cccc(NC2=NC(N)=NC3(CCCCC3)N2)c1
2380.0,5.623423042943488,CCOC(=O)C1CN(CCn2c(=O)[nH]c3ccccc3c2=O)CCC1c1ccc(F)cc1
1.1,8.958607314841775,CNCc1cc(OCc2ccccc2F)n(C(C)C2CCCCC2)n1
56.0,7.251811972993799,COc1ccccc1N1CCN(CCCCOc2ccc3c(C)cc(=O)oc3c2C(C)=O)CC1
86.8,7.061480274823508,O=S(=O)(NC1CCC(CCN2CCC(c3cccc4c3CCO4)CC2)CC1)c1ccc(F)cc1
6.1,8.214670164989233,CCN(CCN1CCC(c2noc3cc(F)ccc23)CC1)C(=O)C1CNCCC1O
22.0,7.657577319177793,COc1ccc2c(c1)C1OC(CN(C)C)CC1c1ccccc1O2
0.8,9.096910013008056,CCCN(CCN1CCC(c2noc3cc(F)ccc23)CC1)C(=O)C(C)O
178.0,6.749579997691106,CC(Sc1cc(Cl)cc(Cl)c1)c1nc(N)nc(N2CCN(C)CC2)n1
2.3,8.638272163982407,FC1CCNCC1c1c(-c2ccccc2)[nH]c2cc(Cl)ccc12
22.63,7.645315446045271,O=C(NC1CCC(CCN2CCN(c3cccc4c3OCO4)CC2)CC1)C1CCC1
2.5,8.602059991327963,CN(C)CC1CC2c3ccccc3Cc3ccccc3C2O1
0.69,9.161150909262744,CCc1cc2c(cn1)C(=O)N(CCN1CCN(c3nsc4ccccc34)CC1)CC2
22.44,7.648977147415876,CC(C)(O)CC(=O)NC1CCC(CCN2CCN(c3cccc4c3OCO4)CC2)CC1
122.0,6.913640169325252,CC1NCCN2C(=O)c3c(cccc3C(F)(F)F)C12
248.0,6.605548319173784,COc1ccc(N2CCN(CCC3OCCc4cc(C(N)=O)ccc43)CC2)cc1
3.98,8.400116927926312,CC(C)Oc1ccc(COC(=O)N(Cc2ccc(C(F)(F)F)cc2F)C2CCN(C)CC2)cc1
1460.0,5.835647144215563,CN1CCN2C(=O)c3ccccc3CC2C1
6.0,8.221848749616356,CN(C)CC1CC2c3ccccc3Oc3ccc(Cl)cc3C2O1
77.62,7.110026361596004,O=C(c1ccc(Cl)cc1)C1CCN(CCN2CCCc3ccccc3C2=O)CC1
0.33,9.481486060122112,O=C(NCCCCN1CCN(c2cccc3ccccc23)CC1)c1cnc2ccccc2c1
7.8,8.10790539730952,CCc1nc2c(o1)C(=O)N(CCN1CCC(c3noc4ccccc34)CC1)CC2
0.631,9.199970640755865,Fc1ccc2c(c1Cc1ccccc1)CCC1CNCCN21
17.0,7.769551078621726,O=S(=O)(c1ccc(F)cc1)c1ccc(C=Cc2ccc(F)cc2)nc1
76.0,7.119186407719209,O=S(=O)(c1cncc2ccccc12)N1CCCC1CCN1CCN(c2cccc3[nH]ccc23)CC1
9.9,8.00436480540245,COc1cc(C(C)(C)C)c(OC)cc1CCN
28.0,7.552841968657781,CC(=O)c1c(C)cc2oc(=O)cc(C)c2c1OCCCN1CCN(c2ccccc2F)CC1
251.095,6.600161935212324,O=C(Nc1cccnc1)N1CCc2cc(Cl)c(Cl)cc21
0.3162,9.500038134403809,CC(C)Oc1ccc(NC(=O)Nc2ccc(Cl)cc2)cc1-c1c(Br)cnn1C
0.05,10.301029995663981,CC1CC(=O)Nc2c(CCN3CCN(c4nsc5ccccc45)CC3)cc(Cl)cc21
4900.0,5.309803919971486,Cc1cc(Oc2nccc3occc23)ccc1-c1c(C)ncc2nccn12
41.905,7.377734155008477,CCCc1cncc2c1CCC1CNCCN21
22.0,7.657577319177793,CN(C)CCCC1c2ccccc2Cc2ccccc21
22.5,7.647817481888637,O=C(CC1CC(O)CO1)NC1CCC(CCN2CCN(c3nccc4c3CCO4)CC2)CC1
0.8,9.096910013008056,Nc1ccccc1C(=O)CCCN1CCC2C(C1)c1cccc3c1N2CCS3
163.0,6.787812395596042,Cc1cccc(-c2cc3c(cc2O)C(c2ccccc2)CN(C)CC3)c1
1.0,9.0,CN1CCN(C2=Nc3cc(Cl)ccc3N(NC(=O)c3ccccc3Cl)c3ccccc32)CC1
8.78,8.056505484093897,CC(O)C(=O)NC1CCC(CCN2CCN(c3cccc4c3OCO4)CC2)CC1
0.8,9.096910013008056,Nc1ccccc1C(=O)CCCN1CCC2C(C1)c1cccc3c1N2CCC3
2.1,8.67778070526608,O=C1NCc2ccc(OCCCCN3CCN(c4cccc5ccc(F)cc45)CC3)c(F)c21
524.0,6.280668713016273,O=C1c2cccc3cccc(c23)N1CCCCCCN1CCN(c2ccccc2F)CC1
0.34,9.468521082957745,CCCS(=O)(=O)NC1CCC(CCN2CCN(c3nsc4ccccc34)CC2)CC1
1790.2,5.747098447207654,CC(C)NCC(O)COc1cccc2ccccc12
210.0,6.6777807052660805,O=S(=O)(NCCCCN1CCN(c2noc3ccccc23)CC1)c1ccc(OC(F)(F)F)cc1
0.4,9.397940008672037,Cc1ccc(-c2nc(Cc3ccccc3)nc3c2CCNCC3)cc1
171.0,6.767003889607846,CSc1ccc2c(c1)N(CC(C)N)CC2
13.3,7.876148359032914,O=C(CC1CCC1)NC1CCC(CCN2CCN(c3nccc4c3CCO4)CC2)CC1
53.0,7.275724130399211,CC1CNCC2Cc3ccc(Br)nc3N12
0.34,9.468521082957745,Fc1ccc2c(C3CNCCC3F)c(-c3cccc4ccccc34)[nH]c2c1
613.0,6.212539525481585,COc1cccc(NC(=O)NCCCN2CCC(Cc3ccccc3)CC2)c1
538.0,6.269217724333611,CC(C)NCC(O)COc1cccc2ccccc12
192.0,6.716698771296451,Cc1ccccc1CNc1cc2c(cc1O)C(c1ccccc1)CN(C)CC2
3600.0,5.443697499232712,CCN(CC)CCCOC(=O)N1c2ccccc2Sc2ccccc21
43.0,7.366531544420414,Cc1cccc(C2CN(C)CCc3c2cc(O)c(O)c3-c2ccc3ccccc3c2)c1
1062.0,5.97387548325455,CC(=O)Nc1ccc2c(c1)-c1cccc3c1C(C2)N(C)CC3
5.1,8.292429823902063,Cn1nccc1-c1cc(NC(=O)c2cccc(F)c2)ccc1OCCN1CCOCC1
81.0,7.0915149811213505,N#Cc1cc2cc(OCCCCN3CCN(c4cccc(Cl)c4Cl)CC3)ccn2n1
2060.0,5.686132779630847,COc1ccccc1N1CCN(CC(F)CCNC(=O)c2ccc(-c3ccccn3)cc2)CC1
199.53,6.699991797446187,CC(N)Cn1ccc2c1-c1cc(F)ccc1C2
630.96,6.199998172182031,COc1ccc(N2Cc3cc(Cl)c(C)c(Cl)c3C2=O)cc1OCCN1CCC(C)CC1
8.0,8.096910013008056,CC(=O)c1c(OCCCN2CCN(c3cccc(Cl)c3Cl)CC2)ccc2c(C)cc(=O)oc12
0.7943,9.100015437450608,O=S(=O)(NC1CCN(CCCc2noc3ccccc23)C1)c1cc2ccc(Cl)cc2s1
794.165,6.10008925683624,O=C(Nc1cccnc1)N1CCc2ccc(Cl)cc21
8.65,8.062983892535186,CC(C)CC(=O)NC1CCC(CCN2CCC(c3coc4ccccc34)CC2)CC1
1716.0,5.7654827164873135,COc1ccc2c(c1)CC1CNCCN1C2=O
9.5,8.022276394711152,CC(=O)c1c(OCCCN2CCN(c3ccc(Cl)cc3)CC2)ccc2c(C)cc(=O)oc12
67.0,7.173925197299173,O=C1c2c(OC(F)(F)F)cccc2C2CNCCN12
1995.26,5.700000503883016,Cc1ccc2c(OCCN3CCC(Cc4cc5c(cc4F)OCC(=O)N5)CC3)cc(F)cc2n1
666.48,6.176212878538136,Clc1ccc2sc(CCCCN3CCc4ccccc4C3)nc2c1
0.87,9.060480747381382,CCCC(=O)NC1CCC(CCN2CCN(c3nsc4ccccc34)CC2)CC1
100.0,7.0,CC(C)COc1ccc(OC(=O)N(Cc2ccc(F)cc2)C2CCN(C)CC2F)cc1
293.78999999999996,6.531962990774253,CCN(CC)CCOC(=O)C(Cc1cccc2ccccc12)CC1CCCO1
42.66,7.36997914888659,O=C1c2ccccc2CCCN1CCN1CCC(n2c(O)cc3cc(F)ccc32)CC1
2565.48,5.590831366673572,COc1ccc(C(=O)CCCN2CCc3ccccc3C2)cc1
0.86,9.065501548756432,CCN(CC)CCOc1ccc(NC(=O)Nc2ccc(F)cc2)cc1-c1ccnn1C
2511.9449999999997,5.599989873875129,O=C(Nc1cccnc1)N1CCc2cc(Cl)ccc21
56.0,7.251811972993799,Clc1cccc(N2CCN(CC3CC4c5ccccc5Cc5ccccc5C4O3)CC2)c1
24.64,7.608359296507612,CC(C)CC(=O)NC1CCC(CCN2CCN(c3cccc4c3OCO4)CC2)CC1
9.637,8.016058141016112,COC1CCC(CC(=O)NC2CCC(CCN3CCC(c4noc5cc(Cl)ccc45)CC3)CC2)OC1
207.0,6.684029654543083,CCc1cc(Cl)c(OC)c(N2CCN(CCC3CCC(NC(=O)NC)CC3)CC2)c1
9.7,8.013228265733755,O=C(CC1COCCO1)NC1CCC(CCN2CCN(c3nccc4c3CCO4)CC2)CC1
0.19,9.721246399047171,O=S(=O)(c1ccc(C=Cc2ccc(F)cc2O)nc1)c1ccccc1F
130.0,6.886056647693163,O=C(NC1CCN(Cc2ccc(C(F)(F)F)cc2)C1)c1ccc(-c2cccs2)cc1
429.0,6.367542707815276,O=C1c2cccc3cccc(c23)N1CCCCCCN1CCN(c2cccc(Cl)c2)CC1
17.0,7.769551078621726,Cc1nn(CC(C)N)c2c1ccc1occc12
2.05,8.688246138944246,O=S(=O)(NC1CCC(CCN2CCN(c3nsc4ccccc34)CC2)CC1)c1cc2ccccc2s1
60100.0,4.221125527997261,COc1ccc(N2CCN(CCCCCCN3C(=O)c4cccc5cccc(c45)C3=O)CC2)cc1
520.0,6.2839966563652006,O=C(NCCCCN1CCN(c2ccccc2OCCF)CC1)c1cc2ccccn2n1
1.1,8.958607314841775,CCN(CCN1CCC(c2noc3cc(F)ccc23)CC1)C(=O)C1CCC(O)CC1
264.0,6.578396073130169,CC(C)c1ccccc1OCCN1CCC(N(C)S(=O)(=O)c2ccccc2)CC1
26.0,7.585026652029182,O=S(=O)(c1cncc2ccccc12)N1CCCC1CCN1CCN(c2cccc3sccc23)CC1
8.4,8.075720713938118,O=C1c2cnccc2CCN1CCN1CCC(c2noc3ccccc23)CC1
891.0,6.050122295963125,Nc1nc(-c2cn(S(=O)(=O)c3ccccc3)c3ccccc23)c[nH]1
1.0,9.0,COc1ccc(-c2ccccc2)cc1C(=O)CCCCN1CCC2(CC1)NC(=O)NC2=O
31.0,7.508638306165727,COCCC(=O)NC1CCC(CCN2CCC(c3ccc(F)c4occc34)CC2)CC1
220.0,6.657577319177793,CN(C)C1Cc2ccccc2C(c2ccc(Br)cc2)C1
2.55,8.593459819566045,CC(C)(C)c1ccoc1C(=O)NC1CCC(CCN2CCN(c3nsc4ccccc34)CC2)CC1
0.1,10.0,O=C(NC1CCc2ccc(CCN3CCN(c4nsc5ccccc45)CC3)cc21)c1ccc(Cl)cc1
4.36,8.360513510731414,O=C(NC1CCC(CCN2CCC(c3coc4ccccc34)CC2)CC1)c1ccccc1
7.2,8.142667503568731,CCN(CCN1CCC(c2noc3cc(F)ccc23)CC1)C(=O)C1CN(C)CCC1O
0.91,9.040958607678906,Cn1nccc1-c1cc(NC(=O)Nc2cc(F)cc(F)c2)ccc1OCCN1CCCCC1
520.0,6.2839966563652006,COc1cccc(N2CCN(CCCCOc3c(C(C)=O)c(C)cc4oc(=O)cc(C)c34)CC2)c1
200.0,6.698970004336019,CCCCCCc1ccc(C(CN)c2ccccc2)cc1
117.0,6.931814138253839,CCC(Oc1cccc(Cl)c1Cl)c1nc(Nc2ccccc2)nc(N2CCN(C)CC2)n1
1.29,8.88941028970075,O=c1c2cnccc2ccn1CCN1CCN(c2nsc3ccccc23)CC1
3020.0,5.519993057042849,CC1c2ccccc2C(=O)N2CCNCC12
66.9,7.174573882232177,c1ccc(Cc2ccnc3c2CCC2CNCCN32)nc1
5.8,8.236572006437063,Cc1ncc2c(=O)n(CCN3CCN(c4nsc5ccccc45)CC3)ccc2n1
11.89,7.924818145381308,CN1CCc2cc(Br)c(O)cc2C(c2ccccc2)C1
3.5,8.455931955649724,COc1cc2c3c(c1)N(C)CCN3C1CCN(CCCC(=O)c3ccc(F)cc3)CC21
2100.0,5.6777807052660805,CC1CN(Cc2ccc(-c3ccc(F)c(Cl)c3)cc2)C(=O)O1
158.49,6.799998134593398,Cc1cc2c(cc1C(F)(F)F)N(C(=O)Nc1ccc(OCc3ncccc3C)nc1)CC2
1498.0,5.824488186636552,CNCCC(c1ccccc1)c1ccccc1
8540.0,5.068542129310995,O=C1c2ccccc2C2CNCCN12
0.15,9.823908740944319,Cn1ncc(Cl)c1-c1cc(NC(=O)Nc2ccc(F)cc2F)ccc1OCCN1CCOCC1
28.54,7.544546031221372,CC(C)CC(=O)NC1CCC(CCN2CCC(c3cccc4c3OCO4)CC2)CC1
655.0,6.183758700008217,CCN1C(=N)N(C)C(=Cc2c[nH]c3ccccc23)C1=O
259.0,6.586700235918748,O=C1Nc2ccccc2C12CCN(CCN1CCC(c3ccc(F)cc3)CC1)C2
2310.0,5.636388020107856,CC1(c2cc3c(c(C(F)(F)F)c2)C(=O)N2CCNCC32)CC1
398.11,6.399996913372259,COc1ccc(N2Cc3cc(Cl)c(Cl)c(C)c3C2=O)cc1OCCN1CCC(C)CC1
351.0,6.454692883534176,O=C1Nc2ccccc2C12CCN(CCN1CCN(c3cccc(Cl)c3)CC1)C2
34.73,7.459295216689238,CC(C)C(O)C(=O)NC1CCC(CCN2CCN(c3cccc4c3OCO4)CC2)CC1
29.6,7.528708288941061,O=C(CCC(F)(F)F)NC1CCC(CCN2CCN(c3nccc4c3CCO4)CC2)CC1
28.0,7.552841968657781,CN1CCc2cc3ccccc3n2CC1
14980.0,4.824488186636552,Cc1ccc(Cl)cc1N(C)C(=O)c1cn(-c2ccc(F)cc2F)c(=O)c2ccccc12
1766.0,5.753009300758451,O=C1c2cccc3cccc(c23)N1CCCCCCN1CCN(c2ccccc2C(F)(F)F)CC1
398.11,6.399996913372259,O=C(O)C1=CCCN(C2CCC3(Cc4ccccc4Oc4ccccc43)C2)C1
2.224,8.65286521708998,CC(=O)NC1CCC(CCN2CCC(c3noc4cc(F)ccc34)CC2)CC1
620.0,6.2076083105017466,CCc1cccc(N2CCN(CC(F)CCNC(=O)c3cc4ccccc4[nH]3)CC2)c1Cl
2.45,8.610833915635467,Cc1nn(C)c2c1C(=O)N(CCN1CCN(c3noc4ccccc34)CC1)CCC2
75.9,7.11975822410452,O=C1c2ccc(F)cc2CC1CCN1CCN(c2ccccn2)CC1
15.0,7.823908740944319,CC(C)n1nc2c(c1-c1ccc(Cl)cc1Cl)CCNCC2
11.4,7.943095148663527,O=C(NC1CCC(CCN2CCN(c3nccc4c3CCO4)CC2)CC1)C(O)C(F)(F)F
540.0,6.267606240177032,Cc1ccc(NC(=O)c2ccc(CN3CCN(C)CC3)cc2)cc1Nc1nccc(-c2cccnc2)n1
0.6,9.221848749616356,CCN(CCN1CCC(c2noc3cc(F)ccc23)CC1)C(=O)C(O)CCC(=O)OC
0.43,9.366531544420413,CN1CC(C(=O)N(CCF)CC(F)F)C=C2c3cccc4[nH]cc(c34)CC21
4565.0,5.340559218129682,Cc1cc(OCCCN2CCN(c3cnccn3)CC2)c2c(C)cc(=O)oc2c1
1000.0,6.0,COc1ccc(C2=CCN(c3cccc(F)c3)C2=O)cc1OCCN1CCCCC1
165.69,6.780703702056661,Nc1ccc(C(=O)CCCN2CCN(c3ccccn3)CC2)cc1
38.0,7.42021640338319,CC(C)C1CNCC2c3cccc(C(F)(F)F)c3C(=O)N21
0.08,10.096910013008056,CCN(C)CCc1c(-c2cccc(F)c2)[nH]c2ccccc12
10.9,7.962573502059376,CCN(CCN1CCC(c2noc3ccccc23)CC1)S(=O)(=O)CCO
188.0,6.72584215073632,CCC(Sc1cc(Cl)ccc1Cl)c1nc(N)nc(N2CCNCC2)n1
0.35,9.455931955649724,Fc1ccc2c(C3CNCCC3F)c(-c3cccnc3)[nH]c2c1
2.0,8.698970004336019,CC(C)n1nc2c(c1-c1ccc(C(F)(F)F)cc1)CCNCC2
6.9,8.161150909262744,O=Cc1cnn2ccc(-n3cc(CCCN4CCN(c5cccc(Cl)c5Cl)CC4)nn3)cc12
5.92,8.22767829327708,O=C(NC1CCC(CCN2CCN(c3nccc4c3CCO4)CC2)CC1)C1(O)CC1
158.49,6.799998134593398,O=C(O)CCNC1CCC2(Cc3ccccc3Cc3ccccc32)C1
336.0,6.4736607226101555,O=S(=O)(c1cccc2ncccc12)N1CCC(CCN2CCN(c3ccc(Cl)c(Cl)c3)CC2)CC1
20.1,7.696803942579511,O=C1NCc2ccc(OCCCN3CCN(c4cccc5cc(F)c(F)cc45)CC3)cc21
974.0,6.011441043121384,COc1cc2c3c(c1OCC1CC1)-c1cc(NC(C)=O)ccc1CC3N(C)CC2
48.0,7.318758762624412,COc1cccc(N2CCN(CCCOc3c(C(C)=O)c(C)cc4oc(=O)cc(C)c34)CC2)c1
258.0,6.58838029403677,O=C1NC2CNCC2c2cccc(Cl)c21
3.2,8.494850021680094,NCC1c2ccccc2Cc2cc(CCCc3ccccc3)ccc21
4.7,8.327902142064282,CN1CCCC(c2c(-c3ccccc3)[nH]c3ccccc23)C1
398.11,6.399996913372259,COc1ccc(N2CCC(c3ccc(Cl)c(Cl)c3)C2=O)cc1OCCN1CCC(C)(C)CC1
668.0,6.175223537524454,C=CCOc1c(OC)cc2c3c1-c1cc(NS(C)(=O)=O)ccc1CC3N(C)CC2
3700.0,5.431798275933005,CCCN1CCCN(c2ccc(O)c3c2OCC(=O)N3)CC1
131.0,6.882728704344236,COc1cccc2[nH]cc(CCNCc3ccc(-c4ccc(O)cc4)o3)c12
11.0,7.958607314841775,O=S(=O)(NCCCN1CCN(c2nsc3ccccc23)CC1)c1cc2ccccc2s1
551.0,6.258848401148215,CCC(Sc1cc(Cl)ccc1Cl)c1nc(N)nc(N2CCN(C)CC2)n1
19.5,7.709965388637482,CN(C)S(=O)(=O)NC1CCC(CCN2CCC(c3cccc4c3CCO4)CC2)CC1
9.3,8.031517051446064,Cc1nc2c(o1)C(=O)N(CCN1CCC(c3noc4ccccc34)CC1)CC2
309.03,6.509999358109048,O=C1CC(CN2CCC(C(=O)c3ccc(F)cc3)CC2)Cc2ncncc21
1.4,8.853871964321762,O=S(=O)(c1ccc(Cl)cc1)C1CCN(CCc2ccc(F)cc2F)CC1
0.14,9.853871964321762,O=C1CCc2ccc(OCCCCN3CCN(c4cccc5ccccc45)CC3)nc2N1
50.0,7.301029995663981,OCCOCCN1CCN(C(c2ccccc2)c2ccc(Cl)cc2)CC1
120.0,6.920818753952375,O=C1c2c(Cl)cccc2CC2CNCCN12
0.2,9.698970004336019,CC(C)Oc1ccc(COC(=O)N(Cc2ccc(Cl)cc2)C2CCN(C)CC2)cc1
1260.0,5.8996294548824375,CCc1c(CCC#N)cnc2c1CCC1CNCCN21
80.0,7.096910013008056,CN(C)C1Cc2ccccc2C(c2cccc(C(F)(F)F)c2)C1
60.26,7.219970872662661,O=C(Nc1cccc(Cn2ncc(N3CCNCC3)c(Cl)c2=O)c1)c1ccc(-c2ccccc2)cc1
1328.0,5.876801924968001,CC(C)(C)c1ccccc1OCCN1CCC(N(CC2CC2)S(=O)(=O)c2ccc(F)cc2)CC1
0.3311,9.480040819247932,O=S(=O)(NC1CCN(CCCc2noc3ccccc23)C1)c1ccc2ccccc2c1
17.46,7.757955760630449,O=C(NC1CCC(CCN2CCC(c3noc4cc(F)ccc34)CC2)CC1)c1ccc(N2CCOCC2)c(F)c1
223.7,6.65033401590337,CC(=O)Nc1ccc(OCCCCN2CCC(c3noc4cc(F)ccc34)CC2)cc1
80.0,7.096910013008056,CN(C)C1Cc2ccccc2C(C2CCCCC2)C1
2.84,8.546681659952963,COc1cccc(NC(=O)NC2CCC(CCN3CCN(c4nsc5ccccc45)CC3)CC2)c1
434.0,6.36251027048749,NC1=NCc2c(ccc(Cl)c2Cl)N1
13.1,7.882728704344236,OC(c1ccc(F)cc1)C1CCN(CCc2cccc(I)c2)CC1
680.0,6.167491087293763,CCc1cc(Cl)c(OC)c(N2CCN(CCC3CCC(NC(=O)N(C)C)CC3)CC2)c1
2.0,8.698970004336019,CN(Cc1cc(OCc2cc(F)ccc2F)n(CC2CCCC2)n1)C(=O)OC(C)(C)C
83.0,7.080921907623926,N#Cc1c2n(c3ccccc13)CCNCC2
157.0,6.804100347590766,O=S(=O)(c1cncc2ccccc12)N1CCC(CCN2CCN(c3cccc(Cl)c3)CC2)CC1
2.598,8.58536085326299,O=C(NC1CCC(CCN2CCC(c3noc4cc(F)ccc34)CC2)CC1)c1ccc(N2CCCCC2)cc1
4.0,8.397940008672037,CC(=O)c1c(C)cc2oc(=O)cc(C)c2c1OCCCN1CCN(c2ccc(Cl)cc2)CC1
58.94,7.2295898684860935,O=C1c2ccc(F)cc2CC1CCN1CCCN(c2ccccn2)CC1
8.0,8.096910013008056,COc1ccccc1N1CCN(CCCOc2ccc3c(C)cc(=O)oc3c2C(C)=O)CC1
1008.0,5.996539467890494,COc1ccc(NC(=O)N2CCN(c3ccc(Cl)cc3)CC2)cc1N1CCN(C)CC1
158.49,6.799998134593398,COc1ccc(N2CC=C(c3ccc(Br)cc3)C2=O)cc1OCCN1CCCCC1
0.5,9.301029995663981,CCN(CCN1CCC(c2c[nH]c3cc(F)ccc23)CC1)C(=O)C(C)O
771.165,6.112852689493971,O=C1c2ccc(Cl)cc2CC1CCN1CCc2ccccc2C1
118.0,6.928117992693875,CC(C)(C)Cc1ccnc2c1CCC1CNCCN21
230.0,6.638272163982407,CN(C)CCSc1cccc(C2CCCCC2)n1
24.31,7.6142150411566645,COC(C)CC(=O)NC1CCC(CCN2CCN(c3cccc4c3OCO4)CC2)CC1
1.294,8.888065723667319,C#CCSc1cc(OC)c(CCN)cc1OC
2.2954999999999997,8.63912270289796,C#CCCCSc1cc(OC)c(CCN)cc1OC
0.094,10.0268721464003,Cc1ccc2c(c1)C(C1=CC(C)N(C)CC1)=Nc1cc(Cl)ccc1N2
1.95,8.709965388637482,O=C(c1ccc(F)cc1)C1CCN(CCc2ccccc2I)CC1
1.6,8.795880017344075,O=C(c1cccn2ccnc12)N1CCN(CCc2ccc(F)cc2F)CC1
609.0,6.215382707367125,O=c1c(-c2ccccc2Cl)c2n(c(=O)n1CCCCN1CCCC(c3c[nH]c4ccccc34)C1)CCCC2
2831.0,5.548060130634897,COc1ccccc1N1CCN(CCCOc2c(C)cc(C)cc2C)CC1
29190.0,4.5347659050119855,O=S(=O)(Nc1cc(Sc2cccc3cccnc23)c(O)c2ccccc12)c1ccc(F)cc1
23.6,7.627087997029894,O=C(NC1CCC(CCN2CCC(c3cccc4c3CCO4)CC2)CC1)C1CC1
260.0,6.585026652029182,CN(C)C1Cc2ccccc2C(c2cccc(Br)c2)C1
398.11,6.399996913372259,Cc1cc2c(cc1C(F)(F)F)N(C(=O)Nc1ccc(Oc3cccnc3C)nn1)CC2
7.848,8.105241005628107,O=C(CC1CCC(O)CC1)NC1CCC(CCN2CCC(c3noc4cc(F)c(F)cc34)CC2)CC1
246.0,6.609064892896621,NCC1CC1c1ccccc1Br
2.6,8.585026652029182,O=C1CN2c3c(cccc3C3CN(CCCc4[nH]nc5cc(F)ccc45)CCC32)N1
3162.28,5.499999678657065,Cc1ccc2c(OCCN3CCC(Cc4cc(F)c5c(c4)NC(=O)CO5)CC3)cc(Cl)cc2n1
1.2,8.920818753952375,CCn1ncc2c1CCN(CCN1CCN(c3nsc4ccccc34)CC1)C2=O
5.1,8.292429823902063,Cc1cccc(N2CCN(CCCCNC(=O)C3CCc4ccccc4N3)CC2)c1
156.0,6.806875401645538,COc1ccccc1N1CCN(CCCCNC(=O)c2ccc3c(c2)Cc2ccccc2-3)CC1
51.0,7.292429823902063,CCc1cc2c(ccc3c(CC)nn(CC(C)N)c32)o1
14.0,7.853871964321762,O=S(=O)(NCCCN1CCN(c2nsc3ccccc23)CC1)c1ccc(F)c(Cl)c1
31.62,7.50003813440381,O=C1c2ccccc2CCCN1CCN1CCC(Oc2ccc(F)cc2)CC1
1995.26,5.700000503883016,Cc1cc2c(cc1C(F)(F)F)N(C(=O)Nc1ccc(OCCc3ccccn3)nc1)CC2
0.6457,9.18996921359416,CC1CC(NS(=O)(=O)c2cc3ccc(F)cc3s2)CN1CCCc1noc2cc(F)ccc12
12.0,7.920818753952375,CC(N)Cc1c[nH]c2ccc(O)cc12
1.42,8.847711655616944,COc1cccc(OC(=O)NC2CCC(CCN3CCN(c4nsc5ccccc45)CC3)CC2)c1
9.6,8.017728766960431,O=S(=O)(c1ccc(C=Cc2ccc(F)cc2)nc1)c1cccc(F)c1
398.11,6.399996913372259,COc1cc(OC)c(-c2ccccc2)cc1C(=O)CCCCN1CCC2(CC1)NC(=O)NC2=O
6.193,8.208098919990428,O=C(CC1CCCO1)NC1CCC(CCN2CCC(c3noc4cc(Cl)ccc34)CC2)CC1
630.96,6.199998172182031,O=C1N(CCN2Cc3ccccc3C2)CCN1c1cccc(Cl)c1
5.96,8.224753740259764,Cn1ncc2c1CCN(CCN1CCC(c3noc4ccccc34)CC1)C2=O
3.55,8.449771646944907,O=C1NCc2ccc(OCCCN3CCN(c4cccc5cccc(F)c45)CC3)c(Cl)c21
794.0,6.100179497572904,COc1ccc2c(c1)c(-c1c[nH]c(N)n1)cn2S(=O)(=O)c1ccccc1
1009.25,5.996001241917648,CCOC(=O)Cn1c(NCCCN2CCN(c3ccccc3)CC2)nc2c1c(=O)n(C)c(=O)n2C
6.5,8.187086643357144,CC(=O)c1c(OCCCCN2CCN(c3cccc(Br)c3)CC2)ccc2c(C)cc(=O)oc12
15.8,7.801342913045577,CC(C)COc1ccc(CCOC(=O)N(Cc2ccc(F)cc2)C2CCN(C)CC2F)cc1
433.0,6.363512103646634,c1ccc2c(c1)Cc1ccccc1C1OC(CN3CCOCC3)CC21
5.9,8.229147988357855,O=C(c1cnn2cc(Cl)ccc12)N1CCN(CCc2ccc(F)cc2F)CC1
107.0,6.97061622231479,c1ncc2c(c1CC1CCCCC1)CCC1CNCCN21
1539.0,5.812761380168522,COc1cccc(-c2[nH]ncc2N2CCNCC2)c1
648.98,6.1877686869029835,COc1cc2c(cc1OC)CN(CCCCc1nc3cc(Cl)ccc3s1)CC2
13.0,7.886056647693163,COC(C)CC(=O)NC1CCC(CCN2CCC(c3noc4cc(Cl)ccc34)CC2)CC1
37.5,7.425968732272281,COc1ccc2c(c1)Oc1cc(F)ccc1N=C2N1CCN(CC(C)(C)C(=O)O)CC1
65.7,7.182434630440219,COc1ccccc1N1CCN(CC=CCNC(=O)c2ccc3c(c2)Cc2ccccc2-3)CC1
650.0,6.187086643357144,CN(C)C1Cc2ccccc2C(c2cccc(-c3ccccc3)c2)C1
12.59,7.899974269892137,COc1ccc(Cl)cc1C(=O)CCCCN1CCC2(CC1)NC(=O)NC2=O
147.0,6.8326826652518236,O=S1(=O)c2cccc3cccc(c23)N1CCCCCCN1CCN(c2ccc(Cl)cc2)CC1
3.7,8.431798275933005,Cn1cc(Cl)c(C(=O)N2CCN(CC(=O)c3ccc(F)cc3)CC2)n1
125.89,6.900008766455316,COc1cc(Cl)ccc1C(=O)CCCCN1CCC2(CC1)NC(=O)NC2=O
586.0,6.23210238398191,O=C1c2c(Cl)cccc2C2CNCCN12
24.4,7.61261017366127,CCCc1cnc2c(c1CC)CCC1CNCCN21
14.04,7.852632892206214,Clc1ccc(Nc2nc(N3CCNCC3)nc3ccccc23)cc1
1995.26,5.700000503883016,COc1ccc(N2CCN(c3cccc(F)c3)C2=O)cc1OCCN1CCCCC1
77.0,7.113509274827518,Cc1cccc(N2CCN(CCCCNC(=O)C3CCc4ccccc4N3)CC2)c1
0.1,10.0,COc1cc(Cl)ccc1CN(C(=O)OCc1ccc(OC(C)C)cc1)C1CCN(C)CC1
88.7,7.052076380168273,CC(=O)OC(CCNC(=O)c1ccc(-c2ccccn2)cc1)CN1CCN(c2cccc(Cl)c2Cl)CC1
501.19,6.299997602857746,COc1ccc(CCCN2CCC(CCC(=O)c3cc(Cl)c(N)c4c3OCCO4)CC2)cc1OC
140.0,6.853871964321762,COc1cccc(N2CCN(CCCCNC(=O)c3ccccn3)CC2)n1
22.0,7.657577319177793,COc1cccc(CN2CCC(NC(=O)c3ccc(-c4cccs4)cc3)C2)c1
3.8,8.42021640338319,O=S(=O)(NCCCN1CCC(c2noc3cc(F)ccc23)CC1)c1ccc(OC(F)(F)F)cc1
26.0,7.585026652029182,Cc1ccc(S(=O)(=O)N(CCCCCCN2CCN(c3nsc4ccccc34)CC2)c2ccccc2)cc1
630.96,6.199998172182031,Cc1cc2c(cc1C(F)(F)F)N(C(=O)Nc1ccc(OCc3ccccn3)nc1)CC2
240.0,6.619788758288394,O=Cc1cnn2ccc(OCCCCN3CCN(c4cccc(Cl)c4Cl)CC3)cc12
270.0,6.568636235841013,O=C1Nc2ccccc2C12CCN(CCN1CCN(c3ccc(Cl)c(Cl)c3)CC1)C2
50.12,7.299988937677887,O=C(O)C1(F)CCN(C2CCC3(Cc4ccccc4Cc4ccccc43)C2)CC1
1.0,9.0,Cc1ccc(-c2c3c(nn2C(C)C)CCNCC3)cc1
20.76,7.68277265082358,O=C(NC1CCC(CCN2CCC(c3cccc4c3OCO4)CC2)CC1)C(O)C(F)(F)F
11050.0,4.95663772197887,Nc1nc(NCCNc2ccccc2)nc(NCCc2c[nH]c3ccccc23)n1
0.57,9.244125144327509,CC(C)COc1ccc(CNC(=O)N(Cc2ccc(F)cc2)C2CCN(C)CC23CC3)cc1
480.0,6.318758762624412,Oc1ccc(N2CCN(CCCCOc3ccn4nccc4c3)CC2)c2c1OCCO2
12.0,7.920818753952375,COCCC(=O)NC1CCC(CCN2CCN(c3ncc(C)c4occc34)CC2)CC1
32.0,7.494850021680094,CCOc1ccccc1-c1cc(Cl)cc2cc3n(c12)CCNCC3
15.49,7.809948582240794,O=S(=O)(NC1CCN(CCCc2noc3ccccc23)C1)c1ccc(F)cc1
2883.0,5.540155357611792,Clc1ccc(-c2[nH]ncc2N2CCNCC2)cc1
1367.0,5.864231485432177,COc1ccc2c(c1)C(CN)c1ccccc1C2
27.96,7.553462832926356,O=C(CC1CCCO1)NC1CCC(CCN2CCC(c3cccc4c3OCO4)CC2)CC1
4817.0,5.3172233536855655,CCC(Oc1ccccc1)c1nc(N)nc(N2CCNCC2)n1
16.76,7.775725985705742,CC(=O)NC1CCC(CCN2CCC(c3noc4cc(C)ccc34)CC2)CC1
4.4,8.356547323513812,CN(C)CCc1c(-c2ccccc2)[nH]c2ccccc12
404.0,6.393618634889395,O=C1Nc2ccccc2C12CCN(CCN1CCC(c3ccc(Cl)cc3)CC1)C2
39.81,7.400007822415902,CC(N)Cn1ccc2cc(Cl)c(F)cc21
1.2,8.920818753952375,O=C1c2cnc(C3CC3)nc2CCN1CCN1CCN(c2nsc3ccccc23)CC1
570.0,6.2441251443275085,CCCCCCOc1cc2c(cc1OC)-c1c(OC)c(OC)cc3c1C(C2)N(C)CC3
3920.0,5.406713932979542,Brc1ccnc2c1CCC1CNCCN21
1584.89,5.800000874803203,CC1CCN(CCC2CCCN2S(=O)(=O)c2cccc3ccccc23)CC1
427.0,6.369572124974976,CCC(Sc1ccccc1)c1nc(N)nc(N2CCN(C)CC2)n1
20.96,7.6786087216883105,COC(=O)NC1CCC(CCN2CCN(c3cccc4c3OCO4)CC2)CC1
9.8,8.008773924307505,CCN(CCN1CCC(c2c[nH]c3ccccc23)CC1)C(=O)C(C)O
0.398,9.400116927926312,CN1CCC(N(Cc2ccc(F)cc2F)C(=O)OCc2ccc(C(C)(F)F)cc2)CC1
10.2,7.991399828238082,CC(C)C(=O)NC1CCC(CCN2CCN(c3nccc4c3CCO4)CC2)CC1
633.98,6.197924442475747,COc1ccccc1N1CCN(CCCOn2c(O)c3c(c2O)C2(C)CC(=O)C3C(C)C2)CC1
367.0,6.43533393574791,CCCNCCc1cccc2[nH]cc(S(=O)(=O)c3ccccc3)c12
1297.0,5.88706002391592,CC(C)c1cccc(OCCN2C3CCC2CC(NS(=O)(=O)c2cccc(F)c2)C3)c1
13.0,7.886056647693163,Cc1ccc2c(c1)Oc1cc(F)ccc1C(N1CCN(CC(C)(C)C(=O)O)CC1)=N2
5.08,8.29413628771608,CC(=O)NC1CCC(CCN2CCC(c3coc4ccccc34)CC2)CC1
120.9,6.917573699139228,CN(C)C(=O)NC1CCC(CCN2CCC(c3cccc4c3CCO4)CC2)CC1
9333.0,5.029978734171634,Cn1cncc1-c1c[nH]c2ccc(Br)cc12
50.12,7.299988937677887,CN1CCc2ccc(NS(=O)(=O)c3ccc(-c4ccc(F)c(Cl)c4)cc3)cc2CC1
18.8,7.72584215073632,O=C(NC1CCC(CCN2CCN(c3nccc4c3CCO4)CC2)CC1)c1ccc(C(F)(F)F)cc1
1.0,9.0,COc1ccc(NC(=O)Nc2cc(C(F)(F)F)cc(C(F)(F)F)c2)cc1-c1c(Cl)cnn1C
197.0,6.705533773838407,O=S(=O)(c1cccc2ncccc12)N1CCC(CCN2CCN(c3cccc(Cl)c3)CC2)CC1
12.59,7.899974269892137,CN(C)C1CCC2(Cc3ccccc3Cc3ccccc32)C1
4.9,8.309803919971486,COc1cc(CN2CCOCC2)ccc1OCCCN1CCC(c2noc3cc(F)ccc23)CC1
5.602,8.25165689551245,O=c1n(CCCN2CCN(c3cccc(Cl)c3)CC2)nc2ccccn12
240.0,6.619788758288394,CC1SC(c2ccc(-c3ccccc3)cc2)=NC1Cc1c[nH]cn1
134.0,6.872895201635193,c1cc(CC2CCC2)c2c(n1)N1CCNCC1CC2
470.0,6.327902142064283,CCCCN1CCN(c2cc(CC)cc(Cl)c2OC)CC1
15.05,7.822463500070138,O=C1NCN(c2ccccc2)C12CCN(CCCOc1ccc(F)cc1)CC2
6.5,8.187086643357144,Fc1ccc2c(C3CCN(CCCOc4ccc(CN5CCCCC5)cc4F)CC3)noc2c1
24.0,7.619788758288394,CC(C)n1nc2c(c1-c1ccccc1)CCNCC2
90.5,7.043351420794797,CN(C)CC1CC2c3ccccc3OCc3ccccc3C2O1
0.3162,9.500038134403809,COc1ccc(NC(=O)Nc2ccc(C(C)C)cc2)cc1-c1c(Br)cnn1C
5600.0,5.251811972993799,O=C(NC1CCN(Cc2ccc(OC(F)(F)F)cc2)C1)c1cccc(-c2cccs2)c1
36.0,7.443697499232712,Cc1ccc2on(CC3CC4c5ccccc5Oc5ccc(Br)cc5C4O3)c2c1
501.19,6.299997602857746,COc1ccc(N2Cc3cc(Cl)c(Cl)cc3C2=O)cc1OCCN1CCC(C)CC1
89.0,7.050609993355087,CC(N)Cn1ncc2cc(F)ccc21
0.398,9.400116927926312,CCN1CCC(N(Cc2ccc(F)cc2F)C(=O)OCc2ccc(OC(C)C)cc2)CC1
6900.0,5.161150909262744,O=C1CCc2ccc(OCCCCN3CCN(C(=O)c4ccccn4)CC3)cc2N1
36.0,7.443697499232712,CC1(C)CN2CCNCc3ccc(Br)c1c32
613.76,6.212001418845449,CCCCn1c(NCCCN2CCN(c3ccccc3)CC2)nc2c1c(=O)n(C)c(=O)n2C
12000.0,4.920818753952375,NC1c2ccccc2Cc2ccccc21
3981.07,5.40000018605658,COc1cc2c(cc1C(F)(F)C(F)(F)F)N(C(=O)Nc1cccnc1)CC2
1.349,8.869988050328097,Cc1ccc2sc(S(=O)(=O)NC3CCN(CCCc4noc5ccccc45)C3)cc2c1
13.0,7.886056647693163,Cc1ccc2c(c1)Oc1cc(C(F)F)ccc1C(N1CCN(CC(C)(C)C(=O)O)CC1)=N2
1.07,8.97061622231479,CN(C(=O)NC1CCC(CCN2CCN(c3nsc4ccccc34)CC2)CC1)c1cccs1
418.0,6.3788237182249645,COc1cc2c(cc1OCc1ccc(Br)cc1)CC1c3c(cc(OC)c(OC)c3-2)CCN1C
0.45,9.346787486224656,CCN(CC(F)(F)F)C(=O)C1C=C2c3cccc4[nH]cc(c34)CC2N(C)C1
461.0,6.336299074610352,c1ccc(-c2ccc(CNCCc3c[nH]c4ccccc34)o2)cc1
0.15,9.823908740944319,Cc1c2c(nn1C)CCN(CCN1CCN(c3nsc4ccccc34)CC1)C2=O
2.3,8.638272163982407,Cc1cc2c(cn1)C(=O)N(CCN1CCN(c3noc4ccccc34)CC1)CC2
187.0,6.728158393463501,CCCCOc1cc2c3c(c1OC)-c1cc(OC)c(OC)cc1CC3N(C)CC2
1.023,8.99012436628784,Cc1cccc(S(=O)(=O)NC2CCN(CCCc3noc4ccccc34)C2)c1
1541.0,5.812197361281581,CCOC(=O)c1cccc(NC2=NC(N(C)C)=NC3(CCCCC3)N2)c1
19.95,7.700057099977233,O=C(O)C1CCN(C2CCC3(Cc4ccccc4Cc4ccccc43)C2)C1
0.1,10.0,CC(C)Oc1ccc(COC(=O)N(Cc2ccc(F)cc2OC(F)(F)F)C2CCN(C)CC2)cc1
53.0,7.275724130399211,Fc1ccc(SCCCN2CCN(c3ccc(Cl)cc3)CC2)cc1
1488.0,5.82739706879014,O=c1c(-c2ccc(Cl)cc2)c2n(c(=O)n1CCCCN1CCCC(c3c[nH]c4ccccc34)C1)CCCC2
32.0,7.494850021680094,Clc1ccc2c(c1)N1CCNCC1C2
44.0,7.356547323513812,CC1CN2CCNCc3ccc(Cl)c1c32
238.0,6.623423042943488,COc1cccc(N2CCN(CCCCNC(=O)c3cccc(C)n3)CC2)c1
10.1,7.995678626217358,Fc1ccc2c(C3CCN(CCCOc4ccc(CN5CCCC5)cc4Cl)CC3)noc2c1
66.7,7.175874166083451,O=C(NCCCCN1CCN(c2ccc(F)cc2)CC1)c1[nH]nc2ccccc12
29.0,7.5376020021010435,COc1ccc2[nH]cc(CCNCc3ccc(-c4cccc(O)c4)o3)c2c1
1810.0,5.7423214251308154,O=C(NC1CCC(CCN2CCN(c3cccc(Cl)c3Cl)CC2)CC1)c1ccnc2ccccc12
14.0,7.853871964321762,C1=C(c2c[nH]c3cccc(-c4ccccc4)c23)CNCC1
0.22,9.657577319177793,CC(O)c1ccccc1S(=O)(=O)c1ccc(C=Cc2ccc(F)cc2)cc1
670.0,6.173925197299173,CCCNCc1ccc(Cl)c(-c2ccccc2OC)c1
31.0,7.508638306165727,CC(N)Cn1ccc2ccc3ncccc3c21
152.0,6.818156412055227,CC1(C)Cc2c(c3cccc4c3n2CCNC4)C(C)(C)C1
4.169,8.379968104873702,O=S(=O)(NC1CCN(CCCc2noc3ccccc23)C1)c1cccc(Cl)c1
1.2,8.920818753952375,Nc1cc(F)ccc1C(=O)CCCN1CCC2C(C1)c1cccc3c1N2CCC3
6.14,8.211831628858832,CC1(O)CCC(C(=O)NC2CCC(CCN3CCN(c4nccc5c4CCO5)CC3)CC2)CC1
2.666,8.57413985492216,O=C(NC1CCC(CCN2CCC(c3noc4cc(F)ccc34)CC2)CC1)c1ccc(Cl)cc1
630.96,6.199998172182031,O=C(O)CC1CCN(C2CCC3(Cc4ccccc4Cc4ccccc43)C2)CC1
37.0,7.431798275933005,Cn1ccc(C(=O)N2CCN(CC(=O)c3ccc(F)cc3)CC2)n1
19.0,7.721246399047171,O=S(=O)(c1cccc2cnccc12)N1CCCC1CCN1CCN(c2cccc3sccc23)CC1
0.57,9.244125144327509,O=C(NC1CCC(CCN2CCN(c3nsc4ccccc34)CC2)CC1)c1cccs1
3.55,8.449771646944907,O=C1c2ncccc2CCC1CCN1CCC(c2noc3ccccc23)CC1
680.0,6.167491087293763,CCN(CC)CCc1ccc(Cl)c(-c2ccccc2OC)c1
334.0,6.476253533188435,O=C1NC2CNCCN2c2cccc(Cl)c21
630.96,6.199998172182031,COc1cc(OC)c(C(=O)CCCCN2CCC3(CC2)NC(=O)NC3=O)cc1NS(=O)(=O)c1ccc(C(F)(F)F)cc1
89.0,7.050609993355087,OC1(c2ccc(Cl)cc2)CC2CCC(C1)N2CCCSc1ccc(F)cc1
9.16,8.03810452633215,Fc1ccc(CCCCN2CCN(c3ccc(Cl)cn3)CC2)cc1
10.4,7.982966660701219,Nc1ccccc1C(=O)CCCN1CCC2C(C1)c1cccc3c1N2CCCS3
54.0,7.267606240177032,COc1ccc(CCN(CCCc2ccccc2Br)CCc2ccc3c(c2)OCO3)cc1OC
3.98,8.400116927926312,COc1ccc(CCc2ccccc2OCC(CN(C)C)OC(=O)CCC(=O)O)cc1
2650.0,5.576754126063192,CC(=O)c1c(C)cc2oc(=O)cc(C)c2c1OCCCCN1CCN(c2cccc(Cl)c2Cl)CC1
477.815,6.320740220607543,COc1cc(OCCC(F)(F)F)c(OC)cc1CCN
1100.0,5.958607314841775,CCCN(CCCCOc1ccc2ccnn2c1)C1CCc2c(O)cccc2C1
6.0,8.221848749616356,CC(=O)c1c(OCCCN2CCN(c3cccc(Br)c3)CC2)ccc2c(C)cc(=O)oc12
1200.0,5.920818753952375,COc1ccc2cnn(CC(C)N)c2c1Cl
75.83,7.120158944013437,O=C1COc2ccccc2N1CCCN1CCN(c2cccc(Cl)c2Cl)CC1
16.1,7.79317412396815,O=C1CN2c3c(cccc3C3CN(CCCOc4ccc(F)c(F)c4)CCC32)N1
29.0,7.5376020021010435,CCCc1c(C(=O)NCCCCN2CCN(c3ccccc3OC)CC2)nnn1Cc1ccc(OC)cc1
2.1,8.67778070526608,CNCc1cc(OCC2CC=CC=C2Cl)n(C(C)C2CCCCC2)n1
14.2,7.847711655616943,O=C(NC1CCC(CCN2CCC(c3cccc4c3CCO4)CC2)CC1)c1ccc(F)cc1
15.0,7.823908740944319,CCN(CCN1CCC(c2noc3ccc(F)cc23)CC1)C(=O)C(C)O
310.0,6.508638306165727,COc1ccccc1N1CCN(CCCC(=O)Nc2ccn3nccc3c2)CC1
0.46,9.337242168318426,Fc1cccc2c(C3CNCCC3F)c(-c3ccccc3)[nH]c12
5967.0,5.224243962155902,Nc1nc(NCCc2cccc(Cl)c2Cl)nc(NCCc2c[nH]c3ccccc23)n1
20.0,7.698970004336019,CC(=O)c1c(OCCCCN2CCN(c3ccccc3Cl)CC2)ccc2c(C)cc(=O)oc12
199.53,6.699991797446187,CC(N)Cn1ccc2c1-c1cc(Cl)ccc1C2
47.0,7.327902142064283,COc1cc(SCCCCF)c(OC)cc1CCN
3136.6400000000003,5.503535323503483,O=C1CCc2cc(C(=O)CCCN3CCN(c4ccccn4)CC3)ccc2N1
251.19,6.599997654072044,Cc1cc2c(cc1C(F)(F)F)N(C(=O)Nc1cnc(Oc3cccnc3C)c(Cl)c1)CC2
1.68,8.774690718274137,O=C1c2cnn(C3CC3)c2CCN1CCN1CCC(c2noc3ccccc23)CC1
0.6,9.221848749616356,O=C(c1nn2ccccc2c1Cl)N1CCN(CCc2ccc(F)cc2F)CC1
329.0,6.482804102050026,NS(=O)(=O)NCCCCCCN1CCN(c2cccc(Cl)c2)CC1
2099.0,5.677987561417599,CCOc1ccc2[nH]cc(C3=CCN(Cc4ccccc4)CC3)c2c1
0.4,9.397940008672037,OC1c2ccccc2CCC12CCN(CCc1ccccc1)CC2
2.1,8.67778070526608,Cc1cccc(S(=O)(=O)NCCCCN2CCC(c3noc4cc(F)ccc34)CC2)c1
250.0,6.6020599913279625,COc1ccccc1N1CCN(CCCCOc2ccn3nc(CO)cc3c2)CC1
1258.93,5.899998417198648,COc1ccc(NS(=O)(=O)c2sc3ccc(Cl)cc3c2C)cc1N1CCN2CCCC2C1
566.0,6.247183568811728,CN(C)c1ccc2c(c1)-c1cccc3c1C(C2)N(C)CC3
0.97,9.013228265733755,CC(C)COc1ccc(CNC(=O)N(Cc2ccc(F)cc2)C2CCN(C)CC2F)cc1
63.0,7.200659450546418,O=S(=O)(NCCCN1CCN(c2noc3ccccc23)CC1)c1cc2ccc(Cl)cc2s1
81.0,7.0915149811213505,Oc1c2c(c(O)n1CCCCCCN1CCN(c3cccc(Cl)c3)CC1)C1CCC2C1
15.8,7.801342913045577,CC(C)Oc1ccc(COC(=O)N(Cc2cc(F)c(F)cc2F)C2CCN(C)CC2)cc1
110.0,6.958607314841775,O=C1c2c(cccc2C(F)(F)F)C2CNCCN12
799.0,6.097453220686009,O=c1cc(N2CCOCC2)oc2c(-c3ccccc3)cccc12
1.1566666666666667,8.93679177992879,COc1ccc2sc(S(=O)(=O)NC3CCC(CCN4CCN(c5nsc6ccccc56)CC4)CC3)cc2c1
9.0,8.045757490560675,O=C(CC1CCOCC1)NC1CCC(CCN2CCC(c3cccc4occc34)CC2)CC1
16.33,7.7870138152633315,CC(=O)NC1CCC(CCN2CCN(c3cccc4c3OCO4)CC2)CC1
7.2,8.142667503568731,COc1c(Br)cc(F)cc1CCNCc1ccccc1O
19.42,7.711750774428014,O=C(NC1CCC(CCN2CCC(c3cccc4c3OCO4)CC2)CC1)C(O)C(F)(F)F
63.1,7.199970640755866,O=S(=O)(c1ccc2cc[nH]c2c1)N1CCCC1CCN1CCC(Oc2ccc(Cl)cc2)CC1
395.0,6.403402904373539,CC(N)CN1CCc2ccc3c(c21)CCCO3
293.56,6.532303120972409,CC1CC2(C)CC(=O)C1c1c2c(O)n(CCCN2CCN(c3ccccc3)CC2)c1O
1088.0,5.963371104637839,c1ccc(C2CCN(CC3CC4c5ccccc5Cc5ccccc5C4O3)CC2)cc1
3.0,8.522878745280337,COc1ccc(-c2c3c(nn2C(C)C)CCNCC3)cc1
10.7,7.97061622231479,O=C1c2nc(Cl)ccc2CCN1CCN1CCC(c2noc3ccccc23)CC1
5.85,8.232844133917819,ON=Cc1cnn2ccc(OCCCCN3CCN(c4cccc(Cl)c4Cl)CC3)cc12
140.0,6.853871964321762,COc1ccccc1N1CCN(CCCNC(=O)NCc2ccccc2-c2ccccc2)CC1
0.28,9.55284196865778,CC1(C)CCNc2c(CCN3CCN(c4nsc5ccccc45)CC3)cc(F)cc21
50.12,7.299988937677887,COc1ccc(NC(=O)c2ccc(-c3ccc(-c4noc(C)n4)cc3C)cc2)cc1OCCN(C)C
1070.0,5.97061622231479,CN(C1CCN(CCOc2ccccc2C(C)(C)C)CC1)S(=O)(=O)c1ccc(F)cc1
0.15,9.823908740944319,O=C(NC1CCC(CCN2CCN(c3nsc4ccccc34)CC2)CC1)c1cccs1
1.1,8.958607314841775,Cc1nn(C)c2c1C(=O)N(CCN1CCN(c3nsc4ccccc34)CC1)CC2
5.4,8.267606240177031,O=S(=O)(c1ccc(C=Cc2ccc(F)cc2)nc1)c1ccccc1F
815.0,6.088842391260023,C=CC1CN2CCc3c([nH]c4cccc(OC)c34)C2CC1C(=COC)C(=O)OC
5011.87,5.300000202445418,O=C(Nc1ccc(OCc2ccccn2)nc1)N1CCc2c(Cl)cccc21
548.24,6.261029281190662,CCc1ccc(OCc2ccccc2C(=O)Nc2ccc3nc(C)cc(N)c3c2)cc1
35.84,7.445631999009913,CCCC(=O)NC1CCC(CCN2CCC(c3cccc4c3OCO4)CC2)CC1
2.06,8.686132779630846,O=C1NCc2ccc(OCCCN3CCN(c4cccc5ccccc45)CC3)c(Cl)c21
12.92,7.8887374863409345,COCCC(=O)NC1CCC(CCN2CCC(c3noc4cc(F)c(F)cc34)CC2)CC1
15.58,7.807432546663454,O=C(CC1CCCCO1)NC1CCC(CCN2CCC(c3cccc4c3OCO4)CC2)CC1
330.0,6.481486060122113,COc1cc(N)c(Cl)cc1C(=O)CCC1CCN(CCNS(=O)(=O)c2ccc(N)c(Br)c2)CC1
12.3,7.910094888560602,O=C(CCCN1C2CCC1CC(O)(c1ccccc1)C2)c1ccc(F)cc1
39.81,7.400007822415902,CC1(C(=O)O)CCN(C2CCC3(Cc4ccccc4Cc4ccccc43)C2)CC1
2.6,8.585026652029182,Cc1c2c(nn1C)CCN(CCN1CCN(c3noc4ccccc34)CC1)C2=O
8.06,8.093664958194909,O=C(CC(F)(F)F)NC1CCC(CCN2CCC(c3coc4ccccc34)CC2)CC1
15.0,7.823908740944319,O=Cc1cnn2ccc(-n3cc(CCCCN4CCN(c5cccc(Cl)c5Cl)CC4)nn3)cc12
6.31,8.199970640755867,CC(C)COc1ccc(CC(=O)N(Cc2ccc(F)cc2F)C2CCN(C)CC2)cc1
5011.87,5.300000202445418,COc1ccccc1N1CCN(CCCN2C(=O)CCCn3c2nc2c3c(=O)n(C)c(=O)n2C)CC1
199.0,6.701146923590294,CN(CCc1c[nH]c2ccccc12)Cc1ccc(-c2ccccc2)o1
113.0,6.94692155651658,COc1cc(OC)c(C2NCCc3c2[nH]c2ccc(Cl)cc32)cc1OC
0.7,9.154901959985743,Nc1ccccc1C(=O)CCCN1CCC2C(C1)c1cccc3c1N2CCCC3
272.0,6.565431095965801,COc1ccc2[nH]c(C(=O)NCCC(F)CN3CCN(c4cccc(Cl)c4Cl)CC3)cc2c1
0.1,10.0,CC(C)Oc1ccc(COC(=O)N(Cc2ccc(Cl)cc2C(F)(F)F)C2CCN(C)CC2)cc1
1810.0,5.7423214251308154,NCCc1ccccc1Cc1ccccc1
0.66,9.18045606445813,Cn1ncc(Br)c1-c1cc(NC(=O)Nc2ccc(Cl)cc2)ccc1OCCN1CCCCC1
794.33,6.0999990348465305,CN1CCc2ccc(NS(=O)(=O)c3ccc(-c4ccc(C#N)cc4)cc3)cc2CC1
1.8,8.744727494896694,O=C(c1cnn2ccccc12)N1CCN(CCc2ccc(F)cc2F)CC1
87.0,7.060480747381382,CC(N)Cn1ncc2ccc3oc(C(C)C)cc3c21
109.17,6.961896689694102,OCCN1CCN(c2nc(Nc3ccc(Cl)cc3)c3ccccc3n2)CC1
100.0,7.0,CC(C)(CN1CCN(C2=Cc3ccccc3Cn3cc(F)nc32)CC1)C(=O)O
120.0,6.920818753952375,COc1ccccc1N1CCN(CCCC(=O)Nc2ccn3ncc(C=NO)c3c2)CC1
0.19,9.721246399047171,CCN(CC#N)C(=O)C1C=C2c3cccc4[nH]cc(c34)CC2N(C)C1
1980.0,5.703334809738469,O=C1NC2CNCCN2c2ccccc21
408.0,6.38933983691012,CC(=O)c1c(OCCCN2CCN(c3cccc(F)c3)CC2)ccc2c(C)cc(=O)oc12
2.8,8.55284196865778,CCN(CCN1CCC(c2c[nH]c3ccccc23)CC1)C(=O)CCO
269.0,6.570247719997592,O=C1NC2CCNCCN2c2ccccc21
79.7,7.098541678603888,O=S(=O)(NC1CCC(CCN2CCC(c3cccc4c3CCO4)CC2)CC1)c1ccccc1
576.0,6.239577516576788,CC(Oc1ccc(Cl)c(Cl)c1)c1nc(N)nc(N2CCN(C)CC2)n1
4.9,8.309803919971486,CNCc1cc(OCc2cccc(Cl)c2)n(CC2CCc3ccccc3O2)n1
39.8,7.400116927926312,CC(C)COc1ccc(OC(=O)N(Cc2ccc(F)cc2)C2CCNCC2F)cc1
4.0,8.397940008672037,CCN(CCN1CCC(C2NOc3cc(F)ccc32)CC1)C(=O)C(O)CN
13.4,7.872895201635193,O=CNC1CCC(CCN2CCC(c3coc4ccccc34)CC2)CC1
109.6,6.96018944585165,O=C(CCCN1CCN(c2ccc(Cl)cc2)CC1)c1ccc(F)cc1
296.0,6.528708288941061,O=S(=O)(c1cccc2ncccc12)N1CCCC1CCN1CCN(c2cccc3c2OCCO3)CC1
1.8,8.744727494896694,COc1cccc(C(=O)Nc2ccc(OCCNCCO)c(-c3ccnn3C)c2)c1
9.0,8.045757490560675,COc1cc(CN2CCCCC2)ccc1OCCCN1CCC(c2noc3cc(F)ccc23)CC1
330.0,6.481486060122113,O=C(NCC=CCN1CCN(c2cccc(Cl)c2Cl)CC1)c1ccc2c(c1)Cc1ccccc1-2
66.0,7.180456064458132,CC(=O)c1c(C)cc2oc(=O)cc(C)c2c1OCCCN1CCN(c2cccc(Cl)c2Cl)CC1
316.23,6.499996931948306,Cc1cc2c(cc1C(F)(F)F)N(C(=O)Nc1ccc(OCc3cnccn3)nc1)CC2
290.0,6.5376020021010435,CC1CNCC2Cc3ccc(CO)cc3N12
5.0,8.301029995663981,Cn1cc2c(n1)C(=O)N(CCN1CCC(c3noc4ccccc34)CC1)CCC2
3.6,8.443697499232712,CCCOc1ccc(CNC(=O)N(Cc2ccn(C)n2)C2CCN(C)CC2)cc1
110.0,6.958607314841775,CCCc1c(C(=O)NCCCCN2CCN(c3ccccc3OC)CC2)nnn1Cc1ccccc1
2.1,8.67778070526608,Cc1ccc(F)c(NC(=O)Nc2ccc(OCCN3CCCCC3)c(-c3ccnn3C)c2)c1
3000.0,5.522878745280337,CCCCn1cc(CCN(C)C)c2c(OP(=O)(O)O)cccc21
5.0,8.301029995663981,CC(C)(C)c1nc2c(c(-c3ccc(F)cc3)n1)CNCC2
34.8,7.458420756053419,CCS(=O)(=O)NC1CCC(CCN2CCC(c3cccc4c3CCO4)CC2)CC1
37.2,7.429457060118103,CC(=O)NC1CCC(CCN2CCC(c3cccc4c3CCO4)CC2)CC1
3.0,8.522878745280337,CN(C)CC1CC2c3ccccc3Oc3ccc(Br)cc3C2O1
0.19,9.721246399047171,Cn1nccc1-c1cc(NC(=O)Nc2ccc(Cl)cc2)ccc1OCCN1CCOCC1
8.906500000000001,8.050292927760191,COc1cc(SC(F)(F)F)c(OC)cc1CCNCC1CC1
2511.89,5.59999938302362,COc1cc(OC)c(C(=O)CCCCN2CCC3(CC2)NC(=O)NC3=O)cc1NS(=O)(=O)c1ccc(C)cc1
19.9,7.701146923590294,CCN(CCN1CCC(c2noc3cc(Cl)ccc23)CC1)S(=O)(=O)CCO
3.7,8.431798275933005,O=C1c2cnccc2CCN1CCN1CCN(c2nsc3ccccc23)CC1
3.09,8.510041520575164,CC(C)COC(=O)NC1CCC(CCN2CCN(c3nsc4ccccc34)CC2)CC1
2674.0,5.572838597074035,CC(Oc1cc(F)ccc1Cl)c1nc(N)nc(N2CCN(C)CC2)n1
95.0,7.022276394711152,CCCCCCC(=O)Oc1cccc2c1-c1cccc3c1C(C2)N(CCC)CC3
251.19,6.599997654072044,COc1ccc(N2CC=C(c3ccc(F)cc3)C2=O)cc1OCCN1CCC(C)CC1
5.0,8.301029995663981,CC(C)n1nc2c(c1-c1ccc(C#N)cc1)CCNCC2
1888.0,5.72399801003795,COc1ccc2[nH]cc(C3=CCN(Cc4cccs4)CC3)c2c1
14.5,7.838631997765025,COc1ccc(CNCCc2cc(OC)c(Br)cc2OC)cc1
46.0,7.337242168318426,c1ccc(N2CCN(CCCc3nc4ccccc4s3)CC2)nc1
1.15,8.939302159646388,CC1(CCN2CCN(c3noc4ccccc34)CC2)CCc2cccnc2C1=O
1.698,8.770062314092065,Cc1ccc(S(=O)(=O)CC2CCN(CCCc3noc4cc(F)ccc34)C2)cc1C
16.0,7.795880017344075,O=C(NCC1CCC(CN2CCN(c3nsc4ccccc34)CC2)CC1)c1ccco1
335.0,6.474955192963154,CN(C)CCc1c[nH]c2cccc(F)c12
310.0,6.508638306165727,CCCC(Oc1cccc(Cl)c1Cl)c1nc(N)nc(N2CCN(C)CC2)n1
251.0,6.600326278518962,O=S1(=O)c2cccc3cccc(c23)N1CCCCCCN1CCN(c2ccc(Cl)c(Cl)c2)CC1
1166.0,5.933301449577004,COc1ccccc1CCN1C2C3C4CC5C6C4C2C6C1(O)C53
86.9,7.060980223551334,COCCC(=O)NC1CCC(CCN2CCN(c3nc(C)cc4occc34)CC2)CC1
6.05,8.21824462534753,CC(C)(C)C(=O)NC1CCC(CCN2CCC(c3coc4ccccc34)CC2)CC1
1.0,9.0,O=C(CCCN1CCC2C(C1)c1cccc3c1N2CCC3)c1ccc(F)cc1
178.0,6.749579997691106,CCC(Sc1cc(Cl)cc(Cl)c1)c1nc(N)nc(N2CCN(C)CC2)n1
1220.0,5.913640169325252,Cc1ccc2c(c1)C(=O)NC1CNCCN21
9.4,8.0268721464003,CNCc1cc(OCc2cccc(Cl)c2)n(CC2OC3CCC2CC3)n1
105.0,6.978810700930062,O=C1c2cccnc2CCN1CCN1CCC(c2noc3cc(F)ccc23)CC1
40.0,7.3979400086720375,COc1cccc(N2CCN(CCCCNC(=O)c3cc4ccccc4o3)CC2)c1
610.0,6.214670164989233,Cc1ccc(CN2CCC(NC(=O)c3cccc(-c4cccs4)c3)C2)cc1
1.8,8.744727494896694,Cc1c(O)ccc2cnn(CC(C)N)c12
100000.0,4.0,Clc1ncnc2c1CCC1CNCCCN21
15.22,7.817585347565446,CS(=O)(=O)CC(=O)NC1CCC(CCN2CCC(c3noc4cc(Cl)ccc34)CC2)CC1
8.5,8.070581074285707,CCS(=O)(=O)NC1CCC(CCN2CCN(c3nccc4occc34)CC2)CC1
6.5,8.187086643357144,CCCCn1nc(CNC)cc1OCc1cc(F)ccc1F
16.0,7.795880017344075,c1ccc(CCN2CCC3(CCc4ccccc4O3)CC2)cc1
4441.0,5.352519226826324,CCCc1cc(Cl)c2c(c1)C1CNCC1NC2=O
2.0,8.698970004336019,CCN(CCCN1CCC(c2noc3ccccc23)CC1)S(=O)(=O)C(C)CO
1.57,8.804100347590767,Cc1[nH]nc2c1C(=O)N(CCN1CCC(c3noc4ccccc34)CC1)CC2
39.81,7.400007822415902,O=S(=O)(CC1CCN(CCCc2noc3cc(F)ccc23)C1)c1cccc(F)c1
146.0,6.835647144215563,COc1ccc(C)c2c1CC1CNCCN1C2=O
23000.0,4.638272163982407,COc1ccccc1N1CCN(CCCN2CCN(c3ncccc3C#N)CC2)CC1
605.0,6.218244625347531,CC(C)OC(=O)C(C)(C)Oc1ccc(C(=O)c2ccc(Cl)cc2)cc1
6.3,8.200659450546418,Fc1ccc2c(C3CCN(CCCOc4ccc(CN5CCOCC5)c(Cl)c4)CC3)noc2c1
434.0,6.36251027048749,O=c1n(CCCCCCN2CCN(c3cccc4c3OCCO4)CC2)nc2ccccn12
419.20500000000004,6.377573546016077,O=C1c2ccc(Cl)cc2CC1CCCCN1CCN(c2ccccn2)CC1
16.0,7.795880017344075,O=C(NC1CCN(Cc2ccc(F)c(F)c2)C1)c1ccc(-c2cccs2)cc1
102.33,6.98999702587294,CSc1ncc2c(n1)CC(CN1CCC(C(=O)c3ccc(F)cc3)CC1)CC2=O
523.0,6.281498311132726,O=C(CCCCN1CCN(c2ccc(Cl)cc2)CC1)c1nc2ccccc2s1
1.33,8.876148359032914,O=C(NC1CCC(CCN2CCN(c3nsc4ccccc34)CC2)CC1)c1cc2ccccc2[nH]1
1584.89,5.800000874803203,CCOc1cc2c(cc1C(F)(F)F)N(C(=O)Nc1cccnc1)CC2
58.0,7.236572006437063,CC1CNCC2Cc3ccc(Br)nc3N12
630.96,6.199998172182031,COc1ccc(N2CC=C(c3cccc(Cl)c3)C2=O)cc1OCCN1CCCCC1
1000.0,6.0,CCCCn1cc(CCCOc2ccc(C(=O)NCCCCN(CCC)C3CCc4c(O)cccc4C3)cc2OC)nn1
5.8,8.236572006437063,CN1CCN2c3c(cccc31)C1CN(CCCC(=O)c3ccccc3)CCC12
28.0,7.552841968657781,CC1CN2CCNCc3ccc(Br)c1c32
0.079,10.102372908709558,CN1CCC(N(Cc2ccc(F)cc2F)C(=O)OCc2ccc(OC(CF)CF)cc2)CC1
976.0,6.010550182333308,CCCCNc1ccc(C(=O)OCCN(C)C)cc1
12.5,7.903089986991944,COc1ccc(Cc2c(N)nc(SCCN3CCN(Cc4ccc(C)cc4)CC3)nc2N)cc1
125.89,6.900008766455316,Cc1ncccc1Oc1ccc(NC(=O)N2CCc3cc(Br)c(C(F)(F)F)cc32)cn1
19.6,7.707743928643524,CN(C)CC1CC2c3ccccc3Cc3ccccc3C2O1
3.654,8.437231456983481,COc1ccc(C(=O)NC2CCC(CCN3CCC(c4noc5cc(F)ccc45)CC3)CC2)cc1
79.0,7.102372908709558,CN1C(=O)c2c(cccc2C(F)(F)F)C2CNCC21
3.311,8.480040819247932,COc1cc(CCNCc2cccc(OC)c2F)c(OC)cc1Br
1.9149999999999998,8.71783122169536,O=S(=O)(NC1CCC(CCN2CCN(c3nsc4ccccc34)CC2)CC1)c1c[nH]c2ccccc12
1067.0,5.97183558057553,O=c1n(Cc2ccc(CN3CCN(c4cccc(Cl)c4)CC3)cc2)nc2ccccn12
398.11,6.399996913372259,COc1ccc(C2=C(C)CN(c3ccc(Cl)cc3)C2=O)cc1OCCN1CCCCC1
10.1,7.995678626217358,O=C(NC1CCC(CCN2CCN(c3nccc4c3CCO4)CC2)CC1)C1CCC1
3.37,8.47237009912866,O=C1NCc2ccc(OCCCN3CCN(c4cccc5ccc(F)cc45)CC3)cc21
185.0,6.732828271596986,COc1ccc(CCN(CCCc2cccc(F)c2)CCc2ccc3c(c2)OCO3)cc1OC
1078.95,5.966998680643533,Cn1c(=O)c2c(nc3n(CCCN4CCN(c5cccc(Cl)c5)CC4)c(=O)ccn23)n(C)c1=O
2341.0,5.630598586303376,CC(=O)Nc1ccc(OCCCN2CCN(c3ccccn3)CC2)cc1
0.64,9.193820026016112,O=S(=O)(c1ccc(Cl)cc1)C1(F)CCN(CCc2ccc(F)cc2F)CC1
3.6,8.443697499232712,CC(N)Cc1c[nH]c2ccc3c(c12)CCCO3
570.0,6.2441251443275085,CCCCNCCc1ccc(Cl)c(-c2ccccc2OC)c1
120.0,6.920818753952375,CN1CCc2cccc3c2C1Cc1ccc(O)c(O)c1-3
380.0,6.42021640338319,COc1ccccc1N1CCN(CCCCNC(=O)c2cc3ccccn3n2)CC1
501.19,6.299997602857746,COc1ccc(N2CCN(c3ccc(Cl)c(Cl)c3)C2=O)cc1OCCN(C)C
2.8,8.55284196865778,Cc1nc2c(o1)C(=O)N(CCN1CCN(c3nsc4ccccc34)CC1)CCC2
0.251,9.600326278518962,CC(C)Oc1ccc(COC(=O)N(Cc2ccc(F)cc2F)C2CCNCC2)cc1
13.0,7.886056647693163,Cc1ccc2c(c1)Oc1cc(Cl)ccc1N=C2N1CCN(CC2(C(=O)O)CC2)CC1
4631.0,5.334325219006106,Cc1cccc(S(=O)(=O)n2ccc3c(N4CCNCC4)nc4ccccc4c32)c1
0.32,9.494850021680094,O=C(NCC1CCC(CN2CCN(c3nsc4cc(Cl)ccc34)CC2)CC1)c1ccco1
5.6,8.2518119729938,COC1CCC(CC(=O)NC2CCC(CCN3CCN(c4nccc5occc45)CC3)CC2)CC1
630.96,6.199998172182031,COc1ccc(N2CC=C(c3cccc(F)c3)C2=O)cc1OCCN1CCCCC1
2311.6,5.636087314205654,COc1ccccc1N1CCN(Cc2c[nH]c3ncccc23)CC1
468.0,6.329754146925876,CCc1c(COC(C)C)cnc2c1CCC1CNCCN21
30.9,7.510041520575165,COc1ccc(OC)c(CNCCc2cc(OC)c(Br)cc2OC)c1
17.38,7.7599502278873524,Cn1ncc2c1CC(CN1CCC(c3noc4cc(F)ccc34)CC1)CC2=O
2.399,8.61996975203217,CNc1ncc2c(n1)CC(CN1CCC(c3noc4cc(F)ccc34)CC1)CC2=O
20.0,7.698970004336019,CC(=O)c1c(OCCCN2CCN(c3ccccc3C(F)(F)F)CC2)ccc2c(C)cc(=O)oc12
300.0,6.522878745280337,COc1ccccc1N1CCN(CCCC(=O)Nc2ccn3ncc(C=O)c3c2)CC1
1.1,8.958607314841775,O=C1c2cn(C3CC3)nc2CCN1CCN1CCN(c2nsc3ccccc23)CC1
30.0,7.522878745280337,CN(C)C1Cc2ccccc2C(C2CCCCCCC2)C1
630.96,6.199998172182031,COc1ccc(N2CC=C(c3ccc(Cl)c(Cl)c3)C2=O)cc1OCCN1CCCCC1
484.0,6.315154638355588,O=c1c(-c2ccc(F)cc2)c2n(c(=O)n1CCCCN1CCCC(c3c[nH]c4ccc(F)cc34)C1)CCCC2
3162.28,5.499999678657065,COc1cc(OC)c(C(=O)CCCCN2CCC3(CC2)NC(=O)NC3=O)cc1NS(=O)(=O)c1ccccc1
5011.87,5.300000202445418,CSc1ccc2c(c1Cl)CCN2C(=O)Nc1cccnc1
1.59,8.79860287567955,Cc1nn(C)c2c1C(=O)N(CCN1CCC(c3noc4ccccc34)CC1)CCC2
46.87,7.32910504647979,CC(=O)NC1CCC(CCN2CCC(c3noc4ccc(F)cc34)CC2)CC1
0.42,9.3767507096021,O=S(=O)(c1ccc(F)cc1)C1CCN(CCc2ccc(F)cc2F)CC1
29.0,7.5376020021010435,CC(C)Cc1nc2c(c(-c3ccc(F)cc3)n1)CNCC2
13.0,7.886056647693163,Fc1ccc(-c2nc(C3CCCC3)nc3c2CCNCC3)cc1
4.3,8.366531544420413,CC(=O)N1CCN(CCOc2ccc(NC(=O)c3cccc(C(F)(F)F)c3)cc2-c2ccnn2C)CC1
22.45,7.648783654660658,N#CCC(=O)NC1CCC(CCN2CCC(c3cccc4c3OCO4)CC2)CC1
8.3,8.080921907623926,O=C1CN2c3c(cccc3C3CN(CCCOc4ccc(F)cc4)CCC32)N1
0.5888,9.230032198670557,Cc1ccc2sc(S(=O)(=O)NC3CCN(CCCc4noc5ccccc45)C3)cc2c1
3.1,8.508638306165727,CCN(CCN1CCC(n2ncc3cc(F)ccc32)CC1)S(=O)(=O)CCO
0.9,9.045757490560675,Nc1cc(F)ccc1C(=O)CCCN1CCC2C(C1)c1cccc3c1N2CCCC3
21.22,7.673254620434678,CC1CN(c2ccc(C(=O)NC3CCC(CCN4CCC(c5noc6cc(F)ccc56)CC4)CC3)cc2)CC(C)O1
1010.0,5.995678626217358,Cc1cccc2c1CC1CNCCN1C2=O
410.0,6.3872161432802645,O=S(=O)(c1cncc2ccccc12)N1CCC(CCN2CCN(c3ccccc3)CC2)CC1
626.0,6.20342566678957,N#Cc1ccc(CNC(=O)CCCCCN2CCN(c3ccccc3-c3ccccc3)CC2)cc1
0.54,9.267606240177031,COc1ccc(NC(=O)Nc2ccc(OCCN3CCCCC3)c(-c3ccnn3C)c2)cc1
58.94,7.2295898684860935,COc1cc(SSC(C)(C)C)c(OC)cc1CCN
25.6,7.59176003468815,CC1CN(CCC2CCC(NC(=O)N(C)C)CC2)CCc2ccc(Cl)cc21
432.0,6.364516253185088,CC(N)CN1CCc2cc(F)c(C(F)(F)F)cc21
509.0,6.293282217663241,C=Cc1ccc(N2CCN(Cc3c[nH]c4ncccc34)CC2)cc1
7.5,8.1249387366083,CNCc1cc(OCc2cc(Cl)ccc2F)n(CC(C)(C)C)n1
38.2,7.4179366370882915,COCCC(=O)NC1CCC(CCN2CCC(c3cccc4c3OCO4)CC2)CC1
1320.13,5.879383299473933,NC1=NCc2cc(Cl)ccc2N1
270.0,6.568636235841013,Cn1cc(Br)c(C(=O)N2CCN(CC(=O)c3ccccc3F)CC2)n1
0.28,9.55284196865778,O=C1CCc2cccc(CCN3CCN(c4nsc5ccccc45)CC3)c2N1
17.0,7.769551078621726,CN(C)CCc1c[nH]c2ccc3c(c12)CCCO3
0.1,10.0,CC(C)Oc1ccc(COC(=O)N(Cc2ccc(F)cc2)C2CCNCC2F)cc1
81.0,7.0915149811213505,CC1CNCC2Cc3ccccc3C(=O)N12
70.0,7.154901959985743,Cn1cc(Br)c(C(=O)N2CCN(CC(=O)c3ccc(F)cc3F)CC2)n1
26.67,7.573976984310124,O=C(NC1CCC(CCN2CCC(c3cccc4c3OCO4)CC2)CC1)C1CC1(F)F
13.0,7.886056647693163,O=C(O)C1(CN2CCN(C3=Nc4ccc(F)cc4Oc4cc(F)ccc43)CC2)CC1
118.0,6.928117992693875,CCC(Oc1cccc(Cl)c1Cl)c1nc(N)nc(N2CCNCC2)n1
13.0,7.886056647693163,Cc1ccc2c(c1)Oc1cc(F)ccc1N=C2N1CCN(CC(C)(C)C(=O)O)CC1
1019.0,5.991825815993574,CCCN1CCC(COc2nc3c(I)cccc3c3ccccc23)CC1
2.5,8.602059991327963,CCN(CCN1CCC(C2NOc3cc(F)ccc32)CC1)C(=O)C(O)COC
4.0,8.397940008672037,O=C1c2oc(C3CC3)nc2CCN1CCN1CCC(c2noc3ccccc23)CC1
1796.0,5.745693667668714,O=C1NC2CNCC2c2cccc(C(F)(F)F)c21
2259.0,5.646083769079637,COc1cccc(CCN2C3C4C5CC6C7C5C3C7C2(O)C64)c1
15.8,7.801342913045577,Cc1cc(F)ccc1CN(C(=O)OCc1ccc(OC(C)C)cc1)C1CCN(C)CC1
16.55,7.781202001888262,COCCC(=O)NC1CCC(CCN2CCC(c3noc4cc(Cl)ccc34)CC2)CC1
1.6,8.795880017344075,Cc1nccc2c1C(=O)N(CCN1CCC(c3noc4ccccc34)CC1)CC2
1000.0,6.0,Cc1ccccc1C1CC(N(C)C)Cc2ccccc21
15.58,7.807432546663454,N#CCC(=O)NC1CCC(CCN2CCC(c3noc4cc(Cl)ccc34)CC2)CC1
33.63,7.473273132685365,COC(C)CC(=O)NC1CCC(CCN2CCC(c3cccc4c3OCO4)CC2)CC1
122.8,6.910801633194851,CCC(O)CC(=O)NC1CCC(CCN2CCC(c3cccc4c3CCO4)CC2)CC1
0.84,9.075720713938118,[H]c1c([H])c([H])c(C2CC(N3CCNC(C)(C)C3)c3cc(Cl)ccc32)c([H])c1[H]
492.095,6.307951047653262,Clc1ccc2sc(CCCCN3CCc4c(Cl)cccc4C3)nc2c1
2.4,8.619788758288394,CCN(CCN1CCC(c2noc3cc(F)ccc23)CC1)C(=O)C1CN(C(C)=O)CCC1O
193.0,6.714442690992226,CC(N)C1c2ccccc2Cc2ccccc21
0.3981,9.400007822415901,Cn1ncc(Br)c1-c1cc(NC(=O)Nc2ccc(Cl)cc2)ccc1O
1000.0,6.0,N=C(N)NC(=O)c1ccc2c(c1)Cc1ccccc1-2
4.3,8.366531544420413,COc1cc(Cc2c(N)nc(SCCN3CCN(Cc4ccccc4Cl)CC3)nc2N)cc(OC)c1OC
530.0,6.275724130399211,O=C(NCCCCCCn1nc2ccccn2c1=O)N1CCN(c2cccc(Cl)c2)CC1
1995.26,5.700000503883016,CC(C)c1cc2c(cc1Cl)N(C(=O)Nc1cccnc1)CC2
35.0,7.455931955649724,COc1ccc(-c2ccc(CNCCc3c[nH]c4ccc(OC)cc34)o2)cc1
7910.0,5.101823516502323,Nc1nc(NCCc2c[nH]c3ccccc23)nc(N2CCN(c3cccc(Cl)c3Cl)CC2)n1
5000.0,5.301029995663981,COc1ccc2c3c([nH]c2c1)C(C)=NCC3
145.64,6.836719329738094,COc1ccccc1Nc1nc(N2CCN(CCO)CC2)nc2ccccc12
60.0,7.221848749616356,CCn1nc2c(c1-c1ccccc1)CCNCC2
24.0,7.619788758288394,CCc1cccc2c1C(=O)N1CCNCC1C2
317.0,6.498940737782249,OC1(c2ccc(Cl)cc2)CC2CCC(C1)N2CCCCc1ccc(F)cc1
20.1,7.696803942579511,O=C(CC1CCOCC1)NC1CCC(CCN2CCN(c3nccc4c3CCO4)CC2)CC1
2.6,8.585026652029182,CC(C)c1ccc(C(=O)NC2CCC(CCN3CCC(c4coc5ccccc45)CC3)CC2)cc1
43.0,7.366531544420414,CC1CNCC2Cc3ccc(C(F)(F)F)nc3N12
14.9,7.826813731587726,O=C1NCc2ccc(OCCCN3CCN(c4cccc5ccccc45)CC3)cc21
323.0,6.490797477668897,CC1CN(Cc2ccc(-c3ccc(F)cc3F)cc2)C(=O)O1
0.1,10.0,CC(C)Oc1ccc(COC(=O)N(Cc2ccc(F)cc2)C2CCN(C)CC2F)cc1
13.09,7.8830603534492445,O=C1c2ccc(F)cc2CC1CCN1CCCN(c2ccc(Cl)cn2)CC1
37.0,7.431798275933005,COCCC(=O)NC1CCC(CCN2CCN(c3ncc(C)c4c3CCO4)CC2)CC1
314.0,6.503070351926785,COc1ccc(-c2c(=O)n(CCCCN3CCCC(c4c[nH]c5ccc(OC)cc45)C3)c(=O)n3ccccc23)cc1
67.61,7.169989064063882,O=C(CCCN1CCN(CCC2Cc3ccccc3C2=O)CC1)c1ccc(F)cc1
12.0,7.920818753952375,O=C1c2cccnc2CCN1CCN1CCN(c2noc3ccccc23)CC1
4800.0,5.318758762624412,O=C(NCCC(F)CN1CCN(c2cccc(Cl)c2Cl)CC1)c1ccc2c(c1)Cc1ccccc1-2
350.0,6.455931955649724,CC1(C)CN2CCNCc3ccc(F)c1c32
15.8,7.801342913045577,COc1ccc(CN(C(=O)OCc2ccc(OC(C)C)cc2)C2CCN(C)CC2)c(Cl)c1
496.24,6.30430823184309,Ic1ccc(Nc2nc(N3CCNCC3)nc3ccccc23)cc1
1780.0,5.749579997691106,CCCN1CCC(COc2nc3c(Cl)cccc3c3ccccc23)CC1
665.0,6.1771783546968955,O=S(=O)(c1cccc2ncccc12)N1CCC(CCN2CCN(c3cccc(F)c3)CC2)CC1
1.3,8.886056647693163,CNCc1cc(OCc2ccc(F)cc2)n(CC2CCCC2)n1
9.5,8.022276394711152,O=S(=O)(NCCCN1CCN(c2nsc3ccccc23)CC1)c1cc2ccc(Cl)cc2s1
56.0,7.251811972993799,O=Cc1cc2cc(OCCCCN3CCN(c4cccc(Cl)c4Cl)CC3)ccn2n1
5.8,8.236572006437063,CC(N)Cn1ncc2ccc(O)c(F)c21
1.9,8.721246399047171,O=C1c2cnc(OC3COC3)cc2CCN1CCN1CCN(c2nsc3ccccc23)CC1
706.0,6.151195298948196,COc1ccc(N2CCN(CCCCNC(=O)c3[nH]nc4ccccc34)CC2)cc1
5.2,8.2839966563652,CN1CC(C)(C)N2c3c(cccc31)C1CN(CCCC(=O)c3ccc(F)cc3)CCC12
15.3,7.815308569182402,O=C(CC1CCCCO1)NC1CCC(CCN2CCC(c3noc4cc(Cl)ccc34)CC2)CC1
826.0,6.083019952679618,CN1CCc2cc(-c3ccc(O)cc3)c(O)cc2C(c2ccccc2)C1
48.0,7.318758762624412,O=C(NCCC(O)CN1CCN(c2cccc(Cl)c2Cl)CC1)c1cc2ccccc2[nH]1
1.6,8.795880017344075,CN(C)CC1CC2c3ccccc3Sc3ccc(F)cc3C2O1
13.04,7.884722408604099,CCCCC(=O)NC1CCC(CCN2CCC(c3coc4ccccc34)CC2)CC1
110.0,6.958607314841775,c1ccc2c(c1)CCc1ccccc1C21CCNC1
11.78,7.928854709548917,O=C(CC1COCCO1)NC1CCC(CCN2CCN(c3cccc4c3OCO4)CC2)CC1
213.0,6.671620396561262,CCCCCCOc1cc2c3c(c1OC)-c1cc(OC)c(OC)cc1CC3N(C)CC2
107.575,6.968288645245407,CC(=O)Nc1ccc(C(=O)CCCN2CCN(c3ccccn3)CC2)cc1
125.89,6.900008766455316,COc1cc2c(cc1C(F)(F)F)N(C(=O)Nc1cc(F)cc(-c3cccnc3)c1)CC2
1479.0,5.830031826003108,Cn1cc(S(=O)(=O)N(CC2CC2)C2CCN(CCOc3ccccc3C(C)(C)C)CC2)cn1
3981.07,5.40000018605658,Cc1ccc2c(OCCN3CCC(Cc4ccc5c(c4F)NC(=O)CO5)CC3)cc(Cl)cc2n1
0.54,9.267606240177031,CN1CCN2c3c(cccc31)C1CN(CCCC(=O)c3ccc(F)cc3)CCC12
22.08,7.656000930942839,N#Cc1ccc(C(=O)NC2CCC(CCN3CCN(c4cccc5c4OCO5)CC3)CC2)cc1
13.0,7.886056647693163,Cc1ccc2c(c1Cl)C(=O)NC1CNCC21
2.41,8.61798295742513,CCc1cccc(N2CCN(CCCCNC(=O)c3cc4ccccc4o3)CC2)c1Cl
7.004,8.154653862588592,O=C(NC1CCC(CCN2CCC(c3noc4ccc(F)cc34)CC2)CC1)c1ccc(N2CCCCC2)cc1
443.0,6.3535962737769305,C=CCOc1c(OC)cc2c3c1-c1cc(NC(=O)CCC)ccc1CC3N(C)CC2
883.0,6.054039296422431,O=C(NCC1CC1CN1CCN(c2cccc(Cl)c2Cl)CC1)c1ccc(-c2ccccn2)cc1
0.501,9.300162274132754,C=CCOc1ccc(COC(=O)N(Cc2ccc(F)cc2F)C2CCN(C)CC2)cc1
47.5,7.323306390375134,Fc1ccc(Cl)c2[nH]nc(C3=CCCNC3)c12
0.5866666666666667,9.231608586905512,O=S(=O)(NC1CCC(CCN2CCN(c3nsc4ccccc34)CC2)CC1)c1cccs1
1003.0,5.998699066979582,COc1ccc2c(c1)c(C1=CCNCC1)cn2S(=O)(=O)c1ccc2cccnc2c1
182.0,6.739928612014925,CCOc1ccc(-c2cc(Cl)cc3c2N2CCNCCC2C3)cc1
512.86,6.2900011719748115,COc1ccccc1N1CCN(CC2CC(=O)c3ccccc3C2)CC1
25118.86,4.600000074606178,Cn1cc(C(=O)C(=O)NC2CN3CCC2CC3)c2ccccc21
31.62,7.50003813440381,CN1CCc2cc(Cl)c(NS(=O)(=O)c3ccc(-c4ccc(Cl)cc4)cc3)cc2CC1
29.0,7.5376020021010435,CC(N)Cn1ccc2cc(Cl)c3ncccc3c21
7.6,8.119186407719209,Nc1c(F)cccc1C(=O)CCCN1CCC2C(C1)c1cccc3c1N2CCCS3
59.8,7.223298816011589,CC(C)=CC(=O)NC1CCC(CCN2CCC(c3cccc4c3CCO4)CC2)CC1
4.6,8.337242168318426,CC(O)C(=O)N(CCN1CCC(c2noc3cc(F)ccc23)CC1)C(C)C
3.45,8.462180904926726,O=C1NCc2ccc(OCCCN3CCN(c4cccc5cccc(F)c45)CC3)c(F)c21
12.26,7.911509529817604,O=C(NC1CCC(CCN2CCC(c3coc4ccccc34)CC2)CC1)c1ccc(Cl)cc1Cl
5.012,8.299988937677888,CC(C)c1cc2c(cc1NS(=O)(=O)c1ccc(-c3ccc(Cl)cc3)cc1)CCN(C)CC2
1.1,8.958607314841775,CCC(O)C(=O)N(CC)CCN1CCC(c2noc3cc(F)ccc23)CC1
1.809,8.742561433140187,COCCC(=O)NC1CCC(CCN2CCC(c3noc4cc(F)ccc34)CC2)CC1
14.6,7.835647144215563,O=C(CC1CCCO1)NC1CCC(CCN2CCN(c3nccc4c3CCO4)CC2)CC1
364.0,6.438898616350944,CC(N)CN1CCc2ccc(Cl)cc21
36.0,7.443697499232712,c1cc2c3c(c1)c1c(n3CCNC2)CCCCCC1
15.0,7.823908740944319,CC(=O)N1CCN(CCOc2ccc(NC(=O)c3cccc(F)c3)cc2-c2ccnn2C)CC1
322.0,6.492144128304169,O=S1(=O)c2cccc3cccc(c23)N1CCCCCCN1CCN(c2cccc(Cl)c2)CC1
1.585,8.79997073344623,c1ccc(Cc2cccc3c2CCC2CNCCN32)cc1
22.0,7.657577319177793,O=C(NC1CCN(Cc2ccc(Cl)c(Cl)c2)C1)c1ccc(-c2cccs2)cc1
441.0,6.355561410532162,CCc1nc2c(N3CCNCC3)ccnc2n1Cc1cccc(F)c1
0.6,9.221848749616356,CN(C)C(=O)NC1CCC(CCN2CCN(c3nsc4ccccc34)CC2)CC1
1927.0,5.7151182853445475,COc1ccc(N2CCN(CCCCCCN3C(=O)c4cccc5cccc3c45)CC2)cc1
0.62,9.207608310501746,Cn1cc2c(n1)CCN(CCN1CCN(c3nsc4ccccc34)CC1)C2=O
164.0,6.785156151952302,COc1ccc2onc(C3CCN(CCN4CCc5cccnc5C4=O)CC3)c2c1
5.07,8.294992040666664,CCS(=O)(=O)NC1CCC(CCN2CCC(c3coc4ccccc34)CC2)CC1
16.0,7.795880017344075,CN(C)CC1CC2c3ccccc3Oc3ccccc3C2O1
63.1,7.199970640755866,Cc1ccc2c(c1)-c1c(ccn1CC(C)N)C2
5011.87,5.300000202445418,Cc1ccc2c(c1)CCN2C(=O)Nc1cccnc1
6.6,8.18045606445813,Nc1ccccc1C(=O)CCCN1CCC2C(C1)c1cccc3c1N2CCS3
2100.0,5.6777807052660805,COc1cccc(N2CCN(CCCCn3ncc(=O)n(C)c3=O)CC2)c1
18.63,7.729787145103757,O=C(NC1CCC(CCN2CCC(c3cccc4c3OCO4)CC2)CC1)C1CC(Cl)C1
27660.0,4.558147824226708,COc1ccccc1N1CCN(c2nc(N)nc(NCCc3c[nH]c4ccccc34)n2)CC1
10.4,7.982966660701219,O=C1CCc2ccc(OCCCCN3CCN(c4cccc(Cl)c4F)CC3)nc2N1
28.1,7.55129368009492,CCc1cccc(N2CCN(CC(O)CCNC(=O)c3cc4ccccc4[nH]3)CC2)c1Cl
158.49,6.799998134593398,Cc1ncccc1Oc1ccc(NC(=O)N2CCc3ccc(C(F)(F)F)cc32)cn1
25.53,7.592949185195749,O=C(CC1(O)CCC1)NC1CCC(CCN2CCN(c3cccc4c3OCO4)CC2)CC1
31.62,7.50003813440381,Cn1cc2c(OCC3CCN(CCc4ccc(CO)cc4)CC3)nc3ccccc3c2c1
1800.0,5.7447274948966935,O=c1[nH]c2cccc(N3CC4CC3CN4CC3CCc4[nH]c5ccc(F)cc5c4C3)c2o1
10.235,7.989912153001476,O=C1c2ccccc2CCCN1CCCCN1CCN(c2cccc(Cl)c2Cl)CC1
2.2,8.657577319177793,C#CC(O)C(=O)N(CC)CCN1CCC(c2noc3cc(F)ccc23)CC1
2580.0,5.58838029403677,O=C1c2ccccc2S(=O)(=O)N1CCCCN1CCN(c2cccc(Cl)c2Cl)CC1
0.61,9.214670164989233,Cn1ncc(Cl)c1-c1cc(NC(=O)Nc2ccc(Cl)cc2)ccc1OCCN1CCOCC1
2.5,8.602059991327963,CCN(CCN1CCC(c2noc3cc(F)ccc23)CC1)C(=O)C(C)O
0.54,9.267606240177031,CN1CCN2c3c(cccc31)C1CN(CCCC(=O)c3ccc(F)cc3)CCC12
0.7,9.154901959985743,Fc1ccc(Cc2nc3c(c(-c4ccc(F)cc4)n2)CCNCC3)cc1
184.0,6.735182176990463,O=C1NC2CNCCN2c2cccc(C(F)(F)F)c21
0.1995,9.700057099977233,COc1cc(CCNCc2cccc(OC)c2O)c(OC)cc1Br
326.0,6.486782399932061,Cc1cc(C)c2c(c1)CC1CNCCN1C2=O
0.26,9.585026652029182,CN(CC(F)(F)F)C(=O)C1C=C2c3cccc4[nH]cc(c34)CC2N(C)C1
2.65,8.576754126063193,Fc1ccccc1Cc1ccnc2c1CCC1CNCCN21
9.01,8.045275209020938,O=C(NC1CCC(CCN2CCC(c3coc4ccccc34)CC2)CC1)c1ccc(Cl)cc1
630.96,6.199998172182031,CC(C)(C)c1ccc2c(c1Cl)CCN2C(=O)Nc1cccnc1
20.0,7.698970004336019,CC(C)COc1ccc(CC(=O)N(Cc2ccc(C(F)(F)F)cc2F)C2CCN(C)CC2)cc1
1944.0,5.711303739409744,Oc1cc(-c2c[nH]c3ccc(F)cc23)c(O)n1CCCCN1CCC(c2c[nH]c3ccc(F)cc23)CC1
0.3,9.522878745280337,CC(=O)N1CCC(C)c2cccc(CCN3CCN(c4nsc5ccccc45)CC3)c21
1.585,8.79997073344623,COc1ccc(NC(=O)Nc2ccc(Cl)cc2)cc1-c1ccnn1C
84.0,7.075720713938118,CN(C)CCC1c2ccccc2Cc2ccccc21
1584.9450000000002,5.799985803863229,Cc1ncccc1Oc1ccc(NC(=O)N2CCc3cc(I)ccc32)cn1
0.26,9.585026652029182,COCC1CCCN1CCc1c(-c2ccccc2)[nH]c2ccccc12
4.169,8.379968104873702,CC1CC(NS(=O)(=O)c2cc3ccc(Cl)cc3s2)CN1CCCc1noc2cc(F)ccc12
16.2,7.790484985457369,CC(C)(C)CC(=O)NC1CCC(CCN2CCN(c3nccc4c3CCO4)CC2)CC1
255.0,6.5934598195660445,COCCC(=O)NC1CCC(CCN2CCN(c3nc(C)cc4c3CCO4)CC2)CC1
13.0,7.886056647693163,CCc1ccc2c(c1)Oc1cc(C)ccc1N=C2N1CCN(CC2(C(=O)O)CC2)CC1
36.95,7.432385557269155,COCCC(=O)NC1CCC(CCN2CCC(c3noc4ccc(F)cc34)CC2)CC1
1740.0,5.7594507517174005,COc1ccc(NS(=O)(=O)c2sc3ccc(Cl)cc3c2C)cc1N1CCNCC1
30.7,7.512861624522813,CN(C)CC1CC2c3ccccc3Sc3ccccc3C2O1
1584.89,5.800000874803203,COc1ccc(N2CC=C(c3ccc(C(F)(F)F)cc3)C2=O)cc1OCCN1CCC(C)CC1
74.13,7.130005999878258,O=C1c2ccccc2CCCN1CCN1CCC(Oc2ccc(Cl)cc2)CC1
1200.0,5.920818753952375,CCCN(CCCCOc1ccn2nccc2c1)C1CCc2c(O)cccc2C1
8.4,8.075720713938118,Fc1ccc2c(C3CCN(CCCOc4ccc(CCN5CCOCC5)cc4)CC3)noc2c1
8.17,8.087777943467584,O=C(NC1CCC(CCN2CCC(c3cccc4c3OCO4)CC2)CC1)C1(O)CC1
35.7,7.447331783887806,O=C(CC1CCCO1)NC1CCC(CCN2CCC(c3cccc4c3CCO4)CC2)CC1
65.0,7.187086643357144,CCOC(C)c1ccc2c(n1)N1C(C)CNCC1C2
0.3,9.522878745280337,Nc1cc(F)ccc1C(=O)CCCN1CCC2C(C1)c1cccc3c1N2CCS3
8.2,8.086186147616283,Cn1cc(CCN)c2c3c(ccc21)OCCC3
6306.0,5.200246033588114,O=C1c2ccccc2S(=O)(=O)N1CCCCCN1CCN(c2ncccn2)CC1
181.485,6.741159264217037,CC1CC2(C)CC(=O)C1c1c2c(O)n(CCCCN2CCN(c3ccccc3)CC2)c1O
0.99,9.00436480540245,c1ccc(-c2[nH]c3ccccc3c2C2CCCNC2)cc1
8.93,8.049148541111453,O=C(Nc1cc2ccccc2s1)NC1CCC(CCN2CCN(c3nsc4ccccc34)CC2)CC1
1680.0,5.774690718274137,CCC(Oc1cc(Cl)cc(Cl)c1)c1nc(Nc2ccccc2)nc(N2CCN(C)CC2)n1
125.89,6.900008766455316,Cc1cn2c(n1)C(N1CCN(CC(C)(C)C(=O)O)CC1)=Cc1ccccc1C2
322.0,6.492144128304169,Cc1ccc2c(c1)C(=O)N1CCNCC1C2
794.33,6.0999990348465305,COc1ccc(N2CC=C(c3cccc(Cl)c3)C2=O)cc1OCCN1CCC(C)CC1
7.4,8.130768280269024,CCOCC(=O)NC1CCC(CCN2CCN(c3nccc4occc34)CC2)CC1
17.0,7.769551078621726,O=C(NCCCCN1CCN(c2ccc(O)cc2)CC1)c1cc2ccccc2cn1
433.0,6.363512103646634,O=c1c(-c2ccccc2)c2ccccn2c(=O)n1CCCCN1CCCC(c2c[nH]c3ccccc23)C1
0.66,9.18045606445813,O=C(NC1CCC(CCN2CCN(c3nsc4ccccc34)CC2)CC1)Oc1ccccc1
0.9333,9.029978734171634,COc1ccc2cc(S(=O)(=O)NC3CCN(CCCc4noc5ccccc45)C3)ccc2c1
4.394,8.357139947415508,COc1ccc(S(=O)(=O)NC2CCC(CCN3CCC(c4noc5cc(F)ccc45)CC3)CC2)cc1
0.5,9.301029995663981,Cc1cccc(N2CCN(CCCCOc3ccc4c(n3)NC(=O)CC4)CC2)c1Cl
421.7,6.374996398985137,Cn1c(=O)c2c(nc3n2CCCN3CCCN2CCN(c3ccccc3)CC2)n(C)c1=O
51.4,7.289036881004725,O=C1c2ncoc2CCN1CCN1CCC(c2noc3ccccc23)CC1
11.4,7.943095148663527,Cc1cc2c(cn1)C(=O)N(CCN1CC=C(c3noc4ccccc34)CC1)CC2
327.115,6.485299540656841,Fc1ccc(CCCCN2CCN(c3cccnc3)CC2)cc1
1258.93,5.899998417198648,COc1cc2c(cc1C(F)(F)F)N(C(=O)Nc1cncc(-c3cc(F)cc(F)c3)c1)CC2
383.02,6.416778548060463,OCCN1CCN(c2nc(Nc3ccc(I)cc3)c3ccccc3n2)CC1
2.8,8.55284196865778,N#Cc1cn2cccc(C(=O)N3CCN(CCc4ccc(F)cc4F)CC3)c2n1
2.6,8.585026652029182,CCC(=O)NC1CCC(CCN2CCN(c3nccc4sccc34)CC2)CC1
14.0,7.853871964321762,COC1(C)CCC(CC(=O)NC2CCC(CCN3CCC(c4noc5cc(Cl)ccc45)CC3)CC2)CC1
0.3467,9.460046158343603,O=S(=O)(NC1CCN(CCCc2noc3ccccc23)C1)c1cc2ccccc2o1
0.2,9.698970004336019,NC(=O)c1cccc(S(=O)(=O)c2ccc(C=Cc3ccc(F)cc3F)cc2)c1
15.0,7.823908740944319,CN(C)CC1CC2c3ccccc3Oc3ccc(Br)cc3C2O1
2511.89,5.59999938302362,Cc1ccc2c(OCCN3CCC(Cc4cccc(NS(C)(=O)=O)c4)CC3)cccc2n1
158.49,6.799998134593398,O=C(Nc1cccnc1)N1CCc2cc(Cl)c(C(F)(F)F)cc21
19.0,7.721246399047171,COCC1CCC(CC(=O)NC2CCC(CCN3CCC(c4noc5cc(Cl)ccc45)CC3)CC2)CC1
794.33,6.0999990348465305,COc1ccc(N2CC=C(c3cccc(C(F)(F)F)c3)C2=O)cc1OCCN1CCCCC1
1372.0,5.862645888629267,CCC(=C(c1ccccc1)c1ccc(OCCN(C)C)cc1)c1ccccc1
85.0,7.070581074285707,O=C1c2cc(Cl)ccc2CC2CNCCN12
2.0,8.698970004336019,CCN(CCN1CCC(c2noc3cc(F)ccc23)CC1)C(=O)C1(O)CCNC1
50.0,7.301029995663981,CN(C)C1Cc2ccccc2C(c2ccc(Cl)cc2)C1
2.53,8.596879478824182,CCc1ccc(C(=O)NC2CCC(CCN3CCC(c4coc5ccccc45)CC3)CC2)cc1
630.96,6.199998172182031,COc1ccc(N2CCC(C)(c3ccc(Cl)c(Cl)c3)C2=O)cc1OCCN1CCCCC1
1.7,8.769551078621726,O=C(c1cccn2cc(Br)nc12)N1CCN(CCc2ccc(F)cc2F)CC1
4.0,8.397940008672037,CC1CN(CCN2CCN(c3noc4ccccc34)CC2)C(=O)c2ccn(C)c21
0.67,9.173925197299173,O=C1CCc2ccc(OCCCCN3CCN(c4cccc5cccc(F)c45)CC3)nc2N1
2.1,8.67778070526608,CN1CCN(CCOc2ccc(NC(=O)Nc3ccc(Cl)cc3)cc2-c2ccnn2C)CC1
589.0,6.229884705212898,CCc1cc2c(cc1OC)C(=O)N1CCNCC21
122.515,6.911810735638883,O=C1c2cc(Cl)ccc2CC1CCN1CCN(c2ccccn2)CC1
167.0,6.777283528852417,N#Cc1cccc(NC(=O)NCCCN2CCC(Cc3ccc(F)cc3)CC2)c1
8.4,8.075720713938118,O=c1c2cnccc2ccn1CCN1CCC(c2noc3ccccc23)CC1
3.2724,8.485133616010746,CCN(CC)C(=O)C1C=C2c3cccc4[nH]cc(c34)CC2N(C)C1
426.0,6.370590400897281,Clc1ccc(-c2cc(Cl)cc3c2N2CCNCCC2C3)c(Cl)c1
1.698,8.770062314092065,O=S(=O)(CC1CCN(CCCc2noc3cc(F)ccc23)C1)c1ccc(Cl)c(Cl)c1
850.0,6.070581074285707,COc1cc2c3c(c1O)-c1cc(N)ccc1CC3N(C)CC2
109.0,6.962573502059376,CCCCCC(=O)Oc1cccc2c1-c1cccc3c1C(C2)N(CCC)CC3
17.3,7.761953896871205,O=C(NC1CCC(CCN2CCN(c3nccc4c3CCO4)CC2)CC1)C1CC1(F)F
170.0,6.769551078621726,COc1cc(Br)c2c3c1C(CN)CCCC3CO2
13.3,7.876148359032914,CCC(=O)NC1CCC(CCN2CCN(c3nccc4c3CCO4)CC2)CC1
0.4467,9.349984047528162,O=S(=O)(NC1CCN(CCCc2noc3ccccc23)C1)c1cccc2ccccc12
1200.0,5.920818753952375,Cc1nc2c(c(-c3ccc(Cl)cc3)n1)CCNCC2
243.22,6.614000715861032,Cn1c(=O)c2c(nc3n2CCCN3CCCCN2CCN(c3ccccc3)CC2)n(C)c1=O
24.6,7.609064892896621,CC(C)CCC(=O)NC1CCC(CCN2CCN(c3nccc4c3CCO4)CC2)CC1
4.7,8.327902142064282,Cc1nc2c(o1)CCCN(CCN1CCN(c3nsc4ccccc34)CC1)C2=O
1.5,8.823908740944319,Cc1c(Cl)cccc1N1CCN(CCCCOc2ccc3c(n2)NC(=O)CC3)CC1
110.0,6.958607314841775,CC1CNCC2Cc3ccc(C#N)cc3N12
2.7,8.568636235841012,Nc1cccn2cc(C(=O)N3CCN(CCc4ccc(F)cc4F)CC3)nc12
251.19,6.599997654072044,COc1ccc(N2Cc3c(c4ccc(F)cc4n3C)C2=O)cc1OCCN1CCC(C)CC1
365.0,6.437707135543525,COc1ccc(CCN(CCCc2ccc(Cl)cc2)CCc2ccc3c(c2)OCO3)cc1OC
31.62,7.50003813440381,O=C(O)C12CC1CN(C1CCC3(Cc4ccccc4Cc4ccccc43)C1)C2
30.0,7.522878745280337,CCN1CCc2cc3ccccc3n2CC1
117.0,6.931814138253839,O=S(=O)(c1ccccc1)c1c[nH]c2cccc(CCN3CCCC3)c12
24.7,7.607303046740334,O=C1NCc2cc(Cl)c(OCCCCN3CCN(c4cccc5ccccc45)CC3)cc21
794.33,6.0999990348465305,Cn1cc2c(OCC3CCN(CCc4ccccc4C(=O)O)CC3)nc3ccccc3c2c1
1026.0,5.988852639224203,CCCCc1oc2ccccc2c1C(=O)c1cc(I)c(OCCN(CC)CC)c(I)c1
9.12,8.040005161671584,Cn1ccc2c(S(=O)(=O)NC3CCN(CCCc4noc5ccccc45)C3)cccc21
0.158,9.801342913045577,CN1CCC(N(Cc2ccc(F)cc2F)C(=O)OCc2ccc(OCCCF)cc2)CC1
3.97,8.401209493236886,O=S(=O)(NC1CCC(CCN2CCN(c3nsc4ccccc34)CC2)CC1)c1cc2ccccc2[nH]1
21.7,7.663540266151471,CS(=O)(=O)NC1CCC(CCN2CCN(c3nccc4c3CCO4)CC2)CC1
0.7,9.154901959985743,O=S(=O)(NCCCCN1CCN(c2noc3ccccc23)CC1)c1ccc2ccccc2c1
0.35,9.455931955649724,Cc1cccc(N2CCN(CCCCOc3ccc4c(n3)NC(=O)CC4)CC2)c1C
25.79,7.588548657862063,O=C(CC(F)(F)F)NC1CCC(CCN2CCN(c3cccc4c3OCO4)CC2)CC1
388.025,6.411140292415389,COc1cc(OCCC(F)F)c(OC)cc1CCN
2.63,8.580044251510243,O=C1c2ncccc2CCN1CCN1CCN(c2nsc3ccccc23)CC1
19.0,7.721246399047171,COC1(C)CCC(CC(=O)NC2CCC(CCN3CCC(c4noc5cc(Cl)ccc45)CC3)CC2)CC1
26.11,7.583193128177055,CC(C)(O)CC(=O)NC1CCC(CCN2CCC(c3cccc4c3OCO4)CC2)CC1
138.0,6.860120913598763,CCCCCOc1cc2c3c(c1OC)-c1cc(OC)c(OC)cc1CC3N(C)CC2
1277.0,5.893809102736585,O=c1c(-c2ccc(F)cc2)c2n(c(=O)n1CCCCN1CCCC(c3c[nH]c4ccccc34)C1)CCCC2
79.0,7.102372908709558,Nc1cc(Br)ccc1C(=O)CCCN1CCC2C(C1)c1cccc3c1N2CCCS3
0.76,9.119186407719209,Cn1ncc2c1CCCC(CCN1CCC(c3noc4ccccc34)CC1)C2=O
11.18,7.951558196449596,O=C(NC1CCC(CCN2CCC(c3coc4ccccc34)CC2)CC1)C1CCC(C(F)(F)F)CC1
20.0,7.698970004336019,COc1cc2c(cc1OC)-c1c(OC)c(OCc3ccc(Br)cc3)cc3c1C(C2)N(C)CC3
501.19,6.299997602857746,O=S(=O)(Nc1ccc2nccc(N3CCNCC3)c2c1)c1ccc(-c2ccccc2)cc1
227.0,6.6439741428068775,O=C(c1ccc(F)cc1)C1CCN(Cc2ccc(I)cc2)CC1
3812.0,5.418847108033711,c1ccc2c(c1)CCN(CCCCc1nc3ccccc3s1)C2
2511.9449999999997,5.599989873875129,Cc1ccc2c(c1I)CCN2C(=O)Nc1cccnc1
51.144999999999996,7.291196817055418,O=C(CCCN1C2CCC1CN(c1ccc(Cl)cn1)C2)c1ccc(F)cc1
1.259,8.899974269892137,COc1ccc(NC(=O)Nc2ccc(F)c(F)c2)cc1-c1c(F)cnn1C
34.2,7.465973893943865,O=C(CC(F)(F)F)NC1CCC(CCN2CCC(c3cccc4c3CCO4)CC2)CC1
103.0,6.987162775294828,COCc1ccnc2c1CCC1CNCCN21
12.413499999999999,7.906105751427994,CN1CCC(=C2c3ccccc3CC(=O)c3sccc32)CC1
1.3,8.886056647693163,CCN(CCN1CCC(c2[nH]nc3cc(F)ccc23)CC1)C(=O)C(C)O
223.87,6.650004100737144,O=C1c2ccccc2CCCN1CCN1CCC(n2c(O)cc3ccccc32)CC1
9.1,8.040958607678906,CC(N)Cn1ncc2ccc(Cl)c(Cl)c21
20.0,7.698970004336019,O=c1c2cncnc2ccn1CCN1CCC(c2noc3ccccc23)CC1
34.0,7.468521082957745,N#Cc1ccc(-c2nc(C3CCCC3)nc3c2CCNCC3)cc1
187.0,6.728158393463501,Clc1ccc(-c2[nH]nc3c2CCNCC3)cc1
99.0,7.00436480540245,Fc1ccccc1N1CCN(CCCNc2cncc(Cl)n2)CC1
9.95,8.002176919254275,Cc1cccc(CNc2cc3c(cc2O)C(c2ccccc2)CN(C)CC3)c1
8700.0,5.060480747381382,Fc1cccc2c1nc(OCC1CCN(CCCC(F)(F)F)CC1)c1cccnc12
98.0,7.008773924307505,O=C(NCCCCN1CCN(c2ccccc2)CC1)c1ccc2ccccc2n1
4800.0,5.318758762624412,COc1ccccc1N1CCN(CC(F)CCNC(=O)c2cc3ccccc3o2)CC1
5.7,8.244125144327509,COc1ccc(Cc2c(N)nc(SCCN3CCN(Cc4ccccc4Cl)CC3)nc2N)cc1
580.0,6.236572006437063,OC1c2ccc(F)cc2CC1CCN1CCN(c2ccccn2)CC1
25.55,7.592609095529268,O=S(=O)(c1ccccc1)c1cnc2c(N3CCNCC3)cccc2c1
4.86,8.313363730737706,COc1ncc2c(n1)CCN(CCN1CCN(c3nsc4ccccc34)CC1)C2=O
0.22,9.657577319177793,Cn1nccc1-c1cc(NC(=O)Nc2ccc(Cl)cc2)ccc1OCCN1CCCOCC1
310.0,6.508638306165727,CC1SC(c2ccc(-c3ccccc3)cc2)=NC1Cc1c[nH]cn1
1.76,8.75448733218585,c1ccc2c(N3CCN(CCCOc4ccc5c(c4)CNC5)CC3)cccc2c1
1.07,8.97061622231479,COc1cccc(CC(=O)N2CCC(C)c3cccc(CCN4CCN(c5nsc6ccccc56)CC4)c32)c1
14.5,7.838631997765025,COc1ccc2c(n1)C(=O)N(CCN1CCC(c3noc4ccccc34)CC1)CC2
0.28,9.55284196865778,Cn1ncc(Cl)c1-c1cc(NC(=O)Nc2ccc(F)cc2F)ccc1OCCN1CCCC1
2710.0,5.567030709125595,N#Cc1cccc2c1C(=O)N1CCNCC1C2
1.0,9.0,Fc1ccc(-c2c3c(nn2C2CCC2)CCNCC3)cc1
739.155,6.131264480974331,COc1ccccc1N1CCN(CCCCn2c(O)c3c(c2O)C2(OC(C)=O)C=C(C)C3C(C)C2)CC1
13.0,7.886056647693163,Cc1ccc2c(c1)Oc1cc(Cl)ccc1N=C2N1CCN(CC(C)(C)C(=O)O)CC1
5.94,8.226213555018806,COC(CC(=O)NC1CCC(CCN2CCC(c3coc4ccccc34)CC2)CC1)OC
4.9,8.309803919971486,NCCc1c[nH]c2ccc3c(c12)CCCO3
5200.0,5.2839966563652006,CC(=O)c1cc2c(c(C(F)(F)F)c1)C(=O)N1CCNCC21
125.89,6.900008766455316,Cc1cc2c(cc1Cl)N(C(=O)Nc1cnc(Oc3cccnc3C)c(C)c1)CC2
0.23,9.638272163982407,Cn1ccc2c1CCN(CCN1CCN(c3nsc4ccccc34)CC1)C2=O
10.0,8.0,O=S(=O)(NCCCCN1CCN(c2noc3ccccc23)CC1)c1ccc(Cl)c(Cl)c1
200.0,6.698970004336019,CC(C)COc1ccc(CC(=O)N(Cc2ccc(F)cc2Cl)C2CCN(C)CC2)cc1
0.6,9.221848749616356,CCN(CCN1CCC(c2noc3cc(F)ccc23)CC1)C(=O)C1(O)CCCNC1
158.0,6.801342913045577,CCc1cc(Cl)c(OC)c(N2CCN(CCC3CCC(NC(=O)CCOC)CC3)CC2)c1
4000.0,5.3979400086720375,N#Cc1ccc2c(c1)C(=O)N1CCNCC1C2
630.96,6.199998172182031,O=C(O)C1C2CN(C3CCC4(Cc5ccccc5Cc5ccccc54)C3)CC21
9.82,8.00788851221305,Cc1noc2ccn(CCN3CCC(c4noc5ccccc45)CC3)c(=O)c12
1700.0,5.769551078621726,O=C(c1ccccc1)N1CCN(CCCN2CCN(c3cccc(Cl)c3Cl)CC2)CC1
3981.0,5.400007822415902,Cc1ncccc1Oc1ccc(NC(=O)N2CCc3cc(Br)ccc32)cn1
281.0,6.55129368009492,CCC(Oc1cc(F)ccc1C(F)(F)F)c1nc(N)nc(N2CCN(C)CC2)n1
423.0,6.373659632624958,O=C1c2cccc3cccc(c23)N1CCCCCCN1CCN(c2ccc(Cl)cc2)CC1
756.0,6.121478204498794,COc1ccc(Cl)cc1-c1cc(Cl)cc2c1N1CCNCCC1C2
20.1,7.696803942579511,COC(C)C(=O)NC1CCC(CCN2CCN(c3nccc4c3CCO4)CC2)CC1
151.0,6.82102305270683,O=C(NCCCN1CCN(c2cccc(C(F)(F)F)c2)CC1)c1[nH]nc2ccccc12
18.0,7.7447274948966935,O=C(NCCCCN1CCN(c2ccccc2F)CC1)c1cc2ccccc2o1
0.6,9.221848749616356,O=C(NC1CCC(CCN2CCN(c3nsc4ccccc34)CC2)CC1)OCc1cccs1
501.19,6.299997602857746,Cc1ncccc1Oc1ccc(NC(=O)N2CCc3c2cc(C(F)(F)F)c2c3CCO2)cn1
0.38999999999999996,9.4089353929735,O=S(=O)(c1ccc(F)cc1)C1(F)CCN(CCc2ccc(F)cc2F)CC1
10.0,8.0,COC(=O)C(C)(C)CN1CCC(N(Cc2ccc(F)cc2F)C(=O)OCc2ccc(OC(C)C)cc2)CC1
2.8,8.55284196865778,CNCc1cc(OCc2ccccc2)n(C(CF)C2CCCCC2)n1
42.0,7.376750709602099,CC1CNCC2Cc3ccc(Cl)nc3N12
100.0,7.0,Cc1ccc2c(c1)-c1c(ccn1CC(C)N)C2(C)C
19.95,7.700057099977233,COc1ccc(CNCCc2cc(OC)c(Br)cc2OC)c(OC)c1
2385.0,5.622511616623867,CCOC(C)c1ccc2c(n1)N1C(C)CNCC1C2
67.5,7.170696227168975,CC(=O)NC1CCC(CCN2CCN(c3ncc(C)c4c3CCO4)CC2)CC1
1.55,8.809668301829708,NCC1c2ccccc2Cc2cc(Br)ccc21
3.36,8.473660722610155,COCC(=O)NC1CCC(CCN2CCC(c3coc4ccccc34)CC2)CC1
287.2,6.541815564429737,CC(=O)OC12C=C(C)C(c3c1c(O)n(CCCCN1CCN(c4ccccc4)CC1)c3O)C(C)C2
7.5,8.1249387366083,CNCc1cc(OCc2cc(F)ccc2F)n(CC(C)(C)C)n1
2.4,8.619788758288394,COc1cc2c(cn1)C(=O)N(CCN1CCN(c3noc4ccccc34)CC1)CC2
33.26,7.4780777551165,CS(=O)(=O)NC1CCC(CCN2CCN(c3cccc4c3OCO4)CC2)CC1
0.6,9.221848749616356,O=S(=O)(NCCCCN1CCC(c2noc3cc(F)ccc23)CC1)c1ccc2cc(Cl)ccc2c1
316.23,6.499996931948306,COc1ccc(N2Cc3cc(Cl)cc(Cl)c3C2=O)cc1OCCN1C(C)CCCC1C
316.115,6.500154895926735,Cc1ncccc1Oc1ccc(NC(=O)N2CCc3ccc(Cl)cc32)cn1
104.0,6.982966660701219,CN(C)CC1CC2c3ccccc3Cc3ccccc3C2O1
3.2,8.494850021680094,CNCc1cc(OCc2cc(Cl)ccc2Cl)n(CC2CCCCC2)n1
10.7,7.97061622231479,CC(O)C(=O)NC1CCC(CCN2CCC(c3cccc4c3OCO4)CC2)CC1
540.0,6.267606240177032,Cc1cc(C)c2c(c1)C1CNCC1NC2=O
9.1,8.040958607678906,CC(=O)NC1CCC(CCN2CCN(c3nccc4occc34)CC2)CC1
4162.0,5.380697924124392,COc1ccc(CN2C3C4C5CC6C7C5C3C7C2(O)C64)cc1OC
0.94,9.0268721464003,CCCOc1ccc(CNC(=O)N(Cc2ccn(C)n2)C2CCN(C)CC23CC3)cc1
13.0,7.886056647693163,CSc1ccc2c(c1)Oc1cc(Cl)ccc1N=C2N1CCN(CC(C)(C)C(=O)O)CC1
0.05506,10.259163792942688,CN1CCC(N(Cc2ccc(F)cc2)C(=O)NCc2ccc3c(c2)CC(C)(C)O3)CC1
894.0,6.048662481204082,Clc1cccc(-c2[nH]ncc2N2CCCNCC2)c1
54.98,7.25979526449255,CCOCCC(=O)NC1CCC(CCN2CCC(c3cccc4c3OCO4)CC2)CC1
4120.0,5.3851027839668655,CN1CCN2C(=O)c3c(cccc3C(F)(F)F)C2C1
11.8,7.928117992693875,Nc1nc(SCCN2CCN(Cc3ccccc3Cl)CC2)nc(N)c1Cc1ccccc1Cl
0.25,9.602059991327963,CCC(=O)NC1CCc2cc(CCN3CCN(c4nsc5ccccc45)CC3)ccc21
0.794,9.100179497572904,CC(C)Oc1ccc(COC(=O)N(Cc2c(F)cc(Cl)cc2F)C2CCN(C)CC2)cc1
1.65,8.782516055786093,O=c1c2ncccc2ccn1CCN1CCN(c2nsc3ccccc23)CC1
550.665,6.2591125261878995,O=C1CCc2cc(CCCCN3CCN(c4ccccn4)CC3)ccc2N1
63.1,7.199970640755866,CC(N)Cc1c[nH]c2ccc(F)cc12
22.0,7.657577319177793,CN(C)CC1CC2c3ccccc3Oc3ccc(Cl)cc3C2O1
575.22,6.240166022245071,CC(=O)OC12C=C(C)C(c3c1c(O)n(CCCN1CCN(c4ccccc4)CC1)c3O)C(C)C2
0.8,9.096910013008056,CCN(CCN1CCC(c2noc3cc(F)ccc23)CC1)C(=O)C1CNCC1O
18.0,7.7447274948966935,Cn1nccc1-c1cc(NC(=O)c2ccc(F)cc2)ccc1OCCN1CCOCC1
4.4,8.356547323513812,COCC(=O)NC1CCC(CCN2CCN(c3nccc4occc34)CC2)CC1
630.96,6.199998172182031,COc1ccc(N2CCN(c3ccc(Cl)c(Cl)c3)C2=O)cc1OCCN1CCCCC1
6.31,8.199970640755867,COc1ccc(-c2ccc(C(=O)Nc3cccc(Cn4ncc(N5CCNCC5)cc4=O)c3C)cc2)cn1
13.0,7.886056647693163,Cc1ccc2c(c1)Oc1cc(C)ccc1C(N1CCN(CC3(C(=O)O)CC3)CC1)=N2
116.0,6.935542010773082,Fc1ccc(C(c2ccc(F)cc2)N2CCN(CC=Cc3ccccc3)CC2)cc1
1.585,8.79997073344623,CC(C)Nc1cc2c(cc1NS(=O)(=O)c1ccc(-c3ccc(Cl)cc3)cc1)CCN(C)CC2
0.5,9.301029995663981,NC(=O)c1cccc(S(=O)(=O)C2CCN(CCc3ccc(F)cc3F)CC2)c1
3600.0,5.443697499232712,O=c1ccc2c(N3CCN(CCCCOc4ccn5nccc5c4)CC3)ccc(O)c2[nH]1
17.5,7.756961951313706,COc1ccc2[nH]cc(CCNCCCCc3ccccc3)c2c1
2749.0,5.560825260156531,COc1ccccc1CCNc1nc(N)nc(NCCc2c[nH]c3ccccc23)n1
15.3,7.815308569182402,Cc1cccc(N2CCN(CCCCNC(=O)c3cc4ccccc4o3)CC2)c1
85.0,7.070581074285707,COc1ccc2c(c1)C(=O)N1CCNCC1C2
9.9,8.00436480540245,N#Cc1cc(F)ccc1C=Cc1ccc(S(=O)(=O)c2ccccc2F)cn1
130.0,6.886056647693163,Fc1ccc2c(c1Cl)CCNCC2
1.739,8.759700417997287,O=C(NC1CCC(CCN2CCC(c3noc4cc(F)ccc34)CC2)CC1)C1CCOCC1
1335.195,5.874455302659303,CCN(CC)CCOC(=O)C(Cc1cccc2ccccc12)CC1CCCO1
85.0,7.070581074285707,Cc1ccc2c(n1)C(=O)N(CCN1CCN(c3noc4ccccc34)CC1)CC2
35.2,7.453457336521869,CS(=O)(=O)NC1CCC(CCN2CCC(c3cccc4c3CCO4)CC2)CC1
0.12,9.920818753952375,COC1CCN(CCOc2ccc(NC(=O)Nc3ccc(Cl)cc3)cc2-c2ccnn2C)CC1
8.01,8.096367483915762,O=C(NC1CCC(CCN2CCN(c3nsc4ccccc34)CC2)CC1)Oc1ccc(Cl)cc1
42.0,7.376750709602099,Cc1cc(OCCCN2CCN(c3cccc(Cl)c3Cl)CC2)c2c(C)cc(=O)oc2c1
46.0,7.337242168318426,NC(=O)c1c2n(c3ccccc13)CCNCC2
11.0,7.958607314841775,CCNC(=O)Nc1cc(F)ccc1C(=O)CCCN1CCC2C(C1)c1cccc3c1N2CCCS3
630.96,6.199998172182031,COc1ccc(N2Cc3cccc(C(F)(F)F)c3C2=O)cc1OCCN1CCC(C)CC1
0.57,9.244125144327509,CNCc1cc(OCc2ccc(F)cc2F)n(C(C)C2CCCCC2)n1
16.98,7.770062314092066,O=C(c1ccc(F)cc1)C1CCN(CCN2CCCc3ccccc3C2=O)CC1
158.49,6.799998134593398,COc1ccc(N2Cc3c(c4cc(F)ccc4n3C)C2=O)cc1OCCN1CCC(C)CC1
8511.0,5.070019409484485,CCn1cncc1-c1c[nH]c2c(F)cc(I)cc12
2628.0,5.580374639112256,CN1CCN(c2nc(N)nc(COc3ccccc3)n2)CC1
52.48,7.280006173632396,Cc1c(Cn2ncc(N3CCNCC3)c(Cl)c2=O)cccc1NC(=O)c1ccc(-c2ccccc2)cc1
1.83,8.73754891026957,O=S(=O)(NC1CCC(CCN2CCN(c3nsc4ccccc34)CC2)CC1)c1cc2ccccc2o1
2.5,8.602059991327963,COC1CCC(CC(=O)NC2CCC(CCN3CCN(c4nccc5sccc45)CC3)CC2)CC1
2637.0,5.578889870206566,Nc1nc(NCCOc2cccc(Cl)c2Cl)nc(NCCc2c[nH]c3ccccc23)n1
0.1585,9.79997073344623,COc1ccc(NC(=O)Nc2ccc(Cl)cc2)cc1-c1c(Cl)cnn1C
3.548,8.45001638884031,CC1CC(NS(=O)(=O)c2ccc(F)c(Cl)c2)CN1CCCc1noc2cc(F)ccc12
38.0,7.42021640338319,CC(N)Cn1ccc2ccc3ccccc3c21
2.138,8.669992299127241,Cc1ccc(Cn2ncc(N3CCNCC3)c(Cl)c2=O)cc1NC(=O)c1ccc(-c2ccccc2)cc1
5.7,8.244125144327509,CCN(CCN1CCC(c2noc3cc(F)ccc23)CC1)C(=O)C1CN(C(C)=O)CC1O
1.0,9.0,CC(O)C(=O)N(CCN1CCC(c2noc3cc(F)ccc23)CC1)C(C)C
44.0,7.356547323513812,Cc1ccc2c3c1C(C)CN3CCNC2
463.0,6.334419008982047,CCC(Oc1cc(Cl)cc(Cl)c1)c1nc(N)nc(N2CCN(C)CC2)n1
990.0,6.00436480540245,CC1=NCCc2c1[nH]c1ccccc21
37.38,7.427360702957187,O=C(NC1CCC(CCN2CCC(c3cccc4c3OCO4)CC2)CC1)C(F)(F)F
449.0,6.347753658996677,CCc1nc2c(N3CCNCC3)ccnc2n1Cc1cccc(Cl)c1
2.51,8.600326278518962,CC(C)COc1ccc(CC(=O)N(Cc2ccc(F)cc2)C2CCN(C)CC2)cc1F
251.095,6.600161935212324,CC(N)Cn1ccc2ccc(F)cc21
0.904,9.043831569524636,O=C1NCc2ccc(OCCCN3CCN(c4cccc5ccc(F)cc45)CC3)c(F)c21
250.0,6.6020599913279625,CN(C)C1Cc2ccccc2C(c2ccc(Cl)cc2)C1
16.1,7.79317412396815,Cc1c(OCCCN2CCN(c3cccc4cccc(F)c34)CC2)ccc2c1C(=O)NC2
0.2455,9.609948503541013,Cn1ccc2cc(S(=O)(=O)NC3CCN(CCCc4noc5ccccc45)C3)ccc21
1.0,9.0,COc1ccc(NC(=O)Nc2ccccc2F)cc1-c1c(Br)cnn1C
7.586,8.119987161633228,O=C(c1ccc(F)cc1)C1CCN(CCn2cnc3c(c2=O)CCCC3)CC1
12.88,7.890084136976206,CC1CC(NS(=O)(=O)c2ccc3cc(Cl)ccc3c2)CN1CCCc1noc2cc(F)ccc12
22.8,7.642065152999546,Nc1nc(SCCN2CCN(Cc3ccccc3Cl)CC2)nc(N)c1Cc1ccccc1O
184.33,6.734403976912408,Fc1ccccc1Nc1nc(N2CCOCC2)nc2ccccc12
534.0,6.272458742971444,COc1cc2c(cc1OC)-c1c(OC)c(OC3CCCCC3)cc3c1C(C2)N(C)CC3
301.0,6.521433504406157,CC1CC2(C)CC(=O)C1c1c2c(O)n(OCCCN2CCN(c3ccccc3)CC2)c1O
10.52,7.9779842601822795,COCC(=O)NC1CCC(CCN2CCC(c3noc4cc(F)c(F)cc34)CC2)CC1
13.0,7.886056647693163,CN(C)CC1CC2c3ccccc3Sc3ccc(F)cc3C2O1
627.0,6.202732459169283,CCCCc1cc2c(c(C(F)(F)F)c1)C(=O)N1CCNCC21
216.0,6.665546248849069,CSc1cccc2c1C(=O)N1CCNCC21
2.69,8.570247719997592,O=C1c2c[nH]nc2CCCN1CCN1CCC(c2noc3ccccc23)CC1
18.5,7.732828271596986,O=C(CN1CCN(C(=O)c2[nH]ncc2Cl)CC1)c1ccc(F)cc1
251.19,6.599997654072044,COc1ccc(N2Cc3c(c4cccc(F)c4n3C)C2=O)cc1OCCN1CCC(C)CC1
184.0,6.735182176990463,COc1cccc(N2CCN(CCCCOc3cc(C)cc4oc(=O)cc(C)c34)CC2)c1
50.0,7.301029995663981,O=Cc1cnn2ccc(-n3cc(CCN4CCN(c5cccc(Cl)c5Cl)CC4)nn3)cc12
1152.0,5.938547520912807,Clc1ccc(COC(Cn2ccnc2)c2ccc(Cl)cc2Cl)cc1
1320.0,5.87942606879415,CCC1CN2CCc3c([nH]c4cccc(OC)c34)C2CC1C(=COC)C(=O)OC
0.58,9.236572006437063,Cn1nccc1-c1cc(NC(=O)Nc2ccc(Cl)cc2)ccc1OCCN1CCSCC1
0.11,9.958607314841775,Cn1cnc2c1C(=O)N(CCN1CCN(c3nsc4ccccc34)CC1)CC2
4.28,8.368556230986828,CC(C)c1ncc2c(n1)CCN(CCN1CCN(c3nsc4ccccc34)CC1)C2=O
3981.07,5.40000018605658,O=C(Nc1cccnc1)N1CCc2cc(-c3ccccc3)c(Cl)cc21
0.14,9.853871964321762,CC1C=C(C2=Nc3cc(Cl)ccc3Nc3ccc(OC(F)(F)F)cc32)CCN1C
0.81,9.09151498112135,CC1CN(CCN2CCN(c3nsc4ccccc34)CC2)C(=O)c2ccn(C)c21
16.0,7.795880017344075,COC(C)CC(=O)NC1CCC(CCN2CCC(c3noc4cc(Cl)ccc34)CC2)CC1
461.0,6.336299074610352,CCOc1ccccc1N1CCN(CCCCCCN2C(=O)c3cccc4cccc(c34)C2=O)CC1
17.38,7.7599502278873524,CN1C2CCC1CC(OC(c1ccc(F)cc1)c1ccc(F)cc1)C2
1928.0,5.714892970433188,CN(C1CCN(CCOc2ccccc2C(C)(C)C)CC1)S(=O)(=O)c1cccc(F)c1
3.98,8.400116927926312,CC(C)Oc1ccc(COC(=O)N(Cc2c(F)ccc(F)c2F)C2CCN(C)CC2)cc1
120.0,6.920818753952375,Cc1cc(OCCCCN2CCN(c3ccccc3F)CC2)c2c(C)cc(=O)oc2c1
368.0,6.434152181326482,Cn1cc(Br)c(C(=O)N2CCN(CC(O)c3ccc(F)cc3)CC2)n1
60.0,7.221848749616356,NCCc1ccc(CCCc2ccccc2)cc1
21.05,7.676747899828313,CN1CC(C(=O)NC2(C)OC3(O)C4CCCN4C(=O)C(Cc4ccccc4)N3C2=O)CC2c3cccc4[nH]cc(c34)CC21
54.95,7.26003230324049,Cc1ccc(OC2CCN(CCN3CCCc4ccccc4C3=O)CC2)cc1
12.0,7.920818753952375,CC1CN(CCN2CCC(c3noc4ccccc34)CC2)C(=O)c2ncccc21
2.42,8.616184634019568,CN1CCN(C2=Nc3ccccc3Oc3ccc(Cl)cc32)CC1
1151.0,5.938924676370208,CN(C)CCCC(c1ccccc1)c1ccccc1
0.54,9.267606240177031,C#CCN(C)C(=O)C1C=C2c3cccc4[nH]cc(c34)CC2N(C)C1
68.0,7.167491087293763,Cc1cc2c(C3CCN(CCN4CCc5cccnc5C4=O)CC3)noc2cc1F
1.03,8.987162775294827,N#Cc1ccc(C(=O)NC2CCC(CCN3CCN(c4nsc5ccccc45)CC3)CC2)o1
1.77,8.752026733638193,O=C1c2[nH]ncc2CCN1CCN1CCC(c2noc3ccccc23)CC1
2.31,8.636388020107855,Cc1cc2c(n1C)CCCN(CCN1CCC(c3noc4ccccc34)CC1)C2=O
1.8,8.744727494896694,c1ccc(-c2[nH]c3ccccc3c2C2CC3CCC(C2)N3)cc1
380.0,6.42021640338319,COc1ccccc1N1CCN(CCCC(=O)Nc2ccn3ncc(C#N)c3c2)CC1
5.53,8.257274868695301,CCCC(=O)NC1CCC(CCN2CCC(c3coc4ccccc34)CC2)CC1
25.0,7.6020599913279625,CCc1cc(Cl)c(OC)c(N2CCN(CCCCNC(=O)c3cc4ccccc4o3)CC2)c1
1.2,8.920818753952375,CNCc1cc(OCc2ccccc2F)n(Cc2ccc(F)cc2)n1
0.78,9.10790539730952,CC(N)Cn1ncc2ccc3occc3c21
1538.0,5.813043664534588,CCC(Oc1cc(C(F)(F)F)ccc1C(F)(F)F)c1nc(N)nc(N2CCN(C)CC2)n1
51.9,7.284832642151542,O=C(NC1CCC(CCN2CCC(c3cccc4c3CCO4)CC2)CC1)C1CC1(F)F
392.0,6.406713932979542,O=C(NCCCCN1CCN(c2ccccc2)CC1)c1cc2ccccc2o1
8.3575,8.077923614735393,O=C1CC(CN2CCC(c3noc4cc(F)ccc34)CC2)Cc2occc21
2.2,8.657577319177793,Cc1cc2c(cn1)C(=O)N(CCN1CCN(c3noc4ccccc34)CC1)CC21CC1
0.5012,9.299988937677888,COc1ccc(NC(=O)Nc2cccc(C#N)c2)cc1-c1c(Br)cnn1C
112.0,6.950781977329818,CC(N)CN1CCc2ccc3c(c21)CCO3
0.2512,9.599980364934842,COc1ccc(NC(=O)Nc2ccc(Br)cc2)cc1-c1c(Br)cnn1C
2.138,8.669992299127241,O=C1CC(CN2CCC(c3noc4cc(F)ccc34)CC2)Cc2[nH]ncc21
547.0,6.262012673666569,CCC(Sc1ccc(Cl)c(Cl)c1)c1nc(N)nc(N2CCN(C)CC2)n1
7.0,8.154901959985743,CCc1cccc(N2CCNCC2)c1Cl
42.9,7.367542707815276,CC1CCN(CCc2ccc(OCCCN3CCC(c4noc5cc(F)ccc45)CC3)cc2)CC1
11.7,7.931814138253839,Cc1cnc(N2CCN(CCC3CCC(NC(=O)CC4CCOCC4)CC3)CC2)c2ccoc12
1200.0,5.920818753952375,CCCN(CCC)CCc1ccc(Cl)c(-c2ccccc2OC)c1
7.78,8.10902040301031,O=C(CC1COCCO1)NC1CCC(CCN2CCN(c3cccc4c3OCO4)CC2)CC1
819.0,6.086716098239582,CCC(Oc1cc(F)ccc1OC)c1nc(N)nc(N2CCN(C)CC2)n1
14.0,7.853871964321762,CCCCN1CCN2c3c(cccc31)C1CN(CCCC(=O)c3ccc(F)cc3)CCC12
6.968,8.156891858000392,CN1C2CCC1CC(OC(c1ccccc1)c1ccccc1)C2
39.8,7.400116927926312,CC(C)COc1ccc(OC(=O)N(Cc2ccc(F)cc2)C2CCNCC2F)cc1
79.43,7.100015437450609,O=C(O)C1CCN(C2CCC3(Cc4ccccc4Cc4ccccc43)C2)CC1
0.96,9.017728766960431,CC(=O)N1CCN(CCOc2ccc(NC(=O)Nc3ccc(Cl)cc3)cc2-c2ccnn2C)CC1
50.12,7.299988937677887,O=C(O)CC1CN(C2CCC3(Cc4ccccc4Cc4ccccc43)C2)C1
12.0,7.920818753952375,Cn1ncc2c1CCN(CCN1CCN(c3noc4ccccc34)CC1)C2=O
7.5,8.1249387366083,COc1ccc2c(c1)Cc1ccccc1C2CN
0.86,9.065501548756432,O=C(NC1CCC(CCN2CCN(c3nsc4ccccc34)CC2)CC1)c1cc2ccccc2o1
1584.89,5.800000874803203,COc1cc2c(cc1C(F)(F)F)N(C(=O)Nc1cncc(-c3ccccc3)c1)CC2
16.97,7.770318157682325,O=C(CC1COCCO1)NC1CCC(CCN2CCC(c3cccc4c3OCO4)CC2)CC1
60.0,7.221848749616356,CN(C)C1Cc2ccccc2C(c2ccc(Br)cc2)C1
11.0,7.958607314841775,CNCc1cc(OCc2ccccc2Cl)n(CC2CCCC2)n1
8700.0,5.060480747381382,Cc1ncc2nccn2c1-c1ccc(Oc2nccc3occc23)cc1C(F)(F)F
413.0,6.384049948343599,CC(C)c1ccccc1OCCN1CCC(N(CC2CC2)S(=O)(=O)c2ccc(F)cc2)CC1
158.745,6.7992999448177605,CC(N)Cn1ccc2cc(Br)ccc21
15.85,7.79997073344623,Cc1cc2c(cc1Cl)N(C(=O)Nc1ccc(Oc3cnccc3Cl)nc1)CC2
7.91,8.101823516502323,O=C1NCc2ccc(OCCCCN3CCN(c4cccc5cc(F)c(F)cc45)CC3)cc21
1.1,8.958607314841775,CCN(CCCN1CCC(c2noc3cc(F)ccc23)CC1)S(=O)(=O)CCO
620.0,6.2076083105017466,COc1ccccc1N1CCN(CCCCNC(=O)c2nnn(Cc3ccccc3)c2C)CC1
11.5,7.939302159646388,CN(C)S(=O)(=O)NC1CCC(CCN2CCN(c3nccc4c3CCO4)CC2)CC1
69.0,7.161150909262744,Clc1ccc2cc3n(c2c1)CCNC3
184.0,6.735182176990463,CCSc1ccc2c(c1)N(CC(C)N)CC2
4.3,8.366531544420413,CN1CCN(Cc2ccc(OCCCCN3CCC(c4noc5cc(F)ccc45)CC3)cc2)CC1
11.0,7.958607314841775,COCC(=O)NC1CCC(CCN2CCN(c3nccc4c3CCO4)CC2)CC1
0.94,9.0268721464003,O=C(CCCN1CCC2C(C1)c1cccc3c1N2CCN3)c1ccc(F)cc1
175.0,6.756961951313706,Oc1ccc(-c2ccc(CNCCc3c[nH]c4ccccc34)o2)cc1
0.84,9.075720713938118,CC1CCCCN1CCOc1ccc(NC(=O)Nc2ccc(Cl)cc2)cc1-c1ccnn1C
15.0,7.823908740944319,COc1cc(Br)c(OC)c2c1C(CN)C2
110.0,6.958607314841775,Cc1cccc2c1C(=O)N1CCNCC1C2
179.0,6.747146969020107,COc1cccc(N2CCN(CCCCNC(=O)c3ccccn3)CC2)c1
28.0,7.552841968657781,Cn1cc(C(F)(F)F)c(C(=O)N2CCN(CC(=O)c3ccc(F)cc3)CC2)n1
630.96,6.199998172182031,COc1cc2c(cc1C(F)(F)F)N(C(=O)Nc1cnc(Oc3cccnc3C)cc1C)CC2
1.26,8.899629454882437,CCCCOc1ccc(COC(=O)N(Cc2ccc(F)cc2F)C2CCN(C)CC2)cc1
3.5,8.455931955649724,Cc1nc2ccccn2c1C(=O)N1CCN(CCc2ccc(F)cc2F)CC1
267.0,6.573488738635425,COc1ccc(CCCN(CCc2ccc(OC)c(OC)c2)CCc2ccc3c(c2)OCO3)cc1
501.095,6.300079930690457,Cc1ncccc1Oc1ccc(NC(=O)N2CCc3cc(F)c(Cl)cc32)cn1
69.99,7.154964006486585,Fc1ccccc1Nc1nc(N2CCNCC2)nc2ccccc12
0.09,10.045757490560675,Fc1ccc(-c2[nH]c3cc(F)ccc3c2C2CCCNC2)cc1
1258.93,5.899998417198648,COc1cc2c(cc1C(F)(F)F)N(C(=O)Nc1ccc(Cl)c(-c3cccnc3)c1)CC2
70.0,7.154901959985743,COc1cccc(N2CCN(CCCCNC(=O)c3ccc4ccccc4n3)CC2)c1
2.25,8.647817481888637,CC(C)(O)C(=O)NC1CCC(CCN2CCC(c3coc4ccccc34)CC2)CC1
47.7,7.321481620959886,COc1ccccc1Cc1c(N)nc(SCCN2CCN(Cc3ccccc3C(F)(F)F)CC2)nc1N
818.0,6.087246696328677,CCOc1cc2c(cc1OC)-c1c(OC)c(OC)cc3c1C(C2)N(C)CC3
3617.0,5.44165149123838,Cc1cccc(-c2[nH]ncc2N2CCCNCC2)c1
0.2455,9.609948503541013,O=S(=O)(NC1CCN(CCCc2noc3ccccc23)C1)c1ccc2ccccc2c1
17.0,7.769551078621726,Cc1cccc(N2CCN(CCCCNC(=O)c3ccc4ccccc4n3)CC2)c1
398.11,6.399996913372259,COc1ccc(N2CC=C(c3ccc(F)cc3)C2=O)cc1OCCN1CCCCC1
1507.0,5.821886747685368,COc1cccc(CCCN(CCc2ccc(OC)c(OC)c2)Cc2ccc3c(c2)OCO3)c1
542.0,6.266000713461613,Cn1cc(Br)c(C(=O)N2CCN(CCc3cccc(F)c3)CC2)n1
1080.0,5.966576244513051,CC1CC2CNCCN2c2ncccc21
655.0,6.183758700008217,NCC1CC1c1ccccc1Br
52.0,7.2839966563652006,Cc1c(Cl)ccc2c1N1CCNCC1C2
1254.0,5.901702463505303,CN(C1CCN(CCOc2ccccc2C(C)(C)C)CC1)S(=O)(=O)c1ccccc1
17.9,7.747146969020107,CCN1CCN(c2cc(-c3ccc(F)cc3)c3c(n2)CCC(O)CCC3)CC1
63.05,7.2003149090909,Cc1cc2c(cc1Br)N(C(=O)Nc1cccnc1)CC2
13.0,7.886056647693163,O=C(CC1CCCO1)NC1CCC(CCN2CCC(c3noc4cc(Cl)ccc34)CC2)CC1
646.0,6.189767482004916,O=S(=O)(c1cccc2ncccc12)N1CCC(CCN2CCN(c3ccccc3)CC2)CC1
95.5,7.019996628416254,COc1ccccc1N1CCN(CCCCOc2ccn3ncc(C=NO)c3c2)CC1
15860.0,4.799696817018415,O=S(=O)(c1ccccc1)n1cccc1-c1cccc(N2CCNCC2)c1
1584.89,5.800000874803203,COc1cc2c(cc1C(F)(F)F)N(C(=O)Nc1cc(F)c(C)c(-c3cccnc3)c1)CC2
33.4,7.476253533188435,Fc1ccc2[nH]nc(C3=CCCNC3)c2c1
2.4,8.619788758288394,O=C(CN1CCC(S(=O)(=O)c2ccccc2)CC1)c1ccc(F)cc1F
0.39,9.4089353929735,CN1CCN(c2cccc3cc(S(=O)(=O)c4cccc(F)c4)cnc23)CC1
8.0,8.096910013008056,O=C(NCCCCN1CCN(c2ccc(F)cc2)CC1)c1cc2ccccc2cn1
32.5,7.488116639021126,O=C(CC1CCCO1)NC1CCC(CCN2CCC(c3cccc4c3CCO4)CC2)CC1
283.0,6.548213564475709,O=C1c2ccccc2S(=O)(=O)N1CCCCCCN1CCN(c2ccc(Cl)c(Cl)c2)CC1
12.21,7.913284336055117,COCC(=O)NC1CCC(CCN2CCN(c3cccc4c3OCO4)CC2)CC1
43.93,7.35723879673468,CN1CCC(=C2c3ccccc3CC(=O)c3sccc32)CC1
13.0,7.886056647693163,CC(C)(CN1CCN(C2=Nc3ccc(F)cc3Oc3cc(F)ccc32)CC1)C(=O)O
34220.0,4.465719994794918,O=S(=O)(Nc1cc(Sc2cccc3cccnc23)c(O)c2ccccc12)c1ccccc1
13.7,7.863279432843593,CC(=O)NC1CCC(CCN2CCN(c3ncc(C)c4occc34)CC2)CC1
21.41,7.669383332705562,O=C(CO)NC1CCC(CCN2CCC(c3cccc4c3OCO4)CC2)CC1
3.0,8.522878745280337,c1ccc(-c2c3c(nn2C2CCC2)CCNCC3)cc1
30.0,7.522878745280337,COc1cccc(N2CCN(CCCOc3ccc4c(C)cc(=O)oc4c3C(C)=O)CC2)c1
2.6310000000000002,8.579879151914296,c1ccc(Cc2cncc3c2CCC2CNCCN32)cc1
0.1,10.0,CC(C)COc1ccc(CC(=O)N(Cc2ccc(C(F)(F)F)cc2Cl)C2CCN(C)CC2)cc1
12.88,7.890084136976206,O=S(=O)(CC1CCN(CCCc2noc3cc(F)ccc23)C1)c1ccc(F)c(F)c1
0.84,9.075720713938118,CC(C)n1ncc2c1CCN(CCN1CCN(c3nsc4ccccc34)CC1)C2=O
0.93,9.031517051446064,Cn1ncc2c1CCCN(CCN1CCC(c3noc4ccccc34)CC1)C2=O
770.0,6.113509274827518,CCC(Oc1cc(Cl)ccc1F)c1nc(N)nc(N2CCN(C)CC2)n1
1114.51,5.952916030436022,COc1cccc2c3c(oc12)CN(CCCCOc1ccc2c(c1)NC(=O)CC2)CC3
0.14,9.853871964321762,CN(C)CCC1=C(Cc2ccc(F)cc2)c2ccccc2C1
8.2,8.086186147616283,Cc1cc(F)ccc1C=Cc1ccc(S(=O)(=O)c2ccccc2F)cn1
3.162,8.500038134403809,O=S(=O)(NC1CCN(CCCc2noc3ccccc23)C1)c1cc2ccccc2s1
501.19,6.299997602857746,CSc1cc2c(cc1Br)N(C(=O)Nc1cccnc1)CC2
280.0,6.552841968657781,CCCCNCc1ccc(Cl)c(-c2ccccc2OC)c1
251.19,6.599997654072044,O=C(Nc1ccc(OCc2ccccn2)nc1)N1CCc2ccc(C(F)(F)F)cc21
92.05,7.035976207159966,OCCN1CCN(c2nc(Nc3ccc(Br)cc3)c3ccccc3n2)CC1
3.54,8.450996737974211,O=C1NCc2ccc(OCCCN3CCN(c4cccc5cc(F)ccc45)CC3)cc21
286.0,6.543633966870957,O=S(=O)(c1cccc2ncccc12)N1CCC(CCN2CCN(c3cccc(Cl)c3Cl)CC2)CC1
27.0,7.568636235841013,CS(=O)(=O)CC(=O)NC1CCC(CCN2CCC(c3cccc4c3OCO4)CC2)CC1
3.3,8.481486060122112,O=C1CCc2ccc(OCCCCN3CCN(c4cccc5c(F)cccc45)CC3)nc2N1
68.0,7.167491087293763,O=C1Nc2ccccc2C12CCN(CCN1CCN(c3ccc(Cl)cc3)CC1)C2
19.76,7.70421305974839,O=C(CC1CCCOC1)NC1CCC(CCN2CCC(c3cccc4c3OCO4)CC2)CC1
1.1,8.958607314841775,Cn1cc(Br)c(C(=O)N2CCN(CCc3ccc(F)cc3F)CC2)n1
4.75,8.323306390375134,O=C(NC1CCC(CCN2CCC(c3coc4ccccc34)CC2)CC1)c1ccc(C(F)(F)F)cc1
1600.0,5.795880017344075,CCCN(CCCCOc1ccn2ncc(C=NO)c2c1)C1CCc2c(O)cccc2C1
3162.28,5.499999678657065,CSc1cc2c(cc1OC(F)(F)F)N(C(=O)Nc1cccnc1)CC2
75.9,7.11975822410452,Cc1cc2occc2c(N2CCN(CCC3CCC(NC(=O)CC4CCOCC4)CC3)CC2)n1
7.64,8.11690664142431,Cc1ncc2c(=O)n(CCN3CCC(c4noc5ccccc45)CC3)ccc2n1
0.63,9.200659450546418,CC(CO)NC(=O)C1C=C2c3cccc4[nH]cc(c34)CC2N(C)C1
10.4,7.982966660701219,COC(=O)c1[nH]c2cc(F)ccc2c1C1CNCCC1F
410.0,6.3872161432802645,O=S(=O)(NCCCN1CCN(c2noc3ccccc23)CC1)c1cc2ccccc2s1
42.14,7.375305468727919,CC(C)c1ccc(Nc2nc(N3CCNCC3)nc3ccccc23)cc1
7.7,8.113509274827518,O=S(=O)(NCCCCN1CCN(c2noc3ccccc23)CC1)c1ccc2cc(Cl)ccc2c1
12.0,7.920818753952375,O=C1CCc2ccc(OCCCCN3CCN(c4cccc(C(F)(F)F)c4Cl)CC3)nc2N1
92.6,7.033389013318065,CN(C)CC1CC2c3ccccc3Oc3ccccc3C2O1
0.63,9.200659450546418,Cn1ncc(Br)c1-c1cc(NC(=O)Nc2ccc(Cl)cc2)ccc1OCCN1CCOCC1
3.0,8.522878745280337,CNc1ccc(-c2c3c(nn2C(C)C)CCNCC3)cc1
97.0,7.013228265733755,CCOC(=O)c1ccc2on(CC3CC4c5ccccc5Oc5ccc(Br)cc5C4O3)c2c1
480.0,6.318758762624412,Clc1cccc2cc3n(c12)CCNC3
3.09,8.510041520575164,COc1cc(CCNCc2cccc(OC)c2OC)c(OC)cc1Br
785.0,6.105130343254747,COc1ccccc1N1CCN(CCCCCCn2c(O)c3c(c2O)C2CCC3C2)CC1
430.0,6.366531544420414,Cc1ccc(C(C)C)c(OCc2nc(N)nc(N3CCN(C)CC3)n2)c1
262.0,6.581698708680254,CN(C)CCc1cccc2[nH]cc(S(=O)(=O)c3ccccc3)c12
19.8,7.703334809738469,Clc1ccc(N2CCN(CCCOc3ccccc3)CC2)cc1
64.0,7.1938200260161125,CN1CCN(C(c2ccccc2)c2ccccc2)CC1
42.8,7.368556230986828,CC(C)(C)Oc1ccc(C(=O)NC2CCC(CCN3CCC(c4cccc5c4CCO5)CC3)CC2)cc1
724.44,6.139997578098902,C=CCN(CC=C)CCc1c[nH]c2ccc(C)cc12
24.9,7.603800652904264,O=C(CC1CCCO1)NC1CCC(CCN2CCN(c3nccc4c3CCO4)CC2)CC1
45.77,7.339419087572701,COc1ccccc1Nc1nc(N2CCNCC2)nc2ccccc12
298.0,6.525783735923745,CCN(CCN1CCC(c2noc3cc(F)ccc23)CC1)S(=O)(=O)C(C)CO
321.0,6.493494967595128,O=C1c2ccccc2S(=O)(=O)N1CCCCCCN1CCN(c2ccccc2)CC1
44.7,7.349692476868063,CCN(CCN1CCC(c2noc3ccc(C)cc23)CC1)S(=O)(=O)CCO
0.4169,9.379968104873702,O=S(=O)(NC1CCN(CCCc2noc3ccccc23)C1)c1csc2ccccc12
31.0,7.508638306165727,COc1ccc2[nH]cc(-c3cc(O)n(CCCCN4CCC(c5c[nH]c6ccccc56)CC4)c3O)c2c1
27.0,7.568636235841013,CC(=O)c1c(OCCCN2CCN(c3ccccc3F)CC2)ccc2c(C)cc(=O)oc12
29.0,7.5376020021010435,Clc1cncc(NCCCN2CCN(c3ccccc3)CC2)n1
8.6,8.065501548756432,Fc1ccc2c(C3CCN(CCCOc4ccc(CN5CCCC5)cc4)CC3)noc2c1
501.19,6.299997602857746,O=C(Nc1cccnc1)N1CCc2ccc(C(F)(F)F)cc21
50.1,7.300162274132754,Cc1ccc(CN(C(=O)OCc2ccc(OC(C)C)cc2)C2CCN(C)CC2)c(F)c1
750.0,6.1249387366083,COc1cc2c(cc1OC(C)C)CC1c3c(cc(OC)c(OC)c3-2)CCN1C
370.0,6.431798275933005,CN(C)CCOC(c1ccccc1)c1ccccc1
1100.0,5.958607314841775,CN(C)C1Cc2ccccc2C(c2ccccc2Br)C1
251.19,6.599997654072044,Cn1cc2c(OCC3CCN(CCc4ccc(N)cc4)CC3)nc3ccccc3c2c1
101.0,6.995678626217358,C=CCOc1cc2c3c(c1OC)-c1cc(OC)c(OC)cc1CC3N(C)CC2
13000.0,4.886056647693163,O=C(c1nnc(NC2CCCC2)c2cc(Cl)c(Cl)cc12)N1CCC(O)CC1
282.0,6.549750891680639,O=S1(=O)N(CCCCCCN2CCN(c3cccc(Cl)c3)CC2)c2cccc3c2N1CCC3
501.19,6.299997602857746,COc1ccc(N2Cc3c(c4cc(Cl)c(Cl)cc4n3C)C2=O)cc1OCCN1CCCCC1
522.2049999999999,6.282158974217376,COc1ccc(F)cc1C1CC1CNCCCOc1ccc2ccc(=O)[nH]c2c1
833.0,6.079354998593212,Clc1cccc(-c2[nH]ncc2N2CCNCC2)c1
2.4,8.619788758288394,Cn1nccc1-c1cc(NC(=O)c2ccc(C(F)(F)F)cc2)ccc1OCCN1CCOCC1
72.0,7.142667503568732,CCCN1CCc2cccc3c2C1Cc1cccc(OC(C)=O)c1-3
288.0,6.540607512240769,COc1ccc(CCN(CCCc2ccc(I)cc2)CCc2ccc3c(c2)OCO3)cc1OC
17.74,7.751046384504292,CC(=O)NC1CCC(CCN2CCC(c3noc4cc(F)c(F)cc34)CC2)CC1
4.9,8.309803919971486,CCc1c(C(=O)NC2CCC(CCN3CCN(c4nsc5ccccc45)CC3)CC2)sc2ccccc12
34.0,7.468521082957745,Cn1cc(Br)c(C(=O)N2CCN(CCc3ccc(Cl)cc3)CC2)n1
11.5,7.939302159646388,Cc1cc(OCCCN2CCC(c3noc4cc(F)ccc34)CC2)ccc1CN1CCCC1
620.0,6.2076083105017466,CCOP(=O)(OCC)c1ccc2[nH]cc(CCN(C)C)c2c1
829.0,6.081445469449727,C=Cc1cc2c(c(C(F)(F)F)c1)C(=O)N1CCNCC21
1129.0,5.947306058075032,Fc1ccc(SCCCN2CCN(c3ccc(C(F)(F)F)cc3)CC2)cc1
41.4,7.382999658879101,CC(C)(C)Oc1ccc(C(=O)NC2CCC(CCN3CCN(c4nccc5c4CCO5)CC3)CC2)cc1
1776.0,5.750557038557417,CCCCN1CCC(COC(=O)c2cc(Cl)c(NC)c3c2OCCO3)CC1
180.0,6.7447274948966935,COc1ccccc1N1CCN(CCCCOc2ccn3nc(C=O)cc3c2)CC1
2.51,8.600326278518962,CCc1ccc(CN(C(=O)OCc2ccc(OC(C)C)cc2)C2CCN(C)CC2)c(F)c1
120.7,6.91829272990265,CC(C)Oc1ccccc1Cc1c(N)nc(SCCN2CCN(Cc3cccc(C(F)(F)F)c3)CC2)nc1N
2511.89,5.59999938302362,COc1ccc(N2CCN(c3ccccc3)C2=O)cc1OCCN1CCCCC1
1.0,9.0,CNCc1cc(OCc2ccccc2)n(CC2CC3CCC2C3)n1
25.0,7.6020599913279625,CC(C)(O)CC(=O)NC1CCC(CCN2CCN(c3nccc4c3CCO4)CC2)CC1
8.6,8.065501548756432,CC1(C)C(=O)Nc2cccc3c2N1C1CCN(CCCOc2ccc(F)cc2)CC31
4.0,8.397940008672037,O=C(NCCCCN1CCN(c2cccc(C(F)(F)F)c2)CC1)c1cc2ccccc2[nH]1
3.6,8.443697499232712,O=S(=O)(c1ccc(C=Cc2ccccc2O)nc1)c1ccccc1F
7.94,8.100179497572904,CC(C)COc1ccc(COC(=O)N(Cc2ccc(F)cc2Cl)C2CCN(C)CC2)cc1
13000.0,4.886056647693163,N#Cc1cccnc1N1CCN(CCCN2CCN(c3ccccc3)CC2)CC1
12.8,7.892790030352131,COc1cc(OC2CCC(C)(C)CC2)c(F)cc1CNC(=O)C1CCCN1
90.0,7.045757490560675,CNc1ccc2c(c1Cl)CCNCC2
692.0,6.1598939055432425,Clc1cc(Cl)c(OCC#CI)cc1Cl
0.01,11.0,CC(=O)NC1CCc2ccc(CCN3CCN(c4nsc5ccccc45)CC3)cc21
21.0,7.6777807052660805,CC(N)Cn1ncc2ccc(O)c(I)c21
110.0,6.958607314841775,COc1cc2c3c(c1OCC1CC1)-c1cc(N)ccc1CC3N(C)CC2
110.0,6.958607314841775,O=C1CN2c3c(cccc3C3CN(CCCOc4ccc(F)c(O)c4)CCC32)N1
11.4,7.943095148663527,c1cc(CC2CCCC2)c2c(n1)N1CCNCC1CC2
0.568,9.245651664288982,O=C1NCc2ccc(OCCCCN3CCN(c4cccc5cccc(F)c45)CC3)c(F)c21
15.85,7.79997073344623,CC(C)Oc1cc2c(cc1NS(=O)(=O)c1ccc(-c3ccc(Cl)cc3)cc1)CCN(C)CC2
414.0,6.382999658879101,CCCN1CCc2cc(OC)cc3c2C1Cc1cccc(OC(=O)c2ccc(F)cc2)c1-3
125.0,6.903089986991944,C1=C(c2c[nH]c3ccccc23)CCN(Cc2ccccc2)C1
91.0,7.040958607678906,CC(=O)c1c(OCCCCN2CCN(c3ccccc3C#N)CC2)ccc2c(C)cc(=O)oc12
1258.93,5.899998417198648,COc1cc(OC)c(C(=O)CCCCN2CCC3(CC2)NC(=O)NC3=O)cc1NS(=O)(=O)c1ccc(C(C)C)cc1
4.0,8.397940008672037,Cn1nccc1-c1cc(NC(=O)Nc2ccc(Cl)cc2)ccc1OCCCN1CCOCC1
6.3,8.200659450546418,O=Cc1cnn2ccc(NC(=O)CCCN3CCN(c4cccc(Cl)c4Cl)CC3)cc12
2.6,8.585026652029182,O=C1c2cnc(C(F)(F)F)cc2CCN1CCN1CCN(c2nsc3ccccc23)CC1
98.2,7.00788851221305,NC1CC1c1c[nH]c2ccccc12
5.3,8.275724130399212,Cn1ncc(Cl)c1-c1cc(NC(=O)c2cccc(C(F)(F)F)c2)ccc1OCCN1CCNC(=O)C1
16.0,7.795880017344075,O=S(=O)(c1cccc2ncccc12)N1CCCC1CCN1CCN(c2nsc3ccccc23)CC1
125.0,6.903089986991944,Cc1ccccc1C(OCCN(C)C)c1ccccc1
10.0,8.0,Cc1ccc2c(C3CCN(CCN4CCc5cccnc5C4=O)CC3)noc2c1
34.78,7.458670422333307,O=C(CC1CCCCO1)NC1CCC(CCN2CCN(c3cccc4c3OCO4)CC2)CC1
361.0,6.442492798094342,O=C1c2ccccc2S(=O)(=O)N1CCCCCCN1CCN(c2cccc(Cl)c2)CC1
3.1,8.508638306165727,O=C1CN2c3c(cccc3C3CN(CCCc4noc5cc(F)ccc45)CCC32)N1
22.5,7.647817481888637,O=C(CC1(O)CCC1)NC1CCC(CCN2CCN(c3nccc4c3CCO4)CC2)CC1
103.0,6.987162775294828,Cc1ccc(N(CC2=NCCN2)c2cccc(O)c2)cc1
9.4,8.0268721464003,Fc1ccc2c(C3CCN(CCCOc4ccc(CCN5CCCCC5)cc4)CC3)noc2c1
16.1,7.79317412396815,CCc1ccnc2c1CCC1CNCCN21
2511.89,5.59999938302362,CSc1cc2c(cc1Br)CCN2C(=O)Nc1cccnc1
18.5,7.732828271596986,CCN1CCN(c2cc(-c3ccc(F)cc3)c3c(n2)CCCC(O)CC3)CC1
150.0,6.823908740944319,O=S(=O)(c1ccc(C=Cc2cccc(F)c2)nc1)c1ccccc1F
470.0,6.327902142064283,CCCCC(Oc1cccc(Cl)c1Cl)c1nc(N)nc(N2CCN(C)CC2)n1
39.8,7.400116927926312,CC(C)Oc1ccc(CC(=O)N(Cc2ccc(F)c(F)c2F)C2CCN(C)CC2)cc1
3.2,8.494850021680094,COc1ccc(Cn2nnc(C(=O)NCCCCCN3CCN(c4cccc(Cl)c4Cl)CC3)c2C)cc1
231.0,6.636388020107856,CCc1ccc2c(c1)CC1CNCCN1C2=O
21.88,7.659952682338607,CCOC(=O)c1oc2c(c1C)C(=O)CC(CN1CCC(C(=O)c3ccc(F)cc3)CC1)C2
400.0,6.3979400086720375,c1ccc(CCNCC2c3ccccc3Cc3ccccc32)cc1
4.52,8.344861565188618,CN1CCc2cc(NCc3ccccc3)c(O)cc2C(c2ccccc2)C1
193.4,6.713543530253017,Cc1cc2c(c(N3CCN(CCC4CCC(NC(=O)CC5CCOCC5)CC4)CC3)n1)CCO2
794.33,6.0999990348465305,COc1cc(OC)c(C(=O)CCCCN2CCC3(CC2)NC(=O)NC3=O)cc1NS(=O)(=O)c1ccc(Cl)cc1
794.33,6.0999990348465305,COc1ccc(N2Cc3cccc(Cl)c3C2=O)cc1OCCN1CCC(C)CC1
2310.0,5.636388020107856,N#Cc1cccc(NC(=O)NCCCN2CCCC(Cc3ccc(F)cc3)C2)c1
0.74,9.130768280269024,CC(C)COc1ccc(CNC(=O)N(Cc2ccc(F)cn2)C2CCN(C)CC23CC3)cc1
56.0,7.251811972993799,O=S(=O)(c1cccc2ncccc12)N1CCCC1CCN1CCN(c2cccc3sccc23)CC1
98.0,7.008773924307505,O=C(NCCC(F)CN1CCN(c2cccc(Cl)c2Cl)CC1)c1ccc(-c2ccccn2)cc1
41.0,7.3872161432802645,CN1CCN(c2cccc3c2ccn3S(=O)(=O)c2ccccc2)CC1
67.0,7.173925197299173,Nc1nc(NCCc2c[nH]c3ccccc23)nc(NCCN2CCN(c3ccccc3)CC2)n1
24.0,7.619788758288394,O=S(=O)(c1ccc(F)cc1)N1CCC(F)(CCc2ccc(F)cc2F)CC1
2.5,8.602059991327963,CN1CCN2c3c(cccc31)C1CN(CCCc3noc4cc(F)ccc34)CCC12
194.8,6.710411047457403,O=C(CCCN1C2CCC1CN(c1ccc(Cl)cc1)CC2)c1ccc(F)cc1
16.7,7.777283528852417,O=C(CC1CCCO1)NC1CCC(CCN2CCN(c3nccc4c3CCO4)CC2)CC1
6.0,8.221848749616356,O=S(=O)(NCCCCN1CCN(c2nsc3ccccc23)CC1)c1cc2ccccc2s1
365.0,6.437707135543525,c1ccc(CCCCNCC2c3ccccc3Cc3ccccc32)cc1
6521.0,5.18568579979254,COc1ccccc1N1CCN(CCCCCNc2nc(N)nc(N)n2)CC1
90.0,7.045757490560675,Nc1cc(O)ccc1C(=O)CCCN1CCC2C(C1)c1cccc3c1N2CCCS3
1.01,8.995678626217357,O=S(=O)(NC1CCC(CCN2CCN(c3nsc4ccccc34)CC2)CC1)c1ccc[nH]1
16.2,7.790484985457369,CC1CCCC(C)N1CCOc1ccc(NC(=O)Nc2ccc(Cl)cc2)cc1-c1ccnn1C
75.3,7.123205023799299,COc1ccccc1N1CCN(CC=CCNC(=O)c2ccc(-c3ccccn3)cc2)CC1
2511.89,5.59999938302362,Cc1ncccc1Oc1ccc(NC(=O)N2CCc3cc(C(F)(F)F)ccc32)cn1
0.7413,9.130005999878259,O=S(=O)(NC1CCN(CCCc2noc3ccccc23)C1)c1cc2ccccc2s1
0.5,9.301029995663981,CCN(C)C(=O)NC1CCC(CCN2CCN(c3nsc4ccccc34)CC2)CC1
11.2,7.950781977329818,Cc1cncc2c1CCN(CCN1CCN(c3noc4ccccc34)CC1)C2=O
398.11,6.399996913372259,COc1ccc(N2CCC(c3ccc(Cl)c(Cl)c3)C2=O)cc1OCCN1CCC(C(C)C)CC1
488.0,6.311580177997289,CCCC(Oc1cc(Cl)cc(Cl)c1)c1nc(N)nc(N2CCN(C)CC2)n1
0.251,9.600326278518962,CC(C)COc1ccc(COC(=O)N(Cc2ccc(F)cc2)C2CCNCC2F)cc1
330.0,6.481486060122113,CC1(C)c2ccccc2C(CN)c2ccccc21
45.55,7.341511618690983,CN(C)C(=O)NC1CCC(CCN2CCC(c3cccc4c3OCO4)CC2)CC1
58.0,7.236572006437063,CCSc1cc2c(cc1F)CCN2CC(C)N
1.08,8.96657624451305,O=C1NCc2ccc(OCCCCN3CCN(c4cccc5ccccc45)CC3)c(F)c21
60.4,7.218963061378868,COc1ccccc1Cc1c(N)nc(SCCN2CCN(Cc3cccc(C(F)(F)F)c3)CC2)nc1N
369.0,6.432973633840939,CC(C(O)c1ccc(O)cc1)N1CCC(Cc2ccccc2)CC1
74.1,7.130181792020672,CNCC1CC2c3ccccc3Cc3ccccc3C2O1
19.95,7.700057099977233,Cc1c(Cn2ncc(N3CCNCC3)cc2=O)cccc1NC(=O)c1ccc(-c2ccccc2)cc1
0.65,9.187086643357144,NC(=O)c1ccccc1S(=O)(=O)c1ccc(C=Cc2ccc(F)cc2F)cc1
22.0,7.657577319177793,CC(=O)c1c(OCCCN2CCN(c3ccccc3Cl)CC2)ccc2c(C)cc(=O)oc12
2805.0,5.55206713440782,Cc1cc(C)c(OCCOCCN2CCN(CCc3ccccc3)CC2)c(C)c1
8.0,8.096910013008056,CC(CN1CCC(c2noc3cc(F)ccc23)CC1)N1CCc2cccnc2C1=O
373.27,6.427976913256154,CC(=O)OC12C=C(C)C(c3c1c(O)n(OCCCN1CCN(c4ccccc4)CC1)c3O)C(C)C2
100.0,7.0,Cc1cc2c(cc1C(F)(F)F)N(C(=O)Nc1ccc(COc3ccccn3)nc1)CC2
171.0,6.767003889607846,O=C(NCCCCN1CCN(c2cccc(C(F)(F)F)c2)CC1)c1[nH]nc2ccccc12
188.0,6.72584215073632,CCc1cc(Cl)c(OC)c(N2CCN(CC(O)CCNC(=O)c3cc4ccccc4[nH]3)CC2)c1
1568.0,5.804653941651581,COc1ccccc1CNC(C)Cn1ccc2ccc3ncccc3c21
9.68,8.014124642691606,CC(C)=CC(=O)NC1CCC(CCN2CCC(c3coc4ccccc34)CC2)CC1
41.2,7.3851027839668655,c1cc(C2CCCC2)c2c(n1)N1CCNCC1CC2
2.3,8.638272163982407,COc1ccc(C(=O)N(Cc2ccc(C)cc2)C2CCN(C)CC2)cc1
1424.0,5.846490010699163,CCc1cccc2c1CC1CNCCN1C2=O
0.3,9.522878745280337,CCN(C)CCc1c(-c2ccccc2F)[nH]c2ccccc12
254.0,6.5951662833800615,O=C1c2ccccc2S(=O)(=O)N1CCCCCCN1CCN(c2cccc(Cl)c2Cl)CC1
24.92,7.603451962012868,O=C(CC1(O)CCOCC1)NC1CCC(CCN2CCC(c3cccc4c3OCO4)CC2)CC1
5200.0,5.2839966563652006,CC(=O)N1CCCC(N2C(=O)c3cccc(N)c3C2=O)C1
754.0,6.122628654130226,CNCCCC(c1ccccc1)c1ccccc1
1995.26,5.700000503883016,CC1(C)Cc2cccc(Cl)c2N2CCNCC21
2.782,8.555642874343972,O=C(CC(F)(F)F)NC1CCC(CCN2CCC(c3noc4cc(F)ccc34)CC2)CC1
32.1,7.493494967595128,OC(c1ccc(F)cc1)C1CCN(CCc2ccc(I)cc2)CC1
2000.0,5.698970004336019,CN(C)C1Cc2ccccc2C(c2ccc(C(F)(F)F)cc2)C1
79.43,7.100015437450609,CC(N)Cn1ccc2cc(F)c(Cl)cc21
2.6,8.585026652029182,CCN(C)CCc1c(-c2ccc(C#N)cc2)[nH]c2ccccc12
822.0,6.0851281824599495,O=C(NCCCCN1CCN(c2ccccn2)CC1)c1cc2ccccc2cn1
59.0,7.229147988357855,O=C1Nc2ccccc2C12CCN(CCN1CCN(c3ccc(F)cc3)CC1)C2
1.2,8.920818753952375,CCN(CCCN1CCC(c2noc3cc(F)ccc23)CC1)S(=O)(=O)C(C)CO
940.0,6.026872146400302,CCc1cccc(N2CCN(CC(O)CCNC(=O)c3cc4ccccc4[nH]3)CC2)c1Cl
6.31,8.199970640755867,CC(C)COc1ccc(CC(=O)N(Cc2ccc(F)cc2)C2CCN(C)CC2)c(F)c1
79.43,7.100015437450609,Cn1cc2c(OCC3CCN(CCc4ccccc4)CC3)nc3ccccc3c2c1
1000.0,6.0,COc1ccc(N2CC=C(c3ccc(Cl)cc3)C2=O)cc1OCCN1CCCCC1
14.0,7.853871964321762,Cc1c(S(=O)(=O)NCCCN2CCN(c3nsc4ccccc34)CC2)sc2ccc(F)cc12
2778.0,5.556267758598403,NCC1CC1c1ccc(F)cc1
1000.0,6.0,O=Cc1cnn2ccc(OCCCCN3CCN(c4ccc(O)c5c4OCCO5)CC3)cc12
245.0,6.610833915635467,COc1ccccc1N1CCN(CCOCCOc2c(C)cc(C)cc2C)CC1
79.43,7.100015437450609,CC(C)n1nc(C(=O)NCC2CCN(CCc3ccc(N)cc3)CC2)c2ccccc21
2445.0,5.6117211365403605,COc1cc(OC)c(C2NCCc3c2[nH]c2ccc(F)cc32)cc1OC
70.0,7.154901959985743,Cc1ccc2c3c1C(C)(C)CN3CCNC2
6022.0,5.220259248823259,Fc1cccc(CCNC2C3C4CC5C6C4CC3C6C52)c1
1.5,8.823908740944319,CNCc1cc(OCc2cc(F)ccc2F)n(CCC(C)C)n1
4.5,8.346787486224656,Fc1ccc2c(C3CCN(CCCCOc4ccc(CN5CCOCC5)cc4)CC3)noc2c1
13.0,7.886056647693163,O=S(=O)(NCCCN1CCN(c2nsc3ccccc23)CC1)c1ccc2cc(Cl)ccc2c1
70.5,7.151810883008602,O=S(=O)(NC1CCC(CCN2CCN(c3nccc4c3CCO4)CC2)CC1)c1ccccc1
1154.075,5.93776596671951,COc1ccc(Cl)cc1C1CC1CNCCCOc1ccc2ccc(=O)[nH]c2c1
111.0,6.954677021213342,NCCc1cn(S(=O)(=O)c2c(Cl)nc3sccn23)c2ccccc12
10.0,8.0,O=S(=O)(c1cncc2ccccc12)N1CCCC1CCN1CCN(c2nsc3ccccc23)CC1
2140.92,5.669399560733435,Cc1cccc(NC(=O)NC2N=C(c3ccccc3)c3ccccc3N(C)C2=O)c1
8.0,8.096910013008056,CC(C)(O)C(=O)NC1CCC(CCN2CCC(c3cccc4c3CCO4)CC2)CC1
1600.0,5.795880017344075,CCCN(CCCCOc1ccn2nccc2c1)C1CCc2c(O)cccc2C1
0.5705,9.243744351245766,COc1ccc(NC(=O)Nc2ccc(F)cc2F)cc1-c1c(Br)cnn1C
10.0,8.0,CCCCc1cc(-c2ccoc2)nc(N2CCN(C)CC2)n1
316.23,6.499996931948306,COc1ccc(N2Cc3c(c4ccc(Cl)cc4n3C)C2=O)cc1OCCN1CCCCC1
475.0,6.323306390375134,CC(C)c1nc2c(N3CCNCC3)ccnc2n1Cc1cccc(F)c1
3005.0,5.522155523661242,O=S(=O)(c1cccc(F)c1)n1ccc2c(N3CCNCC3)nc3ccccc3c21
5.07,8.294992040666664,c1ccc2c(N3CCN(CCCCOc4ccc5c(c4)CNC5)CC3)cccc2c1
4100.0,5.3872161432802645,CN1CCN(c2cc(-c3ccc(C#N)cc3)nc(N)n2)CC1
468.0,6.329754146925876,N=C(N)c1ccc(OCCCCCOc2ccc(C(=N)N)cc2)cc1
217.0,6.663540266151471,Clc1ccc2c(n1)N1CCNCC1C2
655.0,6.183758700008217,COc1cccc(-c2cccn2S(=O)(=O)c2cccc(N3CCNCC3)c2)c1
31.62,7.50003813440381,CC(N)Cn1ccc2c1-c1cc(F)ccc1C2(C)C
520.0,6.2839966563652006,CCNCCc1ccc(Cl)c(-c2ccccc2OC)c1
679.0,6.168130225719498,O=C(NCCCCN1CCN(c2cccc(Cl)c2Cl)CC1)c1ccc2c(c1)Cc1ccccc1-2
52.0,7.2839966563652006,Cc1cc2c(cc1OCCCN1CCN(c3cccc4cc(F)ccc34)CC1)C(=O)NC2
4.0,8.397940008672037,Fc1ccc2[nH]c(-c3ccccc3)c(C3CNCCC3F)c2c1
0.69,9.161150909262744,Cn1ncc2c1CCN(CCN1CCN(c3nsc4ccccc34)CC1)C2=O
20.5,7.688246138944246,CN(C)C(=O)NC1CCC(CCN2CCN(c3cccc(Cl)c3Cl)CC2)CC1
6.47,8.1890957193313,CC(C)c1nc2c(o1)C(=O)N(CCN1CCC(c3noc4ccccc34)CC1)CC2
389.0,6.410050398674292,CCNCCc1cccc2[nH]cc(S(=O)(=O)c3ccccc3)c12
1933.0,5.713768145971447,CCc1cc(Cl)c(OC)c(N2CCN(CC(O)CCNC(=O)c3cc4ccccc4[nH]3)CC2)c1
861.0,6.064996848546345,N=C(N)NC(=O)Cc1c(Cl)cccc1Cl
4.3,8.366531544420413,COC1CCC(CC(=O)NC2CCC(CCN3CCN(c4nccc5sccc45)CC3)CC2)C1
100.0,7.0,CC(N)Cn1ccc2c1-c1cc(Br)ccc1C2
2340.0,5.6307841425898575,CC1CCc2cc(F)cc3c(CCN)cn1c23
3.2,8.494850021680094,CCc1cccc(N2CCN(CC(O)CCNC(=O)c3cc4ccccc4o3)CC2)c1Cl
26.1,7.583359492661719,O=C(NC1CCC(CCN2CCC(c3cccc4c3CCO4)CC2)CC1)C(O)C(F)(F)F
3600.0,5.443697499232712,Oc1ccc(N2CCNCC2)c2c1OCCO2
1390.0,5.856985199745905,COc1ccccc1N1CCN(CCCOn2c(O)c3c(c2O)C2(OC)C=CC3CC2)CC1
55.0,7.259637310505756,Cc1cc2c(cc1OCCCCN1CCN(c3cccc4cccc(F)c34)CC1)C(=O)NC2
5.6,8.2518119729938,CNCc1cc(OCc2cccc(C)c2)n(C(C)C2CCCCC2)n1
25.12,7.599980364934842,O=S(=O)(c1ccccc1)n1cc(Cl)c2cc3c(cc21)CCNCC3
1400.0,5.853871964321762,COc1cc2c(c(C(F)(F)F)c1)C(=O)N1CCNCC21
130.0,6.886056647693163,COc1ccccc1N1CCN(CCCNC(=O)NN(Cc2ccc(F)cc2)c2ccccc2)CC1
315.0,6.501689446210399,CCCN1CCN(c2ccc3c(c2)C(N(C)C(=O)OCc2ccccc2)CCC3)CC1
2300.0,5.638272163982407,Cc1cc(OCCCCN2CCN(c3cnccn3)CC2)c2c(C)cc(=O)oc2c1
209.0,6.679853713888946,COc1ccc2[nH]cc(C3CCN(CCCCn4c(O)cc(-c5c[nH]c6ccc(F)cc56)c4O)CC3)c2c1
761.0,6.118615343229427,CCN(CC)CCCC(C)Nc1c2ccc(Cl)cc2nc2ccc(OC)cc12
63.1,7.199970640755866,O=C(O)C1CCCN(C2CCC3(Cc4ccccc4Cc4ccccc43)C2)C1
31.62,7.50003813440381,CC(=O)c1ccc2c(c1)CC(CN1CCC(c3noc4cc(F)ccc34)CC1)CC2=O
4677.35,5.330000131185909,Cn1c(=O)c2c(nc3n(CCCN4CCN(c5ccccc5)CC4)c(=O)ccn23)n(C)c1=O
19.5,7.709965388637482,O=S(=O)(NC1CCN(CCCc2noc3ccccc23)C1)c1ccc2cc(Cl)ccc2c1
22.2,7.653647025549361,N#Cc1ccc(C(=O)NC2CCC(CCN3CCC(c4cccc5c4CCO5)CC3)CC2)cc1
52.0,7.2839966563652006,O=C1c2ncccc2CCN1CCN1CCC(c2noc3ccc(F)cc23)CC1
9316.27,5.03075793342515,CSCC12CC1C(n1cnc3c(NC(C4CCCC4)C4CCCC4)nc(SC)nc31)C(O)C2O
447.9,6.348818937555312,CC(=O)Nc1ccc(OCCCN2CCN(c3cccc(C(F)(F)F)c3)CC2)cc1
69.9,7.1555228242543185,COC(CC(=O)NC1CCC(CCN2CCC(c3cccc4c3CCO4)CC2)CC1)OC
166.0,6.779891911959945,O=c1ccc(-n2ccnc2)nn1CCCCN1CCN(c2cccc(C(F)(F)F)c2)CC1
29.0,7.5376020021010435,O=Cc1c2n(c3ccccc13)CCNCC2
4.8,8.318758762624412,CNCc1cc(OCc2ccc(F)cc2C)n(CC2CCCCO2)n1
95.0,7.022276394711152,CN(C)c1ccc2on(CC3CC4c5ccccc5Oc5ccc(Br)cc5C4O3)c2c1
11.48,7.940058111938045,O=S(=O)(NC1CCN(CCCc2noc3ccccc23)C1)c1ccc(F)cc1
0.55,9.259637310505756,Nc1cc(F)ccc1C(=O)CCCN1CCC2C(C1)c1cccc3c1N2CCCS3
238.0,6.623423042943488,COc1cc2c(cc1OC)-c1c(OC)c(OCC3CC3)cc3c1C(C2)N(C)CC3
15.4,7.8124792791635365,O=C(NCC(O)CCN1CCN(c2cccc(Cl)c2Cl)CC1)c1ccc(-c2ccccn2)cc1
5.75,8.24033215531037,CC(C)C(=O)NC1CCC(CCN2CCC(c3coc4ccccc34)CC2)CC1
141.0,6.85078088734462,Fc1ccccc1-c1cc(Cl)cc2c1N1CCNCCC1C2
130.0,6.886056647693163,O=c1[nH]c2cccc(N3CCN(CC4CCc5[nH]c6ccc(F)cc6c5C4)CC3)c2o1
0.87,9.060480747381382,Cc1cc2c(n1C)CCCN(CCN1CCN(c3nsc4ccccc34)CC1)C2=O
316.0,6.5003129173815966,NC(=O)C(=O)c1c2n(c3ccccc13)CCNCC2
4492.5,5.347511914218988,NCC(c1ccccc1)c1ccccc1
233.0,6.632644078973981,COc1ccc(OC)c(CC2=NC(N)=NC2=O)c1
65.55,7.183427303973897,O=S(=O)(NC1CCC(CCN2CCC(c3cccc4c3OCO4)CC2)CC1)c1ccc(F)cc1
11.44,7.941573975542995,O=C(CC1CCC(O)C1)NC1CCC(CCN2CCC(c3noc4cc(F)c(F)cc34)CC2)CC1
0.5012,9.299988937677888,COc1ccc(NC(=O)Nc2ccc(Cl)cc2C(F)(F)F)cc1-c1c(Br)cnn1C
0.71,9.148741651280925,O=C1c2cnn(C3CC3)c2CCN1CCN1CCN(c2nsc3ccccc23)CC1
0.7,9.154901959985743,Cc1noc2c1C(=O)N(CCN1CCN(c3nsc4ccccc34)CC1)CC2
2439.0,5.612788199686269,Fc1cccc(-c2[nH]ncc2N2CCCNCC2)c1
578.0,6.2380721615794705,CCOc1ccccc1N1CCN(CCCCCCN2c3cccc4cccc(c34)S2(=O)=O)CC1
12589.25,4.900000142057633,Cn1cc(C(=O)C(=O)NC2CN3CCC2CC3)c2ccccc21
22.0,7.657577319177793,Cc1ccc2[nH]cc(CCNCc3ccc(-c4ccc(O)cc4)o3)c2c1
63.1,7.199970640755866,CC(C)COc1ccc(CCOC(=O)N(Cc2ccc(F)cc2)C2CCNCC2F)cc1
50.12,7.299988937677887,CC(C)(CN1CCN(C2=Cc3ccccc3Cn3cc(Cl)nc32)CC1)C(=O)O
6.2,8.207608310501746,Fc1ccc2c(C3CCN(CCCOc4ccc(CN5CCCCC5)c(F)c4)CC3)noc2c1
2511.89,5.59999938302362,CSc1cc2c(cc1C#N)N(C(=O)Nc1cccnc1)CC2
57.6,7.239577516576788,Fc1ccc(OCCCN2CCN(c3ccccc3)CC2)cc1
2.2841666666666667,8.641272210508127,O=C(CCCN1CCC2(CC1)C(=O)NCN2c1ccccc1)c1ccc(F)cc1
1.3,8.886056647693163,CNCc1cc(OCc2cc(F)c(F)cc2F)n(CCC(C)C)n1
257.0,6.590066876668706,O=C(CCCCN1CCN(c2ccccc2O)CC1)n1c2ccccc2c2ccccc21
1.19,8.924453038607469,O=C1NCc2cc(F)c(OCCCN3CCN(c4cccc5cccc(F)c45)CC3)cc21
1050.0,5.978810700930062,CCN(CC)CCNC(=O)c1cc(Cl)c(N)cc1OC
2.7,8.568636235841012,COc1cc(Br)c(OC)c(CCNCc2cccc(F)c2)c1
4.9,8.309803919971486,COc1cccc(C(=O)Nc2ccc(OCCN3CCOCC3)c(-c3ccnn3C)c2)c1
694.0,6.158640529545145,CCCCC(Oc1cc(Cl)cc(Cl)c1)c1nc(Nc2ccncc2)nc(N2CCN(C)CC2)n1
0.32,9.494850021680094,CC(=O)N1CCC(C)c2c(C)ccc(CCN3CCN(c4noc5ccccc45)CC3)c21
4.2,8.3767507096021,Cc1nc2c(o1)CCN(CCN1CCN(c3nsc4ccccc34)CC1)C2=O
61.8,7.209011524911184,O=C(CCO)NC1CCC(CCN2CCC(c3cccc4c3CCO4)CC2)CC1
139.0,6.856985199745905,CC(N)CN1CCc2cc(F)c(I)cc21
158.49,6.799998134593398,CCOCC1C2CNCC21c1ccc(Cl)c(Cl)c1
2.45,8.610833915635467,Cn1ccc2c1CCN(CCN1CCN(c3noc4ccccc34)CC1)C2=O
46.0,7.337242168318426,CCc1cc2c(ccc3c(C)nn(CC(C)N)c32)o1
20.0,7.698970004336019,Fc1ccc(-c2nc(Cc3ccccc3)nc3c2CNCC3)cc1
171.0,6.767003889607846,C1=C(c2c[nH]c3ccccc23)CCN(Cc2cccs2)C1
4.01,8.396855627379818,Cn1ncc2c1C(=O)N(CCN1CCC(c3noc4ccccc34)CC1)CCC2
2.7,8.568636235841012,CNCc1cc(OCc2ccccc2C#N)n(CC2CCCC2)n1
164.0,6.785156151952302,NC1CC1c1c[nH]c2ccccc12
199.53,6.699991797446187,C=C(CN1CCN(C2=Cc3ccccc3Cn3ccnc32)CC1)C(=O)O
53.0,7.275724130399211,CCCCN1CCN(c2cccc(CC)c2Cl)CC1
93.4,7.029653123769907,CCCC(=O)NC1CCC(CCN2CCC(c3cccc4c3CCO4)CC2)CC1
31.51,7.501551596826,O=S(=O)(CC(F)(F)F)NC1CCC(CCN2CCN(c3cccc4c3OCO4)CC2)CC1
0.29,9.537602002101044,COc1cc(CC(C)N)c(OC)cc1Br
12.05,7.919012953089113,c1ccc(-c2[nH]c3ccccc3c2C2CCNCC2)cc1
185.0,6.732828271596986,N#Cc1ccc2on(CC3CC4c5ccccc5Oc5ccc(Br)cc5C4O3)c2c1
199.765,6.699480600386214,CC1(CCCN2CCN(c3ccccn3)CC2)Cc2cc(Cl)ccc2C1=O
0.1,10.0,COc1cc(C(F)(F)F)ccc1CN(C(=O)Cc1ccc(OCC(C)C)cc1)C1CCN(C)CC1
54.1,7.266802734893431,CC(C)(C)CC(=O)NC1CCC(CCN2CCC(c3cccc4c3CCO4)CC2)CC1
251.19,6.599997654072044,COc1ccc(N2Cc3c(c4ccc(Cl)cc4n3C)C2=O)cc1OCCN1CCC(C)CC1
7.63,8.11747546204512,O=C(NC1CCC(CCN2CCN(c3nccc4c3CCO4)CC2)CC1)c1ccccc1
4960.0,5.304518323509803,CCc1cc(Cl)c2c(c1)C1CNCCN1C2=O
842.0,6.0746879085003505,CC(Cn1ccc2ccc3ncccc3c21)NCc1ccccc1
39.0,7.4089353929735005,CN1CCN(c2nc(N)nc(C(C)(C)Sc3ccc4ccccc4c3)n2)CC1
293.0,6.533132379645891,CCC(C)Oc1cc2c3c(c1OC)-c1cc(OC)c(OC)cc1CC3N(C)CC2
7957.0,5.09925064193892,O=C1NC2CNCC2c2ccccc21
224.0,6.649751981665837,COc1cccc(NC(=O)NCCCN2CCC(Cc3ccc(F)cc3)CC2)c1
5011.87,5.300000202445418,O=C(Nc1ccc(OCc2ccccn2)nc1)N1CCc2cc(C(F)(F)F)ccc21
161.0,6.79317412396815,Oc1c2c(c(O)n1CCCCCCN1CCN(c3cccc(Cl)c3Cl)CC1)C1CCC2C1
28.3,7.548213564475709,CCc1ccc2c(n1)C(=O)N(CCN1CCC(c3noc4ccccc34)CC1)CC2
465.0,6.3325470471100465,Cc1cc(OCCCCN2CCN(c3ccc(Cl)cc3)CC2)c2c(C)cc(=O)oc2c1
8.1,8.09151498112135,O=S(=O)(NCCCCN1CCN(c2nsc3ccccc23)CC1)c1ccc2cc(Cl)ccc2c1
20.1,7.696803942579511,O=C(CC1CCCOC1)NC1CCC(CCN2CCC(c3cccc4c3OCO4)CC2)CC1
3187.0,5.496617936526268,COc1ccccc1CN1C2C3C4CC5C6C4C2C6C1(O)C53
1.7,8.769551078621726,O=C(c1cnc2ccccn12)N1CCN(CCc2ccc(F)cc2F)CC1
22.1,7.655607726314889,CCCc1cnc2c(c1)CCC1CNCCN21
46.0,7.337242168318426,c1ccc(OCCCN2CCN(c3ccccc3)CC2)cc1
1350.0,5.8696662315049934,CC(=O)c1cccc(NC(=O)NCCCN2CCCC(Cc3ccc(F)cc3)C2)c1
4.6,8.337242168318426,COc1ccc2[nH]cc(CC(C)N)c2c1
450.0,6.346787486224656,COc1cc2c3c(c1)-c1c(cccc1OC(=O)c1ccc(F)cc1)CC3N(C)CC2
22.0,7.657577319177793,O=C(NCCCCN1CCN(c2ccccc2)CC1)C1CCc2ccccc2N1
1318.26,5.879998925531604,O=C1CC(CN2CCN(C(=O)c3ccc(F)cc3)CC2)Cc2occc21
691.83,6.160000609491408,COc1ccc2c(c1)CC(CN1CCN(c3ccccn3)CC1)CC2=O
383.0,6.416801226031377,O=C1c2c(ccc(Cl)c2Cl)C2CNCCN12
0.5012,9.299988937677888,COc1ccc(NC(=O)Nc2ccc(Cl)cc2)cc1-c1c(Br)cnn1C
5.829,8.234405944680555,O=C(CC1CCCCO1)NC1CCC(CCN2CCC(c3noc4cc(Cl)ccc34)CC2)CC1
3.92,8.406713932979542,Cn1cc2c(n1)C(=O)N(CCN1CCN(c3nsc4ccccc34)CC1)CC2
1.75,8.756961951313706,CNCc1cc(OCc2cc(Cl)ccc2F)n(CC2CCCC2)n1
121.0,6.91721462968355,Fc1ccc(OCCCN2CCC(c3ccc(Cl)cc3)CC2)cc1
0.92,9.036212172654444,O=C1c2cnc(Br)cc2CCN1CCN1CCN(c2nsc3ccccc23)CC1
29.06,7.536704390037997,COC(C)C(=O)NC1CCC(CCN2CCC(c3cccc4c3OCO4)CC2)CC1
245.47,6.610001577392667,C=CCN(CC=C)CCc1c[nH]c2ccc(F)cc12
3162.28,5.499999678657065,CCSc1cc2c(cc1C(F)(F)F)N(C(=O)Nc1cccnc1)CC2
2960.0,5.528708288941061,CC1CN2C(=O)c3ccccc3CC2CN1
116.9,6.93218548883816,CC(=O)Nc1ccc(OCCCN2CCN(c3nsc4ccccc34)CC2)cc1
251.19,6.599997654072044,COc1cc2c(cc1C(F)(F)F)N(C(=O)Nc1cccc(-c3cccnc3)c1Cl)CC2
2.8,8.55284196865778,O=C1CN2c3c(cccc3C3CN(CCCOc4ccccc4)CCC32)N1
140.0,6.853871964321762,COc1ccc(N2CCN(CCC3OCCc4cc(C(N)=O)ccc43)CC2)cc1
6.0,8.221848749616356,Fc1ccc(-c2c3c(nn2C2CC2)CCNCC3)cc1
0.23,9.638272163982407,Cn1ncc2c1CCC(CCN1CCN(c3nsc4ccccc34)CC1)C2=O
10.0,8.0,Clc1c(Br)ccc2c1CCNCC2
0.29,9.537602002101044,CC(=O)N1CCC(C)c2cc(F)cc(CCN3CCN(c4noc5ccccc45)CC3)c21
4451.0,5.351542405717478,COc1ccc(NC(=O)N2CCN(c3ccc(F)cc3)CC2)cc1N1CCN(C)CC1
1200.0,5.920818753952375,Cc1c(S(=O)(=O)NCCCN2CCN(c3noc4ccccc34)CC2)sc2ccc(F)cc12
1670.0,5.777283528852417,O=C1c2c(O)cccc2C2CNCCN12
109.0,6.962573502059376,CCCN1CCc2cccc3c2C1Cc1cccc(OC(=O)CC)c1-3
1000.0,6.0,COc1cc2c(cc1C(F)(F)F)N(C(=O)Nc1ccc(C(C)(C)C)c(-c3cccnc3)c1)CC2
1.4,8.853871964321762,O=C1CCc2ccc(OCCCCN3CCN(c4cccc(Cl)c4C(F)(F)F)CC3)nc2N1
20.0,7.698970004336019,CC(C)COc1ccc(CC(=O)N(Cc2ccc(Cl)cc2C(F)(F)F)C2CCN(C)CC2)cc1
17.0,7.769551078621726,O=S(=O)(NCCCCN1CCN(c2noc3ccccc23)CC1)c1ccc(F)c(Cl)c1
1000.0,6.0,COc1ccc(N2Cc3cccc(Cl)c3C2=O)cc1OCCN1CCCCC1
11.0,7.958607314841775,O=C1CN2c3c(cccc3C3CN(CCCOc4ccc(F)cc4)CCC32)N1
22.0,7.657577319177793,COc1cc2c(cc1OC)-c1c(OC)c(OCc3ccccc3)cc3c1C(C2)N(C)CC3
345.87,6.461087106096326,O=C(CCCN1CCN(c2ccccn2)CC1)c1ccc2c(c1)CCC2
125.89,6.900008766455316,Cc1cc(C(=O)Nc2ccc(C)c(N3CCN(C)CC3)c2)ccc1Br
124.0,6.906578314837765,COc1cccc2c1Cc1ccccc1C2CN
11.58,7.936291440608582,COC1(C(=O)NC2CCC(CCN3CCC(c4cccc5c4OCO5)CC3)CC2)CCCCC1
169.0,6.772113295386326,COc1ccc(CCN(CCCc2cccc(I)c2)CCc2ccc3c(c2)OCO3)cc1OC
251.095,6.600161935212324,Cc1ncccc1Oc1ccc(NC(=O)N2CCc3cc(Cl)c(Cl)cc32)cn1
56.0,7.251811972993799,Cc1cccc2c1C(=O)NC1CNCC21
2.0,8.698970004336019,O=C(NC1CCC(CCN2CCN(c3nsc4ccccc34)CC2)CC1)c1cc2ccccc2s1
545.0,6.2636034977233574,O=C(NCCC(O)CN1CCN(c2cccc(Cl)c2Cl)CC1)c1ccc2c(c1)Cc1ccccc1-2
159.0,6.798602875679548,COc1ccccc1N1CCN(CCOCCOc2cc(C)cc(C)c2C)CC1
82.5,7.0835460514500745,OC1(c2ccc(Cl)cc2)CCN(CCCOc2ccc(F)cc2)CC1
2500.0,5.6020599913279625,CC(=O)c1c(C)cc2oc(=O)cc(C)c2c1OCCCCN1CCN(c2cnccn2)CC1
63.1,7.199970640755866,CC(=O)c1ccc2c(c1)CC(CN1CCC(C(=O)c3ccc(F)cc3)CC1)CC2=O
21.03,7.677160727313679,O=C(CC1CCCO1)NC1CCC(CCN2CCC(c3cccc4c3OCO4)CC2)CC1
0.99,9.00436480540245,Cn1nccc1-c1cc(NC(=O)Nc2cccc(F)c2)ccc1OCCN1CCCCC1
1158.0,5.936291440608582,COc1cccc2c1C(CN)c1ccccc1C2
84.6,7.0726296369609765,CN1CCC=C(c2[nH]nc3c(Cl)ccc(F)c23)C1
58.9,7.229884705212898,OC(c1ccnc2c1CCC1CNCCN21)C1CCC1
42.0,7.376750709602099,Clc1cccc(COc2ccc(Br)cc2OC2CNC2)c1
0.251,9.600326278518962,CC(C)Oc1ccc(COC(=O)N(Cc2ccc(F)cc2)C2CCN(C)CC2)cc1
1.549,8.809948582240795,COC(=O)c1coc2c1C(=O)CC(CN1CCC(c3noc4cc(F)ccc34)CC1)C2
103.3,6.985899678480379,CCCCC(=O)NC1CCC(CCN2CCC(c3cccc4c3CCO4)CC2)CC1
4.5,8.346787486224656,COc1cccc(C(=O)Nc2ccc(OCCN3CCN(C(C)=O)CC3)c(-c3ccnn3C)c2)c1
19.95,7.700057099977233,FC(F)(F)CCc1cccc2c1CCC1CNCCN21
55.0,7.259637310505756,Cc1cc(OCCCN2CCN(c3ccccc3F)CC2)c2c(C)cc(=O)oc2c1
2000.0,5.698970004336019,CN1C(=N)N(C)C(=Cc2c[nH]c3cc(Br)ccc23)C1=O
5.43,8.265200170411154,CS(=O)(=O)NC1CCC(CCN2CCC(c3coc4ccccc34)CC2)CC1
5.14,8.289036881004725,O=C(NC1CCC(CCN2CCC(c3cccc4c3OCO4)CC2)CC1)c1ccccc1
124.0,6.906578314837765,O=C1c2ncccc2CCN1CCN1CCN(c2noc3ccc(F)cc23)CC1
21.8,7.661543506395395,O=C(NC1CCC(CCN2CCC(c3cccc4c3OCO4)CC2)CC1)c1ccc(Cl)cc1
3050.0,5.515700160653214,O=C1c2c(cc(CO)cc2C(F)(F)F)C2CNCCN12
382.0,6.4179366370882915,CCCC(Oc1cc(Cl)ccc1Cl)c1nc(N)nc(N2CCN(C)CC2)n1
1300.0,5.886056647693163,N#Cc1cccnc1N1CCN(CCN2CCN(c3cccc(Cl)c3Cl)CC2)CC1
5.012,8.299988937677888,COc1ccc(NC(=O)c2ccc(-c3ccc(-c4noc(C)n4)cc3C)cc2)cc1NCCN(C)C
0.34,9.468521082957745,O=C1c2[nH]cnc2CCN1CCN1CCC(c2noc3ccccc23)CC1
0.7,9.154901959985743,Cn1nccc1-c1cc(NC(=O)c2cccc(C(F)(F)F)c2)ccc1OCCN1CCOCC1
11.0,7.958607314841775,CC(N)Cn1ncc2cc(Cl)c(Cl)cc21
1882.0,5.725380380908762,O=C1NC2CNCC2c2cccc(C(F)(F)F)c21
0.43,9.366531544420413,CCN(CC)CCOc1ccc(NC(=O)Nc2ccc(Cl)cc2)cc1-c1ccnn1C
3.89,8.410050398674292,CC1CC(NS(=O)(=O)c2cccc(Cl)c2)CN1CCCc1noc2cc(F)ccc12
6.0,8.221848749616356,Oc1cc2c3c(ccc2[nH]1)OC(CNCCCC1CCc2c([nH]c4ccc(F)cc24)C1)CO3
19.0,7.721246399047171,CN(C)CCCN1c2ccccc2CCc2ccc(Cl)cc21
115.0,6.939302159646388,OC1(c2ccc(Cl)cc2)CC2CCC(C1)N2CCCSc1ccccc1F
0.9,9.045757490560675,O=S(=O)(NCCCN1CCC(c2noc3cc(F)ccc23)CC1)c1cc2ccccc2s1
1116.0,5.95233580539844,Clc1ccc(COC(Cn2ccnc2)c2ccc(Cl)cc2Cl)c(Cl)c1
2.1,8.67778070526608,CCN(CCN1CCC(n2ncc3cc(F)ccc32)CC1)C(=O)CCO
1.3,8.886056647693163,Cc1cccc(S(=O)(=O)NCCCN2CCN(c3nsc4ccccc34)CC2)c1
0.6026,9.219970872662662,COc1cc(CCNCc2cccc3c2OCO3)c(OC)cc1Br
158.0,6.801342913045577,COc1cc(CN(C(=O)OCc2ccc(OC(C)C)cc2)C2CCN(C)CC2)ccc1Cl
4.5,8.346787486224656,Cn1cc(I)c(C(=O)N2CCN(CC(=O)c3ccc(F)cc3)CC2)n1
28.6,7.543633966870957,CC(C)(C)c1ccc(C(=O)NC2CCC(CCN3CCC(c4cccc5c4CCO5)CC3)CC2)cc1
5.5,8.259637310505756,O=C(CCCN1CCC2C(C1)c1cccc3c1N2CCN3)c1ccc(F)cc1
1.6,8.795880017344075,CCN(CCN1CCC(c2c[nH]c3ccccc23)CC1)S(=O)(=O)CCO
100.0,7.0,CC(C)COc1ccc(OC(=O)N(Cc2ccc(F)cc2)C2CCN(C)CC2F)cc1
486.41,6.31299750507542,COc1ccccc1N1CCN(CCCN2CCCn3c2nc2c3c(=O)n(C)c(=O)n2C)CC1
0.16,9.795880017344075,CN1CCN(c2cccc3cc(S(=O)(=O)c4cccc(F)c4)cnc23)CC1
3981.07,5.40000018605658,CCOc1cc2c(cc1Cl)N(C(=O)Nc1cccnc1)CC2
2.7,8.568636235841012,N#Cc1ccc(S(=O)(=O)C2(F)CCN(CCc3ccc(F)cc3F)CC2)cc1
60.0,7.221848749616356,COc1cccc2[nH]cc(C3=CCCN(C)C3)c12
4.52,8.344861565188618,CCC(=O)NC1CCC(CCN2CCC(c3coc4ccccc34)CC2)CC1
0.3981,9.400007822415901,COc1ccc(NC(=O)Nc2cccc(C(F)(F)F)c2)cc1-c1c(Br)cnn1C
794.33,6.0999990348465305,Cc1cc2c(cc1Cl)N(C(=O)Nc1ccc(Oc3cccnc3C(C)C)nc1)CC2
21.0,7.6777807052660805,O=S(=O)(c1cccc2ncccc12)N1CCCC1CCN1CCN(c2nsc3ccccc23)CC1
2.8,8.55284196865778,O=C1c2cn(C3CC3)nc2CCN1CCN1CCC(c2noc3ccccc23)CC1
161.59,6.791585519051519,O=C1CCc2cc(OCCCN3CCN(c4ccccn4)CC3)ccc21
100.0,7.0,Cc1cccc2c1ccn2CC(C)N
1244.0,5.9051796196452,CN1CCCCC1CCN1c2c(Cl)cc(Cl)cc2Sc2cc(Cl)cc(Cl)c21
401.0,6.396855627379818,O=C(NCCCCN1CCN(c2ccccn2)CC1)c1[nH]nc2ccccc12
587.0,6.231361898752385,COc1cc2c(cc1OC)-c1c(OC)c(OC(C)C)cc3c1C(C2)N(C)CC3
837.5,6.077015184291117,c1ccc2c(c1)cc1n2CCNC1
320.0,6.494850021680094,CN(C)C1Cc2ccccc2C(c2cccc(F)c2)C1
6.08,8.216096420727265,O=C(NC1CCC(CCN2CCC(c3coc4ccccc34)CC2)CC1)C(O)C(F)(F)F
0.6533333333333333,9.184865183363186,Cc1cc2c(cn1)C(=O)N(CCN1CCN(c3nsc4ccccc34)CC1)CC2
3290.0,5.482804102050026,O=C(NCCC(F)CN1CCN(c2cccc(Cl)c2Cl)CC1)c1cc2ccccc2s1
112.6,6.9484616094846725,O=C1c2ccc(Cl)cc2CC1CCN1CCN(c2ccccn2)CC1
2.28,8.642065152999546,O=C(NC1CCC(CCN2CCN(c3nsc4ccccc34)CC2)CC1)OC1CC1
1.7,8.769551078621726,COc1c(Cl)cccc1N1CCN(CCCCNC(=O)c2cnc3ccccc3c2)CC1
41.8,7.3788237182249645,CC(=O)Nc1ccc(OCCCN2CCC(c3noc4cc(F)ccc34)CC2)cc1F
14000.0,4.853871964321762,C#CC1=CCC(N(CCC)CCCCNC(=O)c2ccc(OCCCc3cn(CCCC)nn3)c(OC)c2)CO1
783.1,6.106182776032537,CNC1CCC(c2ccc(Cl)c(Cl)c2)c2ccccc21
408.0,6.38933983691012,COc1ccc(CCN2CCN(C(=O)c3nn(C)cc3Br)CC2)cc1
1.0,9.0,CCN(CCN1CCC(c2noc3cc(F)ccc23)CC1)C(=O)C1CN(C)CC1O
2.6,8.585026652029182,O=C1c2cncnc2CCN1CCN1CCN(c2nsc3ccccc23)CC1
6000.0,5.221848749616356,Cn1cc(Br)c(C(=O)N2CCN(CC(=O)c3ccc(OC(F)(F)F)cc3)CC2)n1
78.0,7.107905397309519,CCCCCCc1ccc(CCN)cc1
0.14,9.853871964321762,CCN(C)CCc1c(-c2ccccc2)[nH]c2ccccc12
1.32,8.87942606879415,O=S(=O)(c1ccccc1)c1ccc(C=Cc2ccc(F)cc2F)cc1
9.5,8.022276394711152,O=S(=O)(NCCCN1CCN(c2nsc3ccccc23)CC1)c1ccc(OC(F)(F)F)cc1
22.0,7.657577319177793,CCOC(=O)c1cc2cc(OCCCCN3CCN(c4cccc(Cl)c4Cl)CC3)ccn2n1
122.0,6.913640169325252,Cc1[nH]c2cccc(O)c2c1CCN(C)C
1.5,8.823908740944319,Nc1cc(F)ccc1C(=O)CCCN1CCC2C(C1)c1cccc3c1N2CCS3
20.0,7.698970004336019,NCCn1ncc2ccc(O)cc21
560.0,6.251811972993799,Cc1cc2c(c(C(F)(F)F)c1)C(=O)N1CCNCC21
878.0,6.056505484093897,COc1cc2c3c(c1OCC1CC1)-c1cc(N(C)C)ccc1CC3N(C)CC2
19.5,7.709965388637482,O=C1c2ccccc2CCCN1CCN1CCC(n2ccc3ccccc32)CC1
0.07,10.154901959985743,CC(O)c1ccccc1S(=O)(=O)c1ccc(C=Cc2ccc(F)cc2)cc1
794.33,6.0999990348465305,COc1ccc(N2Cc3ccc(Cl)cc3C2=O)cc1OCCN1CCC(C)CC1
25.5,7.5934598195660445,Cc1cc2occc2c(N2CCN(CCC3CCC(NC(=O)C4CCOCC4)CC3)CC2)n1
159.0,6.798602875679548,Cc1ccc(-c2[nH]nc3c2CCNCC3)cc1
15.1,7.82102305270683,CCc1cccc(N2CCN(CCC3CCC(NC(=O)c4ccnc5ccccc45)CC3)CC2)c1Cl
31.0,7.508638306165727,O=C(NCCCCN1CCN(c2cccc(Cl)c2Cl)CC1)c1cc2ccccc2[nH]1
21.0,7.6777807052660805,COc1ccc2c3c(ccc2c1)Cc1ccccc1C3CN
1450.0,5.838631997765025,O=c1n(Cc2ccc(CN3CCN(c4ccc(Cl)cc4)CC3)cc2)nc2ccccn12
10.0,8.0,CC(C)COc1ccc(COC(=O)N(Cc2ccc(Cl)cc2Cl)C2CCN(C)CC2)cc1
120.0,6.920818753952375,COc1ccccc1N1CCN(CCCCNC(=O)c2cc3ccccc3s2)CC1
4.63,8.334419008982048,COCCC(=O)NC1CCC(CCN2CCC(c3coc4ccccc34)CC2)CC1
1.349,8.869988050328097,COc1cc(CCNCc2cccc(O)c2)c(OC)cc1Br
6.31,8.199970640755867,COc1cc(Cl)c(Cl)cc1C(=O)CCCCN1CCC2(CC1)NC(=O)NC2=O
4408.0,5.355758414156272,Nc1nc(N)nc(NCCCCCN2CCN(c3ccccc3)CC2)n1
76.0,7.119186407719209,Cc1cc(OCCCN2CCN(c3ccccc3)CC2)ccc1Cl
222.0,6.653647025549361,Nc1nc(NCCCCN2CCN(c3cccc(Cl)c3Cl)CC2)nc(NCCc2c[nH]c3ccccc23)n1
37.0,7.431798275933005,CN(C)CC1CC2c3ccccc3Oc3ccccc3C2O1
1681.0,5.774432286560529,Cc1ccccc1CNC(C)Cn1ccc2ccc3ncccc3c21
678.54,6.168424545547012,COc1ccccc1N1CCN(CCCOn2c(O)c3c(c2O)C2(OC(C)=O)C=C(C)C3C(C)C2)CC1
470.0,6.327902142064283,CN(C)C1Cc2ccccc2C(c2ccccc2)C1
5962.0,5.224608028303388,CCCN1CCC(COc2nc3c(OC)cccc3c3ccccc23)CC1
125.89,6.900008766455316,O=C1CC(CN2CCC(c3noc4cc(F)ccc34)CC2)Cc2nc(-c3ccccc3)ncc21
1220.0,5.913640169325252,C=CCOc1c(OC)cc2c3c1-c1cc(NC(C)=O)ccc1CC3N(C)CC2
660.69,6.180002266489224,COc1cc2c(cc1OC)C(=O)CC(CN1CCN(c3ccccn3)CC1)C2
43.0,7.366531544420414,CCCCCCc1ccc2c(c1)Cc1cc(OC)ccc1C2CN
535.015,6.271634041668666,O=C1c2ccc(Cl)cc2CC1CCCN1CCN(c2ccccn2)CC1
7.0,8.154901959985743,COC(C)C(=O)NC1CCC(CCN2CCN(c3nccc4c3CCO4)CC2)CC1
199.53,6.699991797446187,COc1cc2c(cc1C(F)(F)F)N(C(=O)Nc1cccc(-c3c(C)ccnc3C)c1)CC2
2.58,8.588380294036769,O=C(NC1CCC(CCN2CCN(c3nsc4ccccc34)CC2)CC1)OCc1cc2ccccc2o1
7400.0,5.130768280269024,N#Cc1cccnc1N1CCN(CCCCOc2ccc3c(c2)NC(=O)CC3)CC1
96.0,7.017728766960431,Oc1ccc(-c2ccc(CNCCc3c[nH]c4cc(F)ccc34)o2)cc1
204.0,6.690369832574102,O=C(CCCCN1CCN(c2ccccc2)CC1)c1nc2ccccc2s1
39.89,7.399135963690161,O=C(CF)NC1CCC(CCN2CCC(c3cccc4c3OCO4)CC2)CC1
12.0,7.920818753952375,CC(N)Cn1ncc2ccc(O)cc21
704.0,6.152427340857888,CC(Oc1cccc(F)c1F)c1nc(N)nc(N2CCN(C)CC2)n1
501.19,6.299997602857746,COc1ccc(C2(C)CCN(c3ccc(Cl)c(Cl)c3)C2=O)cc1OCCN1CCCCC1
5.83,8.234331445240986,CC(C)n1ncc2c1CCN(CCN1CCC(c3noc4ccccc34)CC1)C2=O
794.33,6.0999990348465305,COc1cc2c(cc1C(F)(F)F)N(C(=O)Nc1ccc(Oc3cccnc3C)nc1)CC2
14.8,7.8297382846050425,O=C(NC1CCC(CCN2CCN(c3nccc4c3CCO4)CC2)CC1)c1ccc(Cl)cc1
1.27,8.896196279044043,O=C(NCc1ccccc1)NC1CCC(CCN2CCN(c3nsc4ccccc34)CC2)CC1
5.888,8.230032198670557,Cc1cccc(S(=O)(=O)CC2CCN(CCCc3noc4cc(F)ccc34)C2)c1
1122.0,5.950007143079858,COc1ccc2c(c1)c(-c1[nH]c(N)nc1C)cn2S(=O)(=O)c1cccc(F)c1
0.18,9.744727494896694,Cn1ncc(Br)c1-c1cc(NC(=O)Nc2ccc(F)cc2F)ccc1OCCN1CCCC1
106.0,6.97469413473523,O=C(CCCN1C2CCC1CC(c1ccccc1)C2)c1ccc(F)cc1
9.1,8.040958607678906,CCC(O)CC(=O)NC1CCC(CCN2CCC(c3coc4ccccc34)CC2)CC1
1258.93,5.899998417198648,O=C(Nc1cccnc1)N1CCc2cc(C(F)(F)F)ccc21
717.0,6.144480844332199,CCOc1ccccc1N1CCN(CCCCCCN2C(=O)c3cccc4cccc2c34)CC1
2.2,8.657577319177793,CC(=O)N1CCN(CCOc2ccc(NC(=O)c3cccc(F)c3)cc2-c2c(Cl)cnn2C)CC1
105.0,6.978810700930062,O=C1c2ccccc2S(=O)(=O)N1CCCCCN1CCN(c2cccc3ccccc23)CC1
21.3,7.671620396561262,CCc1cccc(N2CCN(CC(O)CCNC(=O)c3cc4ccccc4[nH]3)CC2)c1Cl
18.09,7.742561433140186,O=C(CC(F)(F)F)NC1CCC(CCN2CCC(c3cccc4c3OCO4)CC2)CC1
398.11,6.399996913372259,Cc1nc2n(c1C)Cc1ccccc1C=C2N1CCN(CC(C)(C)C(=O)O)CC1
28.47,7.545612532853045,CCCC(=O)NC1CCC(CCN2CCN(c3cccc4c3OCO4)CC2)CC1
4.3,8.366531544420413,O=C(NC1CCC(CCN2CCC(c3coc4ccccc34)CC2)CC1)C1CC1
45.9,7.338187314462739,COc1cccc2[nH]cc(C3CC3N)c12
2.2,8.657577319177793,Cc1nc(C)c2c(=O)n(CCN3CCC(c4noc5ccccc45)CC3)ccc2n1
92.0,7.036212172654444,CNCCC1c2ccccc2Cc2ccccc21
146.0,6.835647144215563,Fc1ccc(-c2cc(Cl)cc3c2N2CCNCCC2C3)cc1
13.65,7.864867348623225,COC(CC(=O)NC1CCC(CCN2CCC(c3noc4cc(Cl)ccc34)CC2)CC1)OC
7943.28,5.100000128334196,COc1cc2c(cc1C(F)(F)F)N(C(=O)Nc1cc(-c3cccnc3)ccc1F)CC2
499.0,6.30189945437661,COc1ccc2[nH]cc(-c3cc(O)n(CCCCN4CCC(c5c[nH]c6ccc(OC)cc56)CC4)c3O)c2c1
2589.0,5.586867949565128,O=S(=O)(c1ccc2cccnc2c1)n1cc(C2=CCNCC2)c2cc(Cl)ccc21
3.49,8.45717457304082,O=C1NCc2cc(F)c(OCCCCN3CCN(c4cccc5cccc(F)c45)CC3)cc21
340.0,6.468521082957745,COc1ccccc1-c1cc(C2CCNC2)ccc1Cl
47.1,7.326979092871103,O=C(NCC1CC1CN1CCN(c2cccc(Cl)c2Cl)CC1)c1ccc(-c2ccccn2)cc1
0.37,9.431798275933005,Cc1c2c(nn1C)CCN(CCN1CCC(c3noc4ccccc34)CC1)C2=O
22.955,7.639122702897961,N#Cc1ccc(C(=O)CCCN2CCc3ccccc3C2)cc1
945.0,6.024568191490737,CCN(CC)CCOc1ccc(C(=C(Cl)c2ccccc2)c2ccccc2)cc1
55.0,7.259637310505756,CC(CNc1cncc(Cl)n1)N1CCN(c2ccccc2)CC1
251.19,6.599997654072044,Cc1cc2c(cc1Cl)N(C(=O)Nc1ccc(OCc3nccn3C)nc1)CC2
15.85,7.79997073344623,CCCCc1ccc(S(=O)(=O)Nc2ccc3c(c2)CCNCC3)cc1
2791.0,5.554240163511369,FC(F)(F)c1ccc(N2CCN(Cc3c[nH]c4ncccc34)CC2)cc1
60.0,7.221848749616356,CC1(C)CN2CCNCc3ccc(Cl)c1c32
378.0,6.422508200162775,C#CCOc1c(OC)cc2c3c1-c1cc(N)ccc1CC3N(C)CC2
1251.0,5.90274269030658,CCN(CC)CCCC(C)Nc1cnc(C(=O)Nc2ccc(Cl)c3cccnc23)cn1
34.1,7.467245621007502,FC(F)(F)CCc1c(Cl)cnc2c1CCC1CNCCN21
56.1,7.251037138743839,CC(C)(O)CC(=O)NC1CCC(CCN2CCC(c3cccc4c3CCO4)CC2)CC1
140.0,6.853871964321762,CCc1cc(Cl)c(OC)c(N2CCN(C)CC2)c1
63.5,7.197226274708024,Cc1ccnc2[nH]cc(C3=CCCN(C)C3)c12
251.19,6.599997654072044,COc1ccc(N2Cc3cc(F)cc(C(F)(F)F)c3C2=O)cc1OCCN1CCC(C)CC1
2355.0,5.628009088535085,N#Cc1cccc(NC(=O)NCCCN2CCCC(Cc3ccc(F)cc3F)C2)c1
77.3,7.111820506081675,CC1CN(CCC2CCC(NC(=O)c3ccco3)CC2)CCc2ccc(Cl)cc21
0.4365,9.36001575195841,COc1cccc(CNCCc2cc(OC)c(Br)cc2OC)c1
4.1,8.387216143280265,c1cc2c3c(c1)c1c(n3CCO2)CCNCC1
291.0,6.536107011014093,O=c1n(CCCCCCN2CCN(c3cccc(C(F)(F)F)c3)CC2)nc2ccccn12
0.6,9.221848749616356,Fc1ccc(-c2nc(Cc3ccccc3)nc3c2CCNCC3)cc1
138.01999999999998,6.86005797693002,Cc1ccc(N2CCN(CCCCc3ccc(F)cc3)CC2)nc1
209.0,6.679853713888946,CCC(Oc1cccc(Cl)c1F)c1nc(N)nc(N2CCN(C)CC2)n1
2239.0,5.64994590642097,CCC(Oc1cccc(F)c1Cl)c1nc(N)nc(N2CCN(C)CC2)n1
140.0,6.853871964321762,COc1ccccc1CCCN(CCc1ccc(OC)c(OC)c1)CCc1ccc2c(c1)OCO2
1448.0,5.839231438138872,CCCOc1cccc2c1CC1CNCCN1C2=O
3.3,8.481486060122112,Fc1ccc(CCN2CCC3(CCc4cccc(F)c4O3)CC2)c(F)c1
7.5,8.1249387366083,CC(C)N1CCN2c3c(cccc31)C1CN(CCCC(=O)c3ccc(F)cc3)CCC12
200.0,6.698970004336019,COc1cccc(CCCN(CCc2ccc(OC)c(OC)c2)CCc2ccc3c(c2)OCO3)c1
1138.0,5.943857737940948,COc1cc2c3c(c1)-c1c(cccc1OCCF)CC3N(C)CC2
15.3,7.815308569182402,CN1CCC=C(c2c[nH]c3c(Cl)c(F)ccc23)C1
977.24,6.009998764965339,O=C1CC(CN2CCN(c3ccccn3)CC2)Cc2ccccc21
0.34,9.468521082957745,CCN(CCF)C(=O)C1C=C2c3cccc4[nH]cc(c34)CC2N(C)C1
258.23,6.58799330475894,Cn1c(=O)c2c(nc3n2CCCCN3CCCN2CCN(c3ccccc3)CC2)n(C)c1=O
28980.0,4.5379016188648444,COc1cccc(-n2cc(C(=O)N(C)c3cccc(Cl)c3)c3ccccc3c2=O)c1
138.0,6.860120913598763,COc1cccc(N2CCN(CCCCOc3ccc4c(C)cc(=O)oc4c3C(C)=O)CC2)c1
6.8,8.167491087293763,CC(=O)NC1CCC(CCN2CCC(c3cccc4occc34)CC2)CC1
0.72,9.142667503568731,Fc1ccc2cccc(N3CCN(CCCOc4ccc5c(c4)CNC5)CC3)c2c1
9.43,8.025488307262671,Cc1c(OCCCN2CCN(c3cccc4ccccc34)CC2)ccc2c1C(=O)NC2
0.64,9.193820026016112,Clc1cccc(N2CCN(CCCCc3cn(-c4ccn5nccc5c4)nn3)CC2)c1Cl
25.3,7.5968794788241825,Clc1ccc2[nH]nc(C3=CCCNC3)c2c1
0.29,9.537602002101044,O=C(NC1CCC(CCN2CCN(c3nsc4ccccc34)CC2)CC1)c1ccc[nH]1
6.1,8.214670164989233,Cn1nccc1-c1cc(NC(=O)Nc2ccccc2F)ccc1OCCN1CCCCC1
24.1,7.617982957425132,COCCC(=O)NC1CCC(CCN2CCN(c3nccc4c3CCO4)CC2)CC1
113.0,6.94692155651658,CC(Oc1cccc(Cl)c1F)c1nc(N)nc(N2CCN(C)CC2)n1
11.4,7.943095148663527,O=C1NCc2ccc(OCCCCN3CCN(c4cccc5ccc(F)cc45)CC3)cc21
6.4,8.193820026016112,CCN(CCN1CCC(c2noc3ccccc23)CC1)C(=O)C(C)O
2.9,8.537602002101044,CCS(=O)(=O)NC1CCC(CCN2CCN(c3nccc4sccc34)CC2)CC1
1100.0,5.958607314841775,COc1ccccc1N1CCN(CCCCNC(=O)c2cc3ccccc3o2)CC1
4.2,8.3767507096021,COCC(=O)NC1CCC(CCN2CCC(c3cccc4occc34)CC2)CC1
0.19,9.721246399047171,CCN(C)CCc1c(-c2cc(C(F)(F)F)cc(C(F)(F)F)c2)[nH]c2ccccc12
15.073333333333332,7.8217906967103215,COc1ccc2c(c1)CC(CN1CCC(C(=O)c3ccc(F)cc3)CC1)CC2=O
310.0,6.508638306165727,CCCCn1cc(CCN(C)C)c2c(O)cccc21
0.091,10.040958607678906,CCOc1ccc2c(c1)C(C1=CC(C)N(C)CC1)=Nc1cc(Cl)ccc1N2
33.0,7.481486060122112,COc1cccc(N2CCN(CCCCNC(=O)c3cc4ccccc4cn3)CC2)c1
20.4,7.690369832574102,O=C(NC1CCC(CCN2CCC(c3cccc4c3CCO4)CC2)CC1)C1CCC1
4.6,8.337242168318426,Cc1c(Br)c(C(=O)N2CCN(CC(=O)c3ccc(F)cc3)CC2)nn1C
173.78,6.760000207113128,COc1ccccc1N1CCN(CCCOc2ccc3c(C)cc(=O)oc3c2)CC1
0.32,9.494850021680094,O=S(=O)(c1ccccc1F)C1(F)CCN(CCc2ccc(F)cc2F)CC1
179.0,6.747146969020107,CSc1ccccc1N1CCN(CCCCNC(=O)c2[nH]nc3ccccc23)CC1
1.664,8.778846678045294,CCS(=O)(=O)NC1CCC(CCN2CCC(c3noc4cc(F)ccc34)CC2)CC1
2.2,8.657577319177793,O=S(=O)(NCCCN1CCC(c2noc3cc(F)ccc23)CC1)c1ccc(Cl)c(Cl)c1
2.1,8.67778070526608,CC(O)C(=O)N(CCN1CCC(c2noc3cc(F)ccc23)CC1)C(C)C
19.7,7.705533773838407,Cc1cnc(N2CCN(CCC3CCC(NC(=O)C4CCOCC4)CC3)CC2)c2c1OCC2
100.0,7.0,CC(C)n1cc2c(OCC3CCN(CCc4ccccc4)CC3)nc3ccccc3c2c1
39.81,7.400007822415902,CC1CN(C2=Cc3ccccc3Cn3ccnc32)CC(C)N1CCC(=O)O
5.295,8.276134035556495,CC(C)(C)c1ccc(S(=O)(=O)NC2CCC(CCN3CCN(c4nsc5ccccc45)CC3)CC2)s1
8.45,8.073143291050307,COc1ncc2c(n1)CCN(CCN1CCC(c3noc4ccccc34)CC1)C2=O
0.9,9.045757490560675,CCN(CCN1CCC(c2noc3cc(F)ccc23)CC1)C(=O)C(F)(F)CO
221.0,6.655607726314889,COc1ccc(CCN(CCCc2ccc(Br)cc2)CCc2ccc3c(c2)OCO3)cc1OC
6.27,8.202732459169283,COC1(C(=O)NC2CCC(CCN3CCN(c4cccc5c4OCO5)CC3)CC2)CC1
7.8,8.10790539730952,CC(=O)Nc1ccc(OCCCN2CCC(c3noc4cc(F)ccc34)CC2)cc1
1.8,8.744727494896694,Cn1cc2c(n1)C(=O)N(CCN1CCN(c3nsc4ccccc34)CC1)CCC2
482.6666666666667,6.316352692858534,CCC(Oc1cc(Cl)ccc1Cl)c1nc(N)nc(N2CCN(C)CC2)n1
0.52,9.2839966563652,CNCc1cc(OCc2ccc(F)cc2Cl)n(CC2CCCCC2)n1
34.4,7.46344155742847,O=C1NCc2cc(Cl)c(OCCCN3CCN(c4cccc5ccccc45)CC3)cc21
17.62,7.753994095923971,O=C(CC1OCCCO1)NC1CCC(CCN2CCC(c3noc4cc(Cl)ccc34)CC2)CC1
255.0,6.5934598195660445,Nc1ccc2on(CC3CC4c5ccccc5Oc5ccc(Br)cc5C4O3)c2c1
17100.0,4.767003889607846,CN(C)CCCN1C(=O)c2ccccc2C=Cc2ccccc21
12.0,7.920818753952375,O=S(=O)(NCCCCN1CCN(c2nsc3ccccc23)CC1)c1ccc(Cl)c(Cl)c1
330.37,6.480999396660359,Cn1c(=O)c2c(nc3n2CCCCN3CCCN2CCN(c3cccc(Cl)c3)CC2)n(C)c1=O
110.0,6.958607314841775,COc1cccc(N2CCN(CCCCNC(=O)c3ccccc3)CC2)n1
11.98,7.921543181946707,O=C(CC1CCCCO1)NC1CCC(CCN2CCN(c3cccc4c3OCO4)CC2)CC1
160.0,6.795880017344075,CNCCCN1c2ccccc2CCc2ccccc21
0.76,9.119186407719209,CNCc1cc(OCc2cc(F)ccc2F)n(CC2CC3CCC2C3)n1
32.1,7.493494967595128,O=C1NCc2cc(F)c(OCCCN3CCN(c4cccc5ccccc45)CC3)cc21
234.77,6.629357400043094,Fc1ccc(Nc2nc(N3CCOCC3)nc3ccccc23)cc1
451.0,6.345823458122039,O=S(=O)(c1cccc2ncccc12)N1CCCC1CCN1CCN(c2cccc3[nH]ccc23)CC1
6.56,8.18309616062434,CCC(C)C(=O)NC1CCC(CCN2CCC(c3coc4ccccc34)CC2)CC1
100.0,7.0,Cc1[nH]c(N)nc1-c1cn(S(=O)(=O)c2ccccc2)c2ccccc12
31.0,7.508638306165727,O=C(CC1CCCO1)NC1CCC(CCN2CCC(c3noc4cc(Cl)c(F)cc34)CC2)CC1
530.0,6.275724130399211,O=S(=O)(c1cccc2ncccc12)N1CCC(CCN2CCN(c3cccc(C(F)(F)F)c3)CC2)CC1
199.53,6.699991797446187,COC(=O)Nc1cccc(CCN2CCN(c3cccc4nc(C)ccc34)CC2)c1
8.84,8.053547734986926,O=C1NCc2cc(Cl)c(OCCCN3CCN(c4cccc5cccc(F)c45)CC3)cc21
3031.0,5.5184140636323775,CCC(Oc1cccc(F)c1F)c1nc(N)nc(N2CCN(C)CC2)n1
134.0,6.872895201635193,COc1cc(C2CCCC2)c(OC)cc1CCN
1800.0,5.7447274948966935,Cn1nc(C(=O)N2CCN(CCN3CCN(c4cccc(Cl)c4Cl)CC3)CC2)c2ccccc21
0.501,9.300162274132754,CC(C)Oc1ccc(COC(=O)N(Cc2ccc(Cl)cc2F)C2CCN(C)CC2)cc1
2.485,8.60467360693065,OC(c1ccccc1)C1CCN(CCc2ccccc2)CC1
4.571,8.33998877871067,CSc1ncc2c(n1)CC(CN1CCC(c3noc4cc(F)ccc34)CC1)CC2=O
5.7,8.244125144327509,Fc1ccc2c(C3CCN(CCCOc4ccc(CN5CCOCC5)cc4Cl)CC3)noc2c1
1.9,8.721246399047171,Cn1nccc1-c1cc(NC(=O)c2ccc(C(F)(F)F)cc2)ccc1OCCN1CCCC1
158.49,6.799998134593398,Cc1cc2c(cc1C(F)(F)F)N(C(=O)Nc1ccc(CCc3ccccn3)nc1)CC2
1150.0,5.939302159646388,O=S(=O)(c1cccc2ncccc12)N1CCCC1CCN1CC=C(c2c[nH]c3ccc(Cl)cc23)CC1
1667.12,5.778033138347075,COc1cc(OCCCF)c(OC)cc1CCN
1740.0,5.7594507517174005,CC1CN2C(=O)c3ccccc3CC2CN1
446.0,6.350665141287858,CCCCC(C)Oc1cc2c(cc1OC)-c1c(OC)c(OC)cc3c1C(C2)N(C)CC3
110.0,6.958607314841775,O=S(=O)(c1cccc2ncccc12)N1CCCC1CCN1CCN(c2cccc3c2OCCO3)CC1
5.129,8.289967300934247,Cc1cccc(N2CCN(CCc3ccc4[nH]nnc4c3)CC2)c1C
223.0,6.651695136951839,c1ccc(CCCNCC2c3ccccc3Cc3ccccc32)cc1
311.0,6.507239610973162,COc1cccc(N2CCN(CCCCNC(=O)c3cc4ccccc4n3C)CC2)c1
100.0,7.0,COc1cc2c(cc1C(F)(F)F)N(C(=O)Nc1ccc(Oc3cccnc3)nc1)CC2
200.0,6.698970004336019,CC(C)COc1ccc(CC(=O)N(Cc2ccc(F)cc2OC(F)(F)F)C2CCN(C)CC2)cc1
6.0,8.221848749616356,CNCc1cc(OC(F)(F)c2ccccc2)n(CC2CCCCC2)n1
1190.0,5.924453038607469,c1ccc(-c2ccccc2N2CCNCC2)cc1
590.0,6.229147988357855,CC(Oc1cccc(Cl)c1)c1nc(N)nc(N2CCN(C)CC2)n1
18.47,7.733533104559759,O=C(NC1CCC(CCN2CCN(c3cccc4c3OCO4)CC2)CC1)c1ccccc1
0.35,9.455931955649724,COc1cc(Br)c(OC)c2c1C(CN)C2
1.04,8.98296666070122,O=C(Nc1ccco1)NC1CCC(CCN2CCN(c3nsc4ccccc34)CC2)CC1
290.0,6.5376020021010435,O=S(=O)(NCCCN1CCN(c2noc3ccccc23)CC1)c1ccc(Cl)c(Cl)c1
59.0,7.229147988357855,O=S(=O)(c1ccccc1)c1c[nH]c2cccc(CCN3CCCCC3)c12
23.6,7.627087997029894,O=C(CCCN1CCCN(c2ccc(Cl)cc2)CC1)c1ccc(F)cc1
33.96,7.469032318428085,COC(C)C(=O)NC1CCC(CCN2CCN(c3cccc4c3OCO4)CC2)CC1
1.5,8.823908740944319,O=C(c1cccn2cc(Cl)nc12)N1CCN(CCc2ccc(F)cc2F)CC1
400.0,6.3979400086720375,CC(=O)c1c(OCCCCN2CCN(c3cccc(F)c3)CC2)ccc2c(C)cc(=O)oc12
13.63,7.865504144165326,CCC(=O)NC1CCC(CCN2CCN(c3cccc4c3OCO4)CC2)CC1
1040.0,5.982966660701219,COc1ccc2ccn(CCN(C)C)c2c1
41.0,7.3872161432802645,COc1ccc2[nH]cc(CCNCc3ccc(-c4ccc(O)cc4)o3)c2c1
5.79,8.237321436272564,CC(C)(O)C(=O)NC1CCC(CCN2CCN(c3cccc4c3OCO4)CC2)CC1
16.5,7.782516055786093,COc1cc(C(F)(F)F)c(OC)cc1C1CCCNC1
12.59,7.899974269892137,CC1(C(=O)O)CCN(C2CCC3(Cc4ccccc4Cc4ccccc43)C2)C1
125.50999999999999,6.9013216704235605,CNCc1ccccc1-c1csc(C(C)Nc2nc(C)nc3cc(OC)c(OC)cc23)c1
600.0,6.221848749616356,Cc1ccc2c(c1)N1CCNCC1NC2=O
13.0,7.886056647693163,CCc1ccc2c(c1)Oc1cc(Cl)ccc1N=C2N1CCN(CC(C)(C)C(=O)O)CC1
593.89,6.226293987370532,COc1ccc(Nc2nc(N3CCN(CCO)CC3)nc3ccccc23)c(OC)c1
61.1,7.213958789757446,Nc1nc(SCCN2CCN(Cc3ccccc3C(F)(F)F)CC2)nc(N)c1Cc1ccccc1
2.5,8.602059991327963,CNCc1cc(OCc2cc(Cl)ccc2F)n(C(C)C2CCCC2)n1
398.11,6.399996913372259,COC(=O)C1=CCCN(C2CCC3(Cc4ccccc4Cc4ccccc43)C2)C1
1295.0,5.887730231582729,CC(C)c1cccc(OCCN2C3CCC2CC(NS(=O)(=O)c2ccc(F)cc2)C3)c1
0.23,9.638272163982407,Fc1ccc2c(C3CNCCC3F)c(-c3ccc4ccccc4c3)[nH]c2c1
891.25,6.050000457140078,COc1ccc2c(c1)CC(CN1CCN(c3ccccc3OC)CC1)CC2=O
351.0,6.454692883534176,CC(N)CN1CCc2ccc(Br)cc21
23.0,7.638272163982407,CCCCCOc1ccc2c(c1)Cc1ccccc1C2CN
0.36,9.443697499232712,Cn1ncc(Br)c1-c1cc(NC(=O)Nc2ccc(F)cc2)ccc1OCCN1CCCC1
4.24,8.372634143407268,CC(C)C1(NC(=O)C2CC3c4cccc5[nH]cc(c45)CC3N(C)C2)OC2(O)C3CCCN3C(=O)C(Cc3ccccc3)N2C1=O
3.7,8.431798275933005,Cc1cc2ccn(CCN3CCN(c4noc5ccccc45)CC3)c(=O)c2cn1
674.0,6.17134010346468,CC(Cn1ccc2ccc3ncccc3c21)NCc1ccccc1Cl
0.68,9.167491087293763,O=S(=O)(c1ccccc1)C1(F)CCN(CCc2ccc(F)cc2F)CC1
66.7,7.175874166083451,CC(C)(C)c1ccc(C(=O)NC2CCC(CCN3CCN(c4nccc5c4CCO5)CC3)CC2)cc1
27.9,7.554395796726403,O=C(CC1CCCCO1)NC1CCC(CCN2CCC(c3cccc4c3OCO4)CC2)CC1
3540.0,5.450996737974212,COc1ccc2[nH]c(C(=O)NCCC(F)CN3CCN(c4ccccc4OC)CC3)cc2c1
200.0,6.698970004336019,COc1cc(Br)c2c3c1C(CN)CCCC3CO2
0.63,9.200659450546418,O=C(NC1CCC(CCN2CCN(c3nsc4ccccc34)CC2)CC1)C(F)(F)F
0.86,9.065501548756432,O=S(=O)(c1ccccc1)c1ccc(C=Cc2ccc(F)cc2F)nc1
48300.0,4.316052869248487,CN1CCN(CCCN2C(=O)c3ccccc3C=Cc3ccccc32)CC1
456.0,6.341035157335565,COc1ccccc1N1CCN(CCCCCCn2c(=O)n3c4c(cccc42)CCC3)CC1
4.7,8.327902142064282,CN1CCN(Cc2ccc(OCCCN3CCC(c4noc5cc(F)ccc45)CC3)cc2)CC1
2400.0,5.619788758288394,CN(C)C1Cc2ccccc2C(c2ccccc2Cl)C1
33.1,7.480172006224281,O=C(CC(O)C(F)(F)F)NC1CCC(CCN2CCN(c3nccc4c3CCO4)CC2)CC1
15.8,7.801342913045577,CCOc1ccc(CC(=O)N(Cc2ccc(F)cc2F)C2CCN(C)CC2)cc1
39.4,7.404503778174426,O=S(=O)(NC1CCC(CCN2CCN(c3nccc4c3CCO4)CC2)CC1)c1ccc(F)cc1
10.3,7.987162775294828,O=C(CCO)NC1CCC(CCN2CCN(c3nccc4occc34)CC2)CC1
6.5,8.187086643357144,O=S(=O)(NCCCCN1CCN(c2nsc3ccccc23)CC1)c1cc2ccc(Cl)cc2s1
586.0,6.23210238398191,CNC(=O)c1ccc2c(c1)CCOC2CCN1CCN(c2ccc(OC)cc2)CC1
118.0,6.928117992693875,COc1ccc2[nH]cc(-c3cc(O)n(CCCCN4CCC(c5c[nH]c6ccc(F)cc56)CC4)c3O)c2c1
29.63,7.528268348519949,O=C(CC1CCOCC1)NC1CCC(CCN2CCC(c3cccc4c3OCO4)CC2)CC1
13.0,7.886056647693163,O=C1NCc2cc(F)c(OCCCCN3CCN(c4cccc5ccccc45)CC3)cc21
1.2,8.920818753952375,CNCc1cc(OCc2cc(F)ccc2F)n(Cc2ccc(Cl)cc2)n1
244.0,6.61261017366127,CCCC(C)Oc1cc2c(cc1OC)-c1c(OC)c(OC)cc3c1C(C2)N(C)CC3
31.1,7.507239610973162,CC(C)CC(=O)NC1CCC(CCN2CCC(c3cccc4c3CCO4)CC2)CC1
1670.0,5.777283528852417,c1cc(COCC2CCOCC2)c2c(n1)N1CCNCC1CC2
0.37,9.431798275933005,O=C(NC1CCC(CCN2CCN(c3nsc4ccccc34)CC2)CC1)OCc1ccccc1
3.1,8.508638306165727,Nc1ccccc1C(=O)CCCN1CCC2C(C1)c1cccc3c1N2CCCC3
102.0,6.991399828238082,Cc1ccc2c(c1C)N1C(C)CNCC1C2
1.9,8.721246399047171,Cn1cnc2c1CCCN(CCN1CCC(c3noc4ccccc34)CC1)C2=O
23.85,7.622511616623867,CC(=O)NC1CCC(CCN2CCC(c3cccc4c3OCO4)CC2)CC1
44.3,7.3535962737769305,Clc1ccc2[nH]cc(C3=CCCNC3)c2c1
58.0,7.236572006437063,CN1CCN2c3nccc(CCC(F)(F)F)c3CCC2C1
12.0,7.920818753952375,CCc1cc(-c2ccoc2)nc(N2CCN(C)CC2)n1
703.0,6.153044674980176,CCc1cc(C)c2c(c1)C1CNCC1NC2=O
36.655,7.435866776157895,CC(N)Cn1ccc2cc(F)c(Cl)cc21
78.8,7.103473782510445,COc1cccc2[nH]nc(C3=CCCNC3)c12
42.0,7.376750709602099,CN(C1CCN(CCOc2ccccc2-c2ccccc2)CC1)S(=O)(=O)c1ccccc1
383.0,6.416801226031377,C=CCOc1cc2c(cc1OC)-c1c(OC)c(OC)cc3c1C(C2)N(C)CC3
52.0,7.2839966563652006,O=S(=O)(c1ccc(F)cc1)N1CCC(CCc2ccc(F)cc2F)CC1
5.2,8.2839966563652,Fc1ccc2c(C3CCN(CCCOc4ccc(CN5CCOCC5)c(F)c4)CC3)noc2c1
0.75,9.1249387366083,CC(C)C(=O)NC1CCc2ccc(CCN3CCN(c4nsc5ccccc45)CC3)cc21
10590.0,4.975104039892515,O=C(NC1CCNCC1)c1ccn(S(=O)(=O)c2cccc(Cl)c2)c1-c1cccc(F)c1
0.126,9.899629454882437,CC(C)Oc1ccc(COC(=O)N(Cc2ccc(F)cc2F)C2CCN(C)CC2)cc1
112.0,6.950781977329818,Cc1cc(OCCCCN2CCN(c3ccccc3C#N)CC2)c2c(C)cc(=O)oc2c1
23.75,7.624336386039115,N#CCCC(=O)NC1CCC(CCN2CCC(c3noc4cc(Cl)ccc34)CC2)CC1
27.9,7.554395796726403,O=C(CC1COCCO1)NC1CCC(CCN2CCC(c3cccc4c3CCO4)CC2)CC1
0.1,10.0,CN1CCC(N(Cc2ccc(F)cc2F)C(=O)OCc2ccc(OC(C)(C)C)cc2)CC1
3.0,8.522878745280337,CNCc1cc(OCc2cc(Cl)ccc2F)n(CC2CC2)n1
397.0,6.401209493236885,NCCCN1c2ccccc2CCc2ccccc21
28.74,7.541513236201793,O=C(NC1CCC(CCN2CCN(c3cccc4c3OCO4)CC2)CC1)c1ccc(F)cc1
81.14,7.090764996631693,Clc1cccc(COc2cncc(N3CCNCC3)n2)c1
10.735,7.9691979512277324,COc1cc(S(=O)(=O)C(F)F)c(OC)cc1CCN
275.21000000000004,6.5603357896737515,COc1ccccc1N1CCN(CCCN2C(=O)COc3ccccc32)CC1
36.7,7.43533393574791,CCc1c(Cc2ccccc2)cnc2c1CCC1CNCCN21
739.0,6.131355561605174,OC(CCCN1CCCCC1)(c1ccccc1)c1ccccc1
501.19,6.299997602857746,COc1ccc(N2Cc3ccc(Cl)c(Cl)c3C2=O)cc1OCCN1CCC(C)CC1
197.0,6.705533773838407,Cc1cc(OCc2nc(N)nc(N3CCN(C)CC3)n2)ccc1Cl
344.0,6.46344155742847,COc1ccccc1N1CCN(CCCCNc2nc(N)nc(NCCc3c[nH]c4ccccc34)n2)CC1
15.7,7.804100347590766,CC(C)CC(=O)NC1CCC(CCN2CCN(c3nccc4c3CCO4)CC2)CC1
158.49,6.799998134593398,CC(N)Cn1ccc2c(F)cccc21
0.53,9.275724130399212,CCOC(=O)NC1CCC(CCN2CCN(c3nsc4ccccc34)CC2)CC1
13.0,7.886056647693163,Nc1nc(N)nc(NCCCCCCN2CCN(c3cccc(Cl)c3Cl)CC2)n1
6.2,8.207608310501746,Cc1c(Cl)ccc2c1N1CCNCC1C2
0.728,9.137868620686962,CCC(CO)NC(=O)C1C=C2c3cccc4[nH]cc(c34)CC2N(C)C1
45.855000000000004,7.33861330221823,O=C(CCCN1CCN(c2ccc(Cl)cn2)CC1)c1ccc(F)cc1
206.71,6.684638513020665,O=C(CN1CCN(CCCc2c[nH]c3ccc(F)cc23)CC1)N(c1ccccc1)C1CCCCC1
50.6,7.295849483160201,CC(C)(C)C(=O)NC1CCC(CCN2CCC(c3cccc4c3CCO4)CC2)CC1
0.251,9.600326278518962,CC(C)COc1ccc(COC(=O)N(Cc2ccc(F)cc2)C2CCN(C)CC2F)cc1
2.2,8.657577319177793,O=C(NC1CCC(CCN2CCC(c3cccc4occc34)CC2)CC1)C1CCOCC1
1904.0,5.720333055951545,O=S(=O)(c1cncc2ccccc12)N1CCCC1CCN1CC=C(c2c[nH]c3ccc(Cl)cc23)CC1
396.0,6.402304814074488,O=C1c2ccc(Cl)cc2CC2CNCCN12
21.62,7.665144310382709,CN(C)S(=O)(=O)NC1CCC(CCN2CCN(c3cccc4c3OCO4)CC2)CC1
11.875,7.925366381703096,COc1cc(SCCCF)c(OC)cc1CCN
1.6,8.795880017344075,CCN(CCN1CCC(c2noc3cc(F)ccc23)CC1)C(=O)C1(O)CCCN(C(C)=O)C1
11.8,7.928117992693875,O=C(CC1COCCO1)NC1CCC(CCN2CCN(c3nccc4c3CCO4)CC2)CC1
0.94,9.0268721464003,CNCc1cc(OCc2ccc(F)cc2C)n(C(C)C2CCCCC2)n1
115.0,6.939302159646388,CCC(Sc1cccc(Cl)c1Cl)c1nc(N)nc(N2CCNCC2)n1
1.2,8.920818753952375,Cn1ccc2c1CCCN(CCN1CCN(c3nsc4ccccc34)CC1)C2=O
6.31,8.199970640755867,Cn1ncc(Br)c1-c1cc(NC(=O)Nc2ccc(Cl)cc2)ccc1OCCc1ccccc1
3.5,8.455931955649724,CCN(C)CCc1c(-c2ccc(Cl)cc2)[nH]c2ccccc12
156.0,6.806875401645538,O=S(=O)(c1cncc2ccccc12)N1CCC(CCN2CCN(c3ccc(F)cc3)CC2)CC1
216.0,6.665546248849069,COc1cccc(-c2ccc(CNCCc3c[nH]c4ccc(OC)cc34)o2)c1
3.16,8.500312917381596,CC(C)Oc1ccc(COC(=O)N(Cc2ccc(F)cc2F)C2CCN(CC(C)(C)C(=O)O)CC2)cc1
398.11,6.399996913372259,COc1ccc2c(c1)Cc1ccn(CC(C)N)c1-2
32360.0,4.489991487059766,NC(=O)N1CCN(c2cccc(Cl)c2)CC1
0.31,9.508638306165727,Cn1ncc(Cl)c1-c1cc(NC(=O)Nc2cc(F)cc(F)c2)ccc1OCCN1CCOCC1
3.85,8.414539270491499,Cc1c(OCCCCN2CCN(c3cccc4cccc(F)c34)CC2)ccc2c1C(=O)NC2
1.096,8.96018944585165,O=S(=O)(NC1CCN(CCCc2noc3ccccc23)C1)c1csc2ccccc12
17.0,7.769551078621726,CN1CCN2c3c(cccc31)C1CCN(CCCC(=O)c3ccc(F)cc3)CCC12
5.67,8.246416941107093,Cc1cnc(N2CCN(CCC3CCC(NC(=O)C4CCOCC4)CC3)CC2)c2ccoc12
0.126,9.899629454882437,CC(C)COc1ccc(COC(=O)N(Cc2ccc(F)cc2)C2CCN(C)CC2)cc1
919.0,6.036684488613889,COc1ccc(OC)c(CCCN(CCc2ccc(OC)c(OC)c2)CCc2ccc3c(c2)OCO3)c1
1000.0,6.0,COc1cc2c(cc1C(F)(F)F)N(C(=O)Nc1cccnc1)CC2
13.0,7.886056647693163,O=S(=O)(c1cncc2ccccc12)N1CCCC1CCN1CCN(c2nsc3ccccc23)CC1
355.0,6.449771646944906,CC(Oc1cc(Cl)ccc1Cl)c1nc(N)nc(N2CCN(C)CC2)n1
4200.0,5.376750709602099,Cc1cccc(S(=O)(=O)NCCCN2CCN(c3noc4ccccc34)CC2)c1
62.4,7.204815410317576,O=C(NCC=CCN1CCN(c2cccc(Cl)c2Cl)CC1)c1ccc(-c2ccccn2)cc1
1.3,8.886056647693163,O=C(CCCN1CCC2C(C1)c1cccc3c1N2CCS3)c1ccc(F)cc1
108.0,6.966576244513051,O=C1c2cc(C(F)(F)F)ccc2CC2CNCCN12
3.3,8.481486060122112,Cc1cc2c(cn1)C(=O)N(CCN1CCN(c3noc4ccccc34)CC1)CC2(C)C
966.0,6.015022873584506,COc1cc2c(cc1OC)-c1c(OC)c(OC)cc3c1C(C2)N(C)CC3
1698.0,5.770062314092066,CCn1cncc1-c1c[nH]c2ccc(F)c(F)c12
707.95,6.149997413907539,C=CCN(CC=C)CCc1c[nH]c2ccccc12
5.41,8.26680273489343,O=C1NCc2ccc(OCCCN3CCN(c4cccc5cc(F)ccc45)CC3)c(F)c21
3981.07,5.40000018605658,COc1ccc(N2CCN(c3ccccc3Cl)C2=O)cc1OCCN1CCCCC1
13.1,7.882728704344236,Cc1nc2c(o1)C(=O)N(CCN1CCC(c3noc4ccccc34)CC1)CCC2
1.3,8.886056647693163,CNCc1cc(OCc2cc(F)ccc2F)n(Cc2ccc(F)cc2)n1
58.5,7.232844133917819,Cc1cc2c(c(N3CCN(CCC4CCC(NC(=O)C5CCOCC5)CC4)CC3)n1)CCO2
1034.0,5.985479461242076,CCOc1cccc2c1CC1CNCCN1C2=O
50.1,7.300162274132754,CC(C)COc1ccc(CC(=O)N(Cc2ccc(Cl)cc2F)C2CCN(C)CC2)cc1
398.11,6.399996913372259,CCc1cc2c(cc1Cl)N(C(=O)Nc1cccnc1)CC2
18.0,7.7447274948966935,CNCCCC12CCC(c3ccccc31)c1ccccc12
2.6,8.585026652029182,O=C(CCCN1CCN(c2cccc(Cl)c2Cl)CC1)Nc1ccn2ncc(C=NO)c2c1
14.99,7.824198367151721,O=C(CO)NC1CCC(CCN2CCC(c3noc4cc(Cl)ccc34)CC2)CC1
140.0,6.853871964321762,COc1ccc(Cn2nnc(C(=O)NCCCCN3CCN(c4ccccc4OC)CC3)c2C)cc1
0.2,9.698970004336019,CNCc1cc(OCc2ccc(F)cc2F)n(CC2CCCC2)n1
4800.0,5.318758762624412,O=C(O)c1cc(-c2ccc(C3CCCNCC3)cc2)c2ccc(-c3ccc(C(F)(F)F)cc3)cc2c1
23.9,7.621602099051862,CN(C)C(=O)CCC(=O)NC1CCC(CCN2CCN(c3nccc4c3CCO4)CC2)CC1
1.1,8.958607314841775,CCC(=O)NC1CCC(CCN2CCN(c3nsc4ccccc34)CC2)CC1
97.0,7.013228265733755,CC(O)C(=O)N(CC#N)CCN1CCC(c2noc3cc(F)ccc23)CC1
1.4,8.853871964321762,COc1cc2c(cn1)CCN(CCN1CCN(c3nsc4ccccc34)CC1)C2=O
1450.0,5.838631997765025,O=C(NC1CCC(CCN2CCN(c3cccc(C(F)(F)F)n3)CC2)CC1)c1ccnc2ccccc12
460.0,6.337242168318426,O=C(NC1CCN(Cc2ccccc2)C1)c1cccc(-c2cccs2)c1
369.655,6.4322034151049765,CC(=O)Nc1ccc(CCCCN2CCN(c3ccccn3)CC2)cc1
787.72,6.103628127770024,O=C(CCCN1CCc2ccccc2C1)c1ccc(O)cc1
7.86,8.104577453960593,O=C(NC1CCC(CCN2CCC(c3noc4cc(F)c(F)cc34)CC2)CC1)C1CCOCC1
1400.0,5.853871964321762,CC1SC(c2ccccc2O)=NC1Cc1c[nH]cn1
2.3,8.638272163982407,Cc1cnc2c(c1)CCN(CCN1CCN(c3noc4ccccc34)CC1)C2=O
0.2,9.698970004336019,CCN(CCN1CCC(c2noc3cc(F)ccc23)CC1)C(=O)C(C)(C)CO
5.248,8.280006173632396,O=S(=O)(NC1CCN(CCCc2noc3ccccc23)C1)c1ccc(F)c(Cl)c1
1.3,8.886056647693163,CNCc1cc(OCc2cc(F)c(F)cc2F)n(CC2CCCC2)n1
2564.0,5.59108197915322,COc1cc2oc(C(=O)N(CCCN3CCCCC3)c3ccccc3)c(C)c2cc1OC
3030.0,5.518557371497695,COc1ccccc1N1CCN(CC(F)CCNC(=O)c2cc3ccccc3s2)CC1
910.0,6.040958607678906,CCNCc1ccc(Cl)c(-c2ccccc2OC)c1
126.0,6.899629454882437,COc1ccc(CN(C(=O)Cc2ccc(OCC(C)C)cc2)C2CCN(C)CC2)c(Cl)c1
72.2,7.141462802430361,CC(=O)Nc1ccc(OCC(O)CN2CCC(c3noc4cc(F)ccc34)CC2)cc1
2.0,8.698970004336019,CCN(CCN1CCC(c2noc3cc(F)ccc23)CC1)C(=O)C(C)O
501.19,6.299997602857746,COc1ccc(N2Cc3c(c4ccccc4n3C)C2=O)cc1OCCN1CCCCC1
42.11,7.375614758579735,COC(C(=O)NC1CCC(CCN2CCN(c3cccc4c3OCO4)CC2)CC1)C(C)C
65.0,7.187086643357144,CN(C)CCc1c[nH]c2ccccc12
25.3,7.5968794788241825,O=C(CO)NC1CCC(CCN2CCC(c3cccc4c3CCO4)CC2)CC1
1000.0,6.0,COc1ccc(NS(=O)(=O)c2sc3ccc(Cl)cc3c2C)cc1N1CCN(C)CC1
0.69,9.161150909262744,FC1CCNCC1c1c(-c2ccccc2)[nH]c2c(Cl)cccc12
5.1,8.292429823902063,Fc1ccc2c(C3CCN(CCCOc4ccc(CN5CCCCC5)cc4)CC3)noc2c1
40.0,7.3979400086720375,CN(C)C1Cc2ccccc2C(c2cccc(Cl)c2)C1
125.89,6.900008766455316,COc1ccc(N2Cc3c(c4cc(Cl)ccc4n3C)C2=O)cc1OCCN1CCC(C)CC1
31.62,7.50003813440381,CC(C)n1nc(C(=O)NCC2CCN(CCc3ccccc3)CC2)c2ccccc21
2511.89,5.59999938302362,CSc1cc2c(cc1C(F)(F)C(F)(F)F)N(C(=O)Nc1cccnc1)CC2
220.0,6.657577319177793,Cc1cccc(OCCOCCN2CCN(CCc3ccccc3)CC2)c1C
2.6,8.585026652029182,CCn1cc(Cl)c(C(=O)N2CCN(CC(=O)c3ccc(F)cc3)CC2)n1
30.4,7.517126416391246,COC(C)CC(=O)NC1CCC(CCN2CCN(c3nccc4c3CCO4)CC2)CC1
33.3,7.47755576649368,CC(=O)NC1CCC(CCN2CCC(c3ccc(F)c4occc34)CC2)CC1
1.0,9.0,Cc1ccc2c(c1)c1c(n2C=Cc2ccccc2)CCN(C)C1
913.0,6.039529222465701,COc1cccc(NC(=O)NCCCN2CCCC(Cc3ccccc3)C2)c1
1995.26,5.700000503883016,Cc1ccc2c(OCCN3CCC(Cc4ccc5c(c4F)NC(=O)CO5)CC3)cc(F)cc2n1
5.2,8.2839966563652,CNCc1cc(OCc2ccccc2)n(C(C)C2CCCC2)n1
110.0,6.958607314841775,CC(C)NCCc1cccc2[nH]cc(S(=O)(=O)c3ccccc3)c12
0.3,9.522878745280337,O=S(=O)(c1cccc(F)c1)C1(F)CCN(CCc2ccc(F)cc2F)CC1
161.0,6.79317412396815,O=S(=O)(c1cncc2ccccc12)N1CCC(CCN2CCN(c3cccc(C(F)(F)F)c3)CC2)CC1
15.0,7.823908740944319,O=S(=O)(c1cccc2cnccc12)N1CCCC1CCN1CCN(c2nsc3ccccc23)CC1
0.1,10.0,CC(C)Oc1ccc(COC(=O)N(Cc2ccc(F)cc2)C2CCN(C)CC2F)cc1
865.0,6.062983892535185,Cn1cc(Br)c(C(=O)N2CCN(CC(=O)c3ccc(C(F)(F)F)cc3)CC2)n1
2.5,8.602059991327963,O=C(CCCN1CCC2C(C1)c1cccc3c1N2CCCS3)c1ccc(F)cc1
30.0,7.522878745280337,CCC(O)CC(=O)NC1CCC(CCN2CCN(c3nccc4c3CCO4)CC2)CC1
0.6,9.221848749616356,CCN(CCN1CCC(c2c[nH]c3cc(F)ccc23)CC1)C(=O)CCO
21.87,7.660151216962363,O=C(NC1CCC(CCN2CCC(c3noc4cc(Cl)ccc34)CC2)CC1)C(O)C(F)(F)F
240.0,6.619788758288394,Cc1cccc(N2CCN(CCCCNC(=O)c3ccccn3)CC2)n1
220.0,6.657577319177793,COc1ccc(N2CCN(CCC3OCCc4cc(C(N)=O)ccc43)CC2)cc1
0.51,9.292429823902063,O=C(c1ccc(F)cc1)C1CCN(CCc2cccc(I)c2)CC1
0.88,9.05551732784983,CNCc1cc(OCc2ccc(F)cc2Cl)n(C(C)C2CCCCC2)n1
84.0,7.075720713938118,O=C1c2c(cccc2C(F)(F)F)CC2CNCCN12
0.47,9.327902142064282,Cn1ncc2c1CCCC(CCN1CCN(c3nsc4ccccc34)CC1)C2=O
6.31,8.199970640755867,COc1ccc(CCc2ccccc2OCC(CN(C)C)OC(=O)CCC(=O)O)cc1
53.0,7.275724130399211,CSc1cc2c(cc1F)CCN2CC(C)N
0.5,9.301029995663981,CCN(CCN1CCC(c2noc3cc(F)ccc23)CC1)C(=O)C1CCC(O)CC1
18.5,7.732828271596986,COc1cc(CCNCc2ccc(C)cc2)c(OC)cc1Br
1272.0,5.8955128886876045,C#CCOc1c(OC)cc2c3c1-c1cc(NC(C)=O)ccc1CC3N(C)CC2
158.49,6.799998134593398,CCCc1ncccc1Oc1ccc(NC(=O)N2CCc3cc(C)c(Cl)cc32)cn1
1.83,8.73754891026957,O=C1NCc2ccc(OCCCCN3CCN(c4cccc5cccc(F)c45)CC3)cc21
238.0,6.623423042943488,O=S(=O)(c1cncc2ccccc12)N1CCCC1CCN1CC=C(c2c[nH]c3ccc(Cl)cc23)CC1
382.0,6.4179366370882915,CC(C)c1ccccc1OCCN1CCC(N(C)S(=O)(=O)c2ccc(F)cc2)CC1
0.53,9.275724130399212,N#Cc1ccccc1S(=O)(=O)C1CCN(CCc2ccc(F)cc2F)CC1
43.4,7.36251027048749,c1cc(CC2CCCCC2)c2c(n1)N1CCNCC1CC2
125.89,6.900008766455316,O=C(O)C1=CCCN(C2CCC3(Cc4ccccc4Cc4ccccc43)C2)C1
5.963,8.224535190654262,COc1cc(S(=O)(=O)CF)c(OC)cc1CCN
5400.0,5.267606240177032,O=c1ccc2c(N3CCN(CCCCOc4ccn5ncc(C=NO)c5c4)CC3)ccc(O)c2[nH]1
764.0,6.11690664142431,COc1ccccc1N1CCN(CCCCCCN2C(=O)c3ccccc3S2(=O)=O)CC1
36.8,7.434152181326482,Cc1cc2c(cc1OCCCCN1CCN(c3cccc4ccccc34)CC1)C(=O)NC2
152.0,6.818156412055227,O=S(=O)(c1cccc2ncccc12)N1CCC(CCN2CCN(c3ccc(Cl)cc3)CC2)CC1
25.01,7.601886308269497,CCC(C)C(=O)NC1CCC(CCN2CCC(c3cccc4c3OCO4)CC2)CC1
9.9,8.00436480540245,CCN(CCN1CCC(c2noc3cc(F)ccc23)CC1)C(=O)C1NCCC1O
760.0,6.119186407719209,CN(C)C1Cc2ccccc2C(c2ccccc2Br)C1
493.0,6.30715308072277,O=C1c2cccc3cccc(c23)N1CCCCCCN1CCN(c2ccc(Cl)c(Cl)c2)CC1
14.0,7.853871964321762,Nc1cccc(-c2ccc(CCN3CCN(c4cccc5cccnc45)CC3)cc2)n1
2.8,8.55284196865778,O=c1c2ncccc2ccn1CCN1CCC(c2noc3cc(F)ccc23)CC1
1825.0,5.738737131207507,CCCN1CCC(COc2nc3c(I)cccc3c3ncccc23)CC1
1615.905,5.791584175237514,COc1ccc2c3ccnc(C)c3n(CCN(C)C)c2c1
77.81,7.108964584684689,COc1cc(SSC(F)(F)F)c(OC)cc1CCN
0.6,9.221848749616356,CNC(C)c1cc(OCc2cc(F)ccc2F)n(CCC2CCCC2)n1
19.95,7.700057099977233,O=C(O)CC1CCN(C2CCC3(Cc4ccccc4Cc4ccccc43)C2)C1
10.2,7.991399828238082,FC1CCNCC1c1c(-c2ccccc2)[nH]c2ccc(Cl)cc12
50.0,7.301029995663981,Fc1ccc(CCCCN2CCN(c3ccccn3)CC2)cc1
9.6,8.017728766960431,O=C(c1ccccc1)C1CCN(CCc2ccccc2)CC1
77.0,7.113509274827518,O=C1c2ncccc2CCN1CCN1CCN(c2noc3cc(Cl)ccc23)CC1
1156.0,5.93704216591549,COc1cc2c(cc1OCCF)CC1c3c(cc(OC)c(OC)c3-2)CCN1C
13.0,7.886056647693163,Cc1ccc2c(c1)Oc1cc(F)ccc1C(N1CCN(CC3(C(=O)O)CC3)CC1)=N2
3162.28,5.499999678657065,CC(=O)c1cc2c(cc1C(F)(F)F)N(C(=O)Nc1cccnc1)CC2
316.23,6.499996931948306,CCNC(=O)Nc1cccc(CCN2CCN(c3cccc4nc(C)ccc34)CC2)c1
107.0,6.97061622231479,CCc1[nH]c(N)nc1-c1cn(S(=O)(=O)c2ccccc2)c2ccccc12
4.6,8.337242168318426,CN1CCN2c3c(cccc31)C1CN(CCCC(=O)c3ccc(F)cc3)CCC12
35.7,7.447331783887806,O=C(CCO)NC1CCC(CCN2CCN(c3nccc4c3CCO4)CC2)CC1
190.0,6.721246399047171,O=S(=O)(c1ccc(F)cc1)N1CCC(O)(CCc2ccc(F)cc2F)CC1
2344.23,5.6299997805248845,COc1cc2c(cc1OC)C(=O)CC(CN1CCN(c3ccccc3OC)CC1)C2
0.31,9.508638306165727,CC(=O)N1CCC(C)c2cc(Cl)cc(CCN3CCN(c4nsc5ccccc45)CC3)c21
243.0,6.614393726401688,O=C(NCCCCN1CCN(c2cccc(F)c2)CC1)c1[nH]nc2ccccc12
18.0,7.7447274948966935,O=S(=O)(c1cccc2cnccc12)N1CCCC1CCN1CCN(c2nsc3ccccc23)CC1
16.2,7.790484985457369,CC1CN(CCC2CCC(N3C(=O)CC4(CCCC4)CC3=O)CC2)CCc2ccc(Cl)cc21
11.0,7.958607314841775,CCc1nn(CC(C)N)c2c1ccc1occc12
104.86,6.979390146622295,Clc1cccc(COc2cncc(N3CCNCC3)n2)c1
672.0,6.172630726946175,CN1CCc2cccc3c2C1Cc1ccc(N)cc1-3
63.1,7.199970640755866,Cc1ncccc1Oc1ccc(NC(=O)N2CCc3c2cc(Cl)c(C)c3Cl)cn1
15.0,7.823908740944319,Cc1cccc(N2CCN(CCCCNC(=O)c3cc4ccccc4cn3)CC2)c1
1.7,8.769551078621726,CCN(CCN1CCC(c2noc3cc(F)ccc23)CC1)C(=O)CO
435.0,6.361510743045363,O=c1c(-c2ccc(F)cc2)c2ccccn2c(=O)n1CCCCN1CCCC(c2c[nH]c3ccccc23)C1
10.0,8.0,CC(N)Cn1ccc2c(Cl)c(F)ccc21
42.0,7.376750709602099,COc1ccc2[nH]c(C)c(CCNCc3ccc(-c4ccc(O)cc4)o3)c2c1
1.3,8.886056647693163,CCc1ncc2c(n1)CCN(CCN1CCN(c3nsc4ccccc34)CC1)C2=O
18.0,7.7447274948966935,Cn1cc(Br)c(C(=O)N2CCN(CCc3ccccc3F)CC2)n1
3000.0,5.522878745280337,COCC1CCCN1CCc1c(-c2ccccc2)[nH]c2ccccc12
1040.0,5.982966660701219,O=C1c2c(cc(Cl)cc2C(F)(F)F)C2CNCCN12
5011.87,5.300000202445418,CC(C)Sc1cc2c(cc1C(F)(F)F)N(C(=O)Nc1cccnc1)CC2
2940.0,5.531652669587842,N#Cc1cccc(NC(=O)NCCCN2CCCC(Cc3ccccc3)C2)c1
31.5,7.501689446210399,O=C(NC1CCC(CCN2CCC(c3cccc4c3CCO4)CC2)CC1)c1ccc(Cl)cc1Cl
900.0,6.045757490560675,COc1ccc(N(CCCCN2CCC(O)(c3ccc(Cl)c(C(F)(F)F)c3)CC2)c2ccc(OC)cc2)cc1
8.906500000000001,8.050292927760191,O=C(CCCN1CCCN(c2ccc(Cl)cn2)CC1)c1ccc(F)cc1
5.012,8.299988937677888,CCCc1cccc2c1CCC1CNCCN21
22.8,7.642065152999546,CC=CCC(=O)NC1CCC(CCN2CCN(c3nccc4c3CCO4)CC2)CC1
2.2,8.657577319177793,COc1cccc(C(=O)Nc2ccc(OCCN)c(-c3ccnn3C)c2)c1
82.0,7.086186147616283,O=S(=O)(c1cncc2ccccc12)N1CCCC1CCN1CCN(c2cccc3[nH]ccc23)CC1
3162.28,5.499999678657065,Cc1ccc2c(OCCN3CCC(Cc4ccc5c(c4)NC(=O)CO5)CC3)cccc2n1
4.3,8.366531544420413,Nc1ccc2c(N3CCN(CCC4CCC(NC(=O)c5ccco5)CC4)CC3)nsc2c1
30.0,7.522878745280337,c1ccc(-c2c3c(nn2C2CC2)CCNCC3)cc1
506.0,6.295849483160201,Fc1cccc(Cc2ccnc3c2CCC2CNCCN32)c1
3162.28,5.499999678657065,CC(=O)Nc1ccc(CCN2CCC(COc3nc4ccccc4c4cn(C)cc34)CC2)cc1
12.63,7.898596649444669,O=C(CC1CCCCO1)NC1CCC(CCN2CCC(c3cccc4c3OCO4)CC2)CC1
8.913,8.049976093476673,Cc1c(S(=O)(=O)NC2CCN(CCCc3noc4ccccc34)C2)sc2ccc(Cl)cc12
0.6918,9.160019442321657,CC1CC(NS(=O)(=O)c2cc3ccccc3s2)CN1CCCc1noc2cc(F)ccc12
109.825,6.959298788062642,CC1CC2(C)CC(=O)C1c1c2c(O)n(OCCCN2CCN(c3cccc(Cl)c3)CC2)c1O
217.42,6.662700508593203,CCN(CC)CCOC(=O)C(Cc1cccc2ccccc12)CC1CCCO1
491.0,6.308918507877031,CC1N=C(NCC(F)F)Nc2cccc(Cl)c21
43.0,7.366531544420414,CCc1ccc2c(c1OC)C(=O)N1CCNCC21
163.5,6.786482243003695,Cc1ccccc1-c1cccc2c1N1CCNCCC1C2
1070.0,5.97061622231479,CCCc1cc2c(c(C(F)(F)F)c1)C(=O)N1CCNCC21
126.0,6.899629454882437,O=C1c2ccccc2S(=O)(=O)N1CCCCCN1CCN(c2cccc(Cl)c2Cl)CC1
25.12,7.599980364934842,COc1cc2c(cc1NS(=O)(=O)c1ccc(-c3ccc(Cl)cc3)cc1)CCN(C)CC2
1.5,8.823908740944319,CCN(CCN1CCC(n2ncc3cc(F)ccc32)CC1)S(=O)(=O)C(C)CO
7943.0,5.100015437450609,CCC(=O)Nc1nc(-c2cn(S(=O)(=O)c3ccccc3)c3ccc(F)cc23)c(C)[nH]1
287.0,6.542118103266008,CCCCC(Oc1cc(Cl)cc(Cl)c1)c1nc(Nc2ccccc2)nc(N2CCN(C)CC2)n1
239.0,6.621602099051862,CCCCCOc1cc2c(cc1OC)-c1c(OC)c(OC)cc3c1C(C2)N(C)CC3
318.0,6.497572880015567,C=CCOc1c(OC)cc2c3c1-c1cc(N(C)C)ccc1CC3N(C)CC2
254.0,6.5951662833800615,NCC1CC1c1ccc(F)cc1Cl
24.0,7.619788758288394,Nc1nc(N)nc(NCCCCN2CCN(c3cccc(Cl)c3Cl)CC2)n1
1.3,8.886056647693163,Cn1cnc2c1C(=O)N(CCN1CCN(c3nsc4ccccc34)CC1)CCC2
1100.0,5.958607314841775,COc1ccccc1N1CCN(CCCCOc2ccn3nccc3c2)CC1
11.13,7.953504835665291,COC(C)(C)C(=O)NC1CCC(CCN2CCN(c3cccc4c3OCO4)CC2)CC1
5.0,8.301029995663981,O=C(c1cc(Br)cn2ccnc12)N1CCN(CCc2ccc(F)cc2F)CC1
38.0,7.42021640338319,CN(C)CC1CC2c3ccccc3Oc3ccc(Br)cc3C2O1
72.0,7.142667503568732,O=C1NC2CNCC2c2ccc(Cl)c(Cl)c21
65.78,7.181906130853364,OCCN1CCN(c2nc(Nc3ccccc3F)c3ccccc3n2)CC1
0.28,9.55284196865778,Cn1ncc(Br)c1-c1cc(NC(=O)Nc2ccc(Cl)cc2)ccc1OCCN1CCCC1
0.2512,9.599980364934842,COc1ccc(NC(=O)Nc2cccc(Cl)c2)cc1-c1c(Br)cnn1C
813.0,6.089909454405932,COc1c(Cl)ccc2c1C(=O)N1CCNCC21
100.0,7.0,O=C(O)C1(O)CCN(C2CCC3(Cc4ccccc4Cc4ccccc43)C2)CC1
2.5,8.602059991327963,Cc1ccc(-c2nc(C3CCCC3)nc3c2CCNCC3)cc1
3000.0,5.522878745280337,COc1ccc2oc(C(=O)NCCC(F)CN3CCN(c4ccccc4OC)CC3)cc2c1
14390.0,4.841939206063395,COc1ccccc1NCCNc1nc(N)nc(NCCc2c[nH]c3ccccc23)n1
52.25,7.281913705216908,O=S(=O)(NC1CCC(CCN2CCC(c3cccc4c3OCO4)CC2)CC1)c1ccccc1
94.2,7.025949097207123,COc1cc(CC(C)N(C)C)c(OC)cc1Br
141.1,6.850472986245652,CC(=O)NCc1ccc(OCCCN2CCC(c3noc4cc(F)ccc34)CC2)cc1
1.26,8.899629454882437,Cc1c(OCCCCN2CCN(c3cccc4ccccc34)CC2)ccc2c1C(=O)NC2
63.05,7.2003149090909,Cc1cc2c(cc1I)N(C(=O)Nc1cccnc1)CC2
430.0,6.366531544420414,CC1CNCC2Cc3ccccc3N12
6.1,8.214670164989233,O=S(=O)(c1ccccc1Cl)N1CCC(CCc2ccc(F)cc2F)CC1
4.9,8.309803919971486,O=C(CCCN1CCN(c2cccc(Cl)c2Cl)CC1)Nc1ccn2nccc2c1
0.09,10.045757490560675,CN(C)CCc1sc2ccccc2c1Cc1ccc(F)cc1
13.21,7.879097182385473,COC1CCC(CC(=O)NC2CCC(CCN3CCC(c4noc5cc(F)c(F)cc45)CC3)CC2)C1
18.22,7.739451627363021,COC1(C(=O)NC2CCC(CCN3CCN(c4cccc5c4OCO5)CC3)CC2)CCCCC1
3280.0,5.484126156288321,COc1cccc2c1C(=O)N1CCNCC21
7.0,8.154901959985743,CCCCCCc1ccc2c(c1)Cc1ccccc1C2CN
0.28,9.55284196865778,CC1CC(=O)Nc2c(CCN3CCN(c4noc5ccccc45)CC3)cc(F)cc21
770.0,6.113509274827518,COc1ccccc1N1CCN(CCCCn2c(O)c3c(c2O)C2(OC(C)=O)CC(=O)C3C(C)(C)C2)CC1
71.0,7.1487416512809245,CN(C)C1Cc2ccccc2C(c2ccc(F)cc2)C1
150.0,6.823908740944319,COc1ccccc1N1CCN(CCCCNC(=O)c2nnn(Cc3ccccc3Br)c2C)CC1
399.0,6.399027104313252,Clc1ccc(-c2noc3c2CCNCC3)cc1
33.0,7.481486060122112,O=S(=O)(c1ccccc1)c1c[nH]c2cccc(CCN3CCCCCC3)c12
131.0,6.882728704344236,Clc1ccc2c(c1)N=C(N1CCNCC1)c1cccnc1O2
55.9,7.252588192113577,Cc1cc2c(cc1OCCCN1CCN(c3cccc4ccccc34)CC1)C(=O)NC2
199.53,6.699991797446187,COc1ccc(NC(=O)c2ccc(Br)c(C)c2)cc1N1CCN(C)CC1
794.33,6.0999990348465305,COc1ccc(C2CCN(c3ccc(Cl)c(Cl)c3)C2=O)cc1OCCN1CCCCC1
0.25,9.602059991327963,Cn1nccc1-c1cc(NC(=O)Nc2cccc(C(F)(F)F)c2)ccc1OCCN1CCCCC1
158.745,6.7992999448177605,CC(N)Cn1ccc2cc(F)ccc21
59.0,7.229147988357855,O=C1c2c(cccc2C(F)(F)F)C2CNCCN12
2200.0,5.657577319177793,CCCCOc1ccc(C2=NC(CO)C(C)S2)cc1
110.0,6.958607314841775,COc1ccccc1N1CCN(CCCCOc2ccn3ncc(C#N)c3c2)CC1
2790.0,5.554395796726403,CCOC12CCC(C(=O)C1)c1c2c(O)n(CCCCN2CCN(c3ccccc3OC)CC2)c1O
96.0,7.017728766960431,Cc1cc2c3c(c1Cl)C(C)CN3CCNC2
8.15,8.088842391260023,O=C(CC1COCCO1)NC1CCC(CCN2CCN(c3nccc4c3CCO4)CC2)CC1
10.2,7.991399828238082,NC1CC1c1c[nH]c2ccc(F)cc12
540.0,6.267606240177032,CN(C)CC1c2ccccc2Cc2ccccc21
1000.0,6.0,Cc1cccc(COc2ccc(NC(=O)N3CCc4cc(C)c(C(F)(F)F)cc43)cn2)n1
6528.0,5.185219854254195,CCc1cc(Cl)c2c(c1)C1CNCC1N(C)C2=O
63.1,7.199970640755866,CC(C)(CN1CCN(C2=Cc3ccccc3Cn3c(Cl)cnc32)CC1)C(=O)O
1140.0,5.943095148663527,FC(F)(F)CCc1ccnc2c1CCC1CNCCCN21
54.0,7.267606240177032,COCCC(=O)NC1CCC(CCN2CCN(c3cccc(Cl)c3Cl)CC2)CC1
8.1,8.09151498112135,COCCC(=O)NC1CCC(CCN2CCN(c3nccc4occc34)CC2)CC1
216.0,6.665546248849069,COc1cc2c(cc1OCc1ccccc1)CC1c3c(cc(OC)c(OC)c3-2)CCN1C
38.7,7.412289034981089,N#CCC(=O)NC1CCC(CCN2CCC(c3cccc4c3CCO4)CC2)CC1
34.3,7.464705879957229,CCC(=O)NC1CCC(CCN2CCC(c3cccc4c3CCO4)CC2)CC1
24.79,7.605723473232178,O=C(CCO)NC1CCC(CCN2CCC(c3noc4cc(F)c(F)cc34)CC2)CC1
2.14,8.669586226650809,O=C1c2cccnc2CCN1CCN1CCC(c2noc3ccccc23)CC1
1.9,8.721246399047171,O=C1CCc2ccc(OCCCCN3CCN(c4cc(F)cc5ccccc45)CC3)nc2N1
10.8,7.966576244513051,c1ccc(CCc2ccnc3c2CCC2CNCCN32)cc1
299.0,6.52432881167557,O=C1c2ccccc2S(=O)(=O)N1CCCCCCN1CCN(c2ccc(Cl)cc2)CC1
7.89,8.10292299679058,CC#CC(=O)NC1CCC(CCN2CCC(c3coc4ccccc34)CC2)CC1
64.0,7.1938200260161125,CC(=O)c1c(C)cc2oc(=O)cc(C)c2c1OCCCN1CCN(c2ccccc2C#N)CC1
45.33,7.3436142809413125,CN(C)C(=O)NC1CCC(CCN2CCN(c3cccc4c3OCO4)CC2)CC1
10.0,8.0,COc1ccc2c(c1)-c1c(ccn1CC(C)N)C2(C)C
691.0,6.1605219526258015,O=S(=O)(c1cncc2ccccc12)N1CCC(CCN2CCN(c3cccc(F)c3)CC2)CC1
236.0,6.627087997029894,OC1(c2ccc(Cl)cc2)CC2CCC(C1)N2CCCOc1ccc(F)cc1
892.0,6.049635145623877,CN1CCN(c2nc(N)nc(C(C)(C)Sc3ccccc3Cl)n2)CC1
70.0,7.154901959985743,Fc1ccc2c(C3CNCCC3F)c[nH]c2c1
95.0,7.022276394711152,COc1ccc2c(n1)C(=O)N(CCN1CCN(c3noc4ccccc34)CC1)CC2
1.24,8.906578314837764,COc1cccc(OC)c1CC(=O)N1CCC(C)c2cccc(CCN3CCN(c4nsc5ccccc45)CC3)c21
7.9715,8.098459949566498,CC(C)n1nc2c(c1-c1ccc(F)cc1)CCNCC2
8.4,8.075720713938118,Cc1ncc2c(n1)CCN(CCN1CCN(c3nsc4ccccc34)CC1)C2=O
4.3,8.366531544420413,O=C(c1cn2ccccc2n1)N1CCN(CCc2ccc(F)cc2F)CC1
45.9,7.338187314462739,CC#CC(=O)NC1CCC(CCN2CCC(c3cccc4c3CCO4)CC2)CC1
139.0,6.856985199745905,O=C1c2ccccc2S(=O)(=O)N1CCCCCN1CCN(c2ccc(Cl)cc2)CC1
350.0,6.455931955649724,COc1ccccc1N1CCN(CCCCOc2ccn3ncc(C=O)c3c2)CC1
0.13,9.886056647693163,O=C1CCc2ccc(OCCCCN3CCN(c4cccc(Cl)c4Cl)CC3)nc2N1
251.19,6.599997654072044,CC(=O)Nc1cccc(CCN2CCN(c3cccc4nc(C)ccc34)CC2)c1
0.4,9.397940008672037,CCN(CCN1CCC(c2noc3cc(F)ccc23)CC1)C(=O)C1CCC(O)CC1
1.16,8.935542010773082,COC(=O)NC1CCC(CCN2CCN(c3nsc4ccccc34)CC2)CC1
2196.0,5.658367664221946,O=c1n(CCCCCCN2CCN(c3cccc4cccnc34)CC2)nc2ccccn12
0.65,9.187086643357144,CC(C)C(=O)NC1CCc2cc(CCN3CCN(c4nsc5ccccc45)CC3)ccc21
3.0,8.522878745280337,Cc1ccc(C(=O)NC2CCc3ccc(CCN4CCN(c5nsc6ccccc56)CC4)cc32)cc1
53.4,7.272458742971444,O=C(CC(O)C(F)(F)F)NC1CCC(CCN2CCC(c3cccc4c3CCO4)CC2)CC1
20.0,7.698970004336019,CN(C)C1Cc2ccccc2C(C2CCCCC2)C1
236.0,6.627087997029894,OC1(c2ccc(Cl)cc2)CC2CCC(C1)N2CCCOc1ccc(F)cc1
233.0,6.632644078973981,CCOc1cccc(-c2cc(Cl)cc3c2N2CCNCCC2C3)c1
437.0,6.359518563029578,CCC(Oc1cc(Cl)cc(Cl)c1)c1nc(Nc2ccncc2)nc(N2CCN(C)CC2)n1
135.0,6.8696662315049934,O=C(NCCCCN1CCN(c2ccccc2)CC1)c1[nH]nc2ccccc12
22.9,7.640164517660112,Cc1ncc2c(n1)CCN(CCN1CCN(c3noc4ccccc34)CC1)C2=O
2000.0,5.698970004336019,COc1cc(C2CCCNC2)c(OC)cc1Br
9530.0,5.020907099361674,NCC1CC2c3ccccc3C1c1ccccc12
0.483,9.316052869248487,Fc1ccc2cccc(N3CCN(CCCCOc4ccc5c(c4)CNC5)CC3)c2c1
4.4,8.356547323513812,O=C1c2ncccc2CCN1CCN1CCC(c2noc3ccccc23)CC1
37.5,7.425968732272281,COc1ccc2c(c1)Oc1cc(Cl)ccc1N=C2N1CCN(CC(C)(C)C(=O)O)CC1
0.81,9.09151498112135,O=C(NC1CCC(CCN2CCN(c3nsc4ccccc34)CC2)CC1)c1ccc[nH]1
2200.0,5.657577319177793,CCCN(CCCCOc1ccn2ncc(C=O)c2c1)C1CCc2c(O)cccc2C1
103.0,6.987162775294828,C(=Cc1ccccc1)CN1CCN(C(c2ccccc2)c2ccccc2)CC1
797.0,6.098541678603888,CC(Oc1cc(C(F)(F)F)ccc1C(F)(F)F)c1nc(N)nc(N2CCN(C)CC2)n1
0.95,9.022276394711152,Cn1cnc2c1C(=O)N(CCN1CCC(c3noc4ccccc34)CC1)CC2
773.0,6.111820506081675,O=C1c2cccc3cccc(c23)N1CCCCCCN1CCN(c2cccc(C(F)(F)F)c2)CC1
7.77,8.109578981199085,O=C(NC1CCC(CCN2CCN(c3cccc4c3OCO4)CC2)CC1)C1(O)CC1
0.91,9.040958607678906,OC(c1ccc(F)cc1)C1CCN(CCc2ccccc2I)CC1
212.0,6.673664139071248,c1cc(CC2CCCCO2)c2c(n1)N1CCNCC1CC2
39.8,7.400116927926312,CC(C)Oc1ccc(C=CC(=O)N(Cc2ccc(F)cc2F)C2CCN(C)CC2)cc1
0.5,9.301029995663981,Nc1cc(F)ccc1C(=O)CCCN1CCC2C(C1)c1cccc3c1N2CCC3
13.0,7.886056647693163,CNCCCC1c2ccccc2Cc2ccccc21
0.5,9.301029995663981,COc1cc(CCNCc2ccccc2OC)c(OC)cc1Br
74400.0,4.128427064454121,CN(C)CCN1C(=O)c2ccccc2C=Cc2ccccc21
1.5150000000000001,8.819587367161676,O=S(=O)(NC1CCC(CCN2CCN(c3nsc4ccccc34)CC2)CC1)c1ccc(Cl)o1
12.7,7.896196279044043,O=C(c1ccc(F)cc1)C1CCN(Cc2cccc(I)c2)CC1
193.0,6.714442690992226,COc1ccc2c(c1)C1OC(CN(C)C)CC1c1ccccc1O2
3981.07,5.40000018605658,O=C(Nc1cccnc1)N1CCc2c(Cl)cccc21
1500.0,5.823908740944319,COc1ccccc1N1CCN(CCCCOc2ccc3c(C=O)cnn3c2)CC1
4.92,8.30803489723264,O=C(CO)NC1CCC(CCN2CCC(c3coc4ccccc34)CC2)CC1
630.96,6.199998172182031,CC(C)(C)c1cc2c(cc1Cl)N(C(=O)Nc1cccnc1)CC2
5988.0,5.222718208328986,COc1ccc(NC(=O)N2CCN(c3ccccc3Cl)CC2)cc1N1CCN(C)CC1
0.52,9.2839966563652,Cn1nc2c(c1C(F)(F)F)C(=O)N(CCN1CCN(c3nsc4ccccc34)CC1)CC2
2.512,8.599980364934842,COc1ccc(NC(=O)Nc2cccc(C(C)=O)c2)cc1-c1c(Br)cnn1C
380.0,6.42021640338319,CNCc1ccc(Cl)c(-c2ccccc2OC)c1
303.35,6.518056000719933,O=C1CCc2cc(OCCCN3CCN(c4ccccn4)CC3)ccc2N1
2.12,8.67366413907125,Cn1cc2c(n1)CCCN(CCN1CCC(c3noc4ccccc34)CC1)C2=O
0.38,9.42021640338319,CC(C)N(C(=O)NC1CCC(CCN2CCN(c3nsc4ccccc34)CC2)CC1)C(C)C
377.0,6.423658649794207,CCC(C)Oc1cc2c(cc1OC)-c1c(OC)c(OC)cc3c1C(C2)N(C)CC3
99.14,7.003751085430868,CC1CN(c2ccc(C(=O)NC3CCC(CCN4CCC(c5noc6ccc(F)cc56)CC4)CC3)cc2)CC(C)O1
199.53,6.699991797446187,CCc1ncccc1Oc1ccc(NC(=O)N2CCc3cc(C)c(Cl)cc32)cn1
168.0,6.774690718274137,O=C1NC2CCNCCN2c2cccc(Cl)c21
316.23,6.499996931948306,O=C(O)CCN1CCN(C2=Cc3ccccc3Cn3ccnc32)CC1
1.5,8.823908740944319,Cn1nc(Br)c2c1CCN(CCN1CCC(c3noc4ccccc34)CC1)C2=O
130.0,6.886056647693163,CN(C)C1Cc2ccccc2C(c2cccc(Cl)c2)C1
11.0,7.958607314841775,CN(C)CC1CC2c3ccccc3Oc3ccc(Cl)cc3C2O1
387.525,6.411700275062638,CC(N)Cc1c[nH]c2ccccc12
0.34,9.468521082957745,Cn1nccc1-c1cc(NC(=O)Nc2ccc(C(F)(F)F)cc2)ccc1OCCN1CCCCC1
199.53,6.699991797446187,CN1CCc2ccc(NS(=O)(=O)c3ccc(-c4ccc(Cl)cc4)cc3)cc2CC1
118.0,6.928117992693875,COc1ccccc1N1CCN(CCCCOc2ccc3c(c2)NC(=O)CO3)CC1
0.01,11.0,CCC(=O)NC1CCc2ccc(CCN3CCN(c4nsc5ccccc45)CC3)cc21
44.6,7.350665141287858,COc1cccc(Cc2c(N)nc(SCCN3CCN(Cc4cccc(C(F)(F)F)c4)CC3)nc2N)c1
11.22,7.950007143079858,O=C(NC1CCC(CCN2CCC(c3noc4ccc(F)cc34)CC2)CC1)c1ccc2c(c1)OCO2
5.7,8.244125144327509,CC1CN(C)c2cccc3c2N1C1CCN(CCCC(=O)c2ccc(F)cc2)CC31
676.0,6.170053304058364,COc1ccc2c(c1)c(-c1[nH]c(N)nc1C)cn2S(=O)(=O)c1ccccc1
0.36,9.443697499232712,C#CCN(CC)C(=O)C1C=C2c3cccc4[nH]cc(c34)CC2N(C)C1
2.3,8.638272163982407,CCCCCc1ccnc2c1CCC1CNCCN21
0.43,9.366531544420413,CCN(C)CCc1c(-c2ccc(F)cc2)[nH]c2ccccc12
12.0,7.920818753952375,O=S(=O)(c1cccc2ncccc12)N1CCCC1CCN1CCC(c2noc3cc(F)ccc23)CC1
0.6,9.221848749616356,CCN(CCN1CCC(c2noc3cc(F)ccc23)CC1)C(=O)C(O)C(F)(F)F
5.3,8.275724130399212,Cc1nccc2c1C(=O)N(CCN1CCN(c3noc4ccccc34)CC1)CC2
251.0,6.600326278518962,CC(C)COc1ccc(CC(=O)N(Cc2ccc(Cl)cc2Cl)C2CCN(C)CC2)cc1
2.89,8.539102157243452,O=C(NC1CCC(CCN2CCN(c3nsc4ccccc34)CC2)CC1)c1sccc1Br
39.81,7.400007822415902,Cc1cc2c(cc1C(F)(F)F)N(C(=O)Nc1cnc(OCc3ccccn3)c(C)c1)CC2
4.69,8.328827157284916,O=C(NC1CCC(CCN2CCN(c3cccc4c3OCO4)CC2)CC1)C1(O)CCCCC1
31.6,7.5003129173815966,CC(C)Oc1ccc(C(OC(=O)N(Cc2ccc(F)cc2)C2CCN(C)CC2)C(F)(F)F)cc1
146.0,6.835647144215563,COc1ccc(CCN(CCCc2cc(OC)c(OC)c(OC)c2)CCc2ccc3c(c2)OCO3)cc1OC
3162.28,5.499999678657065,Cc1ncccc1Oc1ccc(NC(=O)N2CCc3c2ccc(Cl)c3Cl)cn1
5390.0,5.268411234813262,Clc1ccc(-c2ccnc3c2CCC2CNCCN32)nc1
325.0,6.488116639021126,O=c1c(-c2ccccc2F)c2n(c(=O)n1CCCCN1CCCC(c3c[nH]c4ccccc34)C1)CCCC2
19.04,7.720333055951545,O=C(NC1CCC(CCN2CCC(c3cccc4c3OCO4)CC2)CC1)C1(C(F)(F)F)CC1
185.0,6.732828271596986,COc1ccc(CCN(CCCc2ccc(F)cc2)CCc2ccc3c(c2)OCO3)cc1OC
25.1,7.600326278518962,CC(C)COc1ccc(COC(=O)N(Cc2ccc(F)cc2F)C2CCN(C)CC2)cc1
1000.0,6.0,COc1ccc2c(c1)c1c(n2C)CN(c2ccc(OC)c(OCCN3CCCCC3)c2)C1=O
0.24,9.619788758288394,COCC(=O)NC1CCC(CCN2CCN(c3nsc4ccccc34)CC2)CC1
23.44,7.630042392653947,O=C1CC(CN2CCC(c3noc4cc(F)ccc34)CC2)Cc2ncncc21
1.5,8.823908740944319,O=S(=O)(NCCCCN1CCN(c2nsc3ccccc23)CC1)c1ccc2ccccc2c1
840.0,6.075720713938118,N#CCCc1ccnc2c1CCC1CNCCN21
1500.0,5.823908740944319,COCCOCCOc1ccc(NC(=O)NCCCN2CCN(c3ccccc3OC)CC2)c(-c2ccccc2)c1
0.12,9.920818753952375,Fc1ccc(-c2[nH]c3cc(F)ccc3c2C2CNCCC2F)cc1
2400.0,5.619788758288394,O=C(OCCN1CCCC1)N1c2ccccc2Sc2ccccc21
23.1,7.636388020107856,CCCC(=O)NC1CCC(CCN2CCN(c3nccc4c3CCO4)CC2)CC1
4490.0,5.347753658996677,NCC1c2ccccc2-c2ccccc21
11.0,7.958607314841775,COc1ccc(-c2nc(C3CCCC3)nc3c2CCNCC3)cc1
540.0,6.267606240177032,O=C1c2cccc3cccc(c23)N1CCCCCCN1CCN(c2ccccc2Cl)CC1
5.9,8.229147988357855,O=C(NC1CCC(CCN2CCN(c3nccc4c3CCO4)CC2)CC1)C1CCOCC1
25.0,7.6020599913279625,O=S(=O)(NCCCN1CCN(c2nsc3ccccc23)CC1)c1ccc(Cl)c(Cl)c1
324.0,6.489454989793388,CN1CCN2c3c(cccc31)C1CN(CCCC(=O)c3ccc(F)cc3)CCC12
2.68,8.57186520597121,O=C1NCc2cc(F)c(OCCCN3CCN(c4cccc5ccc(F)cc45)CC3)cc21
100.0,7.0,O=C(Nc1cccnc1)N1CCc2cc(I)c(Cl)cc21
0.59,9.229147988357855,O=C1c2c[nH]nc2CCN1CCN1CCC(c2noc3ccccc23)CC1
9.3,8.031517051446064,Cc1cc(C(=O)N2CCN(CC(=O)c3ccc(F)cc3)CC2)nn1C(C)(C)C
3.2,8.494850021680094,O=C1c2cnccc2C2(CC2)CN1CCN1CCN(c2noc3ccccc23)CC1
23.5,7.628932137728263,O=CNC1CCC(CCN2CCN(c3nccc4c3CCO4)CC2)CC1
11.5,7.939302159646388,Cc1cccc2[nH]cc(C3=CCCNC3)c12
0.079,10.102372908709558,c1ccc2c(c1)nnn2CCCCN1CCN(c2nsc3ccccc23)CC1
1.6,8.795880017344075,CNCc1cc(OCc2cc(F)ccc2F)n(CC2(F)CCCCC2)n1
2.7,8.568636235841012,CCN(CCN1CCC(c2noc3cc(F)ccc23)CC1)S(=O)(=O)CCO
260.0,6.585026652029182,CCCCCCCCCOc1ccc2[nH]cc(CCN)c2c1
1636.0,5.786216700664696,CN(C)CCC(c1ccccc1)c1ccccc1
3.79,8.421360790031928,CC(=O)c1ccc(C(=O)NC2CCC(CCN3CCN(c4nsc5ccccc45)CC3)CC2)o1
2.0,8.698970004336019,Oc1c2c(c(O)n1CC1CCCCC1CN1CCN(c3nsc4ccccc34)CC1)C1CCC2C1
50.0,7.301029995663981,O=C(NCCCCN1CCN(c2ccccc2)CC1)C1CCc2ccccc2N1
3.3,8.481486060122112,CN1CCN2c3c(cccc31)C1CN(CCCc3noc4ccccc34)CCC12
13.0,7.886056647693163,CCc1cc2c(ccc3cnn(CC(C)N)c32)o1
11.0,7.958607314841775,O=C(NCCCCN1CCN(c2cccc(F)c2)CC1)c1cc2ccccc2cn1
14.96,7.825068406471558,O=C(CCC(F)(F)F)NC1CCC(CCN2CCC(c3coc4ccccc34)CC2)CC1
3.1,8.508638306165727,Cc1nc2c(o1)C(=O)N(CCN1CCN(c3nsc4ccccc34)CC1)CC2
191.0,6.718966632752273,O=C(c1ccc(F)cc1)C1CCN(Cc2ccccc2I)CC1
1230.0,5.910094888560602,COc1ccc2c(c1)c(-c1[nH]c(NCC(F)F)nc1C)cn2S(=O)(=O)c1ccccc1
0.8,9.096910013008056,O=C(c1nn2ccccc2c1Br)N1CCN(CCc2ccc(F)cc2F)CC1
1331.0,5.875821944525325,C#CCOc1c(OC)cc2c3c1-c1cc(NS(C)(=O)=O)ccc1CC3N(C)CC2
0.8,9.096910013008056,CCN(CCN1CCC(c2noc3cc(F)ccc23)CC1)C(=O)C(C)(C)O
