standardized_smiles,pKi
C(F)(F)(c1cc(cc2C3CNCC3N(C)C(=O)c12)CC)F,6.484126156288321
FC(F)(c1cc(CC)cc2C3C(N(C(c21)=O)C)CNC3)F,6.484126156288321
O=C1N(C2C(c3cc(cc(C(F)(F)F)c31)CC)CNC2)C,6.484126156288321
C(C)c1cc2c(c(C(F)(F)F)c1)C(=O)N(C1C2CNC1)C,6.484126156288321
N1(C2CNCC2c2cc(CC)cc(c2C1=O)C(F)(F)F)C,6.484126156288321
C(=O)(NC1CCC(CC1)CCN1CCN(CC1)c1nsc2ccccc12)N(c1ccccc1)CCCC,7.97061622231479
N1(c2c3c(cccc3)sn2)CCN(CCC2CCC(NC(=O)N(c3ccccc3)CCCC)CC2)CC1,7.97061622231479
c1cc2c(cc1)snc2N1CCN(CCC2CCC(CC2)NC(=O)N(CCCC)c2ccccc2)CC1,7.97061622231479
C(N(c1ccccc1)CCCC)(NC1CCC(CC1)CCN1CCN(c2c3ccccc3sn2)CC1)=O,7.97061622231479
C1C(CCC(CCN2CCN(c3c4ccccc4sn3)CC2)C1)NC(=O)N(c1ccccc1)CCCC,7.97061622231479
n1(ccc2c(c1=O)cccn2)CCN1CCN(CC1)c1c2c(on1)cccc2,8.97061622231479
c1cc2ncccc2c(n1CCN1CCN(c2c3c(on2)cccc3)CC1)=O,8.97061622231479
c1cccc2c(N3CCN(CC3)CCn3ccc4c(c3=O)cccn4)noc21,8.97061622231479
n1(CCN2CCN(CC2)c2c3ccccc3on2)ccc2c(cccn2)c1=O,8.97061622231479
C1CN(c2c3ccccc3on2)CCN1CCn1ccc2ncccc2c1=O,8.97061622231479
C1COCCN1c1ccc(C(=O)NC2CCC(CCN3CCC(CC3)c3c4ccc(F)cc4on3)CC2)cc1,8.021408673179925
N(C1CCC(CC1)CCN1CCC(c2c3ccc(cc3on2)F)CC1)C(=O)c1ccc(N2CCOCC2)cc1,8.021408673179925
c1(C(NC2CCC(CCN3CCC(c4noc5c4ccc(F)c5)CC3)CC2)=O)ccc(cc1)N1CCOCC1,8.021408673179925
c1c(ccc(N2CCOCC2)c1)C(NC1CCC(CCN2CCC(CC2)c2c3ccc(cc3on2)F)CC1)=O,8.021408673179925
c1c(ccc(N2CCOCC2)c1)C(NC1CCC(CCN2CCC(c3c4c(on3)cc(F)cc4)CC2)CC1)=O,8.021408673179925
c1c2CCC(CCN3CCN(CC3)c3c4c(cccc4)on3)C(c2ncc1)=O,8.221848749616356
C1N(CCC2CCc3cccnc3C2=O)CCN(c2c3c(cccc3)on2)C1,8.221848749616356
c1(N2CCN(CC2)CCC2C(=O)c3c(CC2)cccn3)c2c(cccc2)on1,8.221848749616356
C(CC1CCc2c(nccc2)C1=O)N1CCN(c2noc3ccccc23)CC1,8.221848749616356
c1(N2CCN(CCC3C(c4ncccc4CC3)=O)CC2)c2c(cccc2)on1,8.221848749616356
N1C(C)c2c(cccc2Cl)NC=1N,6.590066876668706
N1=C(Nc2cccc(c2C1C)Cl)N,6.590066876668706
c1c(c2C(N=C(N)Nc2cc1)C)Cl,6.590066876668706
C1(N=C(Nc2c1c(Cl)ccc2)N)C,6.590066876668706
c1(cccc2NC(=NC(c21)C)N)Cl,6.590066876668706
c1(F)ccc2c(cccc2c1)N1CCN(CC1)CCCCOc1ccc2c(c1F)C(NC2)=O,8.512861624522813
Fc1cc2cccc(c2cc1)N1CCN(CCCCOc2ccc3c(C(=O)NC3)c2F)CC1,8.512861624522813
c1c(F)cc2c(c1)c(N1CCN(CCCCOc3c(c4C(NCc4cc3)=O)F)CC1)ccc2,8.512861624522813
C1CN(CCCCOc2c(c3C(NCc3cc2)=O)F)CCN1c1cccc2c1ccc(F)c2,8.512861624522813
C(COc1c(c2c(cc1)CNC2=O)F)CCN1CCN(c2c3c(ccc2)cc(F)cc3)CC1,8.512861624522813
c1(F)ccc(cc1)SCCCN1CCC(O)(CC1)c1ccc(cc1)Cl,7.0835460514500745
Fc1ccc(SCCCN2CCC(c3ccc(Cl)cc3)(O)CC2)cc1,7.0835460514500745
C(CSc1ccc(cc1)F)CN1CCC(O)(c2ccc(cc2)Cl)CC1,7.0835460514500745
c1(C2(O)CCN(CC2)CCCSc2ccc(F)cc2)ccc(cc1)Cl,7.0835460514500745
c1(ccc(F)cc1)SCCCN1CCC(c2ccc(Cl)cc2)(O)CC1,7.0835460514500745
c1c2ccccc2n(c1)CCN(C)C,6.204119982655925
C(CN(C)C)n1ccc2c1cccc2,6.204119982655925
c1cc2c(cc1)ccn2CCN(C)C,6.204119982655925
CN(C)CCn1c2ccccc2cc1,6.204119982655925
CN(CCn1ccc2ccccc12)C,6.204119982655925
Fc1ccc(cc1)C(=O)C1CCN(CC2CC(c3cn[nH]c3C2)=O)CC1,7.36997914888659
c1cc(ccc1F)C(C1CCN(CC1)CC1CC(=O)c2c([nH]nc2)C1)=O,7.36997914888659
O=C1CC(Cc2c1cn[nH]2)CN1CCC(C(=O)c2ccc(F)cc2)CC1,7.36997914888659
c1cc(ccc1C(=O)C1CCN(CC1)CC1CC(=O)c2cn[nH]c2C1)F,7.36997914888659
N1(CC2Cc3c(cn[nH]3)C(=O)C2)CCC(C(=O)c2ccc(F)cc2)CC1,7.36997914888659
c1ccc2n3c(CCNCC3)c(c2c1)C,7.920818753952375
c12ccccc1c(c1n2CCNCC1)C,7.920818753952375
C1Cn2c3ccccc3c(C)c2CCN1,7.920818753952375
c1(c2CCNCCn2c2ccccc21)C,7.920818753952375
C1Cc2c(c3ccccc3n2CCN1)C,7.920818753952375
N1(c2ccc(F)cc2)CCN(CC1)CCC1OCCc2ccccc21,8.236572006437063
C1CN(CCC2c3c(cccc3)CCO2)CCN1c1ccc(F)cc1,8.236572006437063
O1CCc2c(C1CCN1CCN(c3ccc(F)cc3)CC1)cccc2,8.236572006437063
c12CCOC(c1cccc2)CCN1CCN(c2ccc(F)cc2)CC1,8.236572006437063
C1N(CCN(C1)CCC1c2ccccc2CCO1)c1ccc(cc1)F,8.236572006437063
C1(CCC(NC(C#CC)=O)CC1)CCN1CCN(c2c3CCOc3ccn2)CC1,7.913640169325252
N1(CCN(CCC2CCC(CC2)NC(=O)C#CC)CC1)c1c2CCOc2ccn1,7.913640169325252
CC#CC(=O)NC1CCC(CCN2CCN(CC2)c2nccc3OCCc32)CC1,7.913640169325252
C1CN(CCN1CCC1CCC(CC1)NC(=O)C#CC)c1c2CCOc2ccn1,7.913640169325252
C1c2c(N3CCN(CCC4CCC(NC(=O)C#CC)CC4)CC3)nccc2OC1,7.913640169325252
C1N(c2noc3ccccc23)CCN(C1)CCn1c(=O)c2cnccc2cc1,7.585026652029182
c12c(noc1cccc2)N1CCN(CCn2ccc3c(c2=O)cncc3)CC1,7.585026652029182
N1(c2noc3ccccc23)CCN(CCn2c(c3c(ccnc3)cc2)=O)CC1,7.585026652029182
o1nc(c2ccccc21)N1CCN(CC1)CCn1c(c2cnccc2cc1)=O,7.585026652029182
n1(CCN2CCN(CC2)c2c3ccccc3on2)ccc2ccncc2c1=O,7.585026652029182
N1(c2nc(C(Oc3cc(C(F)(F)F)ccc3F)CC)nc(n2)N)CCN(C)CC1,5.931072388317928
c1(F)ccc(C(F)(F)F)cc1OC(CC)c1nc(N2CCN(C)CC2)nc(n1)N,5.931072388317928
c1(nc(N)nc(n1)C(CC)Oc1c(ccc(c1)C(F)(F)F)F)N1CCN(C)CC1,5.931072388317928
C(Oc1cc(C(F)(F)F)ccc1F)(c1nc(N)nc(n1)N1CCN(C)CC1)CC,5.931072388317928
O(C(c1nc(N2CCN(C)CC2)nc(N)n1)CC)c1c(ccc(c1)C(F)(F)F)F,5.931072388317928
C1(CCN(c2cc(OCCN3CCCCC3)c(cc2)OC)C1=O)c1cc(c(Cl)cc1)Cl,6.299997602857746
C(N1CCCCC1)COc1c(OC)ccc(c1)N1CCC(C1=O)c1cc(c(cc1)Cl)Cl,6.299997602857746
C1CN(C(C1c1ccc(c(c1)Cl)Cl)=O)c1cc(OCCN2CCCCC2)c(cc1)OC,6.299997602857746
c1c(ccc(c1Cl)Cl)C1CCN(c2ccc(c(c2)OCCN2CCCCC2)OC)C1=O,6.299997602857746
C1(C(CCN1c1cc(c(OC)cc1)OCCN1CCCCC1)c1cc(Cl)c(Cl)cc1)=O,6.299997602857746
O=C(OCc1ccccc1)NC1CCC(CCN2CCN(CC2)c2nsc3c2cccc3)CC1,9.119186407719209
C1CC(CCC1CCN1CCN(CC1)c1c2ccccc2sn1)NC(=O)OCc1ccccc1,9.119186407719209
c12c(c(ns1)N1CCN(CC1)CCC1CCC(CC1)NC(OCc1ccccc1)=O)cccc2,9.119186407719209
N1(CCC2CCC(NC(=O)OCc3ccccc3)CC2)CCN(CC1)c1c2c(cccc2)sn1,9.119186407719209
n1sc2ccccc2c1N1CCN(CCC2CCC(CC2)NC(=O)OCc2ccccc2)CC1,9.119186407719209
c1cc2c(C3CCN(CCN4CC5(c6c(C4=O)cnc(c6)C)CC5)CC3)noc2cc1,8.657577319177793
C1C2(C1)c1c(C(=O)N(C2)CCN2CCC(c3c4ccccc4on3)CC2)cnc(C)c1,8.657577319177793
C1(=O)N(CCN2CCC(CC2)c2c3ccccc3on2)CC2(c3cc(ncc31)C)CC2,8.657577319177793
C(N1C(c2c(C3(CC3)C1)cc(C)nc2)=O)CN1CCC(CC1)c1noc2c1cccc2,8.657577319177793
C1C(CCN(C1)CCN1CC2(c3c(cnc(C)c3)C1=O)CC2)c1noc2ccccc21,8.657577319177793
C1(CCN(CCCCn2c(O)cc(c2O)-c2c3cc(F)ccc3[nH]c2)CC1)c1c[nH]c2ccccc12,7.301029995663981
c1cc2[nH]cc(c2cc1)C1CCN(CC1)CCCCn1c(cc(c1O)-c1c[nH]c2ccc(cc12)F)O,7.301029995663981
c1[nH]c2c(cccc2)c1C1CCN(CC1)CCCCn1c(cc(c1O)-c1c[nH]c2c1cc(F)cc2)O,7.301029995663981
c1c2c(-c3cc(O)n(c3O)CCCCN3CCC(CC3)c3c4ccccc4[nH]c3)c[nH]c2ccc1F,7.301029995663981
N1(CCCCn2c(cc(c2O)-c2c[nH]c3c2cc(F)cc3)O)CCC(c2c3ccccc3[nH]c2)CC1,7.301029995663981
o1c2cc(C)c(c(OCCCN3CCN(c4cnccn4)CC3)c2c(C)cc1=O)C(C)=O,5.522878745280337
C1CN(CCCOc2c(C(=O)C)c(cc3oc(=O)cc(C)c32)C)CCN1c1nccnc1,5.522878745280337
c1(N2CCN(CC2)CCCOc2c(C(=O)C)c(C)cc3oc(=O)cc(c32)C)nccnc1,5.522878745280337
c1nc(N2CCN(CC2)CCCOc2c3c(C)cc(oc3cc(C)c2C(=O)C)=O)cnc1,5.522878745280337
C1CN(CCCOc2c3c(C)cc(=O)oc3cc(c2C(C)=O)C)CCN1c1nccnc1,5.522878745280337
c1cn(C)c2c1C(=O)N(CCN1CCC(c3c4c(on3)cccc4)CC1)CC2,8.958607314841775
c1ccc2onc(c2c1)C1CCN(CCN2C(=O)c3ccn(C)c3CC2)CC1,8.958607314841775
c12ccccc2c(no1)C1CCN(CC1)CCN1C(=O)c2ccn(C)c2CC1,8.958607314841775
c12ccccc1onc2C1CCN(CC1)CCN1C(=O)c2c(CC1)n(C)cc2,8.958607314841775
C1Cc2n(ccc2C(N1CCN1CCC(CC1)c1noc2ccccc12)=O)C,8.958607314841775
n1ccccc1-c1ccc(cc1)C(=O)NCCCCN1CCN(c2cccc(Cl)c2Cl)CC1,7.640164517660112
Clc1c(cccc1N1CCN(CC1)CCCCNC(=O)c1ccc(cc1)-c1ncccc1)Cl,7.640164517660112
C1CN(c2c(Cl)c(ccc2)Cl)CCN1CCCCNC(c1ccc(cc1)-c1ccccn1)=O,7.640164517660112
c1(c(c(ccc1)N1CCN(CC1)CCCCNC(c1ccc(-c2ncccc2)cc1)=O)Cl)Cl,7.640164517660112
C(CNC(=O)c1ccc(cc1)-c1ncccc1)CCN1CCN(CC1)c1cccc(Cl)c1Cl,7.640164517660112
C1C(CCN2CCN(c3cccc4oc(=O)[nH]c34)CC2)N(S(=O)(=O)c2cncc3c2cccc3)CC1,5.705533773838407
c1ncc2ccccc2c1S(=O)(=O)N1C(CCN2CCN(c3c4[nH]c(=O)oc4ccc3)CC2)CCC1,5.705533773838407
c1cc(N2CCN(CC2)CCC2CCCN2S(c2cncc3ccccc23)(=O)=O)c2c(c1)oc(=O)[nH]2,5.705533773838407
c1(cncc2c1cccc2)S(=O)(N1CCCC1CCN1CCN(CC1)c1c2c(ccc1)oc(=O)[nH]2)=O,5.705533773838407
c1ccc2oc([nH]c2c1N1CCN(CC1)CCC1N(CCC1)S(=O)(c1c2ccccc2cnc1)=O)=O,5.705533773838407
c1cc(C(C)Oc2ccc(cc2OC2CNC2)C(F)(F)F)cc(c1)C(F)(F)F,6.218244625347531
c1(cc(C(C)Oc2ccc(cc2OC2CNC2)C(F)(F)F)ccc1)C(F)(F)F,6.218244625347531
c1c(OC(C)c2cc(C(F)(F)F)ccc2)c(OC2CNC2)cc(C(F)(F)F)c1,6.218244625347531
FC(c1cc(OC2CNC2)c(OC(C)c2cc(ccc2)C(F)(F)F)cc1)(F)F,6.218244625347531
c1(cc(ccc1)C(Oc1ccc(C(F)(F)F)cc1OC1CNC1)C)C(F)(F)F,6.218244625347531
c1c(CCN(CCc2cc3OCOc3cc2)CCCc2cccc(c2)Cl)cc(OC)c(c1)OC,6.903089986991944
c12ccc(CCN(CCc3cc(c(OC)cc3)OC)CCCc3cc(Cl)ccc3)cc2OCO1,6.903089986991944
c1c(CCN(CCCc2cc(Cl)ccc2)CCc2ccc3OCOc3c2)cc(c(OC)c1)OC,6.903089986991944
c1c2OCOc2cc(c1)CCN(CCc1cc(OC)c(cc1)OC)CCCc1cc(ccc1)Cl,6.903089986991944
c1ccc(cc1Cl)CCCN(CCc1ccc(OC)c(OC)c1)CCc1cc2OCOc2cc1,6.903089986991944
C1C(Cl)CC1C(NC1CCC(CCN2CCN(c3c4OCOc4ccc3)CC2)CC1)=O,7.624336386039115
c12c(OCO2)cccc1N1CCN(CC1)CCC1CCC(NC(C2CC(C2)Cl)=O)CC1,7.624336386039115
C1N(CCC2CCC(CC2)NC(=O)C2CC(Cl)C2)CCN(c2c3c(OCO3)ccc2)C1,7.624336386039115
ClC1CC(C1)C(=O)NC1CCC(CC1)CCN1CCN(c2c3OCOc3ccc2)CC1,7.624336386039115
N1(CCN(CC1)CCC1CCC(CC1)NC(=O)C1CC(Cl)C1)c1cccc2c1OCO2,7.624336386039115
N1(C)CC(F)C(N(C(Cc2ccc(cc2)OC(C)C)=O)Cc2c(F)cc(F)cc2)CC1,8.0
c1(ccc(CC(=O)N(Cc2ccc(cc2F)F)C2CCN(C)CC2F)cc1)OC(C)C,8.0
c1c(ccc(OC(C)C)c1)CC(N(Cc1ccc(F)cc1F)C1C(F)CN(C)CC1)=O,8.0
c1cc(CN(C(Cc2ccc(cc2)OC(C)C)=O)C2C(CN(CC2)C)F)c(F)cc1F,8.0
c1(ccc(cc1)CC(=O)N(C1CCN(CC1F)C)Cc1c(cc(F)cc1)F)OC(C)C,8.0
c1(CN(C(Cc2ccc(cc2)OC(C)C)=O)C2CCN(C)CC2)ccc(Cl)cc1Cl,6.5003129173815966
c1c(ccc(CN(C2CCN(C)CC2)C(=O)Cc2ccc(cc2)OC(C)C)c1Cl)Cl,6.5003129173815966
C1CC(CCN1C)N(C(=O)Cc1ccc(cc1)OC(C)C)Cc1ccc(cc1Cl)Cl,6.5003129173815966
C1C(N(Cc2c(cc(cc2)Cl)Cl)C(Cc2ccc(cc2)OC(C)C)=O)CCN(C1)C,6.5003129173815966
c1cc(c(Cl)cc1Cl)CN(C1CCN(CC1)C)C(=O)Cc1ccc(OC(C)C)cc1,6.5003129173815966
C1NCCN2CCc3c2c1ccc3Cl,5.943095148663527
C1CNCc2c3N1CCc3c(Cl)cc2,5.943095148663527
C1CN2CCc3c2c(CN1)ccc3Cl,5.943095148663527
C1CN2c3c1c(Cl)ccc3CNCC2,5.943095148663527
c1cc(c2c3c1CNCCN3CC2)Cl,5.943095148663527
c1cc(c(N)cc1F)C(=O)CCCN1CC2c3cccc4c3N(C2CC1)CCCC4,9.221848749616356
c1ccc2c3c1C1C(CCN(C1)CCCC(=O)c1ccc(cc1N)F)N3CCCC2,9.221848749616356
C1N(CC2C(N3c4c(CCCC3)cccc24)C1)CCCC(c1ccc(F)cc1N)=O,9.221848749616356
c1(c(C(=O)CCCN2CCC3N4c5c(cccc5C3C2)CCCC4)ccc(F)c1)N,9.221848749616356
c12c3N(C4CCN(CC4c3ccc1)CCCC(=O)c1ccc(F)cc1N)CCCC2,9.221848749616356
O(c1c(CCN)cc(OC)c(c1)SCC(F)F)C,6.835647144215563
FC(CSc1cc(c(CCN)cc1OC)OC)F,6.835647144215563
c1(CCN)cc(c(cc1OC)SCC(F)F)OC,6.835647144215563
c1c(OC)c(cc(OC)c1CCN)SCC(F)F,6.835647144215563
O(c1cc(c(cc1CCN)OC)SCC(F)F)C,6.835647144215563
C1CN(CCN1CCc1cc2c(cc1)CCC2NC(c1ccccc1)=O)c1nsc2c1cccc2,8.323306390375134
s1c2c(cccc2)c(N2CCN(CCc3cc4C(NC(=O)c5ccccc5)CCc4cc3)CC2)n1,8.323306390375134
c12c(c(ns1)N1CCN(CC1)CCc1cc3c(cc1)CCC3NC(c1ccccc1)=O)cccc2,8.323306390375134
c1ccccc1C(=O)NC1c2c(CC1)ccc(CCN1CCN(CC1)c1nsc3c1cccc3)c2,8.323306390375134
s1nc(N2CCN(CC2)CCc2cc3C(NC(=O)c4ccccc4)CCc3cc2)c2c1cccc2,8.323306390375134
c12ccccc1c(N1CCN(CC1)CCN1CCCc3n(C)ncc3C1=O)ns2,9.481486060122112
c12c(nsc2cccc1)N1CCN(CCN2C(c3c(CCC2)n(C)nc3)=O)CC1,9.481486060122112
c1cc2c(snc2N2CCN(CCN3CCCc4c(cnn4C)C3=O)CC2)cc1,9.481486060122112
C1CCN(CCN2CCN(c3nsc4ccccc43)CC2)C(=O)c2c1n(nc2)C,9.481486060122112
c1c2snc(N3CCN(CC3)CCN3CCCc4c(C3=O)cnn4C)c2ccc1,9.481486060122112
C1CCC(CC1)(CC(NC1CCC(CCN2CCC(CC2)c2cccc3c2OCO3)CC1)=O)O,7.8035474582966105
C(CC1CCC(CC1)NC(=O)CC1(CCCCC1)O)N1CCC(c2cccc3OCOc23)CC1,7.8035474582966105
c12c(OCO1)cccc2C1CCN(CC1)CCC1CCC(CC1)NC(=O)CC1(O)CCCCC1,7.8035474582966105
C(C(=O)NC1CCC(CCN2CCC(CC2)c2c3c(OCO3)ccc2)CC1)C1(O)CCCCC1,7.8035474582966105
C1CCCC(O)(CC(=O)NC2CCC(CCN3CCC(CC3)c3cccc4c3OCO4)CC2)C1,7.8035474582966105
C1N(c2c(OC)cccc2)CCN(CCCCCNC(c2c(C)n(Cc3ccc(cc3)OC)nn2)=O)C1,7.031517051446065
N1(CCCCCNC(=O)c2nnn(Cc3ccc(OC)cc3)c2C)CCN(CC1)c1c(OC)cccc1,7.031517051446065
C(c1ccc(OC)cc1)n1c(C)c(nn1)C(NCCCCCN1CCN(c2ccccc2OC)CC1)=O,7.031517051446065
C1N(CCCCCNC(c2c(C)n(Cc3ccc(cc3)OC)nn2)=O)CCN(c2c(OC)cccc2)C1,7.031517051446065
N1(CCCCCNC(c2c(C)n(Cc3ccc(cc3)OC)nn2)=O)CCN(CC1)c1ccccc1OC,7.031517051446065
C(c1cc(ccc1F)F)Oc1cc(CN)nn1CC1CCCC1,7.920818753952375
C1CCCC1Cn1c(cc(CN)n1)OCc1c(ccc(c1)F)F,7.920818753952375
n1n(c(OCc2c(F)ccc(c2)F)cc1CN)CC1CCCC1,7.920818753952375
n1(c(OCc2cc(F)ccc2F)cc(n1)CN)CC1CCCC1,7.920818753952375
c1(OCc2cc(ccc2F)F)n(CC2CCCC2)nc(CN)c1,7.920818753952375
c12ccccc1c(no2)CCCN1CC(NS(=O)(=O)c2ccc3c(c2)ccc(Cl)c3)CC1,8.270025714300445
N(S(c1cc2ccc(cc2cc1)Cl)(=O)=O)C1CN(CC1)CCCc1c2ccccc2on1,8.270025714300445
c12c(CCCN3CC(NS(=O)(c4cc5c(cc4)cc(cc5)Cl)=O)CC3)noc1cccc2,8.270025714300445
c1c2c(cc(c1)Cl)ccc(c2)S(NC1CCN(C1)CCCc1c2ccccc2on1)(=O)=O,8.270025714300445
c1cccc2c(CCCN3CCC(NS(c4ccc5cc(Cl)ccc5c4)(=O)=O)C3)noc21,8.270025714300445
Cn1nc2c(C(=O)N(CC2)CCN2CCN(CC2)c2noc3c2cccc3)c1,8.0
c1(noc2ccccc21)N1CCN(CC1)CCN1CCc2nn(C)cc2C1=O,8.0
C1N(CCN(C1)c1c2c(cccc2)on1)CCN1CCc2c(cn(n2)C)C1=O,8.0
N1(CCN2CCc3nn(C)cc3C2=O)CCN(c2noc3ccccc23)CC1,8.0
C1Cc2c(cn(n2)C)C(N1CCN1CCN(CC1)c1noc2ccccc21)=O,8.0
C1N(CCC(C1)c1c2ccccc2on1)CCN1C(c2cnc(C)cc2CC1)=O,9.0
c1c2CCN(CCN3CCC(c4c5ccccc5on4)CC3)C(c2cnc1C)=O,9.0
c1nc(cc2CCN(CCN3CCC(c4noc5ccccc54)CC3)C(=O)c12)C,9.0
c1(c2ccccc2on1)C1CCN(CC1)CCN1C(=O)c2c(cc(nc2)C)CC1,9.0
c1(C2CCN(CC2)CCN2C(c3cnc(C)cc3CC2)=O)noc2c1cccc2,9.0
c12c(nccc1)C(=O)N(CC2)CCN1CCC(c2nsc3ccccc32)CC1,8.71669877129645
s1nc(c2ccccc12)C1CCN(CCN2C(=O)c3c(CC2)cccn3)CC1,8.71669877129645
s1nc(C2CCN(CC2)CCN2C(c3c(CC2)cccn3)=O)c2c1cccc2,8.71669877129645
s1c2ccccc2c(n1)C1CCN(CCN2C(=O)c3c(CC2)cccn3)CC1,8.71669877129645
c12CCN(C(=O)c1nccc2)CCN1CCC(c2nsc3ccccc23)CC1,8.71669877129645
N1(CCN(CCC2CCC(NC(=O)CC3CCC(OC)CC3)CC2)CC1)c1c2c(ccc1)OCO2,7.525929496784957
C1CC(CCC1OC)CC(NC1CCC(CCN2CCN(CC2)c2cccc3OCOc32)CC1)=O,7.525929496784957
c12c(N3CCN(CCC4CCC(CC4)NC(=O)CC4CCC(OC)CC4)CC3)cccc2OCO1,7.525929496784957
C1N(CCN(C1)CCC1CCC(CC1)NC(=O)CC1CCC(OC)CC1)c1cccc2c1OCO2,7.525929496784957
N(C1CCC(CC1)CCN1CCN(c2cccc3c2OCO3)CC1)C(=O)CC1CCC(OC)CC1,7.525929496784957
o1nc(N2CCN(CCCCNS(=O)(=O)c3cccc(c3)C)CC2)c2ccccc21,7.585026652029182
Cc1cccc(S(NCCCCN2CCN(CC2)c2noc3ccccc32)(=O)=O)c1,7.585026652029182
O=S(=O)(NCCCCN1CCN(c2noc3ccccc23)CC1)c1cccc(c1)C,7.585026652029182
C1CN(CCCCNS(=O)(=O)c2cc(ccc2)C)CCN1c1noc2ccccc21,7.585026652029182
S(=O)(c1cccc(c1)C)(=O)NCCCCN1CCN(c2c3c(on2)cccc3)CC1,7.585026652029182
c12c(cccc2)cc([nH]1)C(NCCCCN1CCN(CC1)c1cc(CC)cc(c1OC)Cl)=O,7.221125527997261
COc1c(cc(cc1Cl)CC)N1CCN(CC1)CCCCNC(c1[nH]c2ccccc2c1)=O,7.221125527997261
c1(cc(Cl)c(c(N2CCN(CCCCNC(=O)c3[nH]c4c(c3)cccc4)CC2)c1)OC)CC,7.221125527997261
c1c(CC)cc(c(OC)c1Cl)N1CCN(CC1)CCCCNC(c1[nH]c2c(c1)cccc2)=O,7.221125527997261
Clc1cc(cc(N2CCN(CC2)CCCCNC(=O)c2[nH]c3ccccc3c2)c1OC)CC,7.221125527997261
s1c2c(c(n1)N1CCN(CCN3CCc4cc(ncc4C3=O)OC)CC1)cccc2,9.3767507096021
c1cccc2c1snc2N1CCN(CCN2C(=O)c3cnc(cc3CC2)OC)CC1,9.3767507096021
N1(c2c3ccccc3sn2)CCN(CCN2C(=O)c3c(CC2)cc(nc3)OC)CC1,9.3767507096021
c1cccc2c1c(ns2)N1CCN(CCN2CCc3c(C2=O)cnc(OC)c3)CC1,9.3767507096021
s1nc(N2CCN(CCN3CCc4cc(OC)ncc4C3=O)CC2)c2ccccc12,9.3767507096021
N1(CCN(CC1)CCCCCCn1nc2n(cccc2)c1=O)c1cccc(Cl)c1Cl,7.327902142064283
C1CN(c2cccc(Cl)c2Cl)CCN1CCCCCCn1nc2n(cccc2)c1=O,7.327902142064283
N1(CCN(CC1)c1c(c(ccc1)Cl)Cl)CCCCCCn1c(=O)n2c(cccc2)n1,7.327902142064283
C1CN(CCN1c1cccc(Cl)c1Cl)CCCCCCn1c(n2c(cccc2)n1)=O,7.327902142064283
C(CCN1CCN(CC1)c1c(c(ccc1)Cl)Cl)CCCn1nc2n(c1=O)cccc2,7.327902142064283
O1C(CC(=O)NC2CCC(CCN3CCC(CC3)c3c4ccc(Cl)cc4on3)CC2)CCCC1,7.863913902615902
C1(NC(=O)CC2CCCCO2)CCC(CC1)CCN1CCC(CC1)c1noc2cc(ccc12)Cl,7.863913902615902
C1(CCC(CCN2CCC(CC2)c2noc3cc(ccc23)Cl)CC1)NC(CC1CCCCO1)=O,7.863913902615902
n1oc2cc(ccc2c1C1CCN(CCC2CCC(CC2)NC(CC2OCCCC2)=O)CC1)Cl,7.863913902615902
c12c(ccc(Cl)c2)c(no1)C1CCN(CC1)CCC1CCC(NC(=O)CC2CCCCO2)CC1,7.863913902615902
c1(cc2C(CC(=O)Nc2c(c1)CCN1CCN(CC1)c1c2ccccc2on1)C)C,9.55284196865778
N1(CCN(CC1)c1noc2ccccc21)CCc1cc(C)cc2C(CC(=O)Nc21)C,9.55284196865778
c1ccc2c(c1)onc2N1CCN(CCc2cc(cc3C(C)CC(=O)Nc32)C)CC1,9.55284196865778
C1CN(CCc2c3c(cc(c2)C)C(C)CC(=O)N3)CCN1c1c2ccccc2on1,9.55284196865778
c1cccc2onc(N3CCN(CC3)CCc3c4NC(=O)CC(C)c4cc(C)c3)c21,9.55284196865778
c12c(CCC3CNCCN13)c(cnc2)Br,7.140861702705469
c1ncc2N3CCNCC3CCc2c1Br,7.140861702705469
C1c2c(N3C(C1)CNCC3)cncc2Br,7.140861702705469
N1CCN2c3c(c(cnc3)Br)CCC2C1,7.140861702705469
c12c(CCC3N2CCNC3)c(cnc1)Br,7.140861702705469
c12c(onc1C1CCN(CC1)CCC1CCC(CC1)NC(=O)CC1CCC(CC1)(C)O)cc(cc2)Cl,7.823908740944319
C1(CCC(C)(CC1)O)CC(NC1CCC(CC1)CCN1CCC(c2c3ccc(Cl)cc3on2)CC1)=O,7.823908740944319
c1c2c(onc2C2CCN(CC2)CCC2CCC(NC(CC3CCC(O)(CC3)C)=O)CC2)cc(Cl)c1,7.823908740944319
C1C(CCN2CCC(c3c4c(cc(cc4)Cl)on3)CC2)CCC(NC(=O)CC2CCC(O)(CC2)C)C1,7.823908740944319
c1(cc2c(cc1)c(no2)C1CCN(CC1)CCC1CCC(NC(=O)CC2CCC(C)(CC2)O)CC1)Cl,7.823908740944319
c1ccc2c(cc3CCNCCn32)c1,7.7447274948966935
c1c2c(n3c1CCNCC3)cccc2,7.7447274948966935
C1NCCn2c3ccccc3cc2C1,7.7447274948966935
c12ccccc1n1c(CCNCC1)c2,7.7447274948966935
N1CCc2cc3ccccc3n2CC1,7.7447274948966935
C1CN(CCN1c1noc2c1cccc2)CCn1ccc2cccnc2c1=O,7.721246399047171
c1n(CCN2CCN(c3c4ccccc4on3)CC2)c(=O)c2c(cccn2)c1,7.721246399047171
c1cc2onc(N3CCN(CC3)CCn3c(=O)c4ncccc4cc3)c2cc1,7.721246399047171
c1cccc2c1onc2N1CCN(CC1)CCn1ccc2c(c1=O)nccc2,7.721246399047171
n1c2c(ccn(c2=O)CCN2CCN(c3noc4ccccc34)CC2)ccc1,7.721246399047171
c12CCN(C(=O)c2c(no1)C)CCN1CCC(c2c3ccccc3on2)CC1,8.096910013008056
c1cccc2c1c(C1CCN(CC1)CCN1CCc3onc(C)c3C1=O)no2,8.096910013008056
C1CN(CCC1c1c2ccccc2on1)CCN1C(=O)c2c(CC1)onc2C,8.096910013008056
C1N(CCC(C1)c1noc2ccccc21)CCN1C(c2c(onc2C)CC1)=O,8.096910013008056
N1(CCN2CCC(c3noc4c3cccc4)CC2)C(=O)c2c(CC1)onc2C,8.096910013008056
C1C2N(CCNC1)c1cccc(c1C(=O)N2)C,6.85078088734462
c1(C)c2c(N3CCNCCC3NC2=O)ccc1,6.85078088734462
C1N2c3c(c(ccc3)C)C(=O)NC2CCNC1,6.85078088734462
Cc1cccc2N3CCNCCC3NC(=O)c12,6.85078088734462
c1c(C)c2c(N3CCNCCC3NC2=O)cc1,6.85078088734462
N1C(CO)C(C)SC=1c1ccc(OCCCCCC)cc1,5.4089353929735005
N1C(C(C)SC=1c1ccc(cc1)OCCCCCC)CO,5.4089353929735005
c1cc(C2=NC(CO)C(C)S2)ccc1OCCCCCC,5.4089353929735005
OCC1C(SC(c2ccc(cc2)OCCCCCC)=N1)C,5.4089353929735005
N1C(CO)C(SC=1c1ccc(OCCCCCC)cc1)C,5.4089353929735005
c1cc2c(Oc3c(ccc(c3)C)N=C2N2CCN(CC(C(O)=O)(C)C)CC2)cc1C,7.886056647693163
c1c(C)cc2c(c1)C(=Nc1c(O2)cc(C)cc1)N1CCN(CC1)CC(C)(C)C(O)=O,7.886056647693163
c12cc(C)ccc1N=C(c1ccc(C)cc1O2)N1CCN(CC1)CC(C(=O)O)(C)C,7.886056647693163
c1c2Oc3c(ccc(C)c3)C(=Nc2ccc1C)N1CCN(CC(C)(C)C(=O)O)CC1,7.886056647693163
C1N(CC(C(=O)O)(C)C)CCN(C1)C1=Nc2ccc(C)cc2Oc2cc(ccc21)C,7.886056647693163
c1ccc(cc1S(=O)(n1c(ccc1)-c1cccc(c1)F)=O)N1CCNCC1,5.601192269796735
c1c(cc(F)cc1)-c1n(S(c2cc(ccc2)N2CCNCC2)(=O)=O)ccc1,5.601192269796735
O=S(n1c(ccc1)-c1cc(ccc1)F)(c1cccc(N2CCNCC2)c1)=O,5.601192269796735
c1ccc(-c2cccn2S(c2cccc(N3CCNCC3)c2)(=O)=O)cc1F,5.601192269796735
c1(-c2cc(F)ccc2)cccn1S(=O)(=O)c1cc(N2CCNCC2)ccc1,5.601192269796735
C1N(CCCCCN2S(c3ccccc3C2=O)(=O)=O)CCN(c2c(cccc2)OC)C1,6.2335871528876
c1(N2CCN(CC2)CCCCCN2S(=O)(=O)c3c(cccc3)C2=O)ccccc1OC,6.2335871528876
C1(=O)c2c(S(N1CCCCCN1CCN(CC1)c1ccccc1OC)(=O)=O)cccc2,6.2335871528876
C(CN1C(=O)c2c(cccc2)S1(=O)=O)CCCN1CCN(CC1)c1c(cccc1)OC,6.2335871528876
C(CN1C(c2ccccc2S1(=O)=O)=O)CCCN1CCN(CC1)c1ccccc1OC,6.2335871528876
C1C(CCN2CCC(c3ccc(F)c4c3cco4)CC2)CCC(NC(C2CCOCC2)=O)C1,7.935542010773082
C(=O)(C1CCOCC1)NC1CCC(CC1)CCN1CCC(c2ccc(c3occc23)F)CC1,7.935542010773082
c1(c2c(occ2)c(F)cc1)C1CCN(CCC2CCC(NC(C3CCOCC3)=O)CC2)CC1,7.935542010773082
c1(c2c(cco2)c(cc1)C1CCN(CCC2CCC(CC2)NC(C2CCOCC2)=O)CC1)F,7.935542010773082
c1(F)c2c(c(cc1)C1CCN(CC1)CCC1CCC(NC(C3CCOCC3)=O)CC1)cco2,7.935542010773082
c12c(onc1C1CCN(CCCNS(=O)(=O)c3cccc(C)c3)CC1)cc(cc2)F,8.431798275933005
C1N(CCCNS(=O)(=O)c2cccc(C)c2)CCC(C1)c1noc2c1ccc(c2)F,8.431798275933005
Cc1cc(ccc1)S(=O)(=O)NCCCN1CCC(c2c3ccc(F)cc3on2)CC1,8.431798275933005
C1C(c2c3c(cc(F)cc3)on2)CCN(CCCNS(=O)(=O)c2cc(ccc2)C)C1,8.431798275933005
Cc1cccc(c1)S(=O)(=O)NCCCN1CCC(c2c3c(on2)cc(F)cc3)CC1,8.431798275933005
C1(CCC(NS(=O)(C)=O)CC1)CCN1CCC(CC1)c1c2cc(F)ccc2on1,7.560983271612487
N1(CCC(c2noc3ccc(cc32)F)CC1)CCC1CCC(NS(=O)(C)=O)CC1,7.560983271612487
C1N(CCC2CCC(CC2)NS(=O)(=O)C)CCC(c2c3c(on2)ccc(c3)F)C1,7.560983271612487
C(CN1CCC(c2noc3c2cc(F)cc3)CC1)C1CCC(CC1)NS(=O)(C)=O,7.560983271612487
C(N1CCC(CC1)c1noc2ccc(cc12)F)CC1CCC(CC1)NS(C)(=O)=O,7.560983271612487
C1C(CCN(CCN2C(=O)c3c(cccc3)CCC2)C1)Oc1ccccc1,6.810004660035681
c1cccc2CCCN(C(c21)=O)CCN1CCC(CC1)Oc1ccccc1,6.810004660035681
C1C(CCN(CCN2CCCc3ccccc3C2=O)C1)Oc1ccccc1,6.810004660035681
c1cc2c(CCCN(C2=O)CCN2CCC(CC2)Oc2ccccc2)cc1,6.810004660035681
c1ccccc1OC1CCN(CC1)CCN1CCCc2c(C1=O)cccc2,6.810004660035681
c1(S(=O)(N(C)C2CCN(CCOc3c(cccc3)-c3ccccc3)CC2)=O)ccc(cc1)F,7.161150909262744
c1(ccccc1-c1ccccc1)OCCN1CCC(N(C)S(=O)(c2ccc(F)cc2)=O)CC1,7.161150909262744
S(c1ccc(cc1)F)(N(C)C1CCN(CC1)CCOc1ccccc1-c1ccccc1)(=O)=O,7.161150909262744
C(N1CCC(CC1)N(C)S(=O)(c1ccc(F)cc1)=O)COc1c(-c2ccccc2)cccc1,7.161150909262744
c1c(ccc(F)c1)S(=O)(N(C)C1CCN(CCOc2ccccc2-c2ccccc2)CC1)=O,7.161150909262744
c1(N2CCN(CCc3c4c(ccc3)C(C)CC(N4)=O)CC2)noc2ccccc12,6.721246399047171
N1C(CC(c2c1c(ccc2)CCN1CCN(CC1)c1c2c(on1)cccc2)C)=O,6.721246399047171
c1cc2c(onc2N2CCN(CC2)CCc2c3NC(CC(c3ccc2)C)=O)cc1,6.721246399047171
C1CN(CCc2cccc3C(C)CC(=O)Nc32)CCN1c1noc2ccccc12,6.721246399047171
N1(CCN(c2c3ccccc3on2)CC1)CCc1cccc2C(C)CC(=O)Nc21,6.721246399047171
C1N(CCN(C1)CCC1CCC(NC(=O)CO)CC1)c1c2OCOc2ccc1,7.905528871358356
C1C(CCC(CCN2CCN(c3cccc4OCOc43)CC2)C1)NC(CO)=O,7.905528871358356
O1COc2cccc(N3CCN(CCC4CCC(CC4)NC(CO)=O)CC3)c21,7.905528871358356
C1Oc2c(cccc2N2CCN(CCC3CCC(NC(CO)=O)CC3)CC2)O1,7.905528871358356
c12OCOc2cccc1N1CCN(CC1)CCC1CCC(CC1)NC(=O)CO,7.905528871358356
N1(CCOCC1)c1ccc(C(=O)NC2CCC(CC2)CCN2CCC(CC2)c2noc3ccc(cc32)F)cc1,7.651305809734459
c1(ccc(C(NC2CCC(CCN3CCC(c4noc5ccc(cc54)F)CC3)CC2)=O)cc1)N1CCOCC1,7.651305809734459
N1(CCC2CCC(CC2)NC(c2ccc(cc2)N2CCOCC2)=O)CCC(CC1)c1c2c(on1)ccc(F)c2,7.651305809734459
c12onc(C3CCN(CC3)CCC3CCC(NC(c4ccc(N5CCOCC5)cc4)=O)CC3)c1cc(F)cc2,7.651305809734459
c1(ccc2onc(C3CCN(CC3)CCC3CCC(NC(c4ccc(cc4)N4CCOCC4)=O)CC3)c2c1)F,7.651305809734459
c1(CSc2ccccc2)nc(nc(n1)N1CCN(CC1)C)N,6.705533773838407
c1ccc(SCc2nc(nc(n2)N)N2CCN(C)CC2)cc1,6.705533773838407
c1c(SCc2nc(N3CCN(C)CC3)nc(N)n2)cccc1,6.705533773838407
C1CN(c2nc(N)nc(n2)CSc2ccccc2)CCN1C,6.705533773838407
c1(ccccc1)SCc1nc(N2CCN(C)CC2)nc(n1)N,6.705533773838407
c1(cc2n(cc1)ncc2)OCCCCN1CCN(CC1)c1c2c(NC(CO2)=O)c(O)cc1,5.886056647693163
c1(N2CCN(CC2)CCCCOc2cc3n(cc2)ncc3)c2c(NC(CO2)=O)c(cc1)O,5.886056647693163
c1(ccn2c(c1)ccn2)OCCCCN1CCN(CC1)c1c2OCC(=O)Nc2c(O)cc1,5.886056647693163
c12cc(OCCCCN3CCN(CC3)c3ccc(c4c3OCC(=O)N4)O)ccn1ncc2,5.886056647693163
c1(N2CCN(CC2)CCCCOc2ccn3nccc3c2)ccc(O)c2c1OCC(=O)N2,5.886056647693163
c12ccccc1c(ns2)N1CCN(CC1)CCc1c2c(cc(c1)F)C(CC(N2)=O)C,9.769551078621726
c12c(cccc1)snc2N1CCN(CC1)CCc1c2NC(CC(C)c2cc(F)c1)=O,9.769551078621726
c1(cc2c(NC(=O)CC2C)c(CCN2CCN(c3c4c(cccc4)sn3)CC2)c1)F,9.769551078621726
O=C1Nc2c(C(C)C1)cc(F)cc2CCN1CCN(CC1)c1nsc2c1cccc2,9.769551078621726
c1c(cc2C(CC(=O)Nc2c1CCN1CCN(CC1)c1nsc2ccccc21)C)F,9.769551078621726
C(F)(c1c2c(C3N(C2=O)CCNC3)cc(CC)c1)(F)F,6.3655227298392685
CCc1cc(C(F)(F)F)c2C(=O)N3C(c2c1)CNCC3,6.3655227298392685
FC(F)(c1c2c(cc(CC)c1)C1N(CCNC1)C2=O)F,6.3655227298392685
c1(CC)cc2c(c(c1)C(F)(F)F)C(=O)N1CCNCC12,6.3655227298392685
O=C1N2C(CNCC2)c2cc(cc(c12)C(F)(F)F)CC,6.3655227298392685
[nH]1c2ccc(C(C)C)cc2c(c1)C1CNCCC=1,7.006123085058789
C1(=CCCNC1)c1c2cc(ccc2[nH]c1)C(C)C,7.006123085058789
CC(c1ccc2c(c(c[nH]2)C2CNCCC=2)c1)C,7.006123085058789
N1CCC=C(c2c[nH]c3ccc(cc23)C(C)C)C1,7.006123085058789
C(C)(c1cc2c(cc1)[nH]cc2C1CNCCC=1)C,7.006123085058789
Clc1c(cc2c(N(CC2)C(Nc2ccc(nn2)Oc2c(nccc2)C)=O)c1)C,5.800000874803203
C1N(c2cc(c(cc2C1)C)Cl)C(Nc1nnc(Oc2cccnc2C)cc1)=O,5.800000874803203
c1(Oc2nnc(NC(N3CCc4c3cc(c(C)c4)Cl)=O)cc2)cccnc1C,5.800000874803203
n1c(NC(=O)N2CCc3cc(c(cc23)Cl)C)ccc(Oc2c(C)nccc2)n1,5.800000874803203
O=C(N1c2cc(c(cc2CC1)C)Cl)Nc1ccc(nn1)Oc1cccnc1C,5.800000874803203
o1c2c(c(n1)N1CCN(CCN3CCc4ccc(Cl)nc4C3=O)CC1)cccc2,7.568636235841013
c12c(onc2N2CCN(CCN3CCc4ccc(nc4C3=O)Cl)CC2)cccc1,7.568636235841013
c12C(N(CCc2ccc(n1)Cl)CCN1CCN(CC1)c1noc2c1cccc2)=O,7.568636235841013
c1ccc2c(c1)c(N1CCN(CCN3CCc4ccc(Cl)nc4C3=O)CC1)no2,7.568636235841013
C1CN(C(=O)c2c1ccc(n2)Cl)CCN1CCN(CC1)c1c2c(cccc2)on1,7.568636235841013
Fc1cc(c(CN(C(Cc2ccc(cc2)OCC(C)C)=O)C2CCN(C)CC2)cc1)C,6.698970004336019
c1c(ccc(c1)OCC(C)C)CC(=O)N(Cc1c(C)cc(cc1)F)C1CCN(C)CC1,6.698970004336019
C(Cc1ccc(cc1)OCC(C)C)(=O)N(C1CCN(CC1)C)Cc1c(cc(F)cc1)C,6.698970004336019
c1c(c(CN(C2CCN(C)CC2)C(=O)Cc2ccc(OCC(C)C)cc2)ccc1F)C,6.698970004336019
c1cc(c(cc1F)C)CN(C1CCN(CC1)C)C(Cc1ccc(cc1)OCC(C)C)=O,6.698970004336019
c1cc(Cl)ccc1NC(Nc1cc(-c2n(C)ncc2Br)c(OCc2ccccc2)cc1)=O,8.299988937677888
c1(-c2c(cnn2C)Br)cc(NC(=O)Nc2ccc(cc2)Cl)ccc1OCc1ccccc1,8.299988937677888
c1cc(OCc2ccccc2)c(cc1NC(=O)Nc1ccc(cc1)Cl)-c1n(ncc1Br)C,8.299988937677888
N(c1ccc(cc1)Cl)C(=O)Nc1ccc(OCc2ccccc2)c(c1)-c1c(Br)cnn1C,8.299988937677888
c1cc(OCc2ccccc2)c(-c2n(ncc2Br)C)cc1NC(Nc1ccc(Cl)cc1)=O,8.299988937677888
C1(CCC(CC1)CCN1CCC(c2noc3cc(F)c(F)cc23)CC1)NC(=O)CC1OCCCO1,8.02714944415277
C1C(NC(=O)CC2OCCCO2)CCC(CCN2CCC(CC2)c2noc3cc(F)c(cc32)F)C1,8.02714944415277
C1(CCN2CCC(c3noc4c3cc(F)c(F)c4)CC2)CCC(NC(=O)CC2OCCCO2)CC1,8.02714944415277
C(=O)(NC1CCC(CCN2CCC(CC2)c2noc3cc(F)c(cc23)F)CC1)CC1OCCCO1,8.02714944415277
O1C(OCCC1)CC(=O)NC1CCC(CC1)CCN1CCC(CC1)c1c2cc(c(F)cc2on1)F,8.02714944415277
N1(CCC2(C(NC(N2)=O)=O)CC1)CCCCC(=O)c1cc(c(OC)cc1OC)NS(=O)(c1ccc(OC(F)(F)F)cc1)=O,6.0
c1(cc(c(OC)cc1OC)C(=O)CCCCN1CCC2(C(=O)NC(=O)N2)CC1)NS(=O)(c1ccc(cc1)OC(F)(F)F)=O,6.0
C1C2(CCN(C1)CCCCC(=O)c1cc(c(cc1OC)OC)NS(=O)(=O)c1ccc(OC(F)(F)F)cc1)NC(NC2=O)=O,6.0
O=S(=O)(c1ccc(OC(F)(F)F)cc1)Nc1c(OC)cc(OC)c(C(=O)CCCCN2CCC3(CC2)C(=O)NC(N3)=O)c1,6.0
c1cc(S(Nc2c(cc(OC)c(C(CCCCN3CCC4(C(=O)NC(=O)N4)CC3)=O)c2)OC)(=O)=O)ccc1OC(F)(F)F,6.0
c12c(ncc(C)c2OCC1)N1CCN(CC1)CCC1CCC(NC(=O)CC2CCOCC2)CC1,7.356547323513812
C(C1CCOCC1)C(=O)NC1CCC(CCN2CCN(CC2)c2ncc(c3c2CCO3)C)CC1,7.356547323513812
C(N1CCN(CC1)c1c2CCOc2c(C)cn1)CC1CCC(NC(CC2CCOCC2)=O)CC1,7.356547323513812
C1N(CCC2CCC(NC(CC3CCOCC3)=O)CC2)CCN(C1)c1c2CCOc2c(C)cn1,7.356547323513812
C(C1CCOCC1)C(NC1CCC(CC1)CCN1CCN(CC1)c1ncc(C)c2OCCc12)=O,7.356547323513812
Fc1cc2c(c(N3CCN(CCCCOc4ccc5CNC(=O)c5c4)CC3)ccc2)cc1,8.020907099361674
Fc1ccc2c(N3CCN(CCCCOc4cc5C(=O)NCc5cc4)CC3)cccc2c1,8.020907099361674
C1N(c2c3c(cc(F)cc3)ccc2)CCN(CCCCOc2cc3C(NCc3cc2)=O)C1,8.020907099361674
c1cc2CNC(=O)c2cc1OCCCCN1CCN(c2cccc3c2ccc(F)c3)CC1,8.020907099361674
c1c2C(=O)NCc2ccc1OCCCCN1CCN(c2cccc3c2ccc(F)c3)CC1,8.020907099361674
C1C2C(OC3C2c2c(CC=3)c(nc(n2)N)N2CCNCC2)CCC1,5.19209983104952
C12C3C(OC1=CCc1c2nc(N)nc1N1CCNCC1)CCCC3,5.19209983104952
C1CCC2C(C1)C1C(O2)=CCc2c(nc(N)nc12)N1CCNCC1,5.19209983104952
c1(nc(N2CCNCC2)c2c(n1)C1C3CCCCC3OC1=CC2)N,5.19209983104952
C1CNCCN1c1c2CC=C3OC4C(C3c2nc(n1)N)CCCC4,5.19209983104952
c1ccccc1-c1cc2C(=O)CC(CN3CCC(CC3)C(=O)c3ccc(F)cc3)Cc2o1,7.7599502278873524
c1cc(ccc1F)C(C1CCN(CC1)CC1CC(=O)c2cc(-c3ccccc3)oc2C1)=O,7.7599502278873524
C1N(CC2CC(=O)c3c(C2)oc(c3)-c2ccccc2)CCC(C1)C(c1ccc(cc1)F)=O,7.7599502278873524
c1cc(F)ccc1C(=O)C1CCN(CC2CC(=O)c3cc(oc3C2)-c2ccccc2)CC1,7.7599502278873524
c1cc(ccc1F)C(=O)C1CCN(CC2CC(c3cc(-c4ccccc4)oc3C2)=O)CC1,7.7599502278873524
c1ccnc(c1)-c1ccc(C(=O)NCCC(CN2CCN(c3c(c(ccc3)Cl)Cl)CC2)O)cc1,7.373659632624958
c1cc(N2CCN(CC(O)CCNC(c3ccc(-c4ncccc4)cc3)=O)CC2)c(c(c1)Cl)Cl,7.373659632624958
N1(CCN(c2cccc(Cl)c2Cl)CC1)CC(O)CCNC(c1ccc(cc1)-c1ccccn1)=O,7.373659632624958
O=C(c1ccc(-c2ncccc2)cc1)NCCC(CN1CCN(c2cccc(c2Cl)Cl)CC1)O,7.373659632624958
N1(CC(O)CCNC(c2ccc(cc2)-c2ccccn2)=O)CCN(CC1)c1cccc(c1Cl)Cl,7.373659632624958
c1cc(ccc1C(C1CCN(CC1)CC1Cc2nc(ncc2C(C1)=O)NC)=O)F,8.18996921359416
C1C(CCN(C1)CC1Cc2nc(ncc2C(=O)C1)NC)C(c1ccc(cc1)F)=O,8.18996921359416
c1cc(F)ccc1C(=O)C1CCN(CC2Cc3nc(NC)ncc3C(=O)C2)CC1,8.18996921359416
O=C1CC(CN2CCC(C(c3ccc(cc3)F)=O)CC2)Cc2nc(ncc21)NC,8.18996921359416
c1c(ccc(F)c1)C(C1CCN(CC2Cc3c(C(C2)=O)cnc(NC)n3)CC1)=O,8.18996921359416
c1c(ccc(c1)F)C(=O)NC1CCC(CCN2CCN(c3c4CCOc4ccn3)CC2)CC1,7.954677021213342
c1cc(F)ccc1C(NC1CCC(CCN2CCN(c3nccc4c3CCO4)CC2)CC1)=O,7.954677021213342
c1cc(F)ccc1C(=O)NC1CCC(CCN2CCN(CC2)c2nccc3OCCc32)CC1,7.954677021213342
C1CN(CCC2CCC(NC(c3ccc(cc3)F)=O)CC2)CCN1c1c2c(OCC2)ccn1,7.954677021213342
c1c(ccc(F)c1)C(NC1CCC(CCN2CCN(CC2)c2c3c(ccn2)OCC3)CC1)=O,7.954677021213342
C(C(N(CCN1CCC(CC1)c1noc2cc(F)ccc21)CC)=O)(O)C(C)C,8.853871964321762
O=C(C(C(C)C)O)N(CCN1CCC(c2c3c(on2)cc(F)cc3)CC1)CC,8.853871964321762
C1CN(CCC1c1noc2c1ccc(c2)F)CCN(C(=O)C(C(C)C)O)CC,8.853871964321762
C(=O)(N(CCN1CCC(CC1)c1noc2c1ccc(c2)F)CC)C(O)C(C)C,8.853871964321762
O=C(C(O)C(C)C)N(CCN1CCC(CC1)c1c2ccc(cc2on1)F)CC,8.853871964321762
c1cc(Cl)ccc1-c1c(C)cc(S(=O)(=O)Nc2cc3CCN(C)CCc3cc2)cc1,6.900008766455316
c1c(ccc2CCN(CCc21)C)NS(c1ccc(-c2ccc(Cl)cc2)c(c1)C)(=O)=O,6.900008766455316
c1c2CCN(C)CCc2cc(NS(=O)(=O)c2ccc(c(C)c2)-c2ccc(cc2)Cl)c1,6.900008766455316
Clc1ccc(-c2ccc(cc2C)S(=O)(=O)Nc2ccc3CCN(C)CCc3c2)cc1,6.900008766455316
c12cc(NS(=O)(c3cc(c(cc3)-c3ccc(cc3)Cl)C)=O)ccc1CCN(C)CC2,6.900008766455316
C1N(C)CCC(N(C(NCc2ccc(cc2)OCC(C)C)=O)Cc2nn(cc2)C)C21CC2,9.050609993355087
N(Cc1ccc(cc1)OCC(C)C)C(=O)N(C1C2(CN(C)CC1)CC2)Cc1ccn(C)n1,9.050609993355087
C1C2(CC2)C(CCN1C)N(C(NCc1ccc(OCC(C)C)cc1)=O)Cc1ccn(n1)C,9.050609993355087
c1(CN(C2C3(CN(C)CC2)CC3)C(NCc2ccc(cc2)OCC(C)C)=O)ccn(n1)C,9.050609993355087
C(NC(=O)N(C1CCN(C)CC12CC2)Cc1nn(cc1)C)c1ccc(OCC(C)C)cc1,9.050609993355087
n1c(CNC)cc(OCc2cc(F)ccc2F)n1CC1CCCC1,8.657577319177793
c1c(n(CC2CCCC2)nc1CNC)OCc1c(F)ccc(c1)F,8.657577319177793
CNCc1cc(n(n1)CC1CCCC1)OCc1cc(ccc1F)F,8.657577319177793
C1CC(CC1)Cn1c(OCc2c(F)ccc(F)c2)cc(CNC)n1,8.657577319177793
C(c1c(ccc(F)c1)F)Oc1n(CC2CCCC2)nc(c1)CNC,8.657577319177793
COC(=O)C(C1CC2N(CC1CC)CCc1c3c([nH]c12)cccc3OC)=COC,5.300162274132754
C1Cc2c(C3CC(C(C(OC)=O)=COC)C(CN13)CC)[nH]c1cccc(c12)OC,5.300162274132754
O(C)C(C(=COC)C1CC2N(CC1CC)CCc1c2[nH]c2c1c(ccc2)OC)=O,5.300162274132754
[nH]1c2C3N(CCc2c2c1cccc2OC)CC(CC)C(C3)C(C(=O)OC)=COC,5.300162274132754
c1ccc(c2c1[nH]c1C3N(CCc21)CC(CC)C(C(=COC)C(=O)OC)C3)OC,5.300162274132754
C1CN(CCC2CCC(CC2)NC(=O)CC(F)(F)F)CCN1c1nccc2c1CCO2,7.958607314841775
C(F)(CC(NC1CCC(CCN2CCN(CC2)c2nccc3OCCc32)CC1)=O)(F)F,7.958607314841775
FC(CC(=O)NC1CCC(CC1)CCN1CCN(CC1)c1c2CCOc2ccn1)(F)F,7.958607314841775
c1(c2CCOc2ccn1)N1CCN(CCC2CCC(NC(CC(F)(F)F)=O)CC2)CC1,7.958607314841775
c1c2c(c(nc1)N1CCN(CC1)CCC1CCC(NC(=O)CC(F)(F)F)CC1)CCO2,7.958607314841775
c1c(cc(cc1)F)S(=O)(=O)N(C1CCN(CCOc2ccccc2C(C)C)CC1)C,6.638272163982407
c1(cccc(S(=O)(=O)N(C)C2CCN(CC2)CCOc2ccccc2C(C)C)c1)F,6.638272163982407
c1cccc(c1OCCN1CCC(CC1)N(S(=O)(c1cccc(F)c1)=O)C)C(C)C,6.638272163982407
c1c(cc(cc1)S(=O)(=O)N(C1CCN(CC1)CCOc1ccccc1C(C)C)C)F,6.638272163982407
c1ccc(OCCN2CCC(CC2)N(S(=O)(=O)c2cc(F)ccc2)C)c(c1)C(C)C,6.638272163982407
c1cccc2snc(c21)N1CCN(CCN2CCc3n(c(cc3C2=O)F)C)CC1,8.886056647693163
C(CN1C(=O)c2c(CC1)n(C)c(F)c2)N1CCN(c2nsc3ccccc23)CC1,8.886056647693163
C1CN(C(=O)c2cc(n(C)c12)F)CCN1CCN(c2nsc3c2cccc3)CC1,8.886056647693163
c1c2c(CCN(CCN3CCN(CC3)c3c4c(cccc4)sn3)C2=O)n(C)c1F,8.886056647693163
N1(CCN(c2c3ccccc3sn2)CC1)CCN1CCc2c(C1=O)cc(n2C)F,8.886056647693163
C1CCC(CC1)C(C)n1c(OCc2cc(C)ccc2F)cc(n1)CNC,8.602059991327963
c1(C)cc(c(F)cc1)COc1cc(CNC)nn1C(C1CCCCC1)C,8.602059991327963
c1(CNC)cc(n(n1)C(C)C1CCCCC1)OCc1cc(C)ccc1F,8.602059991327963
C1(CCCCC1)C(n1nc(cc1OCc1cc(C)ccc1F)CNC)C,8.602059991327963
C1CCCCC1C(n1c(OCc2cc(ccc2F)C)cc(CNC)n1)C,8.602059991327963
c1cc2OCOc2cc1CCN(CCc1ccc(c(OC)c1)OC)CCCc1c(F)cccc1,7.187086643357144
c1cc(CCN(CCCc2c(cccc2)F)CCc2cc(c(cc2)OC)OC)cc2c1OCO2,7.187086643357144
c1c2c(OCO2)ccc1CCN(CCc1cc(c(cc1)OC)OC)CCCc1c(F)cccc1,7.187086643357144
c1c(CCN(CCc2ccc(OC)c(OC)c2)CCCc2ccccc2F)ccc2OCOc21,7.187086643357144
c12c(ccc(c2)CCN(CCc2ccc(c(OC)c2)OC)CCCc2c(cccc2)F)OCO1,7.187086643357144
C1C(CCC(C1)NC(Oc1c(cccc1)C)=O)CCN1CCN(CC1)c1nsc2ccccc21,8.304518323509802
c1ccc2c(c1)c(N1CCN(CC1)CCC1CCC(NC(=O)Oc3ccccc3C)CC1)ns2,8.304518323509802
C1CC(CCN2CCN(c3c4c(cccc4)sn3)CC2)CCC1NC(Oc1c(cccc1)C)=O,8.304518323509802
C1CC(CCN2CCN(c3c4ccccc4sn3)CC2)CCC1NC(Oc1ccccc1C)=O,8.304518323509802
c1ccc(C)c(c1)OC(=O)NC1CCC(CCN2CCN(CC2)c2c3ccccc3sn2)CC1,8.304518323509802
C(CCCCNc1nc(N)nc(n1)N)N1CCN(c2cccc(Cl)c2Cl)CC1,7.769551078621726
c1(c(Cl)c(Cl)ccc1)N1CCN(CC1)CCCCCNc1nc(N)nc(N)n1,7.769551078621726
c1(N)nc(nc(N)n1)NCCCCCN1CCN(CC1)c1cccc(c1Cl)Cl,7.769551078621726
N(c1nc(N)nc(N)n1)CCCCCN1CCN(CC1)c1c(c(ccc1)Cl)Cl,7.769551078621726
C(Nc1nc(nc(n1)N)N)CCCCN1CCN(c2c(c(Cl)ccc2)Cl)CC1,7.769551078621726
S(=O)(N(C1CCN(CCOc2ccccc2C(C)(C)C)CC1)C)(=O)c1cn(nc1)C,6.254144804826271
c1cccc(OCCN2CCC(N(C)S(c3cn(nc3)C)(=O)=O)CC2)c1C(C)(C)C,6.254144804826271
C1(N(S(=O)(=O)c2cnn(C)c2)C)CCN(CCOc2c(C(C)(C)C)cccc2)CC1,6.254144804826271
c1c(cn(C)n1)S(=O)(=O)N(C1CCN(CCOc2ccccc2C(C)(C)C)CC1)C,6.254144804826271
C1CC(N(S(=O)(c2cnn(c2)C)=O)C)CCN1CCOc1ccccc1C(C)(C)C,6.254144804826271
C1C(c2ccc(Cl)cc2)(CC2N(C1CC2)CCCC(=O)c1ccc(F)cc1)O,7.510041520575165
c1cc(ccc1Cl)C1(O)CC2CCC(N2CCCC(c2ccc(cc2)F)=O)C1,7.510041520575165
OC1(CC2N(C(C1)CC2)CCCC(=O)c1ccc(F)cc1)c1ccc(Cl)cc1,7.510041520575165
c1cc(C(=O)CCCN2C3CCC2CC(O)(c2ccc(Cl)cc2)C3)ccc1F,7.510041520575165
C1C(O)(c2ccc(cc2)Cl)CC2N(CCCC(=O)c3ccc(cc3)F)C1CC2,7.510041520575165
N1CC2N(C(=O)c3c(cc(CC)cc3C)C2)CC1,6.341035157335565
C1C2CNCCN2C(=O)c2c1cc(CC)cc2C,6.341035157335565
C1c2cc(cc(C)c2C(N2C1CNCC2)=O)CC,6.341035157335565
N12CCNCC2Cc2cc(cc(c2C1=O)C)CC,6.341035157335565
N12C(c3c(cc(cc3C)CC)CC2CNCC1)=O,6.341035157335565
c1c2c3n(c(C)c2CCN)CCCc3cc1,6.170053304058364
C(Cc1c2cccc3c2n(CCC3)c1C)N,6.170053304058364
c1(n2CCCc3cccc(c1CCN)c23)C,6.170053304058364
c1c2c3c(CCCn3c(c2CCN)C)cc1,6.170053304058364
c1(c(n2CCCc3c2c1ccc3)C)CCN,6.170053304058364
c1cc(cc(c1OCCN1CCCCC1)-c1ccnn1C)NC(Nc1c(F)cc(cc1)F)=O,8.494850021680094
c1c(ccc(OCCN2CCCCC2)c1-c1n(ncc1)C)NC(Nc1c(F)cc(F)cc1)=O,8.494850021680094
c1(F)ccc(NC(Nc2ccc(OCCN3CCCCC3)c(-c3n(C)ncc3)c2)=O)c(F)c1,8.494850021680094
C(Nc1cc(-c2n(C)ncc2)c(OCCN2CCCCC2)cc1)(Nc1ccc(cc1F)F)=O,8.494850021680094
C(Nc1ccc(cc1F)F)(=O)Nc1cc(c(cc1)OCCN1CCCCC1)-c1n(C)ncc1,8.494850021680094
O=C(Nc1cccc(-c2cccnc2)c1C)N1CCc2cc(c(C(F)(F)F)cc21)OC,6.399996913372259
C1N(c2cc(C(F)(F)F)c(cc2C1)OC)C(=O)Nc1cccc(-c2cnccc2)c1C,6.399996913372259
c1ccc(cn1)-c1c(C)c(NC(N2CCc3c2cc(c(OC)c3)C(F)(F)F)=O)ccc1,6.399996913372259
c1cc(cnc1)-c1cccc(NC(N2CCc3c2cc(C(F)(F)F)c(OC)c3)=O)c1C,6.399996913372259
c12N(CCc2cc(OC)c(C(F)(F)F)c1)C(=O)Nc1c(C)c(-c2cccnc2)ccc1,6.399996913372259
c12n(ccc1Cc1ccc(OC)cc-21)CC(N)C,6.900008766455316
C(Cn1c2c(Cc3c-2cc(OC)cc3)cc1)(C)N,6.900008766455316
NC(C)Cn1c2c(cc1)Cc1c-2cc(cc1)OC,6.900008766455316
c1cc(cc2-c3c(ccn3CC(C)N)Cc21)OC,6.900008766455316
COc1ccc2c(c1)-c1n(ccc1C2)CC(N)C,6.900008766455316
O=S(NCCCCN1CCC(CC1)c1noc2c1ccc(c2)F)(c1cc(Cl)c(cc1)Cl)=O,8.309803919971486
C(CNS(=O)(c1ccc(c(Cl)c1)Cl)=O)CCN1CCC(c2c3c(on2)cc(cc3)F)CC1,8.309803919971486
c1(C2CCN(CC2)CCCCNS(c2ccc(Cl)c(c2)Cl)(=O)=O)c2ccc(F)cc2on1,8.309803919971486
c1(c(cc(cc1)S(=O)(NCCCCN1CCC(c2noc3cc(F)ccc32)CC1)=O)Cl)Cl,8.309803919971486
c1(S(=O)(=O)NCCCCN2CCC(c3noc4c3ccc(F)c4)CC2)cc(Cl)c(Cl)cc1,8.309803919971486
Fc1cc(c(cc1)CCN1CCC(S(=O)(=O)c2ccc(C(N)=O)cc2)CC1)F,9.2839966563652
Fc1cc(F)c(cc1)CCN1CCC(S(=O)(c2ccc(cc2)C(=O)N)=O)CC1,9.2839966563652
C1CN(CCc2ccc(cc2F)F)CCC1S(=O)(c1ccc(C(=O)N)cc1)=O,9.2839966563652
NC(c1ccc(cc1)S(=O)(C1CCN(CC1)CCc1ccc(F)cc1F)=O)=O,9.2839966563652
C1N(CCc2c(F)cc(cc2)F)CCC(S(=O)(c2ccc(C(N)=O)cc2)=O)C1,9.2839966563652
c1n(c2c(Cc3ccc(cc3-2)OC)c1)CC(C)N,6.900008766455316
C(C(C)N)n1ccc2Cc3c(cc(cc3)OC)-c21,6.900008766455316
NC(C)Cn1c2c(Cc3c-2cc(OC)cc3)cc1,6.900008766455316
O(c1cc2c(Cc3c-2n(cc3)CC(C)N)cc1)C,6.900008766455316
O(c1cc2-c3n(ccc3Cc2cc1)CC(N)C)C,6.900008766455316
c12N3CCNCc2ccc(c1CC3)Br,6.522878745280337
C1c2c3c(ccc2Br)CNCCN3C1,6.522878745280337
c12ccc(Br)c3CCN(CCNC1)c32,6.522878745280337
C1NCCN2CCc3c(ccc1c32)Br,6.522878745280337
C1CN2c3c1c(ccc3CNCC2)Br,6.522878745280337
N1(CCN(c2c3c(ccn2)scc3)CC1)CCC1CCC(NC(=O)CO)CC1,8.853871964321762
C1CC(CCC1CCN1CCN(c2c3c(ccn2)scc3)CC1)NC(=O)CO,8.853871964321762
c12c(N3CCN(CC3)CCC3CCC(NC(=O)CO)CC3)nccc2scc1,8.853871964321762
c1c2sccc2c(nc1)N1CCN(CC1)CCC1CCC(CC1)NC(=O)CO,8.853871964321762
C1N(CCN(c2nccc3c2ccs3)C1)CCC1CCC(CC1)NC(CO)=O,8.853871964321762
c1(Br)c(cc(CC(C)NCCC)c(c1)OC)OC,7.053056729302175
CCCNC(Cc1c(cc(c(c1)OC)Br)OC)C,7.053056729302175
C(NCCC)(C)Cc1cc(OC)c(cc1OC)Br,7.053056729302175
c1(CC(C)NCCC)cc(c(Br)cc1OC)OC,7.053056729302175
c1(c(cc(CC(C)NCCC)c(c1)OC)OC)Br,7.053056729302175
FC(F)(F)c1cccc(c1)N1CCN(CC1)CCCCCCn1c(O)c2c(c1O)C1CCC2C1,6.723538195826756
c1cc(cc(C(F)(F)F)c1)N1CCN(CC1)CCCCCCn1c(c2C3CC(c2c1O)CC3)O,6.723538195826756
Oc1n(CCCCCCN2CCN(CC2)c2cccc(C(F)(F)F)c2)c(c2c1C1CCC2C1)O,6.723538195826756
C12CCC(C2)c2c1c(n(c2O)CCCCCCN1CCN(c2cc(ccc2)C(F)(F)F)CC1)O,6.723538195826756
C(n1c(O)c2C3CC(CC3)c2c1O)CCCCCN1CCN(CC1)c1cccc(c1)C(F)(F)F,6.723538195826756
C1NCCN2C(=O)c3c(C21)cc(cc3C(F)(F)F)OCC,5.4179366370882915
C1CN2C(c3c(C2CN1)cc(OCC)cc3C(F)(F)F)=O,5.4179366370882915
C1C2c3c(C(=O)N2CCN1)c(cc(OCC)c3)C(F)(F)F,5.4179366370882915
c12c(cc(cc2C2N(CCNC2)C1=O)OCC)C(F)(F)F,5.4179366370882915
c12C3CNCCN3C(=O)c2c(cc(c1)OCC)C(F)(F)F,5.4179366370882915
C1(NCCc2cccc3[nH]cc(c32)S(=O)(c2ccccc2)=O)CCCC1,7.721246399047171
[nH]1cc(c2c(CCNC3CCCC3)cccc21)S(=O)(=O)c1ccccc1,7.721246399047171
c1cc(c2c([nH]cc2S(c2ccccc2)(=O)=O)c1)CCNC1CCCC1,7.721246399047171
c1cc(S(=O)(c2c3c(cccc3[nH]c2)CCNC2CCCC2)=O)ccc1,7.721246399047171
C1CCC(NCCc2c3c(c[nH]c3ccc2)S(=O)(=O)c2ccccc2)C1,7.721246399047171
c1(C(=O)C2CCN(CC2)CCc2ccc(cc2)I)ccc(cc1)F,8.441291429466835
c1(ccc(I)cc1)CCN1CCC(CC1)C(=O)c1ccc(F)cc1,8.441291429466835
O=C(c1ccc(F)cc1)C1CCN(CCc2ccc(cc2)I)CC1,8.441291429466835
C1CN(CCc2ccc(I)cc2)CCC1C(=O)c1ccc(cc1)F,8.441291429466835
C1(C(c2ccc(F)cc2)=O)CCN(CCc2ccc(cc2)I)CC1,8.441291429466835
N(c1ccc(cc1)Cl)C(=O)Nc1ccc(OCCN2CCCC2)c(-c2n(C)ncc2)c1,9.823908740944319
c1c(NC(Nc2ccc(cc2)Cl)=O)ccc(c1-c1n(ncc1)C)OCCN1CCCC1,9.823908740944319
c1cc(-c2c(OCCN3CCCC3)ccc(NC(=O)Nc3ccc(Cl)cc3)c2)n(n1)C,9.823908740944319
c1(ccnn1C)-c1c(OCCN2CCCC2)ccc(NC(Nc2ccc(Cl)cc2)=O)c1,9.823908740944319
c1(-c2cc(NC(=O)Nc3ccc(Cl)cc3)ccc2OCCN2CCCC2)ccnn1C,9.823908740944319
c1c2C(=O)N3C(CNCC3)Cc2c(OC)cc1,6.291579099865287
C1NCCN2C1Cc1c(cccc1OC)C2=O,6.291579099865287
c1(cccc2c1CC1CNCCN1C2=O)OC,6.291579099865287
C1C2N(CCN1)C(=O)c1cccc(c1C2)OC,6.291579099865287
C1NCC2Cc3c(cccc3OC)C(=O)N2C1,6.291579099865287
c1(ccc2c(snc2N2CCN(CCN3C(c4c(cccn4)CC3)=O)CC2)c1)F,8.522878745280337
c12c(nsc1cc(F)cc2)N1CCN(CCN2C(=O)c3c(cccn3)CC2)CC1,8.522878745280337
O=C1N(CCc2c1nccc2)CCN1CCN(CC1)c1nsc2cc(ccc21)F,8.522878745280337
c1c2snc(c2ccc1F)N1CCN(CCN2CCc3cccnc3C2=O)CC1,8.522878745280337
c1ccnc2c1CCN(CCN1CCN(c3c4c(sn3)cc(F)cc4)CC1)C2=O,8.522878745280337
C1CN(CCN1CC(F)CCNC(=O)c1cc2c(o1)cccc2)c1c(c(CC)ccc1)Cl,6.4736607226101555
c1c2c(cc(C(=O)NCCC(CN3CCN(c4cccc(c4Cl)CC)CC3)F)o2)ccc1,6.4736607226101555
c1c2ccccc2oc1C(=O)NCCC(CN1CCN(CC1)c1c(Cl)c(CC)ccc1)F,6.4736607226101555
c1(CC)cccc(c1Cl)N1CCN(CC(F)CCNC(c2oc3c(c2)cccc3)=O)CC1,6.4736607226101555
N1(CCN(CC1)c1c(c(ccc1)CC)Cl)CC(CCNC(c1cc2c(o1)cccc2)=O)F,6.4736607226101555
C(C1CCN(CCCc2noc3cc(ccc32)F)C1)S(=O)(=O)c1cc(Cl)ccc1,8.36001575195841
o1nc(c2c1cc(F)cc2)CCCN1CC(CC1)CS(=O)(=O)c1cc(ccc1)Cl,8.36001575195841
C1C(CS(=O)(=O)c2cccc(Cl)c2)CN(C1)CCCc1c2ccc(cc2on1)F,8.36001575195841
Clc1cccc(c1)S(=O)(=O)CC1CN(CC1)CCCc1c2c(cc(cc2)F)on1,8.36001575195841
C1C(CCN1CCCc1c2ccc(F)cc2on1)CS(c1cc(ccc1)Cl)(=O)=O,8.36001575195841
c1c(CCc2c(OCC(CN(C)C)O)cccc2)cccc1OC,9.199970640755865
c1ccc(CCc2ccccc2OCC(O)CN(C)C)cc1OC,9.199970640755865
c1cc(cc(c1)OC)CCc1ccccc1OCC(CN(C)C)O,9.199970640755865
C(c1ccccc1OCC(O)CN(C)C)Cc1cc(OC)ccc1,9.199970640755865
c1cc(CCc2c(cccc2)OCC(O)CN(C)C)cc(OC)c1,9.199970640755865
c1c2c(ccc1)CC1(c3c(O2)cccc3)CC(N2CCC(C(=O)O)CC2)CC1,6.499996931948306
c12CC3(c4ccccc4Oc2cccc1)CC(N1CCC(C(=O)O)CC1)CC3,6.499996931948306
c1cccc2c1Oc1ccccc1CC12CCC(C1)N1CCC(CC1)C(O)=O,6.499996931948306
O=C(O)C1CCN(C2CCC3(Cc4c(Oc5ccccc53)cccc4)C2)CC1,6.499996931948306
c1c2Oc3ccccc3C3(Cc2ccc1)CCC(N1CCC(CC1)C(O)=O)C3,6.499996931948306
c1ccc2c(Cc3c(cccc3)C2(C)CN)c1,7.187086643357144
NCC1(c2c(Cc3ccccc13)cccc2)C,7.187086643357144
CC1(CN)c2ccccc2Cc2c1cccc2,7.187086643357144
c12ccccc2Cc2ccccc2C1(CN)C,7.187086643357144
c12ccccc1Cc1ccccc1C2(CN)C,7.187086643357144
Cc1ccc(c2c1C1CNCCN1C2=O)Cl,5.396855627379818
N1CC2c3c(ccc(Cl)c3C(N2CC1)=O)C,5.396855627379818
C1(c2c(Cl)ccc(C)c2C2CNCCN12)=O,5.396855627379818
c12C(N3CCNCC3c1c(C)ccc2Cl)=O,5.396855627379818
C1CN2C(c3c(ccc(c3C2CN1)C)Cl)=O,5.396855627379818
N(c1ccc(Cl)cc1)C(Nc1ccc(OCCN2CCNCC2)c(-c2ccnn2C)c1)=O,7.7544873321858505
c1(ccc(NC(=O)Nc2cc(-c3ccnn3C)c(OCCN3CCNCC3)cc2)cc1)Cl,7.7544873321858505
c1c(NC(Nc2ccc(c(c2)-c2ccnn2C)OCCN2CCNCC2)=O)ccc(c1)Cl,7.7544873321858505
C(Oc1c(cc(NC(=O)Nc2ccc(Cl)cc2)cc1)-c1n(ncc1)C)CN1CCNCC1,7.7544873321858505
c1(cc(c(OCCN2CCNCC2)cc1)-c1ccnn1C)NC(=O)Nc1ccc(Cl)cc1,7.7544873321858505
c1(c(cc(c(OC)c1)SC(F)F)OC)CCN,8.195281440136988
S(C(F)F)c1cc(c(cc1OC)CCN)OC,8.195281440136988
c1c(c(CCN)cc(OC)c1SC(F)F)OC,8.195281440136988
NCCc1cc(OC)c(SC(F)F)cc1OC,8.195281440136988
c1(OC)cc(SC(F)F)c(cc1CCN)OC,8.195281440136988
S(c1nc(N)c(c(N)n1)Cc1ccccc1)CCN1CCN(Cc2c(cccc2)Cl)CC1,7.73754891026957
C1CN(Cc2ccccc2Cl)CCN1CCSc1nc(N)c(Cc2ccccc2)c(N)n1,7.73754891026957
c1(c(cccc1)CN1CCN(CC1)CCSc1nc(c(c(n1)N)Cc1ccccc1)N)Cl,7.73754891026957
c1(N)nc(SCCN2CCN(CC2)Cc2c(Cl)cccc2)nc(c1Cc1ccccc1)N,7.73754891026957
N1(CCN(Cc2c(cccc2)Cl)CC1)CCSc1nc(N)c(Cc2ccccc2)c(n1)N,7.73754891026957
N1(CCCCC1)CCOc1ccc(cc1-c1ccnn1C)NC(=O)Nc1cccc(OC)c1,8.481486060122112
O=C(Nc1ccc(c(-c2n(ncc2)C)c1)OCCN1CCCCC1)Nc1cc(ccc1)OC,8.481486060122112
C1CCN(CC1)CCOc1c(-c2ccnn2C)cc(cc1)NC(=O)Nc1cc(OC)ccc1,8.481486060122112
n1(c(-c2c(ccc(c2)NC(=O)Nc2cc(OC)ccc2)OCCN2CCCCC2)ccn1)C,8.481486060122112
c1(cc(c(OCCN2CCCCC2)cc1)-c1n(C)ncc1)NC(=O)Nc1cc(OC)ccc1,8.481486060122112
c1c(c(C(N2CCN(CCc3ccc(F)cc3)CC2)=O)nn1C)Br,8.443697499232712
n1(cc(c(n1)C(=O)N1CCN(CCc2ccc(cc2)F)CC1)Br)C,8.443697499232712
c1(ccc(F)cc1)CCN1CCN(C(=O)c2c(Br)cn(n2)C)CC1,8.443697499232712
c1n(nc(c1Br)C(N1CCN(CC1)CCc1ccc(cc1)F)=O)C,8.443697499232712
N1(CCN(CC1)C(=O)c1nn(cc1Br)C)CCc1ccc(F)cc1,8.443697499232712
C1CN(CCCCNC(=O)c2oc3ccccc3c2)CCN1c1c(c(ccc1)C)C,8.443697499232712
C(CCCN1CCN(c2c(c(ccc2)C)C)CC1)NC(c1cc2c(cccc2)o1)=O,8.443697499232712
C(N1CCN(c2cccc(C)c2C)CC1)CCCNC(c1oc2ccccc2c1)=O,8.443697499232712
C1CN(CCN1CCCCNC(=O)c1oc2c(cccc2)c1)c1cccc(c1C)C,8.443697499232712
Cc1c(C)c(ccc1)N1CCN(CC1)CCCCNC(=O)c1cc2ccccc2o1,8.443697499232712
Oc1c2OCCOc2c(N2CCN(CCCCOc3ccn4c(c(C=NO)cn4)c3)CC2)cc1,6.102372908709558
c1(cc2c(C=NO)cnn2cc1)OCCCCN1CCN(c2ccc(c3c2OCCO3)O)CC1,6.102372908709558
C1Oc2c(OC1)c(O)ccc2N1CCN(CCCCOc2cc3n(ncc3C=NO)cc2)CC1,6.102372908709558
c1c(cc2n(c1)ncc2C=NO)OCCCCN1CCN(c2c3c(c(cc2)O)OCCO3)CC1,6.102372908709558
n1cc(c2cc(OCCCCN3CCN(CC3)c3ccc(O)c4OCCOc43)ccn12)C=NO,6.102372908709558
c1c(cc2c(c(no2)N2CCN(CCN(C(C(O)C)=O)CC)CC2)c1)F,7.987162775294828
C(CN1CCN(c2c3c(on2)cc(F)cc3)CC1)N(CC)C(C(O)C)=O,7.987162775294828
C(N1CCN(CC1)c1noc2c1ccc(F)c2)CN(CC)C(C(C)O)=O,7.987162775294828
C(N(C(=O)C(C)O)CCN1CCN(c2noc3cc(F)ccc32)CC1)C,7.987162775294828
O=C(C(O)C)N(CCN1CCN(CC1)c1noc2cc(ccc12)F)CC,7.987162775294828
c1cc(c(cn1)Oc1ncc(cc1)NC(N1c2cc(c(cc2CC1)C)Cl)=O)C,8.100015437450608
Clc1c(C)cc2CCN(c2c1)C(=O)Nc1ccc(nc1)Oc1c(C)ccnc1,8.100015437450608
O(c1ncc(cc1)NC(N1CCc2cc(C)c(Cl)cc12)=O)c1cnccc1C,8.100015437450608
O(c1ccc(cn1)NC(N1c2cc(Cl)c(C)cc2CC1)=O)c1cnccc1C,8.100015437450608
C1c2cc(c(cc2N(C(Nc2cnc(Oc3c(C)ccnc3)cc2)=O)C1)Cl)C,8.100015437450608
O=C(Nc1ccc(c(-c2n(ncc2)C)c1)OCCN1CCCCC1)Nc1ccc(Cl)cc1,9.387216143280265
c1(ccc(Cl)cc1)NC(Nc1cc(-c2ccnn2C)c(cc1)OCCN1CCCCC1)=O,9.387216143280265
C1CCCCN1CCOc1ccc(NC(Nc2ccc(cc2)Cl)=O)cc1-c1n(ncc1)C,9.387216143280265
c1c(c(-c2n(ncc2)C)cc(NC(Nc2ccc(Cl)cc2)=O)c1)OCCN1CCCCC1,9.387216143280265
c1c(OCCN2CCCCC2)c(cc(c1)NC(Nc1ccc(cc1)Cl)=O)-c1ccnn1C,9.387216143280265
O(c1c(cccc1)Cl)C(C)(C)c1nc(N2CCN(CC2)C)nc(n1)N,6.24184537803261
c1(c(cccc1)Cl)OC(c1nc(N2CCN(CC2)C)nc(N)n1)(C)C,6.24184537803261
Clc1c(cccc1)OC(C)(c1nc(N)nc(N2CCN(CC2)C)n1)C,6.24184537803261
C1CN(C)CCN1c1nc(nc(n1)C(C)(Oc1ccccc1Cl)C)N,6.24184537803261
c1(nc(C(Oc2c(Cl)cccc2)(C)C)nc(n1)N)N1CCN(CC1)C,6.24184537803261
C(=O)(C(CN1CCN(C2c3ccc(CCC)cc3Oc3cc(Cl)ccc3N=2)CC1)(C)C)O,7.886056647693163
c1c2N=C(N3CCN(CC3)CC(C)(C(=O)O)C)c3ccc(cc3Oc2cc(Cl)c1)CCC,7.886056647693163
C1N(C2=Nc3ccc(cc3Oc3cc(CCC)ccc32)Cl)CCN(CC(C)(C)C(=O)O)C1,7.886056647693163
c1c2Oc3cc(ccc3C(N3CCN(CC3)CC(C)(C)C(O)=O)=Nc2ccc1Cl)CCC,7.886056647693163
c1(Cl)cc2c(cc1)N=C(c1c(O2)cc(cc1)CCC)N1CCN(CC1)CC(C)(C(O)=O)C,7.886056647693163
c12c(cc(Br)cc2)c(CCN(CC=C)CC=C)c[nH]1,6.32000008377078
c1cc2c(c(c[nH]2)CCN(CC=C)CC=C)cc1Br,6.32000008377078
Brc1cc2c([nH]cc2CCN(CC=C)CC=C)cc1,6.32000008377078
N(CC=C)(CC=C)CCc1c[nH]c2c1cc(Br)cc2,6.32000008377078
C=CCN(CCc1c2cc(ccc2[nH]c1)Br)CC=C,6.32000008377078
C(N1CCc2c1cc(C(F)(F)F)c(OC)c2)(=O)Nc1cc(-c2cnccc2C)ccc1,6.599997654072044
COc1cc2CCN(c2cc1C(F)(F)F)C(Nc1cccc(-c2cnccc2C)c1)=O,6.599997654072044
C1CN(C(Nc2cc(-c3cnccc3C)ccc2)=O)c2c1cc(OC)c(C(F)(F)F)c2,6.599997654072044
c1(-c2cccc(NC(N3CCc4c3cc(C(F)(F)F)c(OC)c4)=O)c2)cnccc1C,6.599997654072044
c1(cc(ccc1)NC(=O)N1CCc2cc(c(C(F)(F)F)cc21)OC)-c1cnccc1C,6.599997654072044
c1(Cl)cnn(C)c1-c1c(OCCN2CCOCC2)ccc(NC(c2cccc(F)c2)=O)c1,9.221848749616356
c1c(Cl)c(-c2cc(ccc2OCCN2CCOCC2)NC(=O)c2cc(F)ccc2)n(C)n1,9.221848749616356
c1(Cl)c(n(nc1)C)-c1cc(NC(=O)c2cccc(c2)F)ccc1OCCN1CCOCC1,9.221848749616356
c1(Cl)c(n(C)nc1)-c1cc(NC(=O)c2cccc(F)c2)ccc1OCCN1CCOCC1,9.221848749616356
c1(cc(ccc1OCCN1CCOCC1)NC(=O)c1cccc(c1)F)-c1c(cnn1C)Cl,9.221848749616356
c1(S(NCCCCN2CCN(c3nsc4c3cccc4)CC2)(=O)=O)sc2c(c1C)cc(F)cc2,8.187086643357144
S(=O)(NCCCCN1CCN(c2nsc3c2cccc3)CC1)(c1sc2c(c1C)cc(cc2)F)=O,8.187086643357144
c12ccccc2snc1N1CCN(CCCCNS(c2c(c3cc(ccc3s2)F)C)(=O)=O)CC1,8.187086643357144
c1cccc2snc(N3CCN(CC3)CCCCNS(c3sc4ccc(cc4c3C)F)(=O)=O)c21,8.187086643357144
c12ccccc1c(N1CCN(CCCCNS(=O)(c3sc4ccc(cc4c3C)F)=O)CC1)ns2,8.187086643357144
C(F)(c1cc2N(CCc2cc1CC)C(=O)Nc1cnc(cc1)Oc1c(nccc1)C)(F)F,6.299997602857746
c1ccc(Oc2ccc(NC(N3CCc4cc(c(C(F)(F)F)cc34)CC)=O)cn2)c(C)n1,6.299997602857746
c1(Oc2cccnc2C)ccc(cn1)NC(=O)N1CCc2c1cc(c(c2)CC)C(F)(F)F,6.299997602857746
O=C(Nc1ccc(nc1)Oc1cccnc1C)N1c2cc(c(CC)cc2CC1)C(F)(F)F,6.299997602857746
c1(ncccc1Oc1ncc(NC(N2c3cc(C(F)(F)F)c(cc3CC2)CC)=O)cc1)C,6.299997602857746
c1c2C(CC(Cc2ccc1)N(C)C)c1cccc(c1)F,6.958607314841775
Fc1cc(C2c3ccccc3CC(C2)N(C)C)ccc1,6.958607314841775
c12c(CC(N(C)C)CC2c2cccc(F)c2)cccc1,6.958607314841775
c1ccc2C(CC(Cc2c1)N(C)C)c1cc(F)ccc1,6.958607314841775
CN(C1Cc2c(C(c3cccc(c3)F)C1)cccc2)C,6.958607314841775
N1C(CN2c3c(cccc31)C1CN(CCCc3nn(C)c4cc(F)ccc34)CCC12)=O,7.906578314837765
N12C3C(c4c2c(ccc4)NC(=O)C1)CN(CCCc1c2ccc(cc2n(C)n1)F)CC3,7.906578314837765
c1(ccc2c(c1)n(C)nc2CCCN1CCC2C(c3c4c(NC(=O)CN24)ccc3)C1)F,7.906578314837765
N12c3c(cccc3C3CN(CCCc4c5ccc(F)cc5n(n4)C)CCC32)NC(C1)=O,7.906578314837765
c1c(F)cc2c(c(nn2C)CCCN2CC3c4c5c(NC(=O)CN5C3CC2)ccc4)c1,7.906578314837765
c1ccc(c2c1cccc2F)N1CCN(CC1)CCCOc1cc2c(cc1C)CNC2=O,7.182434630440219
C1c2c(C(=O)N1)cc(c(c2)C)OCCCN1CCN(CC1)c1cccc2c1c(ccc2)F,7.182434630440219
c12c(cccc2cccc1N1CCN(CCCOc2cc3c(cc2C)CNC3=O)CC1)F,7.182434630440219
N1(c2c3c(cccc3ccc2)F)CCN(CCCOc2c(C)cc3c(C(NC3)=O)c2)CC1,7.182434630440219
C1N(CCCOc2c(C)cc3CNC(c3c2)=O)CCN(c2c3c(ccc2)cccc3F)C1,7.182434630440219
C12C(OC(CN(C)C)C2)c2cc(F)ccc2Oc2ccccc12,6.373659632624958
c12C3OC(CC3c3c(Oc2ccc(F)c1)cccc3)CN(C)C,6.373659632624958
c12C3C(OC(C3)CN(C)C)c3c(Oc1cccc2)ccc(F)c3,6.373659632624958
C12C(c3ccccc3Oc3c1cc(cc3)F)CC(O2)CN(C)C,6.373659632624958
C(N(C)C)C1CC2C(O1)c1c(ccc(c1)F)Oc1ccccc21,6.373659632624958
n1(C)c(c2c(CCN(C2=O)CCN2CCN(CC2)c2c3c(sn2)cccc3)n1)Br,9.267606240177031
c1ccc2c(snc2N2CCN(CCN3CCc4c(c(n(n4)C)Br)C3=O)CC2)c1,9.267606240177031
c1c2c(N3CCN(CC3)CCN3C(c4c(CC3)nn(C)c4Br)=O)nsc2ccc1,9.267606240177031
c12C(N(CCc2nn(C)c1Br)CCN1CCN(CC1)c1nsc2c1cccc2)=O,9.267606240177031
C(CN1C(=O)c2c(CC1)nn(c2Br)C)N1CCN(CC1)c1nsc2c1cccc2,9.267606240177031
c1c(OCCN2CCNC(C2)=O)c(-c2n(C)ncc2)cc(c1)NC(c1cc(C(F)(F)F)ccc1)=O,6.542118103266008
c1cc(cc(-c2ccnn2C)c1OCCN1CC(NCC1)=O)NC(c1cccc(C(F)(F)F)c1)=O,6.542118103266008
c1(-c2n(ncc2)C)c(OCCN2CC(NCC2)=O)ccc(c1)NC(=O)c1cc(C(F)(F)F)ccc1,6.542118103266008
n1ccc(-c2c(OCCN3CC(=O)NCC3)ccc(NC(=O)c3cccc(C(F)(F)F)c3)c2)n1C,6.542118103266008
c1cnn(C)c1-c1cc(ccc1OCCN1CCNC(=O)C1)NC(c1cccc(c1)C(F)(F)F)=O,6.542118103266008
c1(Cl)ccc(COc2c(cc(NC(=O)Nc3ccc(cc3)Cl)cc2)-c2n(ncc2Br)C)cc1,7.700057099977233
n1(C)ncc(Br)c1-c1c(ccc(c1)NC(Nc1ccc(cc1)Cl)=O)OCc1ccc(Cl)cc1,7.700057099977233
c1(ccc(cc1)Cl)NC(Nc1ccc(OCc2ccc(Cl)cc2)c(c1)-c1c(cnn1C)Br)=O,7.700057099977233
c1nn(c(-c2c(ccc(NC(Nc3ccc(Cl)cc3)=O)c2)OCc2ccc(cc2)Cl)c1Br)C,7.700057099977233
c1c(ccc(c1)Cl)COc1ccc(cc1-c1c(cnn1C)Br)NC(=O)Nc1ccc(Cl)cc1,7.700057099977233
c1(C(=O)CCCN2CCC(C2)c2c(nc(N)s2)-c2ccc(cc2)F)ccc(cc1)F,8.71669877129645
Fc1ccc(-c2nc(sc2C2CCN(C2)CCCC(c2ccc(cc2)F)=O)N)cc1,8.71669877129645
c1(F)ccc(cc1)-c1nc(sc1C1CN(CCCC(=O)c2ccc(cc2)F)CC1)N,8.71669877129645
c1cc(F)ccc1C(CCCN1CC(CC1)c1sc(N)nc1-c1ccc(F)cc1)=O,8.71669877129645
c1(C(CCCN2CC(c3sc(nc3-c3ccc(F)cc3)N)CC2)=O)ccc(F)cc1,8.71669877129645
c1(OC(C)C)cccc2C3CNCCN3C(c12)=O,6.6020599913279625
CC(Oc1cccc2c1C(=O)N1C2CNCC1)C,6.6020599913279625
c1cc2c(c(c1)OC(C)C)C(N1C2CNCC1)=O,6.6020599913279625
CC(Oc1c2C(=O)N3C(CNCC3)c2ccc1)C,6.6020599913279625
C1CNCC2N1C(c1c2cccc1OC(C)C)=O,6.6020599913279625
C(C(c1ccc(F)cc1)=O)CCN1CC2c3cccc4CCCCN(c43)C2CC1,8.958607314841775
c1ccc2c3N(C4C(CN(CC4)CCCC(c4ccc(cc4)F)=O)c13)CCCC2,8.958607314841775
C(CC(c1ccc(cc1)F)=O)CN1CCC2N3c4c(cccc4CCCC3)C2C1,8.958607314841775
C1CCCN2c3c1cccc3C1C2CCN(CCCC(=O)c2ccc(cc2)F)C1,8.958607314841775
c1(F)ccc(C(=O)CCCN2CCC3N4CCCCc5c4c(ccc5)C3C2)cc1,8.958607314841775
c1(N2CCN(CC2)CCC2CCC(NC(CF)=O)CC2)cccc2c1OCO2,7.5045944368538064
C1CC(CCC1NC(=O)CF)CCN1CCN(c2c3OCOc3ccc2)CC1,7.5045944368538064
C1CN(CCN1c1c2OCOc2ccc1)CCC1CCC(NC(CF)=O)CC1,7.5045944368538064
O1c2c(N3CCN(CC3)CCC3CCC(NC(=O)CF)CC3)cccc2OC1,7.5045944368538064
O1COc2c(cccc21)N1CCN(CC1)CCC1CCC(CC1)NC(=O)CF,7.5045944368538064
O=C1N(CCCCCCN2CCN(CC2)c2cccc(c2)OC)C(=O)c2cccc3c2c1ccc3,6.476253533188435
C1N(CCCCCCN2C(=O)c3c4c(C2=O)cccc4ccc3)CCN(c2cccc(OC)c2)C1,6.476253533188435
c1ccc2C(N(CCCCCCN3CCN(CC3)c3cc(OC)ccc3)C(c3cccc1c32)=O)=O,6.476253533188435
c1(N2CCN(CC2)CCCCCCN2C(c3cccc4c3c(C2=O)ccc4)=O)cccc(OC)c1,6.476253533188435
C1CN(CCCCCCN2C(c3c4c(cccc4ccc3)C2=O)=O)CCN1c1cccc(c1)OC,6.476253533188435
CN1CCc2c3C1Cc1c(-c3c(c(OC)c2)OC)cc(OC)c(OCCCC)c1,6.5718652059712115
c12c3c(OC)c(OC)cc1CCN(C)C2Cc1c-3cc(OC)c(OCCCC)c1,6.5718652059712115
C(Oc1c(OC)cc2c(c1)CC1c3c-2c(c(cc3CCN1C)OC)OC)CCC,6.5718652059712115
C12N(CCc3cc(OC)c(OC)c(-c4c(C1)cc(OCCCC)c(c4)OC)c23)C,6.5718652059712115
CCCCOc1c(OC)cc2c(c1)CC1N(C)CCc3cc(c(c-2c13)OC)OC,6.5718652059712115
s1nc(c2c1cccc2)N1CCN(CCCCNS(=O)(=O)c2cccc(C)c2)CC1,9.397940008672037
c12c(cccc1)c(N1CCN(CC1)CCCCNS(=O)(=O)c1cc(C)ccc1)ns2,9.397940008672037
c12c(cccc1)snc2N1CCN(CCCCNS(c2cc(C)ccc2)(=O)=O)CC1,9.397940008672037
c12c(cccc2)c(ns1)N1CCN(CCCCNS(=O)(c2cc(C)ccc2)=O)CC1,9.397940008672037
c1ccc(C)cc1S(=O)(=O)NCCCCN1CCN(c2c3ccccc3sn2)CC1,9.397940008672037
c1c(ccc(c1)Cl)NC(Nc1ccc(OCCN2CC(OC)C2)c(-c2n(C)ncc2)c1)=O,9.00436480540245
C1N(CCOc2c(cc(cc2)NC(Nc2ccc(cc2)Cl)=O)-c2ccnn2C)CC1OC,9.00436480540245
c1cc(-c2cc(NC(Nc3ccc(cc3)Cl)=O)ccc2OCCN2CC(OC)C2)n(n1)C,9.00436480540245
Cn1c(ccn1)-c1c(ccc(c1)NC(Nc1ccc(cc1)Cl)=O)OCCN1CC(OC)C1,9.00436480540245
Clc1ccc(NC(Nc2ccc(OCCN3CC(C3)OC)c(c2)-c2ccnn2C)=O)cc1,9.00436480540245
C(CCNS(c1cc2ccccc2s1)(=O)=O)CN1CCN(CC1)c1noc2ccccc12,6.721246399047171
c1(N2CCN(CCCCNS(=O)(c3sc4c(cccc4)c3)=O)CC2)c2c(cccc2)on1,6.721246399047171
S(NCCCCN1CCN(CC1)c1noc2c1cccc2)(=O)(=O)c1cc2c(cccc2)s1,6.721246399047171
N1(CCN(CCCCNS(c2cc3ccccc3s2)(=O)=O)CC1)c1noc2ccccc12,6.721246399047171
C1CN(c2c3c(cccc3)on2)CCN1CCCCNS(c1sc2c(c1)cccc2)(=O)=O,6.721246399047171
c1c(ccc(c1C)COc1n(nc(CNC)c1)CC1CCCCC1)F,8.853871964321762
C(c1c(cc(cc1)F)C)Oc1n(CC2CCCCC2)nc(c1)CNC,8.853871964321762
C1(CCCCC1)Cn1c(cc(CNC)n1)OCc1c(C)cc(F)cc1,8.853871964321762
C1CCC(Cn2c(OCc3c(C)cc(cc3)F)cc(n2)CNC)CC1,8.853871964321762
C1C(Cn2c(OCc3ccc(F)cc3C)cc(n2)CNC)CCCC1,8.853871964321762
CC(=O)c1c(OCCCCN2CCN(CC2)c2cccc(c2Cl)Cl)ccc2c1oc(=O)cc2C,7.522878745280337
c12oc(=O)cc(c2ccc(OCCCCN2CCN(CC2)c2cccc(Cl)c2Cl)c1C(C)=O)C,7.522878745280337
Clc1c(cccc1N1CCN(CC1)CCCCOc1ccc2c(c1C(=O)C)oc(=O)cc2C)Cl,7.522878745280337
O=C(c1c(ccc2c(C)cc(oc21)=O)OCCCCN1CCN(CC1)c1cccc(c1Cl)Cl)C,7.522878745280337
C1N(CCCCOc2ccc3c(C)cc(=O)oc3c2C(=O)C)CCN(c2cccc(c2Cl)Cl)C1,7.522878745280337
c1c2CC3c4c(cccc4CCN3CCC)-c2c(cc1)OC(=O)CCCC,7.036212172654444
C12Cc3c(-c4c1c(CCN2CCC)ccc4)c(ccc3)OC(=O)CCCC,7.036212172654444
O=C(Oc1cccc2c1-c1cccc3c1C(N(CC3)CCC)C2)CCCC,7.036212172654444
c1c(c2c(CC3N(CCc4c3c-2ccc4)CCC)cc1)OC(CCCC)=O,7.036212172654444
c12c(c(ccc1)OC(CCCC)=O)-c1cccc3CCN(C(C2)c31)CCC,7.036212172654444
C1CC(CCN1CCC1CCC(NC(=O)CCO)CC1)c1c2ccccc2oc1,8.083019952679617
C(N1CCC(CC1)c1coc2ccccc12)CC1CCC(CC1)NC(CCO)=O,8.083019952679617
c1cccc2c1c(C1CCN(CCC3CCC(CC3)NC(CCO)=O)CC1)co2,8.083019952679617
O=C(NC1CCC(CCN2CCC(c3coc4ccccc34)CC2)CC1)CCO,8.083019952679617
C1C(CCN(C1)CCC1CCC(CC1)NC(CCO)=O)c1c2c(oc1)cccc2,8.083019952679617
C(N1CCN(c2ccccn2)CC1)CC1Cc2c(ccc(c2)Cl)C1,6.959298788062642
C(C1Cc2cc(Cl)ccc2C1)CN1CCN(CC1)c1ccccn1,6.959298788062642
c1cccc(n1)N1CCN(CCC2Cc3c(ccc(Cl)c3)C2)CC1,6.959298788062642
c12c(ccc(c1)Cl)CC(CCN1CCN(CC1)c1ccccn1)C2,6.959298788062642
c1cc2CC(CCN3CCN(c4ncccc4)CC3)Cc2cc1Cl,6.959298788062642
C1CNCCN1c1nc(nc(N)n1)C(CC)Oc1c(Cl)ccc(c1)Cl,7.2076083105017466
Clc1ccc(cc1OC(c1nc(N2CCNCC2)nc(n1)N)CC)Cl,7.2076083105017466
C1CNCCN1c1nc(C(Oc2cc(Cl)ccc2Cl)CC)nc(n1)N,7.2076083105017466
N1(CCNCC1)c1nc(nc(n1)N)C(CC)Oc1cc(Cl)ccc1Cl,7.2076083105017466
c1c(c(Cl)ccc1Cl)OC(c1nc(N2CCNCC2)nc(N)n1)CC,7.2076083105017466
c1(ccccc1)S(=O)(=O)n1cc(c2c1ccc(OC)c2)-c1c(CC)[nH]c(n1)N,6.179798540514359
c1(OC)ccc2c(c1)c(cn2S(=O)(=O)c1ccccc1)-c1nc([nH]c1CC)N,6.179798540514359
c1ccccc1S(=O)(n1cc(c2cc(OC)ccc12)-c1c(CC)[nH]c(N)n1)=O,6.179798540514359
c12c(c(-c3c([nH]c(N)n3)CC)cn2S(=O)(c2ccccc2)=O)cc(cc1)OC,6.179798540514359
c1n(S(=O)(c2ccccc2)=O)c2ccc(OC)cc2c1-c1c(CC)[nH]c(N)n1,6.179798540514359
N(CCN1CCC(CC1)c1noc2cc(F)ccc21)(CC1CC1)C(=O)C(C)O,9.096910013008056
C(CN1CCC(CC1)c1c2ccc(F)cc2on1)N(C(C(C)O)=O)CC1CC1,9.096910013008056
C(=O)(N(CCN1CCC(c2c3ccc(cc3on2)F)CC1)CC1CC1)C(C)O,9.096910013008056
O=C(C(O)C)N(CCN1CCC(c2c3c(on2)cc(cc3)F)CC1)CC1CC1,9.096910013008056
Fc1cc2onc(c2cc1)C1CCN(CCN(CC2CC2)C(=O)C(O)C)CC1,9.096910013008056
C(Cc1ccccc1)N1CCC(S(c2ccccc2)(=O)=O)CC1,8.920818753952375
C1CN(CCC1S(=O)(=O)c1ccccc1)CCc1ccccc1,8.920818753952375
c1(CCN2CCC(CC2)S(=O)(=O)c2ccccc2)ccccc1,8.920818753952375
O=S(c1ccccc1)(C1CCN(CC1)CCc1ccccc1)=O,8.920818753952375
c1cc(CCN2CCC(CC2)S(c2ccccc2)(=O)=O)ccc1,8.920818753952375
c12ccccc2snc1N1CCN(CCC2CCC(CC2)NC(c2[nH]c3ccccc3c2)=O)CC1,9.193820026016112
c1cc2c(cc1)cc([nH]2)C(=O)NC1CCC(CC1)CCN1CCN(c2nsc3ccccc32)CC1,9.193820026016112
c1cccc2snc(N3CCN(CCC4CCC(NC(c5[nH]c6c(cccc6)c5)=O)CC4)CC3)c21,9.193820026016112
c1ccc2c(c1)[nH]c(C(NC1CCC(CCN3CCN(c4nsc5ccccc45)CC3)CC1)=O)c2,9.193820026016112
C1C(NC(c2[nH]c3c(c2)cccc3)=O)CCC(CCN2CCN(c3nsc4c3cccc4)CC2)C1,9.193820026016112
C1c2c(N3C(C)CNCC31)nc(cc2)C,6.866461091629782
C1C2CNCC(N2c2nc(ccc12)C)C,6.866461091629782
C12CNCC(N1c1c(C2)ccc(C)n1)C,6.866461091629782
c12ccc(C)nc2N2C(CNCC2C1)C,6.866461091629782
C1NCC(N2c3nc(C)ccc3CC21)C,6.866461091629782
N(c1cccc(c1)O)c1nc(nc2c1cccc2)N1CCN(CC1)CCO,7.078938109209721
c1cc(cc(O)c1)Nc1nc(nc2ccccc21)N1CCN(CC1)CCO,7.078938109209721
OCCN1CCN(CC1)c1nc(c2c(cccc2)n1)Nc1cc(O)ccc1,7.078938109209721
n1c2c(cccc2)c(Nc2cccc(O)c2)nc1N1CCN(CC1)CCO,7.078938109209721
c1c(Nc2c3ccccc3nc(n2)N2CCN(CCO)CC2)cccc1O,7.078938109209721
C(CN1CCN(CC1)c1c2ccccc2sn1)N1C(=O)c2c[nH]nc2CC1,9.221848749616356
c1c2c(n[nH]1)CCN(CCN1CCN(CC1)c1nsc3ccccc31)C2=O,9.221848749616356
c1cc2c(c(ns2)N2CCN(CCN3C(=O)c4c(CC3)n[nH]c4)CC2)cc1,9.221848749616356
c1cc2snc(N3CCN(CCN4C(c5c(n[nH]c5)CC4)=O)CC3)c2cc1,9.221848749616356
s1c2ccccc2c(n1)N1CCN(CCN2CCc3c(c[nH]n3)C2=O)CC1,9.221848749616356
C1NCCC(F)C1c1c(C2CCCCC2)[nH]c2cc(ccc21)F,9.602059991327963
c1([nH]c2cc(F)ccc2c1C1C(F)CCNC1)C1CCCCC1,9.602059991327963
Fc1cc2c(c(c([nH]2)C2CCCCC2)C2CNCCC2F)cc1,9.602059991327963
c1(C2C(CCNC2)F)c2c([nH]c1C1CCCCC1)cc(F)cc2,9.602059991327963
C1(C(CNCC1)c1c2ccc(cc2[nH]c1C1CCCCC1)F)F,9.602059991327963
C1(c2c3c(on2)cccc3)CCN(CC=1)CCN1C(=O)c2c(nn(C)c2C)CC1,8.557520230935552
C1N(CCN2CC=C(c3c4c(on3)cccc4)CC2)C(=O)c2c(n(nc2C1)C)C,8.557520230935552
N1(CCN2C(c3c(C)n(C)nc3CC2)=O)CCC(c2c3ccccc3on2)=CC1,8.557520230935552
n1(C)nc2CCN(CCN3CCC(=CC3)c3c4ccccc4on3)C(c2c1C)=O,8.557520230935552
N1(CCc2c(c(C)n(n2)C)C1=O)CCN1CCC(=CC1)c1c2c(on1)cccc2,8.557520230935552
C(Oc1n(nc(c1)CNC)CCC(CO)(C)C)c1cc(ccc1F)Cl,8.229147988357855
n1(nc(CNC)cc1OCc1cc(Cl)ccc1F)CCC(C)(C)CO,8.229147988357855
c1(n(nc(c1)CNC)CCC(C)(CO)C)OCc1c(F)ccc(c1)Cl,8.229147988357855
c1(F)ccc(Cl)cc1COc1n(nc(c1)CNC)CCC(C)(C)CO,8.229147988357855
c1c(c(ccc1Cl)F)COc1n(nc(CNC)c1)CCC(C)(C)CO,8.229147988357855
c1c2c(C(=O)NCCCCN3CCN(CC3)c3ccccc3C(F)(F)F)[nH]nc2ccc1,5.924818145381308
c1(C(F)(F)F)c(N2CCN(CCCCNC(=O)c3[nH]nc4ccccc43)CC2)cccc1,5.924818145381308
N1(c2c(cccc2)C(F)(F)F)CCN(CC1)CCCCNC(=O)c1c2c(cccc2)n[nH]1,5.924818145381308
c1ccc(c(c1)N1CCN(CC1)CCCCNC(c1c2c(cccc2)n[nH]1)=O)C(F)(F)F,5.924818145381308
FC(F)(c1ccccc1N1CCN(CCCCNC(=O)c2c3ccccc3n[nH]2)CC1)F,5.924818145381308
C1C=C(c2ccc(cc2)C)C(N1c1cc(OCCN2CCC(CC2)C)c(OC)cc1)=O,6.199998172182031
C1C=C(c2ccc(cc2)C)C(=O)N1c1ccc(c(c1)OCCN1CCC(CC1)C)OC,6.199998172182031
CC1CCN(CC1)CCOc1cc(ccc1OC)N1CC=C(C1=O)c1ccc(C)cc1,6.199998172182031
c1cc(C2=CCN(c3ccc(OC)c(c3)OCCN3CCC(C)CC3)C2=O)ccc1C,6.199998172182031
c1c(N2CC=C(c3ccc(C)cc3)C2=O)cc(OCCN2CCC(C)CC2)c(c1)OC,6.199998172182031
N12CCNCC1CCc1c2nccc1CC1CCC1,7.874681421876473
c1cnc2c(c1CC1CCC1)CCC1CNCCN21,7.874681421876473
C12N(c3c(CC1)c(CC1CCC1)ccn3)CCNC2,7.874681421876473
C1NCCN2C1CCc1c(ccnc12)CC1CCC1,7.874681421876473
C1(Cc2ccnc3c2CCC2CNCCN23)CCC1,7.874681421876473
FC(F)(c1c2C(=O)N3CCNC(CC)C3c2ccc1)F,7.040958607678906
c1c(C(F)(F)F)c2C(=O)N3CCNC(C3c2cc1)CC,7.040958607678906
c1(C(F)(F)F)c2c(C3N(CCNC3CC)C2=O)ccc1,7.040958607678906
N1CCN2C(c3cccc(c3C2=O)C(F)(F)F)C1CC,7.040958607678906
C12N(C(=O)c3c2cccc3C(F)(F)F)CCNC1CC,7.040958607678906
CN1CCC(N(C(=O)Cc2ccc(cc2)OCCCC)Cc2c(F)cc(F)cc2)CC1,7.199970640755866
c1c(OCCCC)ccc(CC(N(C2CCN(C)CC2)Cc2ccc(cc2F)F)=O)c1,7.199970640755866
c1c(F)cc(c(c1)CN(C(=O)Cc1ccc(OCCCC)cc1)C1CCN(CC1)C)F,7.199970640755866
C1N(CCC(N(C(=O)Cc2ccc(cc2)OCCCC)Cc2c(F)cc(cc2)F)C1)C,7.199970640755866
c1(CN(C(Cc2ccc(OCCCC)cc2)=O)C2CCN(CC2)C)c(F)cc(F)cc1,7.199970640755866
C12c3cccc4c3N(C1CCN(CCCC(c1ccc(F)cc1)=O)CC2)CCN4C,8.769551078621726
c1cc(C(CCCN2CCC3c4c5c(ccc4)N(CCN5C3CC2)C)=O)ccc1F,8.769551078621726
C1CN(CCC2c3cccc4N(C)CCN(c43)C12)CCCC(=O)c1ccc(F)cc1,8.769551078621726
C1N(C)c2c3c(C4C(CCN(CCCC(=O)c5ccc(cc5)F)CC4)N3C1)ccc2,8.769551078621726
c1cc2c3c(c1)C1CCN(CCCC(=O)c4ccc(cc4)F)CCC1N3CCN2C,8.769551078621726
c1c2c(C(N3CCN(C)CC3)=Nc3cc(ccc3N2NC(=O)c2c(N)cccc2C)Cl)ccc1,8.537602002101044
c1cc2c(C(=Nc3cc(Cl)ccc3N2NC(=O)c2c(cccc2N)C)N2CCN(CC2)C)cc1,8.537602002101044
c1c(cc2N=C(c3ccccc3N(c2c1)NC(c1c(cccc1C)N)=O)N1CCN(CC1)C)Cl,8.537602002101044
N1(C)CCN(CC1)C1c2c(cccc2)N(NC(c2c(cccc2C)N)=O)c2ccc(cc2N=1)Cl,8.537602002101044
O=C(c1c(cccc1C)N)NN1c2c(cc(cc2)Cl)N=C(N2CCN(C)CC2)c2c1cccc2,8.537602002101044
c1c(CC)cc2c(c1Cl)C(=O)NC1CNCC21,5.82739706879014
c1c2C3C(CNC3)NC(c2c(Cl)cc1CC)=O,5.82739706879014
c1(CC)cc(c2C(NC3C(CNC3)c2c1)=O)Cl,5.82739706879014
N1C2CNCC2c2cc(CC)cc(Cl)c2C1=O,5.82739706879014
C1(NC2CNCC2c2c1c(Cl)cc(c2)CC)=O,5.82739706879014
n1cc(ccc1)NC(=O)N1CCc2c(c(C)c(Cl)cc21)Cl,7.50003813440381
c1(Cl)c(C)c(c2c(N(C(Nc3cccnc3)=O)CC2)c1)Cl,7.50003813440381
c12c(Cl)c(c(Cl)cc1N(C(=O)Nc1cnccc1)CC2)C,7.50003813440381
C1N(c2cc(Cl)c(c(Cl)c2C1)C)C(Nc1cccnc1)=O,7.50003813440381
c1ccc(NC(N2CCc3c2cc(c(C)c3Cl)Cl)=O)cn1,7.50003813440381
c1cc2c(snc2N2CCN(CCN3C(=O)c4c(n(cn4)C)CC3)CC2)cc1,8.187086643357144
C1Cc2c(C(N1CCN1CCN(c3nsc4ccccc34)CC1)=O)ncn2C,8.187086643357144
C1N(C(=O)c2ncn(c2C1)C)CCN1CCN(c2nsc3ccccc23)CC1,8.187086643357144
N1(CCc2c(C1=O)ncn2C)CCN1CCN(CC1)c1nsc2c1cccc2,8.187086643357144
N1(c2nsc3c2cccc3)CCN(CCN2CCc3c(ncn3C)C2=O)CC1,8.187086643357144
c12cccc(c1OCO2)C1CCN(CCC2CCC(NC(=O)C3CCC3)CC2)CC1,7.771599641296995
C1(CCC(CCN2CCC(CC2)c2cccc3c2OCO3)CC1)NC(=O)C1CCC1,7.771599641296995
C1(CCC(CC1)CCN1CCC(CC1)c1cccc2c1OCO2)NC(C1CCC1)=O,7.771599641296995
C1CC(C1)C(NC1CCC(CCN2CCC(CC2)c2cccc3OCOc32)CC1)=O,7.771599641296995
O1c2c(c(C3CCN(CC3)CCC3CCC(NC(C4CCC4)=O)CC3)ccc2)OC1,7.771599641296995
C1CCc2c3cccc4c3n(CC(C)NC4)c2C1,5.807153884811158
C1c2c(CCC1)n1CC(C)NCc3c1c2ccc3,5.807153884811158
c12CNC(Cn3c1c(c1CCCCc13)ccc2)C,5.807153884811158
C1NC(C)Cn2c3CCCCc3c3cccc1c32,5.807153884811158
C1c2n3c4c(c2CCC1)cccc4CNC(C)C3,5.807153884811158
OC1CCCc2c(CC1)c(-c1ccc(cc1)F)cc(N1CCN(CC)CC1)n2,7.8326826652518236
CCN1CCN(CC1)c1nc2c(CCC(CCC2)O)c(-c2ccc(cc2)F)c1,7.8326826652518236
Fc1ccc(cc1)-c1c2CCC(CCCc2nc(N2CCN(CC)CC2)c1)O,7.8326826652518236
c1c(-c2ccc(cc2)F)c2c(nc1N1CCN(CC)CC1)CCCC(O)CC2,7.8326826652518236
C1N(CCN(C1)CC)c1nc2CCCC(O)CCc2c(c1)-c1ccc(F)cc1,7.8326826652518236
C1CN(CCC2CCC(CC2)NC(=O)C(OC)C(C)C)CCN1c1c2c(ccc1)OCO2,7.617262734238669
c1(c2c(ccc1)OCO2)N1CCN(CCC2CCC(CC2)NC(C(C(C)C)OC)=O)CC1,7.617262734238669
N1(CCN(c2cccc3OCOc23)CC1)CCC1CCC(NC(=O)C(OC)C(C)C)CC1,7.617262734238669
CC(C)C(OC)C(=O)NC1CCC(CCN2CCN(c3c4c(ccc3)OCO4)CC2)CC1,7.617262734238669
c1c2OCOc2c(N2CCN(CC2)CCC2CCC(CC2)NC(=O)C(OC)C(C)C)cc1,7.617262734238669
C1(CC(N(C)C)Cc2c1cccc2)c1ccc(C(F)(F)F)cc1,6.6777807052660805
C1(CC(Cc2c1cccc2)N(C)C)c1ccc(cc1)C(F)(F)F,6.6777807052660805
c1(ccc(C2c3ccccc3CC(C2)N(C)C)cc1)C(F)(F)F,6.6777807052660805
c1cc(C(F)(F)F)ccc1C1CC(N(C)C)Cc2c1cccc2,6.6777807052660805
c1cccc2CC(N(C)C)CC(c3ccc(C(F)(F)F)cc3)c21,6.6777807052660805
O=S(C1CCN(CC1)CCc1ccc(F)cc1F)(=O)c1cccc(c1)C#N,9.18045606445813
c1ccc(cc1C#N)S(=O)(=O)C1CCN(CCc2ccc(F)cc2F)CC1,9.18045606445813
O=S(c1cc(C#N)ccc1)(C1CCN(CCc2ccc(cc2F)F)CC1)=O,9.18045606445813
S(=O)(=O)(C1CCN(CCc2ccc(F)cc2F)CC1)c1cc(C#N)ccc1,9.18045606445813
c1c(F)cc(c(CCN2CCC(CC2)S(c2cccc(C#N)c2)(=O)=O)c1)F,9.18045606445813
c1ccc2c(onc2CCCN2CC(CC2)NS(=O)(=O)c2cccc3c2ccn3C)c1,8.890084136976206
c12ccccc1c(no2)CCCN1CCC(C1)NS(=O)(=O)c1cccc2n(C)ccc21,8.890084136976206
c1cn(C)c2cccc(c12)S(=O)(=O)NC1CN(CC1)CCCc1c2c(on1)cccc2,8.890084136976206
c1cc2c(cccc2n1C)S(=O)(NC1CN(CCCc2c3ccccc3on2)CC1)=O,8.890084136976206
C(Cc1c2c(cccc2)on1)CN1CCC(C1)NS(=O)(=O)c1c2ccn(C)c2ccc1,8.890084136976206
N12C(Cc3cc(cc(c32)-c2cc(ccc2Cl)Cl)Cl)CCNCC1,7.154901959985743
c1(Cl)cc(-c2cc(Cl)ccc2Cl)c2N3C(Cc2c1)CCNCC3,7.154901959985743
C1NCCN2c3c(cc(Cl)cc3CC2C1)-c1c(Cl)ccc(Cl)c1,7.154901959985743
N12C(CCNCC1)Cc1cc(Cl)cc(-c3cc(Cl)ccc3Cl)c12,7.154901959985743
c1(ccc(Cl)c(c1)-c1cc(Cl)cc2CC3CCNCCN3c12)Cl,7.154901959985743
CCc1c(CC2CCCC2)cnc2N3C(CNCC3)CCc12,6.454692883534176
c1(c(cnc2N3C(CNCC3)CCc21)CC1CCCC1)CC,6.454692883534176
C1(Cc2c(c3CCC4N(CCNC4)c3nc2)CC)CCCC1,6.454692883534176
C1N2c3c(c(CC)c(CC4CCCC4)cn3)CCC2CNC1,6.454692883534176
C1N2C(CNC1)CCc1c(CC)c(cnc12)CC1CCCC1,6.454692883534176
c1(cc(c(c(c1)F)CN(C(=O)Cc1ccc(OCC(C)C)cc1)C1CCN(C)CC1)F)OC,7.5003129173815966
c1c(OC)cc(c(CN(C(=O)Cc2ccc(OCC(C)C)cc2)C2CCN(C)CC2)c1F)F,7.5003129173815966
Fc1c(c(cc(OC)c1)F)CN(C1CCN(CC1)C)C(=O)Cc1ccc(cc1)OCC(C)C,7.5003129173815966
C1CN(C)CCC1N(C(=O)Cc1ccc(OCC(C)C)cc1)Cc1c(cc(cc1F)OC)F,7.5003129173815966
c1(CC(N(Cc2c(F)cc(cc2F)OC)C2CCN(C)CC2)=O)ccc(OCC(C)C)cc1,7.5003129173815966
C1N(CCN(c2cccc3ccccc32)C1)CCCCCCn1c(n2ccccc2n1)=O,6.651695136951839
c1c2ccccc2c(cc1)N1CCN(CCCCCCn2nc3n(cccc3)c2=O)CC1,6.651695136951839
c12c(cccc2)cccc1N1CCN(CC1)CCCCCCn1c(n2c(cccc2)n1)=O,6.651695136951839
c1c2c(c(cc1)N1CCN(CC1)CCCCCCn1nc3n(cccc3)c1=O)cccc2,6.651695136951839
n1c2ccccn2c(=O)n1CCCCCCN1CCN(CC1)c1cccc2ccccc21,6.651695136951839
n1c(nc(NCCc2c3ccccc3[nH]c2)nc1N)NCCOc1c(OC)cccc1,4.891773343625071
c1(OCCNc2nc(nc(n2)NCCc2c[nH]c3ccccc32)N)ccccc1OC,4.891773343625071
c1(c2ccccc2[nH]c1)CCNc1nc(N)nc(n1)NCCOc1c(cccc1)OC,4.891773343625071
c1cc(OC)c(OCCNc2nc(nc(n2)N)NCCc2c[nH]c3ccccc32)cc1,4.891773343625071
Nc1nc(NCCc2c3ccccc3[nH]c2)nc(n1)NCCOc1c(cccc1)OC,4.891773343625071
c1cncc(NC(=O)N2CCc3cc(OC)c(cc23)Br)c1,5.800000874803203
c1c(cccn1)NC(N1c2c(CC1)cc(OC)c(Br)c2)=O,5.800000874803203
C1N(C(=O)Nc2cnccc2)c2cc(Br)c(cc2C1)OC,5.800000874803203
C(=O)(N1CCc2c1cc(c(c2)OC)Br)Nc1cnccc1,5.800000874803203
C1N(c2cc(c(OC)cc2C1)Br)C(Nc1cccnc1)=O,5.800000874803203
C(Sc1c(cc(CCN)c(OC)c1)OC)CC(F)F,7.639122702897961
C(CSc1cc(c(CCN)cc1OC)OC)C(F)F,7.639122702897961
FC(CCSc1cc(OC)c(CCN)cc1OC)F,7.639122702897961
c1c(c(cc(c1OC)SCCC(F)F)OC)CCN,7.639122702897961
C(CSc1c(OC)cc(c(OC)c1)CCN)C(F)F,7.639122702897961
C(COc1c(-c2ccnn2C)cc(NC(Nc2ccc(Cl)cc2)=O)cc1)CN(CC)CC,9.259637310505756
c1c(cc(-c2n(ncc2)C)c(c1)OCCCN(CC)CC)NC(=O)Nc1ccc(Cl)cc1,9.259637310505756
c1cc(cc(c1OCCCN(CC)CC)-c1ccnn1C)NC(=O)Nc1ccc(cc1)Cl,9.259637310505756
C(N(CC)CC)CCOc1c(-c2n(ncc2)C)cc(NC(Nc2ccc(Cl)cc2)=O)cc1,9.259637310505756
C(C)N(CCCOc1c(-c2ccnn2C)cc(cc1)NC(=O)Nc1ccc(cc1)Cl)CC,9.259637310505756
C(Oc1ccc(cc1)F)CCN1CCN(c2ncccc2)CC1,7.7447274948966935
C(CCOc1ccc(cc1)F)N1CCN(c2ccccn2)CC1,7.7447274948966935
N1(CCCOc2ccc(cc2)F)CCN(CC1)c1ccccn1,7.7447274948966935
n1ccccc1N1CCN(CCCOc2ccc(cc2)F)CC1,7.7447274948966935
C1CN(CCN1CCCOc1ccc(F)cc1)c1ccccn1,7.7447274948966935
c1cc(-c2c3CNCCc3nc(Cc3ccc(F)cc3)n2)ccc1F,7.886056647693163
c1c(ccc(c1)-c1nc(nc2c1CNCC2)Cc1ccc(F)cc1)F,7.886056647693163
c1(-c2nc(Cc3ccc(cc3)F)nc3c2CNCC3)ccc(cc1)F,7.886056647693163
n1c(-c2ccc(F)cc2)c2c(CCNC2)nc1Cc1ccc(cc1)F,7.886056647693163
c1(nc(-c2ccc(F)cc2)c2CNCCc2n1)Cc1ccc(cc1)F,7.886056647693163
c1cc(C(O)C)nc2c1CC1CNCC(N12)C,6.406713932979542
N12c3c(ccc(C(C)O)n3)CC2CNCC1C,6.406713932979542
c1cc2c(nc1C(C)O)N1C(CNCC1C2)C,6.406713932979542
n1c2N3C(CNCC3Cc2ccc1C(O)C)C,6.406713932979542
C(c1ccc2c(N3C(C2)CNCC3C)n1)(O)C,6.406713932979542
COc1ccc(cc1OC(C)c1nc(N2CCN(CC2)C)nc(n1)N)F,5.619426996933113
C1N(CCN(C1)c1nc(nc(C(Oc2c(ccc(c2)F)OC)C)n1)N)C,5.619426996933113
N1(C)CCN(c2nc(N)nc(C(Oc3c(OC)ccc(F)c3)C)n2)CC1,5.619426996933113
c1(nc(N2CCN(CC2)C)nc(C(C)Oc2cc(ccc2OC)F)n1)N,5.619426996933113
c1(OC(c2nc(nc(N3CCN(C)CC3)n2)N)C)cc(ccc1OC)F,5.619426996933113
c1cccc(c1)C(CCCN1Cc2ccccc2CC1)=O,8.409492537991417
C(C(=O)c1ccccc1)CCN1CCc2c(cccc2)C1,8.409492537991417
c1cc(C(=O)CCCN2CCc3c(C2)cccc3)ccc1,8.409492537991417
c1cccc2CN(CCc21)CCCC(c1ccccc1)=O,8.409492537991417
c1(C(CCCN2Cc3ccccc3CC2)=O)ccccc1,8.409492537991417
c1c(OC(C)C)ccc(COC(=O)N(C2CCN(CC2)C2COC2)Cc2c(cc(F)cc2)F)c1,7.600326278518962
c1(ccc(COC(=O)N(C2CCN(CC2)C2COC2)Cc2c(cc(F)cc2)F)cc1)OC(C)C,7.600326278518962
CC(Oc1ccc(cc1)COC(=O)N(C1CCN(CC1)C1COC1)Cc1ccc(F)cc1F)C,7.600326278518962
c1(CN(C(OCc2ccc(OC(C)C)cc2)=O)C2CCN(C3COC3)CC2)c(F)cc(F)cc1,7.600326278518962
c1c(ccc(COC(=O)N(C2CCN(C3COC3)CC2)Cc2ccc(F)cc2F)c1)OC(C)C,7.600326278518962
c1ccc2CCCN3c2c1C1C3CCN(C1)CCCC(=O)c1ccc(cc1)F,8.113509274827518
C1N(CC2c3cccc4CCCN(c34)C2C1)CCCC(c1ccc(F)cc1)=O,8.113509274827518
c1cc(ccc1C(=O)CCCN1CCC2C(c3c4N2CCCc4ccc3)C1)F,8.113509274827518
c1ccc2C3C(CCN(CCCC(=O)c4ccc(cc4)F)C3)N3CCCc1c32,8.113509274827518
c1(ccc(cc1)C(CCCN1CC2c3c4N(CCCc4ccc3)C2CC1)=O)F,8.113509274827518
c1c(ccc(F)c1)S(=O)(=O)NC1CCC(CC1)CCN1CCN(CC1)c1cccc2OCOc12,7.241693818274693
c1(S(=O)(NC2CCC(CCN3CCN(CC3)c3c4OCOc4ccc3)CC2)=O)ccc(F)cc1,7.241693818274693
O=S(NC1CCC(CC1)CCN1CCN(CC1)c1cccc2OCOc12)(=O)c1ccc(cc1)F,7.241693818274693
c1c(ccc(S(NC2CCC(CC2)CCN2CCN(CC2)c2c3c(OCO3)ccc2)(=O)=O)c1)F,7.241693818274693
C1C(CCC(C1)CCN1CCN(c2c3OCOc3ccc2)CC1)NS(=O)(=O)c1ccc(F)cc1,7.241693818274693
c1c(CCCc2ccccc2)c(cc(c1OC)CC(N)C)OC,8.0
NC(C)Cc1cc(c(cc1OC)CCCc1ccccc1)OC,8.0
c1ccc(CCCc2cc(c(CC(N)C)cc2OC)OC)cc1,8.0
c1c(CCCc2c(OC)cc(CC(C)N)c(OC)c2)cccc1,8.0
COc1c(cc(OC)c(c1)CCCc1ccccc1)CC(C)N,8.0
c12ccc(C(=O)NC3CCC(CCN4CCC(CC4)c4c5c(on4)cc(cc5)F)CC3)cc1OCO2,8.76598918241282
c1c2onc(C3CCN(CCC4CCC(NC(c5cc6OCOc6cc5)=O)CC4)CC3)c2ccc1F,8.76598918241282
C1CC(CCC1NC(=O)c1ccc2c(c1)OCO2)CCN1CCC(CC1)c1noc2cc(ccc12)F,8.76598918241282
C1(CCN(CCC2CCC(NC(c3ccc4c(c3)OCO4)=O)CC2)CC1)c1noc2cc(ccc12)F,8.76598918241282
c1(C2CCN(CCC3CCC(CC3)NC(=O)c3ccc4OCOc4c3)CC2)c2ccc(cc2on1)F,8.76598918241282
C1c2nc(C)oc2C(N(CCN2CCN(CC2)c2noc3ccccc23)C1)=O,6.747146969020107
c1ccc2onc(N3CCN(CC3)CCN3C(c4c(nc(C)o4)CC3)=O)c2c1,6.747146969020107
c1(noc2ccccc12)N1CCN(CC1)CCN1C(c2c(CC1)nc(o2)C)=O,6.747146969020107
N1(CCN(CC1)c1c2c(cccc2)on1)CCN1CCc2c(C1=O)oc(C)n2,6.747146969020107
n1c(oc2C(=O)N(CCN3CCN(CC3)c3c4ccccc4on3)CCc12)C,6.747146969020107
C1Oc2cccc(N3CCN(CC3)CCC3CCC(CC3)NC(C3(CCC3)O)=O)c2O1,8.223298816011589
c12c(OCO1)c(ccc2)N1CCN(CC1)CCC1CCC(NC(C2(O)CCC2)=O)CC1,8.223298816011589
O1COc2c(cccc12)N1CCN(CCC2CCC(CC2)NC(=O)C2(CCC2)O)CC1,8.223298816011589
N1(CCN(c2c3c(OCO3)ccc2)CC1)CCC1CCC(CC1)NC(=O)C1(CCC1)O,8.223298816011589
C(CC1CCC(CC1)NC(=O)C1(CCC1)O)N1CCN(CC1)c1c2c(OCO2)ccc1,8.223298816011589
c1cc(c2CCC3N(CCNC3)c2n1)COC(C)C,6.653647025549361
c1c(COC(C)C)c2CCC3N(CCNC3)c2nc1,6.653647025549361
C1N2C(CNC1)CCc1c(COC(C)C)ccnc21,6.653647025549361
c1c(COC(C)C)c2CCC3CNCCN3c2nc1,6.653647025549361
C(c1ccnc2N3CCNCC3CCc21)OC(C)C,6.653647025549361
c1(cc(ccc1OC)NC(Nc1cc(F)cc(F)c1)=O)-c1c(Br)cnn1C,9.500038134403809
c1(F)cc(cc(c1)NC(Nc1cc(-c2c(Br)cnn2C)c(OC)cc1)=O)F,9.500038134403809
c1nn(C)c(c1Br)-c1c(OC)ccc(c1)NC(=O)Nc1cc(F)cc(c1)F,9.500038134403809
c1cc(c(cc1NC(=O)Nc1cc(F)cc(F)c1)-c1c(Br)cnn1C)OC,9.500038134403809
c1(cc(F)cc(NC(Nc2ccc(c(-c3c(cnn3C)Br)c2)OC)=O)c1)F,9.500038134403809
FC(c1ccc(Oc2nc(cnc2)C=CCC2CN(C2)C(Nc2nnccc2)=O)nc1)(F)F,6.603800652904264
c1ccnnc1NC(N1CC(C1)CC=Cc1nc(cnc1)Oc1ccc(cn1)C(F)(F)F)=O,6.603800652904264
n1ncccc1NC(N1CC(C1)CC=Cc1nc(cnc1)Oc1ncc(C(F)(F)F)cc1)=O,6.603800652904264
c1cc(ncc1C(F)(F)F)Oc1cncc(C=CCC2CN(C2)C(=O)Nc2nnccc2)n1,6.603800652904264
O(c1nc(cnc1)C=CCC1CN(C(Nc2nnccc2)=O)C1)c1ccc(cn1)C(F)(F)F,6.603800652904264
C(c1ccc(F)cc1)(c1cc2c(oc(c2)CCN2C(C)CCC2)cc1)=O,5.565750547603525
N1(CCCC1C)CCc1oc2c(c1)cc(C(c1ccc(F)cc1)=O)cc2,5.565750547603525
CC1N(CCC1)CCc1cc2cc(C(=O)c3ccc(cc3)F)ccc2o1,5.565750547603525
C(Cc1cc2c(ccc(C(=O)c3ccc(F)cc3)c2)o1)N1CCCC1C,5.565750547603525
c1cc2oc(cc2cc1C(=O)c1ccc(cc1)F)CCN1CCCC1C,5.565750547603525
C1C(C1CN)c1c(cc(c(F)c1)F)OCC=C,5.8016329976753775
Fc1cc(c(cc1F)OCC=C)C1CC1CN,5.8016329976753775
Fc1cc(c(cc1F)C1C(C1)CN)OCC=C,5.8016329976753775
C=CCOc1cc(c(cc1C1CC1CN)F)F,5.8016329976753775
C(COc1cc(c(F)cc1C1C(C1)CN)F)=C,5.8016329976753775
N1(CCN(c2c(cccc2)Br)CC1)CCCOc1ccc2c(oc(cc2C)=O)c1C(=O)C,8.154901959985743
c1c(OCCCN2CCN(CC2)c2ccccc2Br)c(C(C)=O)c2c(c(cc(o2)=O)C)c1,8.154901959985743
c1c(c2ccc(OCCCN3CCN(CC3)c3c(cccc3)Br)c(C(=O)C)c2oc1=O)C,8.154901959985743
C1CN(c2ccccc2Br)CCN1CCCOc1c(C(C)=O)c2c(c(C)cc(o2)=O)cc1,8.154901959985743
C1N(CCN(c2c(cccc2)Br)C1)CCCOc1c(C(=O)C)c2oc(cc(C)c2cc1)=O,8.154901959985743
c1cc(CC2CCN(C(C)C(O)c3ccc(O)cc3)CC2)ccc1,6.375717904164332
c1cccc(CC2CCN(C(C)C(O)c3ccc(O)cc3)CC2)c1,6.375717904164332
c1cc(C(O)C(N2CCC(Cc3ccccc3)CC2)C)ccc1O,6.375717904164332
OC(c1ccc(O)cc1)C(N1CCC(CC1)Cc1ccccc1)C,6.375717904164332
C1(Cc2ccccc2)CCN(C(C)C(c2ccc(cc2)O)O)CC1,6.375717904164332
O(c1c(c(OC)cc(CCN)c1)SC(F)(F)F)C,7.348382825905038
S(C(F)(F)F)c1c(OC)cc(CCN)cc1OC,7.348382825905038
FC(Sc1c(OC)cc(CCN)cc1OC)(F)F,7.348382825905038
O(C)c1c(c(OC)cc(c1)CCN)SC(F)(F)F,7.348382825905038
NCCc1cc(OC)c(SC(F)(F)F)c(OC)c1,7.348382825905038
c12c(c(ns2)N2CCN(CCC3CCC(CC3)N(C)S(=O)(c3sccc3)=O)CC2)cccc1,8.920818753952375
c1(nsc2ccccc12)N1CCN(CCC2CCC(CC2)N(C)S(=O)(c2sccc2)=O)CC1,8.920818753952375
c1cc(S(=O)(N(C2CCC(CCN3CCN(CC3)c3c4ccccc4sn3)CC2)C)=O)sc1,8.920818753952375
c1sc(S(=O)(=O)N(C)C2CCC(CC2)CCN2CCN(c3c4ccccc4sn3)CC2)cc1,8.920818753952375
c1ccsc1S(=O)(N(C)C1CCC(CCN2CCN(CC2)c2nsc3c2cccc3)CC1)=O,8.920818753952375
C1CC(NC(=O)COC)CCC1CCN1CCC(CC1)c1c2c(OCO2)ccc1,7.835052627378158
C1(NC(=O)COC)CCC(CC1)CCN1CCC(CC1)c1c2OCOc2ccc1,7.835052627378158
N1(CCC2CCC(NC(=O)COC)CC2)CCC(c2c3c(OCO3)ccc2)CC1,7.835052627378158
O1c2cccc(C3CCN(CCC4CCC(CC4)NC(=O)COC)CC3)c2OC1,7.835052627378158
O(C)CC(=O)NC1CCC(CC1)CCN1CCC(CC1)c1cccc2c1OCO2,7.835052627378158
c1cc2Cc3c(cccc3)CC3(c2cc1)CC(N1CCC(=CC1)C(=O)O)CC3,7.100015437450609
c1ccc2Cc3ccccc3CC3(c2c1)CC(CC3)N1CC=C(CC1)C(O)=O,7.100015437450609
c1cc2CC3(c4ccccc4Cc2cc1)CCC(C3)N1CC=C(C(O)=O)CC1,7.100015437450609
C1(C(=O)O)=CCN(CC1)C1CCC2(Cc3ccccc3Cc3ccccc32)C1,7.100015437450609
c1c2Cc3ccccc3CC3(c2ccc1)CCC(N1CC=C(C(=O)O)CC1)C3,7.100015437450609
c1c2c(c(N3CCN(CC3)CCN3C(c4cnn(C)c4C(C)C3)=O)ns2)ccc1,9.017728766960431
N1(c2c3ccccc3sn2)CCN(CC1)CCN1CC(C)c2n(ncc2C1=O)C,9.017728766960431
C(CN1CCN(c2nsc3ccccc23)CC1)N1C(=O)c2c(n(nc2)C)C(C)C1,9.017728766960431
n1(ncc2C(N(CC(c21)C)CCN1CCN(c2nsc3c2cccc3)CC1)=O)C,9.017728766960431
n1(C)ncc2C(=O)N(CCN3CCN(CC3)c3c4ccccc4sn3)CC(C)c21,9.017728766960431
c12ccc(cc1cccc2)S(=O)(NCCCN1CCN(CC1)c1nsc2ccccc21)=O,8.0
c1(nsc2c1cccc2)N1CCN(CC1)CCCNS(=O)(c1cc2ccccc2cc1)=O,8.0
C(CCNS(=O)(=O)c1cc2ccccc2cc1)N1CCN(c2nsc3ccccc23)CC1,8.0
C(N1CCN(CC1)c1c2ccccc2sn1)CCNS(=O)(c1ccc2c(c1)cccc2)=O,8.0
c1cc(S(=O)(=O)NCCCN2CCN(c3c4ccccc4sn3)CC2)cc2ccccc12,8.0
c1c2CC(N(C)C)CC(C3CCCCCCC3)c2ccc1,6.431798275933005
C1C(C2CC(Cc3ccccc32)N(C)C)CCCCCC1,6.431798275933005
c1cc2c(cc1)C(CC(C2)N(C)C)C1CCCCCCC1,6.431798275933005
N(C1CC(C2CCCCCCC2)c2c(C1)cccc2)(C)C,6.431798275933005
C1CCCCCCC1C1c2c(cccc2)CC(C1)N(C)C,6.431798275933005
c12N(S(=O)(=O)c3c2c(ccc1)ccc3)CCCCCCN1CCN(CC1)c1ccc(cc1)C(F)(F)F,5.816445466381138
C(CCN1c2c3c(ccc2)cccc3S1(=O)=O)CCCN1CCN(c2ccc(C(F)(F)F)cc2)CC1,5.816445466381138
C1N(CCN(C1)CCCCCCN1c2cccc3c2c(S1(=O)=O)ccc3)c1ccc(cc1)C(F)(F)F,5.816445466381138
C1N(c2ccc(C(F)(F)F)cc2)CCN(C1)CCCCCCN1c2cccc3c2c(S1(=O)=O)ccc3,5.816445466381138
FC(c1ccc(N2CCN(CCCCCCN3c4c5c(S3(=O)=O)cccc5ccc4)CC2)cc1)(F)F,5.816445466381138
c1(C)ccc2n(CC(C)N)ccc2c1,6.10008925683624
CC(N)Cn1ccc2c1ccc(C)c2,6.10008925683624
c1n(CC(N)C)c2c(cc(cc2)C)c1,6.10008925683624
NC(C)Cn1c2c(cc1)cc(cc2)C,6.10008925683624
c1c(cc2c(c1)n(CC(C)N)cc2)C,6.10008925683624
C(Nc1cc(c(OCCN2CCCC2)cc1)-c1n(ncc1)C)(c1cc(C(F)(F)F)ccc1)=O,9.221848749616356
c1c(C(Nc2cc(-c3ccnn3C)c(cc2)OCCN2CCCC2)=O)cc(cc1)C(F)(F)F,9.221848749616356
FC(F)(F)c1cc(ccc1)C(Nc1cc(-c2n(C)ncc2)c(cc1)OCCN1CCCC1)=O,9.221848749616356
C1CCCN1CCOc1c(-c2ccnn2C)cc(cc1)NC(c1cccc(c1)C(F)(F)F)=O,9.221848749616356
c1cc(cc(c1OCCN1CCCC1)-c1ccnn1C)NC(=O)c1cccc(c1)C(F)(F)F,9.221848749616356
C(CCCN1CCN(c2cccc3c2c(ccc3)F)CC1)Oc1c(cc2c(c1)C(NC2)=O)Cl,7.5968794788241825
C(N1CCN(c2cccc3c2c(F)ccc3)CC1)CCCOc1c(cc2c(C(NC2)=O)c1)Cl,7.5968794788241825
c1(c2c(cccc2N2CCN(CC2)CCCCOc2c(cc3CNC(=O)c3c2)Cl)ccc1)F,7.5968794788241825
c1c2c(cc(Cl)c1OCCCCN1CCN(CC1)c1cccc3c1c(ccc3)F)CNC2=O,7.5968794788241825
C1N(CCCCOc2c(cc3c(C(NC3)=O)c2)Cl)CCN(C1)c1c2c(cccc2ccc1)F,7.5968794788241825
N12c3nccc(c3CCC2CNCC1)CCOC,7.002176919254275
C(Cc1ccnc2c1CCC1CNCCN12)OC,7.002176919254275
c1nc2N3CCNCC3CCc2c(c1)CCOC,7.002176919254275
C12CCc3c(ccnc3N1CCNC2)CCOC,7.002176919254275
C1CN2C(CCc3c2nccc3CCOC)CN1,7.002176919254275
c1(Br)ccc(cc1)CCN,5.752026733638194
c1c(CCN)ccc(Br)c1,5.752026733638194
c1cc(ccc1CCN)Br,5.752026733638194
c1cc(CCN)ccc1Br,5.752026733638194
C(Cc1ccc(cc1)Br)N,5.752026733638194
c1c2c(ccc1N)CC1c3c(cc(OC)c(OCC=C)c3-2)CCN1C,6.6307841425898575
C(=C)COc1c(OC)cc2c3c1-c1c(CC3N(C)CC2)ccc(N)c1,6.6307841425898575
O(c1c(OC)cc2c3c1-c1cc(ccc1CC3N(CC2)C)N)CC=C,6.6307841425898575
C(=C)COc1c2-c3c(ccc(N)c3)CC3c2c(CCN3C)cc1OC,6.6307841425898575
C(=C)COc1c(cc2c3c1-c1c(CC3N(C)CC2)ccc(N)c1)OC,6.6307841425898575
CCCNCCc1cc(c(cc1)Cl)-c1ccccc1OC,6.221848749616356
c1cc(OC)c(cc1)-c1cc(CCNCCC)ccc1Cl,6.221848749616356
c1ccc(-c2cc(CCNCCC)ccc2Cl)c(c1)OC,6.221848749616356
C(NCCC)Cc1ccc(Cl)c(c1)-c1ccccc1OC,6.221848749616356
c1(c(-c2c(OC)cccc2)cc(cc1)CCNCCC)Cl,6.221848749616356
C(C1OCCC1)C(=O)NC1CCC(CC1)CCN1CCC(CC1)c1c2c(ccc1)OCO2,7.47134035476501
C(C(NC1CCC(CC1)CCN1CCC(c2c3OCOc3ccc2)CC1)=O)C1OCCC1,7.47134035476501
C1(NC(=O)CC2CCCO2)CCC(CC1)CCN1CCC(CC1)c1cccc2OCOc21,7.47134035476501
O1C(CC(NC2CCC(CCN3CCC(CC3)c3cccc4OCOc43)CC2)=O)CCC1,7.47134035476501
C1CN(CCC2CCC(CC2)NC(=O)CC2OCCC2)CCC1c1cccc2c1OCO2,7.47134035476501
c1c(F)ccc(CN(C(OCc2ccc(cc2)OCC(C)C)=O)C2CCN(C)CC2)c1O,7.801342913045577
CC(C)COc1ccc(cc1)COC(N(Cc1c(O)cc(cc1)F)C1CCN(CC1)C)=O,7.801342913045577
Fc1cc(O)c(CN(C2CCN(CC2)C)C(=O)OCc2ccc(OCC(C)C)cc2)cc1,7.801342913045577
c1cc(c(cc1F)O)CN(C1CCN(CC1)C)C(OCc1ccc(OCC(C)C)cc1)=O,7.801342913045577
c1(COC(=O)N(Cc2c(O)cc(F)cc2)C2CCN(C)CC2)ccc(cc1)OCC(C)C,7.801342913045577
OCc1ccc2CC3CNCC(N3c2n1)C,6.025949097207123
c1c2c(nc(CO)c1)N1C(CNCC1C2)C,6.025949097207123
CC1CNCC2Cc3c(N21)nc(cc3)CO,6.025949097207123
n1c(ccc2CC3N(c21)C(C)CNC3)CO,6.025949097207123
C1NCC(N2C1Cc1c2nc(CO)cc1)C,6.025949097207123
C1c2c(c(O)ccc2)CCC1N(CCC)CCCCOc1cn2c(c(C=O)cn2)cc1,5.638272163982407
c12cccc(c2CCC(C1)N(CCC)CCCCOc1ccc2n(c1)ncc2C=O)O,5.638272163982407
O(c1cn2c(cc1)c(C=O)cn2)CCCCN(CCC)C1CCc2c(cccc2C1)O,5.638272163982407
C(c1c2ccc(OCCCCN(C3CCc4c(O)cccc4C3)CCC)cn2nc1)=O,5.638272163982407
CCCN(CCCCOc1cn2ncc(C=O)c2cc1)C1Cc2c(c(O)ccc2)CC1,5.638272163982407
n1ccc2c(CCO2)c1N1CCN(CCC2CCC(NC(=O)C(F)(F)F)CC2)CC1,7.716698771296451
C1CN(CCN1CCC1CCC(CC1)NC(=O)C(F)(F)F)c1c2CCOc2ccn1,7.716698771296451
C1N(CCC2CCC(CC2)NC(=O)C(F)(F)F)CCN(C1)c1nccc2OCCc12,7.716698771296451
O1c2c(CC1)c(ncc2)N1CCN(CCC2CCC(CC2)NC(C(F)(F)F)=O)CC1,7.716698771296451
C1N(CCN(C1)CCC1CCC(NC(=O)C(F)(F)F)CC1)c1nccc2OCCc12,7.716698771296451
c12c(cncc1S(=O)(=O)N1CCCC1CCN1CCN(CC1)c1cccc3oc(=O)[nH]c31)cccc2,5.690369832574102
O=S(=O)(c1c2c(cccc2)cnc1)N1CCCC1CCN1CCN(CC1)c1c2c(ccc1)oc([nH]2)=O,5.690369832574102
c1c(N2CCN(CC2)CCC2N(S(=O)(c3cncc4ccccc34)=O)CCC2)c2[nH]c(=O)oc2cc1,5.690369832574102
c12c(c(ccc1)N1CCN(CC1)CCC1CCCN1S(=O)(c1cncc3c1cccc3)=O)[nH]c(=O)o2,5.690369832574102
C1CN(c2cccc3c2[nH]c(=O)o3)CCN1CCC1N(S(=O)(c2cncc3c2cccc3)=O)CCC1,5.690369832574102
c1c(ccc(c1)OCCCN1CCC(CC1)c1noc2c1ccc(c2)F)N(C(C)=O)C,7.896196279044043
c1cc(OCCCN2CCC(CC2)c2c3ccc(F)cc3on2)ccc1N(C)C(=O)C,7.896196279044043
CN(C(=O)C)c1ccc(OCCCN2CCC(c3c4ccc(F)cc4on3)CC2)cc1,7.896196279044043
C(=O)(N(c1ccc(OCCCN2CCC(c3noc4cc(ccc43)F)CC2)cc1)C)C,7.896196279044043
C1C(c2noc3c2ccc(F)c3)CCN(CCCOc2ccc(N(C)C(=O)C)cc2)C1,7.896196279044043
C1CCC(CC1)(O)c1nc(ccc1)SCCN(C)C,6.318758762624412
C(Sc1nc(ccc1)C1(O)CCCCC1)CN(C)C,6.318758762624412
C1CCCC(c2nc(SCCN(C)C)ccc2)(O)C1,6.318758762624412
c1(cccc(SCCN(C)C)n1)C1(CCCCC1)O,6.318758762624412
CN(C)CCSc1cccc(n1)C1(O)CCCCC1,6.318758762624412
C(NCC1CCc2[nH]c3c(cc(cc3)F)c2C1)C1COc2c3c([nH]c(c3)O)ccc2O1,8.698970004336019
C1(CNCC2COc3c(ccc4c3cc([nH]4)O)O2)Cc2c3cc(F)ccc3[nH]c2CC1,8.698970004336019
c1(O)[nH]c2c(c1)c1c(cc2)OC(CO1)CNCC1Cc2c3cc(ccc3[nH]c2CC1)F,8.698970004336019
[nH]1c2c(c3OCC(Oc3cc2)CNCC2Cc3c4cc(F)ccc4[nH]c3CC2)cc1O,8.698970004336019
C1C(CNCC2Oc3ccc4[nH]c(cc4c3OC2)O)Cc2c([nH]c3c2cc(F)cc3)C1,8.698970004336019
c1(c2c(ccc1)cccc2F)N1CCN(CCCCOc2c(Cl)c3c(cc2)CNC3=O)CC1,8.94692155651658
C(CCN1CCN(CC1)c1cccc2cccc(c21)F)COc1c(Cl)c2C(NCc2cc1)=O,8.94692155651658
C(N1CCN(c2cccc3c2c(F)ccc3)CC1)CCCOc1c(Cl)c2c(cc1)CNC2=O,8.94692155651658
C(CCCOc1ccc2c(c1Cl)C(=O)NC2)N1CCN(CC1)c1c2c(ccc1)cccc2F,8.94692155651658
c12cccc(c1c(F)ccc2)N1CCN(CCCCOc2ccc3c(C(NC3)=O)c2Cl)CC1,8.94692155651658
C1CN(c2cccc(Cl)c2Cl)CCN1CCCCOc1ccn2nc(CO)cc2c1,7.795880017344075
C(COc1cc2cc(nn2cc1)CO)CCN1CCN(c2c(c(Cl)ccc2)Cl)CC1,7.795880017344075
c1c(c(Cl)c(Cl)cc1)N1CCN(CCCCOc2cc3cc(CO)nn3cc2)CC1,7.795880017344075
C1N(CCN(C1)CCCCOc1ccn2c(cc(CO)n2)c1)c1c(c(ccc1)Cl)Cl,7.795880017344075
c1c(c(c(cc1)N1CCN(CC1)CCCCOc1cc2cc(nn2cc1)CO)Cl)Cl,7.795880017344075
C1N(CCN(C1)S(=O)(=O)C)CCOc1ccc(cc1-c1ccnn1C)NC(c1cccc(c1)OC)=O,7.552841968657781
Cn1nccc1-c1c(ccc(NC(c2cccc(c2)OC)=O)c1)OCCN1CCN(CC1)S(=O)(=O)C,7.552841968657781
c1cc(C(=O)Nc2ccc(c(c2)-c2ccnn2C)OCCN2CCN(S(C)(=O)=O)CC2)cc(OC)c1,7.552841968657781
n1n(c(-c2cc(ccc2OCCN2CCN(CC2)S(C)(=O)=O)NC(=O)c2cc(OC)ccc2)cc1)C,7.552841968657781
CS(N1CCN(CC1)CCOc1ccc(cc1-c1n(ncc1)C)NC(=O)c1cccc(c1)OC)(=O)=O,7.552841968657781
C(=O)(c1cc2c([nH]1)cccc2)NCCC(F)CN1CCN(c2c(OC)cccc2)CC1,5.489454989793388
N1(CC(F)CCNC(=O)c2[nH]c3c(cccc3)c2)CCN(CC1)c1ccccc1OC,5.489454989793388
C1N(CCN(CC(CCNC(c2[nH]c3ccccc3c2)=O)F)C1)c1c(OC)cccc1,5.489454989793388
O=C(NCCC(F)CN1CCN(CC1)c1c(OC)cccc1)c1cc2c(cccc2)[nH]1,5.489454989793388
c1ccc2cc(C(=O)NCCC(CN3CCN(c4c(cccc4)OC)CC3)F)[nH]c2c1,5.489454989793388
c1cccc(c1)C(c1ccccc1)CCCN1CCC(c2ccc(Cl)c(C(F)(F)F)c2)(O)CC1,6.0
c1ccc(cc1)C(c1ccccc1)CCCN1CCC(CC1)(c1ccc(c(C(F)(F)F)c1)Cl)O,6.0
C(F)(F)(F)c1cc(ccc1Cl)C1(O)CCN(CCCC(c2ccccc2)c2ccccc2)CC1,6.0
C1N(CCCC(c2ccccc2)c2ccccc2)CCC(O)(c2cc(C(F)(F)F)c(cc2)Cl)C1,6.0
c1(C2(CCN(CC2)CCCC(c2ccccc2)c2ccccc2)O)cc(C(F)(F)F)c(Cl)cc1,6.0
n1cc2ccc(F)cc2n1CC(N)C,7.086186147616283
c1c(F)cc2n(CC(N)C)ncc2c1,7.086186147616283
c1c(ccc2c1n(nc2)CC(C)N)F,7.086186147616283
NC(C)Cn1ncc2c1cc(cc2)F,7.086186147616283
c1(ccc2c(c1)n(nc2)CC(N)C)F,7.086186147616283
c1c(Cl)ccc(c1COc1cc(CNC)nn1CC(CC)CC)F,9.2839966563652
c1(cc(OCc2c(ccc(c2)Cl)F)n(CC(CC)CC)n1)CNC,9.2839966563652
c1c(F)c(COc2n(nc(CNC)c2)CC(CC)CC)cc(c1)Cl,9.2839966563652
O(Cc1cc(ccc1F)Cl)c1n(nc(c1)CNC)CC(CC)CC,9.2839966563652
c1c(COc2cc(nn2CC(CC)CC)CNC)c(F)ccc1Cl,9.2839966563652
C1N(CCc2ccc(OCCCN3CCC(CC3)c3c4ccc(cc4on3)F)cc2)CCN(C)C1,8.065501548756432
c1(noc2cc(ccc12)F)C1CCN(CC1)CCCOc1ccc(cc1)CCN1CCN(CC1)C,8.065501548756432
N1(CCc2ccc(OCCCN3CCC(c4noc5cc(F)ccc45)CC3)cc2)CCN(C)CC1,8.065501548756432
C1C(c2noc3cc(F)ccc23)CCN(CCCOc2ccc(cc2)CCN2CCN(C)CC2)C1,8.065501548756432
c1(ccc(cc1)OCCCN1CCC(CC1)c1noc2c1ccc(c2)F)CCN1CCN(CC1)C,8.065501548756432
c1c(NC(=O)N2c3c(CC2)cc(C)c(c3)C(F)(F)F)ccc(Oc2c(nccc2)C)n1,6.799998134593398
N(C(N1CCc2c1cc(C(F)(F)F)c(c2)C)=O)c1cnc(Oc2cccnc2C)cc1,6.799998134593398
n1cccc(c1C)Oc1ncc(cc1)NC(=O)N1c2c(cc(C)c(c2)C(F)(F)F)CC1,6.799998134593398
n1c(Oc2c(C)nccc2)ccc(NC(N2c3c(CC2)cc(C)c(c3)C(F)(F)F)=O)c1,6.799998134593398
c1nc(ccc1NC(=O)N1CCc2c1cc(C(F)(F)F)c(c2)C)Oc1c(nccc1)C,6.799998134593398
Oc1c(O)c(c2c(c1)C(CN(CC2)C)c1cc(C)ccc1)-c1cccc(c1)C,6.91721462968355
c1(O)c(c(c2c(c1)C(c1cccc(C)c1)CN(CC2)C)-c1cc(C)ccc1)O,6.91721462968355
c1(C)cccc(C2CN(C)CCc3c(-c4cc(C)ccc4)c(O)c(cc32)O)c1,6.91721462968355
c12cc(O)c(O)c(-c3cccc(C)c3)c2CCN(CC1c1cc(C)ccc1)C,6.91721462968355
c12cc(O)c(O)c(c1CCN(C)CC2c1cc(C)ccc1)-c1cc(ccc1)C,6.91721462968355
CC1N2c3c(ccc(C(F)(F)F)c3)CC2CNC1,8.1249387366083
FC(F)(c1cc2c(CC3CNCC(N23)C)cc1)F,8.1249387366083
C(c1ccc2CC3CNCC(N3c2c1)C)(F)(F)F,8.1249387366083
C1C(N2C(Cc3c2cc(C(F)(F)F)cc3)CN1)C,8.1249387366083
C1C(N2c3cc(C(F)(F)F)ccc3CC2CN1)C,8.1249387366083
C1(CC(F)(F)F)CN2CCNCc3c2c1c(Br)cc3,7.886056647693163
C1NCCN2CC(CC(F)(F)F)c3c2c1ccc3Br,7.886056647693163
N12c3c(ccc(c3C(CC(F)(F)F)C2)Br)CNCC1,7.886056647693163
c1(c2c3N(CC2CC(F)(F)F)CCNCc3cc1)Br,7.886056647693163
FC(F)(CC1c2c(ccc3c2N(CCNC3)C1)Br)F,7.886056647693163
N1(CCC(CC1)c1c2c(cc(F)c(c2)F)on1)CCC1CCC(CC1)NC(=O)CC1CCC(OC)CC1,8.115204636051018
O=C(CC1CCC(CC1)OC)NC1CCC(CC1)CCN1CCC(c2noc3cc(c(F)cc32)F)CC1,8.115204636051018
C1CN(CCC1c1noc2cc(c(cc21)F)F)CCC1CCC(NC(CC2CCC(CC2)OC)=O)CC1,8.115204636051018
C1C(c2noc3c2cc(F)c(F)c3)CCN(CCC2CCC(NC(=O)CC3CCC(OC)CC3)CC2)C1,8.115204636051018
N(C(CC1CCC(CC1)OC)=O)C1CCC(CCN2CCC(c3noc4c3cc(c(c4)F)F)CC2)CC1,8.115204636051018
O=S(=O)(Nc1cc(c(cc1OC)OC)C(CCCCN1CCC2(CC1)C(=O)NC(=O)N2)=O)c1ccc(OC)cc1,5.700000503883016
C1(C2(CCN(CC2)CCCCC(c2cc(NS(=O)(=O)c3ccc(cc3)OC)c(OC)cc2OC)=O)NC(N1)=O)=O,5.700000503883016
O=C(c1cc(NS(c2ccc(OC)cc2)(=O)=O)c(OC)cc1OC)CCCCN1CCC2(NC(=O)NC2=O)CC1,5.700000503883016
O=S(=O)(Nc1c(cc(c(c1)C(CCCCN1CCC2(NC(=O)NC2=O)CC1)=O)OC)OC)c1ccc(OC)cc1,5.700000503883016
O=C(CCCCN1CCC2(NC(=O)NC2=O)CC1)c1c(cc(c(c1)NS(c1ccc(cc1)OC)(=O)=O)OC)OC,5.700000503883016
c1(c(OC)cccc1)N1CCN(CCCn2c(O)c3c(C4(C)CC(=O)C3C(C)C4)c2O)CC1,6.368769371694315
c1cccc(c1N1CCN(CC1)CCCn1c(O)c2c(C3C(CC2(C)CC3C)=O)c1O)OC,6.368769371694315
n1(c(c2C3(C)CC(C)C(C(=O)C3)c2c1O)O)CCCN1CCN(CC1)c1ccccc1OC,6.368769371694315
O=C1C2c3c(c(n(c3O)CCCN3CCN(c4ccccc4OC)CC3)O)C(C)(CC2C)C1,6.368769371694315
c1(N2CCN(CC2)CCCn2c(O)c3c(c2O)C2(CC(C3C(C2)=O)C)C)ccccc1OC,6.368769371694315
C1N(c2ccccc2)CCN(C1)CCN1CC2(CC1)c1ccccc1NC2=O,6.304518323509803
c1cc(N2CCN(CCN3CCC4(c5c(NC4=O)cccc5)C3)CC2)ccc1,6.304518323509803
c1ccc2c(NC(=O)C32CCN(C3)CCN2CCN(c3ccccc3)CC2)c1,6.304518323509803
c1c(N2CCN(CC2)CCN2CC3(CC2)C(Nc2ccccc32)=O)cccc1,6.304518323509803
C12(c3c(cccc3)NC2=O)CCN(CCN2CCN(CC2)c2ccccc2)C1,6.304518323509803
c1cc(-c2ccc(cc2)C(Nc2c(C)c(Cn3ncc(c(c3=O)Cl)N3CCNCC3)ccc2)=O)cnc1OC,5.529999886197673
c1cc(cnc1OC)-c1ccc(cc1)C(Nc1c(c(ccc1)Cn1c(c(c(N2CCNCC2)cn1)Cl)=O)C)=O,5.529999886197673
C1N(c2c(c(=O)n(nc2)Cc2cccc(NC(c3ccc(-c4ccc(nc4)OC)cc3)=O)c2C)Cl)CCNC1,5.529999886197673
C1CN(c2c(Cl)c(n(nc2)Cc2cccc(c2C)NC(c2ccc(-c3ccc(nc3)OC)cc2)=O)=O)CCN1,5.529999886197673
C(c1c(c(NC(=O)c2ccc(-c3cnc(OC)cc3)cc2)ccc1)C)n1c(=O)c(c(cn1)N1CCNCC1)Cl,5.529999886197673
c1cc2C(N(CCCCN3CCN(c4cccc(C(F)(F)F)c4)CC3)S(=O)(=O)c2cc1)=O,5.647817481888637
FC(F)(c1cc(N2CCN(CC2)CCCCN2C(c3c(S2(=O)=O)cccc3)=O)ccc1)F,5.647817481888637
C1CN(CCN1c1cccc(c1)C(F)(F)F)CCCCN1C(c2c(S1(=O)=O)cccc2)=O,5.647817481888637
O=S1(=O)N(CCCCN2CCN(CC2)c2cc(ccc2)C(F)(F)F)C(=O)c2c1cccc2,5.647817481888637
C(CCCN1C(=O)c2c(cccc2)S1(=O)=O)N1CCN(c2cc(ccc2)C(F)(F)F)CC1,5.647817481888637
C1N(c2ncccc2)CCCN(CCCC(c2ccc(cc2)F)=O)C1,8.915423722065668
N1(CCCN(c2ncccc2)CC1)CCCC(c1ccc(cc1)F)=O,8.915423722065668
c1cccnc1N1CCCN(CC1)CCCC(c1ccc(F)cc1)=O,8.915423722065668
O=C(c1ccc(cc1)F)CCCN1CCCN(CC1)c1ncccc1,8.915423722065668
c1cc(F)ccc1C(=O)CCCN1CCN(CCC1)c1ncccc1,8.915423722065668
c1c(C(C)C)cc2C3CNCCN3C(=O)c2c1C(F)(F)F,5.581698708680254
C12CNCCN2C(=O)c2c1cc(cc2C(F)(F)F)C(C)C,5.581698708680254
CC(c1cc2C3N(C(c2c(C(F)(F)F)c1)=O)CCNC3)C,5.581698708680254
CC(C)c1cc(C(F)(F)F)c2C(N3CCNCC3c2c1)=O,5.581698708680254
c1c(c2c(cc1C(C)C)C1CNCCN1C2=O)C(F)(F)F,5.581698708680254
c1cccc2c1[nH]c1c2CCNCC1,8.0
[nH]1c2c(CCNCC2)c2c1cccc2,8.0
c12c(cccc1)c1c([nH]2)CCNCC1,8.0
C1NCCc2c(c3c(cccc3)[nH]2)C1,8.0
C1Cc2c3ccccc3[nH]c2CCN1,8.0
C1N(CCN(C1)CCc1cc2c(cc1)OCC(=O)N2)c1c2ccc(nc2ccc1)C,5.899998417198648
c1(C)nc2c(cc1)c(N1CCN(CCc3cc4NC(=O)COc4cc3)CC1)ccc2,5.899998417198648
N1(CCN(CCc2cc3c(cc2)OCC(=O)N3)CC1)c1c2ccc(C)nc2ccc1,5.899998417198648
c1cc2c(cc1CCN1CCN(c3c4c(nc(cc4)C)ccc3)CC1)NC(CO2)=O,5.899998417198648
c1(C)ccc2c(cccc2N2CCN(CC2)CCc2cc3NC(COc3cc2)=O)n1,5.899998417198648
c1cnc(C)c(Oc2cnc(cn2)NC(=O)N2c3c(CC2)cc(C)c(c3)C(F)(F)F)c1,6.199998172182031
C1c2c(cc(c(C)c2)C(F)(F)F)N(C(=O)Nc2cnc(cn2)Oc2c(nccc2)C)C1,6.199998172182031
c12c(CCN1C(=O)Nc1cnc(cn1)Oc1cccnc1C)cc(C)c(C(F)(F)F)c2,6.199998172182031
C(c1cc2c(CCN2C(Nc2ncc(nc2)Oc2c(C)nccc2)=O)cc1C)(F)(F)F,6.199998172182031
c1nc(C)c(Oc2cnc(cn2)NC(N2c3c(cc(C)c(C(F)(F)F)c3)CC2)=O)cc1,6.199998172182031
C(CC(C)C)c1c2c(N3C(CC2)CNCC3)ncc1,7.540607512240769
C1C2N(c3c(C1)c(CCC(C)C)ccn3)CCNC2,7.540607512240769
C1CC2N(CCNC2)c2c1c(CCC(C)C)ccn2,7.540607512240769
C(CC(C)C)c1c2c(N3C(CNCC3)CC2)ncc1,7.540607512240769
N1CCN2C(CCc3c2nccc3CCC(C)C)C1,7.540607512240769
C1CC(c2cccc3c2CCO3)CCN1CCC1CCC(CC1)NC(=O)C1(O)CC1,8.031517051446064
c1ccc2OCCc2c1C1CCN(CCC2CCC(CC2)NC(C2(O)CC2)=O)CC1,8.031517051446064
c1(c2c(OCC2)ccc1)C1CCN(CC1)CCC1CCC(CC1)NC(C1(CC1)O)=O,8.031517051446064
C1N(CCC(c2cccc3OCCc32)C1)CCC1CCC(CC1)NC(=O)C1(O)CC1,8.031517051446064
C(NC1CCC(CC1)CCN1CCC(CC1)c1cccc2c1CCO2)(=O)C1(O)CC1,8.031517051446064
N1(CCN(CC1)c1c2c(cccc2)sn1)CCN1C(c2c(Br)nn(Br)c2CC1)=O,9.0
Brc1nn(Br)c2CCN(C(c12)=O)CCN1CCN(CC1)c1c2c(sn1)cccc2,9.0
Brn1nc(Br)c2c1CCN(CCN1CCN(c3nsc4ccccc43)CC1)C2=O,9.0
C1Cc2c(c(nn2Br)Br)C(=O)N1CCN1CCN(c2c3ccccc3sn2)CC1,9.0
O=C1N(CCN2CCN(CC2)c2nsc3c2cccc3)CCc2n(Br)nc(c12)Br,9.0
O1c2c(cccc2OC1)N1CCN(CC1)CCC1CCC(CC1)NC(CC1COCCC1)=O,7.612788199686269
C1(NC(CC2COCCC2)=O)CCC(CC1)CCN1CCN(c2cccc3OCOc23)CC1,7.612788199686269
C1CN(CCC2CCC(CC2)NC(CC2COCCC2)=O)CCN1c1cccc2c1OCO2,7.612788199686269
C1(CCN2CCN(CC2)c2c3OCOc3ccc2)CCC(CC1)NC(=O)CC1CCCOC1,7.612788199686269
c1c(N2CCN(CC2)CCC2CCC(NC(=O)CC3CCCOC3)CC2)c2c(OCO2)cc1,7.612788199686269
CC(C)(C)c1c(O)c(c(c(C)c1)CC1NCCN=1)C,6.43533393574791
c1(c(CC2NCCN=2)c(C)c(c(c1)C(C)(C)C)O)C,6.43533393574791
Cc1c(O)c(C(C)(C)C)cc(c1CC1=NCCN1)C,6.43533393574791
c1(C)c(c(c(c(C(C)(C)C)c1)O)C)CC1NCCN=1,6.43533393574791
C(C)(C)(c1cc(C)c(CC2=NCCN2)c(C)c1O)C,6.43533393574791
c1cc2N(CCCN(C)C)c3c(cccc3)Sc2cc1,8.174249418651971
c1c2c(Sc3c(N2CCCN(C)C)cccc3)ccc1,8.174249418651971
c1cccc2N(c3ccccc3Sc21)CCCN(C)C,8.174249418651971
c1cc2c(cc1)Sc1c(N2CCCN(C)C)cccc1,8.174249418651971
c12c(cccc1)N(CCCN(C)C)c1ccccc1S2,8.174249418651971
Nc1nc(nc(n1)NCCc1c[nH]c2ccccc12)NCCNc1c(c(ccc1)Cl)Cl,4.740167300936516
c1(CCNc2nc(nc(NCCNc3cccc(c3Cl)Cl)n2)N)c2ccccc2[nH]c1,4.740167300936516
Nc1nc(NCCNc2c(Cl)c(ccc2)Cl)nc(NCCc2c[nH]c3ccccc32)n1,4.740167300936516
N(CCc1c2ccccc2[nH]c1)c1nc(nc(n1)N)NCCNc1cccc(Cl)c1Cl,4.740167300936516
c1(CCNc2nc(nc(n2)NCCNc2c(Cl)c(ccc2)Cl)N)c[nH]c2ccccc12,4.740167300936516
CN(C)CCCN1c2ccccc2CCc2c1cccc2,6.896196279044043
c1cc2CCc3c(N(CCCN(C)C)c2cc1)cccc3,6.896196279044043
c1cccc2c1CCc1c(N2CCCN(C)C)cccc1,6.896196279044043
c1c2CCc3ccccc3N(c2ccc1)CCCN(C)C,6.896196279044043
c12c(N(c3ccccc3CC2)CCCN(C)C)cccc1,6.896196279044043
c1[nH]c2ccc(OC)cc2c1C(CN)C,8.657577319177793
CC(CN)c1c[nH]c2c1cc(cc2)OC,8.657577319177793
O(c1cc2c(C(CN)C)c[nH]c2cc1)C,8.657577319177793
c1(c[nH]c2ccc(cc21)OC)C(CN)C,8.657577319177793
COc1cc2c(C(C)CN)c[nH]c2cc1,8.657577319177793
c12oc(S(NC3CC(C)N(C3)CCCc3c4c(cc(F)cc4)on3)(=O)=O)cc1cccc2,8.560036064079094
c12ccccc2cc(o1)S(NC1CN(CCCc2c3c(cc(F)cc3)on2)C(C1)C)(=O)=O,8.560036064079094
N1(C(C)CC(NS(c2oc3ccccc3c2)(=O)=O)C1)CCCc1c2c(cc(F)cc2)on1,8.560036064079094
c12c(cc(cc2)F)onc1CCCN1C(C)CC(C1)NS(c1oc2ccccc2c1)(=O)=O,8.560036064079094
N1(CCCc2c3c(on2)cc(cc3)F)CC(NS(c2oc3c(c2)cccc3)(=O)=O)CC1C,8.560036064079094
c1cccc2Cc3c(C4C(c21)CC(O4)CN1CCN(CC1)CCO)cccc3,7.062983892535186
c12Cc3c(C4C(CC(CN5CCN(CCO)CC5)O4)c1cccc2)cccc3,7.062983892535186
C1(CC2c3ccccc3Cc3ccccc3C2O1)CN1CCN(CCO)CC1,7.062983892535186
OCCN1CCN(CC2OC3C(C2)c2ccccc2Cc2ccccc23)CC1,7.062983892535186
c1cccc2Cc3ccccc3C3C(c21)CC(O3)CN1CCN(CC1)CCO,7.062983892535186
c1ccc2c(c(no2)CCCN2CC(NS(=O)(c3cc4ccccc4o3)=O)CC2)c1,9.609948503541013
c12ccccc1oc(c2)S(NC1CCN(CCCc2noc3c2cccc3)C1)(=O)=O,9.609948503541013
c12ccccc2oc(S(NC2CCN(CCCc3noc4c3cccc4)C2)(=O)=O)c1,9.609948503541013
c1(noc2ccccc21)CCCN1CCC(NS(=O)(=O)c2oc3ccccc3c2)C1,9.609948503541013
c1c(oc2c1cccc2)S(NC1CCN(CCCc2noc3c2cccc3)C1)(=O)=O,9.609948503541013
c1(CNC)cc(n(CCC(C)(C)C)n1)OCc1cc(F)c(F)cc1F,8.744727494896694
c1(nn(CCC(C)(C)C)c(c1)OCc1c(cc(F)c(F)c1)F)CNC,8.744727494896694
C(c1cc(c(F)cc1F)F)Oc1cc(CNC)nn1CCC(C)(C)C,8.744727494896694
CC(CCn1nc(CNC)cc1OCc1c(cc(F)c(F)c1)F)(C)C,8.744727494896694
n1c(CNC)cc(OCc2c(F)cc(F)c(c2)F)n1CCC(C)(C)C,8.744727494896694
c1cn2nc(C(=O)N3CCN(CCc4ccc(cc4F)F)CC3)cc2cc1,8.244125144327509
c1(F)cc(c(CCN2CCN(CC2)C(=O)c2cc3n(n2)cccc3)cc1)F,8.244125144327509
n1c(C(N2CCN(CC2)CCc2ccc(F)cc2F)=O)cc2ccccn21,8.244125144327509
C1N(CCN(C1)C(=O)c1cc2n(cccc2)n1)CCc1c(cc(F)cc1)F,8.244125144327509
c1c(C(=O)N2CCN(CCc3c(cc(F)cc3)F)CC2)nn2c1cccc2,8.244125144327509
C1(CCC(CC(=O)NC2CCC(CCN3CCC(CC3)c3cccc4c3OCO4)CC2)CC1)OC,7.464705879957229
C1C(CCN2CCC(CC2)c2cccc3OCOc23)CCC(NC(=O)CC2CCC(OC)CC2)C1,7.464705879957229
C1CC(CCC1CCN1CCC(c2cccc3c2OCO3)CC1)NC(=O)CC1CCC(OC)CC1,7.464705879957229
c12c(OCO2)cccc1C1CCN(CCC2CCC(CC2)NC(=O)CC2CCC(OC)CC2)CC1,7.464705879957229
C1(CCC(NC(CC2CCC(OC)CC2)=O)CC1)CCN1CCC(CC1)c1cccc2OCOc21,7.464705879957229
c1(cc2onc(c2cc1)C1CCN(CCCCNS(=O)(=O)c2cc3ccccc3s2)CC1)F,9.259637310505756
C(CCCN1CCC(c2c3ccc(F)cc3on2)CC1)NS(c1sc2ccccc2c1)(=O)=O,9.259637310505756
c12c(ccc(c2)F)c(no1)C1CCN(CCCCNS(=O)(=O)c2cc3ccccc3s2)CC1,9.259637310505756
c1cc2c(C3CCN(CCCCNS(c4cc5c(cccc5)s4)(=O)=O)CC3)noc2cc1F,9.259637310505756
c1(c2c(on1)cc(F)cc2)C1CCN(CC1)CCCCNS(=O)(c1cc2ccccc2s1)=O,9.259637310505756
c1(CNC)cc(n(n1)CC1(C)CCCCC1)OCc1ccccc1,8.55284196865778
c1c(COc2n(nc(c2)CNC)CC2(CCCCC2)C)cccc1,8.55284196865778
c1(n(CC2(CCCCC2)C)nc(CNC)c1)OCc1ccccc1,8.55284196865778
n1n(c(OCc2ccccc2)cc1CNC)CC1(CCCCC1)C,8.55284196865778
c1cccc(c1)COc1n(nc(c1)CNC)CC1(CCCCC1)C,8.55284196865778
C1N(CCN(C1)CCc1ccccc1)C(c1nn(cc1Br)C)=O,7.167491087293763
c1(nn(cc1Br)C)C(N1CCN(CCc2ccccc2)CC1)=O,7.167491087293763
Cn1nc(C(=O)N2CCN(CC2)CCc2ccccc2)c(c1)Br,7.167491087293763
C1N(C(=O)c2c(Br)cn(n2)C)CCN(CCc2ccccc2)C1,7.167491087293763
C1N(CCN(C(c2c(Br)cn(C)n2)=O)C1)CCc1ccccc1,7.167491087293763
c1cccc2Cc3ccccc3C3(CCC(C3)N3CCC=C(C(=O)O)C3)Cc21,5.40000018605658
C1CC(CC21c1ccccc1Cc1ccccc1C2)N1CCC=C(C1)C(O)=O,5.40000018605658
c12c(cccc2)Cc2ccccc2C2(CCC(C2)N2CC(C(O)=O)=CCC2)C1,5.40000018605658
N1(CCC=C(C1)C(O)=O)C1CC2(Cc3ccccc3Cc3ccccc32)CC1,5.40000018605658
C1C(C(=O)O)=CCCN1C1CCC2(c3c(Cc4ccccc4C2)cccc3)C1,5.40000018605658
C(CN1CCC(c2c3ccc(Cl)cc3on2)CC1)C1CCC(CC1)NC(CC(O)C)=O,7.886056647693163
C1C(CCC(C1)CCN1CCC(c2noc3cc(ccc32)Cl)CC1)NC(CC(C)O)=O,7.886056647693163
C1(CCN2CCC(c3noc4c3ccc(c4)Cl)CC2)CCC(NC(=O)CC(C)O)CC1,7.886056647693163
C(C)(CC(=O)NC1CCC(CC1)CCN1CCC(CC1)c1c2c(cc(Cl)cc2)on1)O,7.886056647693163
C1(CCC(NC(CC(C)O)=O)CC1)CCN1CCC(c2c3c(cc(cc3)Cl)on2)CC1,7.886056647693163
Fc1cc(ccc1CN(C1CCN(C)CC1)C(=O)OCc1ccc(cc1)OCCF)F,9.801342913045577
C(COc1ccc(cc1)COC(=O)N(Cc1c(cc(cc1)F)F)C1CCN(CC1)C)F,9.801342913045577
C1C(CCN(C1)C)N(C(OCc1ccc(cc1)OCCF)=O)Cc1c(cc(F)cc1)F,9.801342913045577
c1c(c(ccc1F)CN(C1CCN(C)CC1)C(=O)OCc1ccc(cc1)OCCF)F,9.801342913045577
Fc1ccc(CN(C(=O)OCc2ccc(cc2)OCCF)C2CCN(C)CC2)c(F)c1,9.801342913045577
CNCC1c2c(Cc3ccccc31)cccc2,7.2839966563652006
c1c2Cc3c(C(CNC)c2ccc1)cccc3,7.2839966563652006
c12c(cccc2)C(c2ccccc2C1)CNC,7.2839966563652006
c1ccc2c(C(CNC)c3ccccc3C2)c1,7.2839966563652006
c12ccccc2Cc2ccccc2C1CNC,7.2839966563652006
C1C2CNCC(N2c2c1cccc2C)C,7.366531544420414
c1ccc(C)c2c1CC1N2C(CNC1)C,7.366531544420414
CC1CNCC2Cc3cccc(c3N21)C,7.366531544420414
C12N(c3c(cccc3C1)C)C(CNC2)C,7.366531544420414
c1(cccc2c1N1C(C2)CNCC1C)C,7.366531544420414
O1CCN(CC1)CCOc1ccc(cc1-c1n(ncc1)C)NC(=O)Nc1cc(ccc1)F,9.086186147616283
c1(c(OCCN2CCOCC2)ccc(c1)NC(Nc1cc(F)ccc1)=O)-c1n(ncc1)C,9.086186147616283
c1(NC(=O)Nc2ccc(OCCN3CCOCC3)c(c2)-c2n(C)ncc2)cc(ccc1)F,9.086186147616283
N(C(=O)Nc1cccc(F)c1)c1ccc(OCCN2CCOCC2)c(c1)-c1ccnn1C,9.086186147616283
C1OCCN(C1)CCOc1c(cc(NC(Nc2cccc(F)c2)=O)cc1)-c1n(C)ncc1,9.086186147616283
c12c3c(-c4cc(OC)c(OC)cc4CC3N(CC1)C)c(OC)c(c2)OC(C)CCC,6.61261017366127
c12CCN(C)C3c1c(-c1c(C3)cc(OC)c(c1)OC)c(c(OC(C)CCC)c2)OC,6.61261017366127
c1(OC)c2c3c(CCN(C3Cc3c-2cc(c(OC)c3)OC)C)cc1OC(CCC)C,6.61261017366127
c12c3C(N(CCc3cc(OC(CCC)C)c1OC)C)Cc1c-2cc(OC)c(c1)OC,6.61261017366127
c1(OC(CCC)C)c(OC)c2c3c(c1)CCN(C3Cc1cc(c(cc-21)OC)OC)C,6.61261017366127
N1(CCN(CC1)c1c2ccccc2sn1)CCCCNS(c1ccc(OC(F)(F)F)cc1)(=O)=O,8.657577319177793
c1c2c(ccc1)c(ns2)N1CCN(CC1)CCCCNS(c1ccc(cc1)OC(F)(F)F)(=O)=O,8.657577319177793
O(c1ccc(S(=O)(=O)NCCCCN2CCN(CC2)c2nsc3c2cccc3)cc1)C(F)(F)F,8.657577319177793
c1cc(ccc1S(=O)(NCCCCN1CCN(CC1)c1c2ccccc2sn1)=O)OC(F)(F)F,8.657577319177793
c12snc(N3CCN(CC3)CCCCNS(=O)(c3ccc(OC(F)(F)F)cc3)=O)c1cccc2,8.657577319177793
c1[nH]c2c(c1CCNc1nc(nc(NCCCCN3CCN(c4ccccc4)CC3)n1)N)cccc2,7.619788758288394
c1cccc(N2CCN(CC2)CCCCNc2nc(nc(N)n2)NCCc2c[nH]c3c2cccc3)c1,7.619788758288394
C(Cc1c2c([nH]c1)cccc2)Nc1nc(N)nc(NCCCCN2CCN(c3ccccc3)CC2)n1,7.619788758288394
[nH]1c2ccccc2c(CCNc2nc(nc(n2)N)NCCCCN2CCN(c3ccccc3)CC2)c1,7.619788758288394
c1c(N2CCN(CCCCNc3nc(nc(n3)NCCc3c4ccccc4[nH]c3)N)CC2)cccc1,7.619788758288394
Fc1ccccc1S(=O)(=O)c1ccc(nc1)C=Cc1c(F)cc(cc1)F,8.585026652029182
c1nc(ccc1S(c1ccccc1F)(=O)=O)C=Cc1c(F)cc(cc1)F,8.585026652029182
c1(F)c(cccc1)S(=O)(=O)c1ccc(C=Cc2ccc(F)cc2F)nc1,8.585026652029182
c1(S(=O)(c2ccc(nc2)C=Cc2ccc(F)cc2F)=O)ccccc1F,8.585026652029182
C(=Cc1ncc(S(=O)(=O)c2ccccc2F)cc1)c1ccc(F)cc1F,8.585026652029182
c1ccc(cc1CN1CC=C(c2c[nH]c3ccccc32)CC1)OC,6.7121982700697735
c1cccc2c(c[nH]c12)C1=CCN(Cc2cccc(OC)c2)CC1,6.7121982700697735
c12c(c(c[nH]2)C2=CCN(Cc3cc(OC)ccc3)CC2)cccc1,6.7121982700697735
c1c(OC)cccc1CN1CC=C(c2c3ccccc3[nH]c2)CC1,6.7121982700697735
c1cc2c(C3=CCN(Cc4cccc(c4)OC)CC3)c[nH]c2cc1,6.7121982700697735
c12cnccc2c(S(=O)(N2CCCC2CCN2CCN(c3c4c(scc4)ccc3)CC2)=O)ccc1,8.045757490560675
C1N(CCN(c2cccc3sccc23)C1)CCC1CCCN1S(=O)(c1c2ccncc2ccc1)=O,8.045757490560675
s1c2cccc(N3CCN(CCC4N(S(=O)(c5cccc6cnccc65)=O)CCC4)CC3)c2cc1,8.045757490560675
c12c(ccnc2)c(S(=O)(=O)N2C(CCN3CCN(CC3)c3cccc4c3ccs4)CCC2)ccc1,8.045757490560675
S(=O)(N1CCCC1CCN1CCN(c2cccc3sccc32)CC1)(=O)c1cccc2c1ccnc2,8.045757490560675
c1c(OCCCCN2CCN(c3ccccc3OC)CC2)cc2cc(nn2c1)C#N,6.3872161432802645
c1c(cc2cc(nn2c1)C#N)OCCCCN1CCN(CC1)c1ccccc1OC,6.3872161432802645
c1(N2CCN(CCCCOc3cc4n(cc3)nc(C#N)c4)CC2)c(OC)cccc1,6.3872161432802645
C(c1nn2ccc(OCCCCN3CCN(c4c(OC)cccc4)CC3)cc2c1)#N,6.3872161432802645
N1(CCCCOc2ccn3c(c2)cc(n3)C#N)CCN(CC1)c1ccccc1OC,6.3872161432802645
c12c(onc1N1CCN(CC1)CCn1c(c3cnc(C(F)(F)F)cc3cc1)=O)cccc2,7.642065152999546
c1cccc2c1c(N1CCN(CCn3c(c4c(cc(C(F)(F)F)nc4)cc3)=O)CC1)no2,7.642065152999546
C(n1ccc2c(c1=O)cnc(C(F)(F)F)c2)CN1CCN(CC1)c1c2ccccc2on1,7.642065152999546
O=c1n(CCN2CCN(CC2)c2c3ccccc3on2)ccc2cc(C(F)(F)F)ncc12,7.642065152999546
o1nc(c2ccccc12)N1CCN(CCn2ccc3cc(ncc3c2=O)C(F)(F)F)CC1,7.642065152999546
c1(C)c(cc(cc1)NC(=O)N1c2cc(C(F)(F)F)c(OC)cc2CC1)-c1cnccc1,5.300000202445418
c1(cc2c(cc1C(F)(F)F)N(CC2)C(=O)Nc1cc(c(C)cc1)-c1cnccc1)OC,5.300000202445418
c1c2c(cc(c1C(F)(F)F)OC)CCN2C(Nc1cc(-c2cnccc2)c(cc1)C)=O,5.300000202445418
c1ccncc1-c1c(C)ccc(NC(=O)N2c3c(cc(OC)c(c3)C(F)(F)F)CC2)c1,5.300000202445418
c1c(OC)c(cc2N(C(=O)Nc3cc(-c4cccnc4)c(C)cc3)CCc21)C(F)(F)F,5.300000202445418
O(c1c(c2c3c(c1)CCN(C3Cc1c-2cc(cc1)NC(CCC)=O)C)OCC1CC1)C,6.1771783546968955
c12c3c(OCC4CC4)c(OC)cc1CCN(C)C2Cc1ccc(cc-31)NC(=O)CCC,6.1771783546968955
CN1C2Cc3ccc(NC(=O)CCC)cc3-c3c2c(cc(c3OCC2CC2)OC)CC1,6.1771783546968955
O(c1cc2CCN(C3Cc4ccc(cc4-c(c1OCC1CC1)c23)NC(=O)CCC)C)C,6.1771783546968955
c1(NC(=O)CCC)cc2-c3c(c(cc4CCN(C)C(Cc2cc1)c34)OC)OCC1CC1,6.1771783546968955
c12n(ncc1)ccc(-n1cc(nn1)CCCN1CCN(CC1)c1cccc(Cl)c1Cl)c2,8.275724130399212
n1n(-c2cc3ccnn3cc2)cc(CCCN2CCN(c3cccc(Cl)c3Cl)CC2)n1,8.275724130399212
c1cc(Cl)c(Cl)c(N2CCN(CC2)CCCc2nnn(-c3ccn4nccc4c3)c2)c1,8.275724130399212
Clc1c(N2CCN(CCCc3cn(nn3)-c3cc4ccnn4cc3)CC2)cccc1Cl,8.275724130399212
c12ccnn1ccc(c2)-n1nnc(c1)CCCN1CCN(c2cccc(Cl)c2Cl)CC1,8.275724130399212
C1CN(CCO)CCN1c1nc2ccccc2c(n1)Nc1ccc(C(C)C)cc1,6.826493229791896
OCCN1CCN(CC1)c1nc2c(c(Nc3ccc(C(C)C)cc3)n1)cccc2,6.826493229791896
c12c(nc(N3CCN(CCO)CC3)nc2Nc2ccc(cc2)C(C)C)cccc1,6.826493229791896
C1CN(CCN1c1nc2ccccc2c(Nc2ccc(cc2)C(C)C)n1)CCO,6.826493229791896
c1c(ccc(Nc2c3ccccc3nc(N3CCN(CCO)CC3)n2)c1)C(C)C,6.826493229791896
N(c1cnccc1)C(N1CCc2cc(SC)c(C(F)(F)F)cc12)=O,6.399996913372259
C(F)(F)(c1c(cc2CCN(C(=O)Nc3cccnc3)c2c1)SC)F,6.399996913372259
C1N(c2c(cc(c(C(F)(F)F)c2)SC)C1)C(Nc1cccnc1)=O,6.399996913372259
c1ccc(cn1)NC(N1c2cc(C(F)(F)F)c(SC)cc2CC1)=O,6.399996913372259
c1ccc(NC(N2c3c(CC2)cc(SC)c(C(F)(F)F)c3)=O)cn1,6.399996913372259
C1(CCN2CCC(CC2)c2coc3ccccc23)CCC(NC(C(F)(F)F)=O)CC1,8.064492734175287
N(C1CCC(CCN2CCC(c3coc4c3cccc4)CC2)CC1)C(C(F)(F)F)=O,8.064492734175287
N1(CCC(c2c3ccccc3oc2)CC1)CCC1CCC(CC1)NC(C(F)(F)F)=O,8.064492734175287
C1C(CCC(CCN2CCC(c3c4ccccc4oc3)CC2)C1)NC(C(F)(F)F)=O,8.064492734175287
N(C1CCC(CC1)CCN1CCC(c2c3c(cccc3)oc2)CC1)C(=O)C(F)(F)F,8.064492734175287
c1c(cc2c(c(ccc2)N2CCN(CCCOc3c(C)c4C(NCc4cc3)=O)CC2)c1)F,7.903089986991944
c1c(ccc2c1cccc2N1CCN(CCCOc2c(c3C(=O)NCc3cc2)C)CC1)F,7.903089986991944
C1NC(c2c(c(OCCCN3CCN(c4cccc5c4ccc(c5)F)CC3)ccc21)C)=O,7.903089986991944
c1cc(F)cc2cccc(c21)N1CCN(CC1)CCCOc1c(c2C(NCc2cc1)=O)C,7.903089986991944
c1c2CNC(=O)c2c(C)c(OCCCN2CCN(CC2)c2cccc3c2ccc(F)c3)c1,7.903089986991944
C1C(N(C(=O)OCCc2ccc(OCC(C)C)cc2)Cc2ccc(F)cc2)C(F)CN(C1)C,7.801342913045577
CC(COc1ccc(CCOC(N(C2CCN(C)CC2F)Cc2ccc(F)cc2)=O)cc1)C,7.801342913045577
C(OC(=O)N(C1CCN(CC1F)C)Cc1ccc(cc1)F)Cc1ccc(OCC(C)C)cc1,7.801342913045577
c1c(CCOC(N(C2C(CN(C)CC2)F)Cc2ccc(cc2)F)=O)ccc(c1)OCC(C)C,7.801342913045577
C1CC(C(CN1C)F)N(C(=O)OCCc1ccc(OCC(C)C)cc1)Cc1ccc(F)cc1,7.801342913045577
CC(Oc1ccc(COC(N(C2CCN(C3CC3)CC2)Cc2c(F)cc(cc2)F)=O)cc1)C,8.600326278518962
C1(CC1)N1CCC(N(C(OCc2ccc(OC(C)C)cc2)=O)Cc2c(cc(cc2)F)F)CC1,8.600326278518962
c1cc(COC(N(C2CCN(C3CC3)CC2)Cc2ccc(F)cc2F)=O)ccc1OC(C)C,8.600326278518962
c1c(ccc(c1)COC(=O)N(Cc1c(F)cc(F)cc1)C1CCN(CC1)C1CC1)OC(C)C,8.600326278518962
C(N(Cc1ccc(cc1F)F)C1CCN(CC1)C1CC1)(=O)OCc1ccc(cc1)OC(C)C,8.600326278518962
c12ccccc2occ1C1CCN(CC1)CCC1CCC(NS(c2ccc(cc2)C(C)(C)C)(=O)=O)CC1,7.5014137911824825
c12c(C3CCN(CC3)CCC3CCC(NS(=O)(c4ccc(C(C)(C)C)cc4)=O)CC3)coc1cccc2,7.5014137911824825
C1CC(CCC1NS(c1ccc(C(C)(C)C)cc1)(=O)=O)CCN1CCC(c2coc3ccccc32)CC1,7.5014137911824825
c1cc2c(cc1)c(C1CCN(CCC3CCC(NS(=O)(=O)c4ccc(C(C)(C)C)cc4)CC3)CC1)co2,7.5014137911824825
c1cccc2c1occ2C1CCN(CCC2CCC(NS(=O)(c3ccc(C(C)(C)C)cc3)=O)CC2)CC1,7.5014137911824825
c1c(F)ccc(c1)C(C1CCN(CCc2ccc(F)cc2)CC1)=O,8.020451625295905
c1c(C(C2CCN(CC2)CCc2ccc(cc2)F)=O)ccc(F)c1,8.020451625295905
C1CN(CCC1C(=O)c1ccc(F)cc1)CCc1ccc(cc1)F,8.020451625295905
c1cc(ccc1F)C(=O)C1CCN(CC1)CCc1ccc(F)cc1,8.020451625295905
c1c(ccc(c1)F)C(C1CCN(CC1)CCc1ccc(cc1)F)=O,8.020451625295905
c12c(N(NC(c3c(cccc3C)C)=O)c3ccccc3C(N3CCN(CC3)C)=N2)ccc(Cl)c1,8.657577319177793
c12ccc(Cl)cc2N=C(c2c(N1NC(=O)c1c(C)cccc1C)cccc2)N1CCN(C)CC1,8.657577319177793
N1(CCN(C)CC1)C1=Nc2cc(Cl)ccc2N(c2ccccc12)NC(c1c(C)cccc1C)=O,8.657577319177793
N(N1c2ccccc2C(=Nc2c1ccc(Cl)c2)N1CCN(C)CC1)C(=O)c1c(cccc1C)C,8.657577319177793
Cc1cccc(c1C(NN1c2c(N=C(c3ccccc13)N1CCN(C)CC1)cc(cc2)Cl)=O)C,8.657577319177793
c12nc(ccc1CC1CNCC(N21)C)Cl,7.267606240177032
C1C2Cc3c(N2C(C)CN1)nc(Cl)cc3,7.267606240177032
CC1N2c3c(CC2CNC1)ccc(Cl)n3,7.267606240177032
c1c(Cl)nc2c(CC3N2C(CNC3)C)c1,7.267606240177032
Clc1nc2N3C(CNCC3Cc2cc1)C,7.267606240177032
c1(cccc(c1OC)OC)CCN1C2C3C4CC5C3C1(O)C1C5C4C12,6.022276394711152
c1c(c(OC)c(cc1)CCN1C2C3C4CC5C6C(C2C64)C1(C53)O)OC,6.022276394711152
OC12N(CCc3cccc(OC)c3OC)C3C4C1C1C5CC(C3C25)C41,6.022276394711152
C1C2C3C4C1C1C2C2C3N(CCc3cccc(OC)c3OC)C4(C12)O,6.022276394711152
c1cc(CCN2C3(O)C4C5C6C4C2C2C3C5CC26)c(OC)c(c1)OC,6.022276394711152
C1C(CCC(C1)CCN1CCN(c2c3c(cccc3)sn2)CC1)NC(C)=O,8.236572006437063
N1(CCN(CC1)CCC1CCC(NC(C)=O)CC1)c1nsc2ccccc12,8.236572006437063
C1CN(c2nsc3c2cccc3)CCN1CCC1CCC(CC1)NC(C)=O,8.236572006437063
C1N(c2nsc3ccccc32)CCN(CCC2CCC(CC2)NC(C)=O)C1,8.236572006437063
c1cccc2c1c(ns2)N1CCN(CCC2CCC(CC2)NC(C)=O)CC1,8.236572006437063
C(CN1CCN(CC1)c1cccc(Cl)c1)CCCCn1c2cccc3CCCn(c32)c1=O,7.180456064458132
C(Cn1c(=O)n2CCCc3c2c1ccc3)CCCCN1CCN(CC1)c1cc(Cl)ccc1,7.180456064458132
N1(CCN(CC1)CCCCCCn1c(=O)n2c3c(CCC2)cccc13)c1cccc(Cl)c1,7.180456064458132
C1c2c3c(n(c(n3CC1)=O)CCCCCCN1CCN(CC1)c1cc(ccc1)Cl)ccc2,7.180456064458132
C(CCn1c2c3c(CCCn3c1=O)ccc2)CCCN1CCN(CC1)c1cccc(c1)Cl,7.180456064458132
C1(NC(c2ccc(cc2)S(=O)(C)=O)=O)CCC(CCN2CCC(c3cccc4c3CCO4)CC2)CC1,7.8326826652518236
C1CN(CCC2CCC(NC(=O)c3ccc(cc3)S(=O)(C)=O)CC2)CCC1c1cccc2c1CCO2,7.8326826652518236
c1cc(C(NC2CCC(CC2)CCN2CCC(c3c4c(OCC4)ccc3)CC2)=O)ccc1S(=O)(C)=O,7.8326826652518236
c1cc(c2CCOc2c1)C1CCN(CC1)CCC1CCC(NC(c2ccc(cc2)S(=O)(=O)C)=O)CC1,7.8326826652518236
O=S(c1ccc(cc1)C(=O)NC1CCC(CCN2CCC(c3cccc4c3CCO4)CC2)CC1)(C)=O,7.8326826652518236
c1cc2c(c(ns2)N2CCN(CC2)CCn2c(c3c(nc(nc3)C(C)C)cc2)=O)cc1,8.224753740259764
C1CN(c2c3ccccc3sn2)CCN1CCn1ccc2c(cnc(C(C)C)n2)c1=O,8.224753740259764
s1c2ccccc2c(N2CCN(CC2)CCn2ccc3c(cnc(C(C)C)n3)c2=O)n1,8.224753740259764
c1n(CCN2CCN(CC2)c2c3c(cccc3)sn2)c(=O)c2cnc(nc2c1)C(C)C,8.224753740259764
N1(CCN(CCn2c(=O)c3cnc(C(C)C)nc3cc2)CC1)c1c2c(sn1)cccc2,8.224753740259764
c12ccc(F)cc1c(C1CCN(CCCCn3c(O)c(-c4c[nH]c5c4cccc5)cc3O)CC1)c[nH]2,7.1487416512809245
c1(cc(-c2c3c([nH]c2)cccc3)c(O)n1CCCCN1CCC(c2c[nH]c3c2cc(cc3)F)CC1)O,7.1487416512809245
c12ccccc2c(-c2c(n(CCCCN3CCC(CC3)c3c4c([nH]c3)ccc(c4)F)c(O)c2)O)c[nH]1,7.1487416512809245
c1c2c(ccc1)c(c[nH]2)-c1c(n(c(O)c1)CCCCN1CCC(c2c3c(ccc(F)c3)[nH]c2)CC1)O,7.1487416512809245
c12ccccc1c(-c1c(n(c(O)c1)CCCCN1CCC(CC1)c1c3c(ccc(F)c3)[nH]c1)O)c[nH]2,7.1487416512809245
Clc1c(cccc1Cl)N1CCN(CC=CCNC(c2ccc(-c3c(cccn3)C)cc2)=O)CC1,7.328827157284917
O=C(NCC=CCN1CCN(c2cccc(Cl)c2Cl)CC1)c1ccc(cc1)-c1c(C)cccn1,7.328827157284917
C(=CCN1CCN(CC1)c1c(Cl)c(Cl)ccc1)CNC(=O)c1ccc(-c2c(C)cccn2)cc1,7.328827157284917
c1c(ccc(c1)C(NCC=CCN1CCN(c2cccc(Cl)c2Cl)CC1)=O)-c1c(cccn1)C,7.328827157284917
c1cnc(c(c1)C)-c1ccc(cc1)C(=O)NCC=CCN1CCN(c2cccc(c2Cl)Cl)CC1,7.328827157284917
c1ccccc1C(N1CCN(CC1)CCCN1CCN(CC1)c1ccc(cc1)OC)=O,4.522878745280337
C1CN(CCCN2CCN(C(=O)c3ccccc3)CC2)CCN1c1ccc(cc1)OC,4.522878745280337
O=C(N1CCN(CCCN2CCN(c3ccc(OC)cc3)CC2)CC1)c1ccccc1,4.522878745280337
C1N(c2ccc(OC)cc2)CCN(C1)CCCN1CCN(CC1)C(=O)c1ccccc1,4.522878745280337
c1cc(N2CCN(CC2)CCCN2CCN(CC2)C(=O)c2ccccc2)ccc1OC,4.522878745280337
C1Cc2cccnc2C(=O)N1CCN1CCC(CC1)c1c2cc(C)ccc2on1,8.096910013008056
c12cc(ccc1onc2C1CCN(CC1)CCN1C(c2ncccc2CC1)=O)C,8.096910013008056
c1(ccc2c(c1)c(C1CCN(CCN3CCc4c(nccc4)C3=O)CC1)no2)C,8.096910013008056
C1N(CCN2CCC(CC2)c2c3cc(C)ccc3on2)C(c2c(C1)cccn2)=O,8.096910013008056
c12c(C(=O)N(CC1)CCN1CCC(CC1)c1c3c(on1)ccc(c3)C)nccc2,8.096910013008056
O=C(CCCN1CCN(CC1)c1ncccc1)c1ccc(cc1)F,7.265960651242877
C1CN(CCN1CCCC(=O)c1ccc(F)cc1)c1ncccc1,7.265960651242877
c1(ccc(F)cc1)C(CCCN1CCN(CC1)c1ccccn1)=O,7.265960651242877
c1(F)ccc(C(=O)CCCN2CCN(CC2)c2ccccn2)cc1,7.265960651242877
c1ccnc(N2CCN(CC2)CCCC(c2ccc(F)cc2)=O)c1,7.265960651242877
C1c2n(c(n(c(c2-c2ccc(OC)cc2)=O)CCCCN2CC(CCC2)c2c3c(ccc(OC)c3)[nH]c2)=O)CCC1,5.924088238517222
O(C)c1ccc(-c2c(n(CCCCN3CC(CCC3)c3c4c([nH]c3)ccc(OC)c4)c(n3CCCCc23)=O)=O)cc1,5.924088238517222
C1(CN(CCC1)CCCCn1c(c(-c2ccc(cc2)OC)c2CCCCn2c1=O)=O)c1c[nH]c2ccc(cc21)OC,5.924088238517222
c1(ccc2c(c(C3CN(CCC3)CCCCn3c(=O)c(c4CCCCn4c3=O)-c3ccc(cc3)OC)c[nH]2)c1)OC,5.924088238517222
O=c1n2c(c(c(n1CCCCN1CCCC(c3c[nH]c4ccc(OC)cc34)C1)=O)-c1ccc(OC)cc1)CCCC2,5.924088238517222
c1c(ccc(c1)OCC1CN2CCN(CC2CC1)c1ncc(cn1)F)F,6.301029995663981
c1(OCC2CCC3CN(c4ncc(F)cn4)CCN3C2)ccc(cc1)F,6.301029995663981
c1(ccc(cc1)OCC1CCC2CN(c3ncc(F)cn3)CCN2C1)F,6.301029995663981
c1cc(ccc1OCC1CN2CCN(CC2CC1)c1ncc(F)cn1)F,6.301029995663981
C1CC(COc2ccc(F)cc2)CN2C1CN(c1ncc(cn1)F)CC2,6.301029995663981
CC(c1cc(ccc1)NC(=O)NCCCN1CCC(Cc2ccc(F)cc2)CC1)=O,6.714442690992226
Fc1ccc(cc1)CC1CCN(CC1)CCCNC(=O)Nc1cccc(C(=O)C)c1,6.714442690992226
c1c(NC(=O)NCCCN2CCC(CC2)Cc2ccc(F)cc2)cc(cc1)C(C)=O,6.714442690992226
c1c(ccc(c1)CC1CCN(CC1)CCCNC(=O)Nc1cccc(C(=O)C)c1)F,6.714442690992226
c1cc(ccc1CC1CCN(CCCNC(=O)Nc2cc(C(=O)C)ccc2)CC1)F,6.714442690992226
C1N(CCC2CCC(NC(=O)CC3CCC(CC3)O)CC2)CCN(c2c3c(ccn2)scc3)C1,8.397940008672037
C(CN1CCN(c2c3c(scc3)ccn2)CC1)C1CCC(CC1)NC(CC1CCC(O)CC1)=O,8.397940008672037
c1cc2sccc2c(N2CCN(CCC3CCC(NC(=O)CC4CCC(CC4)O)CC3)CC2)n1,8.397940008672037
c1c2sccc2c(nc1)N1CCN(CC1)CCC1CCC(NC(CC2CCC(CC2)O)=O)CC1,8.397940008672037
N1(CCC2CCC(CC2)NC(CC2CCC(O)CC2)=O)CCN(c2nccc3sccc32)CC1,8.397940008672037
C1N(c2nccc3c2ccs3)CCN(C1)CCC1CCC(CC1)NC(=O)CC1CCC(C1)OC,8.366531544420413
C1N(c2nccc3sccc23)CCN(C1)CCC1CCC(NC(=O)CC2CCC(C2)OC)CC1,8.366531544420413
C1CC(CCC1NC(CC1CC(CC1)OC)=O)CCN1CCN(CC1)c1c2ccsc2ccn1,8.366531544420413
c12c(ccs1)c(N1CCN(CCC3CCC(NC(CC4CC(CC4)OC)=O)CC3)CC1)ncc2,8.366531544420413
C1CC(CCC1NC(CC1CC(OC)CC1)=O)CCN1CCN(CC1)c1c2ccsc2ccn1,8.366531544420413
O1c2c(c3c(c[nH]c3cc2)CC(N)C)CCC1,8.698970004336019
C(C)(N)Cc1c[nH]c2c1c1CCCOc1cc2,8.698970004336019
c1c2c(c(c[nH]2)CC(C)N)c2CCCOc2c1,8.698970004336019
C1Cc2c3c(c[nH]c3ccc2OC1)CC(N)C,8.698970004336019
C1COc2c(C1)c1c([nH]cc1CC(C)N)cc2,8.698970004336019
c1c(cccn1)-c1cncc(c1)NC(=O)N1c2cc(C(F)(F)F)c(OC)cc2CC1,7.199970640755866
c1(c(cc2c(N(CC2)C(Nc2cncc(-c3cccnc3)c2)=O)c1)OC)C(F)(F)F,7.199970640755866
N(C(=O)N1c2c(cc(c(C(F)(F)F)c2)OC)CC1)c1cc(-c2cccnc2)cnc1,7.199970640755866
c1(cc2c(cc1C(F)(F)F)N(C(Nc1cncc(-c3cnccc3)c1)=O)CC2)OC,7.199970640755866
O=C(N1c2cc(c(OC)cc2CC1)C(F)(F)F)Nc1cc(cnc1)-c1cccnc1,7.199970640755866
N1CCN(c2c([nH]nc2)-c2cccc(F)c2)CC1,5.950781977329818
c1(c(N2CCNCC2)cn[nH]1)-c1cc(F)ccc1,5.950781977329818
C1CNCCN1c1cn[nH]c1-c1cccc(c1)F,5.950781977329818
C1NCCN(c2cn[nH]c2-c2cc(F)ccc2)C1,5.950781977329818
c1c(cccc1-c1c(N2CCNCC2)cn[nH]1)F,5.950781977329818
O(CC(C)C)c1ccc(cc1)COC(=O)N(Cc1ccc(cc1)F)C1C(CN(C)CC1)F,9.600326278518962
c1(ccc(COC(=O)N(C2CCN(CC2F)C)Cc2ccc(cc2)F)cc1)OCC(C)C,9.600326278518962
c1cc(ccc1CN(C1C(CN(CC1)C)F)C(=O)OCc1ccc(cc1)OCC(C)C)F,9.600326278518962
C1N(C)CC(C(N(C(=O)OCc2ccc(cc2)OCC(C)C)Cc2ccc(F)cc2)C1)F,9.600326278518962
c1c(COC(=O)N(C2CCN(C)CC2F)Cc2ccc(F)cc2)ccc(OCC(C)C)c1,9.600326278518962
N1CC(C)N2C(Cc3c(C2=O)cccc3)C1,5.96617430604669
O=C1c2c(cccc2)CC2CNCC(N12)C,5.96617430604669
CC1CNCC2Cc3c(C(N12)=O)cccc3,5.96617430604669
c1cc2c(CC3CNCC(N3C2=O)C)cc1,5.96617430604669
N1CC(C)N2C(c3ccccc3CC2C1)=O,5.96617430604669
c1cc2OCOc2c(N2CCN(CC2)CCC2CCC(CC2)NC(CCOC)=O)c1,7.673459331483438
C1C(CCC(CCN2CCN(CC2)c2c3c(ccc2)OCO3)C1)NC(=O)CCOC,7.673459331483438
C1CN(c2cccc3c2OCO3)CCN1CCC1CCC(CC1)NC(=O)CCOC,7.673459331483438
c12OCOc1cccc2N1CCN(CC1)CCC1CCC(NC(=O)CCOC)CC1,7.673459331483438
O1c2c(N3CCN(CCC4CCC(NC(CCOC)=O)CC4)CC3)cccc2OC1,7.673459331483438
c12c(cncc1S(=O)(=O)N1C(CCN3CCN(CC3)c3c4OCCOc4ccc3)CCC1)cccc2,7.040958607678906
N1(C(CCC1)CCN1CCN(CC1)c1c2OCCOc2ccc1)S(=O)(c1c2c(cnc1)cccc2)=O,7.040958607678906
c1(S(=O)(=O)N2C(CCN3CCN(CC3)c3cccc4OCCOc34)CCC2)cncc2c1cccc2,7.040958607678906
C1Oc2c(cccc2OC1)N1CCN(CC1)CCC1N(CCC1)S(=O)(=O)c1cncc2c1cccc2,7.040958607678906
C1CN(S(c2c3ccccc3cnc2)(=O)=O)C(CCN2CCN(c3cccc4OCCOc43)CC2)C1,7.040958607678906
c12CNC(=O)c1cc(c(c2)F)OCCCN1CCN(c2cccc3c2ccc(F)c3)CC1,7.414539270491499
C1CN(CCN1CCCOc1cc2c(CNC2=O)cc1F)c1cccc2cc(F)ccc12,7.414539270491499
C1(=O)c2cc(OCCCN3CCN(c4c5c(cc(cc5)F)ccc4)CC3)c(cc2CN1)F,7.414539270491499
c1(ccc2c(cccc2N2CCN(CCCOc3c(F)cc4c(c3)C(=O)NC4)CC2)c1)F,7.414539270491499
O(CCCN1CCN(CC1)c1cccc2c1ccc(c2)F)c1cc2c(CNC2=O)cc1F,7.414539270491499
c1ccc2occ(C3CCN(CC3)CCC3CCC(CC3)NC(=O)CCC(N(C)C)=O)c2c1,8.10790539730952
C1C(CCN(C1)CCC1CCC(CC1)NC(CCC(N(C)C)=O)=O)c1c2ccccc2oc1,8.10790539730952
C1CC(NC(=O)CCC(=O)N(C)C)CCC1CCN1CCC(c2coc3ccccc23)CC1,8.10790539730952
o1c2c(c(c1)C1CCN(CC1)CCC1CCC(NC(CCC(=O)N(C)C)=O)CC1)cccc2,8.10790539730952
O=C(CCC(=O)NC1CCC(CC1)CCN1CCC(c2c3c(cccc3)oc2)CC1)N(C)C,8.10790539730952
c1cccc(c1OCc1nc(N2CCN(CC2)C)nc(n1)N)C,4.765229704839084
c1cc(OCc2nc(nc(n2)N)N2CCN(CC2)C)c(C)cc1,4.765229704839084
c1(N)nc(N2CCN(C)CC2)nc(n1)COc1ccccc1C,4.765229704839084
Nc1nc(COc2c(cccc2)C)nc(n1)N1CCN(CC1)C,4.765229704839084
c1(C)c(OCc2nc(nc(n2)N)N2CCN(C)CC2)cccc1,4.765229704839084
C(=O)(c1ccc(cc1)-c1c(cc(cc1)-c1noc(C)n1)C)Nc1cc(c(cc1)OC)CCCN(C)C,8.199970640755867
Cc1onc(-c2ccc(-c3ccc(cc3)C(Nc3cc(c(cc3)OC)CCCN(C)C)=O)c(C)c2)n1,8.199970640755867
c1(-c2ccc(-c3nc(on3)C)cc2C)ccc(cc1)C(Nc1ccc(c(c1)CCCN(C)C)OC)=O,8.199970640755867
O(c1c(cc(NC(=O)c2ccc(cc2)-c2c(C)cc(-c3noc(n3)C)cc2)cc1)CCCN(C)C)C,8.199970640755867
n1oc(C)nc1-c1cc(c(-c2ccc(C(Nc3ccc(OC)c(CCCN(C)C)c3)=O)cc2)cc1)C,8.199970640755867
C1N(CCN(C1)c1c2c(sn1)cccc2)CCc1c2N(C(C)=O)CCC(c2cc(F)c1)C,9.356547323513812
C(Cc1c2c(cc(F)c1)C(C)CCN2C(=O)C)N1CCN(c2c3ccccc3sn2)CC1,9.356547323513812
C1N(C(=O)C)c2c(CCN3CCN(c4nsc5ccccc54)CC3)cc(F)cc2C(C1)C,9.356547323513812
c12ccccc1snc2N1CCN(CC1)CCc1c2N(CCC(c2cc(c1)F)C)C(=O)C,9.356547323513812
c12c(CCN3CCN(c4c5ccccc5sn4)CC3)cc(F)cc2C(CCN1C(C)=O)C,9.356547323513812
c1c(nn(Cc2ccc(cc2)C)c1OCc1c(ccc(F)c1)F)CNC,8.568636235841012
c1(ccc(cc1)C)Cn1nc(CNC)cc1OCc1c(F)ccc(F)c1,8.568636235841012
c1(Cn2nc(cc2OCc2c(F)ccc(F)c2)CNC)ccc(cc1)C,8.568636235841012
n1c(CNC)cc(n1Cc1ccc(C)cc1)OCc1c(F)ccc(F)c1,8.568636235841012
C(NC)c1cc(n(Cc2ccc(cc2)C)n1)OCc1cc(F)ccc1F,8.568636235841012
Clc1c(N2CCN(CC2)CCCCOc2ccc3CCC(Nc3n2)=O)cccc1,7.798602875679548
c1(nc2NC(CCc2cc1)=O)OCCCCN1CCN(CC1)c1ccccc1Cl,7.798602875679548
Clc1c(N2CCN(CC2)CCCCOc2nc3NC(CCc3cc2)=O)cccc1,7.798602875679548
C(N1CCN(CC1)c1c(Cl)cccc1)CCCOc1nc2NC(=O)CCc2cc1,7.798602875679548
c12c(ccc(OCCCCN3CCN(c4c(cccc4)Cl)CC3)n2)CCC(N1)=O,7.798602875679548
N1(CCN2CCN(CC2)c2nsc3ccccc32)CCCc2c(c(no2)C)C1=O,8.313363730737706
n1c(C)c2c(o1)CCCN(C2=O)CCN1CCN(c2c3c(sn2)cccc3)CC1,8.313363730737706
N1(c2nsc3c2cccc3)CCN(CCN2CCCc3c(C2=O)c(no3)C)CC1,8.313363730737706
C1N(C(=O)c2c(CC1)onc2C)CCN1CCN(CC1)c1nsc2c1cccc2,8.313363730737706
N1(CCN(CC1)c1c2c(sn1)cccc2)CCN1CCCc2onc(c2C1=O)C,8.313363730737706
C1CN(c2nc(N)nc(C(Oc3cc(cc(Cl)c3)Cl)C)n2)CCN1C,6.3851027839668655
Clc1cc(Cl)cc(OC(C)c2nc(nc(N)n2)N2CCN(C)CC2)c1,6.3851027839668655
n1c(nc(N2CCN(CC2)C)nc1C(C)Oc1cc(Cl)cc(Cl)c1)N,6.3851027839668655
C1N(CCN(C1)c1nc(C(Oc2cc(Cl)cc(c2)Cl)C)nc(n1)N)C,6.3851027839668655
c1(OC(C)c2nc(N)nc(N3CCN(CC3)C)n2)cc(Cl)cc(Cl)c1,6.3851027839668655
C1C(CCN2CCN(c3nccc4OCCc43)CC2)CCC(NC(=O)C2CC2)C1,7.954677021213342
c12c(nccc2OCC1)N1CCN(CC1)CCC1CCC(CC1)NC(=O)C1CC1,7.954677021213342
C(C1CCC(NC(=O)C2CC2)CC1)CN1CCN(CC1)c1nccc2OCCc21,7.954677021213342
C1COc2ccnc(c21)N1CCN(CC1)CCC1CCC(NC(C2CC2)=O)CC1,7.954677021213342
C1(CCC(CC1)CCN1CCN(c2nccc3c2CCO3)CC1)NC(=O)C1CC1,7.954677021213342
N1(CCN(CCc2nnn(-c3cc4ccnn4cc3)c2)CC1)c1cccc(Cl)c1Cl,8.148741651280925
c1(nnn(c1)-c1ccn2c(ccn2)c1)CCN1CCN(CC1)c1cccc(Cl)c1Cl,8.148741651280925
Clc1c(N2CCN(CCc3cn(-c4cc5n(ncc5)cc4)nn3)CC2)cccc1Cl,8.148741651280925
c1(-n2cc(nn2)CCN2CCN(c3cccc(Cl)c3Cl)CC2)cc2ccnn2cc1,8.148741651280925
c1(Cl)c(c(ccc1)N1CCN(CC1)CCc1nnn(-c2cc3ccnn3cc2)c1)Cl,8.148741651280925
c12c3CNCCn2c2CCCc2c1ccc3,6.035269078946371
C1CCc2c3cccc4c3n(c12)CCNC4,6.035269078946371
N1CCn2c3c(cccc3c3c2CCC3)C1,6.035269078946371
C1n2c3CCCc3c3cccc(c32)CNC1,6.035269078946371
C1CNCc2c3c(c4CCCc4n31)ccc2,6.035269078946371
c12CCOc2ccnc1N1CCN(CCC2CCC(CC2)NC(c2ccc(Cl)cc2Cl)=O)CC1,7.663540266151471
C1(NC(c2ccc(cc2Cl)Cl)=O)CCC(CC1)CCN1CCN(c2c3CCOc3ccn2)CC1,7.663540266151471
N1(CCC2CCC(NC(c3c(Cl)cc(cc3)Cl)=O)CC2)CCN(c2nccc3c2CCO3)CC1,7.663540266151471
n1ccc2OCCc2c1N1CCN(CCC2CCC(CC2)NC(c2ccc(cc2Cl)Cl)=O)CC1,7.663540266151471
O=C(c1c(cc(cc1)Cl)Cl)NC1CCC(CC1)CCN1CCN(c2c3CCOc3ccn2)CC1,7.663540266151471
N1(CC(=O)c2ccc(cc2)F)CCN(CC1)C(=O)c1cc(n[nH]1)C,7.443697499232712
Cc1n[nH]c(C(N2CCN(CC(c3ccc(cc3)F)=O)CC2)=O)c1,7.443697499232712
C(CN1CCN(C(=O)c2[nH]nc(C)c2)CC1)(c1ccc(cc1)F)=O,7.443697499232712
c1cc(ccc1F)C(=O)CN1CCN(CC1)C(c1cc(n[nH]1)C)=O,7.443697499232712
[nH]1c(cc(n1)C)C(=O)N1CCN(CC1)CC(c1ccc(F)cc1)=O,7.443697499232712
c12CCN(C(=O)c1cncc2C)CCN1CCC(CC1)c1c2ccccc2on1,8.79317412396815
c12c(onc2C2CCN(CC2)CCN2CCc3c(C2=O)cncc3C)cccc1,8.79317412396815
C1(c2c3c(on2)cccc3)CCN(CCN2C(=O)c3c(c(cnc3)C)CC2)CC1,8.79317412396815
C(CN1CCC(CC1)c1noc2ccccc12)N1CCc2c(cncc2C)C1=O,8.79317412396815
n1c(c2ccccc2o1)C1CCN(CCN2CCc3c(cncc3C)C2=O)CC1,8.79317412396815
C1N(CCCCCCN2S(=O)(=O)c3c4c(ccc3)cccc24)CCN(C1)c1cc(ccc1)C(F)(F)F,6.2247537402597635
C(c1cccc(N2CCN(CCCCCCN3S(=O)(c4cccc5cccc3c45)=O)CC2)c1)(F)(F)F,6.2247537402597635
c1c2c3c(ccc2)N(S(c3cc1)(=O)=O)CCCCCCN1CCN(CC1)c1cc(ccc1)C(F)(F)F,6.2247537402597635
c1c2c3c(S(=O)(N2CCCCCCN2CCN(CC2)c2cc(C(F)(F)F)ccc2)=O)cccc3cc1,6.2247537402597635
c1(cccc(c1)N1CCN(CCCCCCN2S(c3cccc4cccc2c43)(=O)=O)CC1)C(F)(F)F,6.2247537402597635
c1c(c(cc(c1)C1(CCN(CC1)CCCC(c1ccc(F)cc1)c1ccc(cc1)F)O)C(F)(F)F)Cl,6.442492798094342
c1(c(ccc(C2(O)CCN(CCCC(c3ccc(cc3)F)c3ccc(F)cc3)CC2)c1)Cl)C(F)(F)F,6.442492798094342
c1cc(ccc1C(c1ccc(F)cc1)CCCN1CCC(O)(CC1)c1cc(c(cc1)Cl)C(F)(F)F)F,6.442492798094342
c1(C(F)(F)F)c(Cl)ccc(c1)C1(CCN(CCCC(c2ccc(cc2)F)c2ccc(F)cc2)CC1)O,6.442492798094342
c1cc(ccc1F)C(c1ccc(F)cc1)CCCN1CCC(c2ccc(Cl)c(c2)C(F)(F)F)(O)CC1,6.442492798094342
c1cccc2c1c(co2)C1CCN(CCC2CCC(NC(CC=CC)=O)CC2)CC1,7.911509529817604
o1cc(c2ccccc12)C1CCN(CCC2CCC(NC(=O)CC=CC)CC2)CC1,7.911509529817604
C1(CCC(CCN2CCC(CC2)c2c3ccccc3oc2)CC1)NC(CC=CC)=O,7.911509529817604
CC=CCC(=O)NC1CCC(CCN2CCC(CC2)c2c3c(cccc3)oc2)CC1,7.911509529817604
C1CC(CCN1CCC1CCC(NC(CC=CC)=O)CC1)c1coc2ccccc12,7.911509529817604
c1c(c(cc(c1CN(C1CCN(C)CC1)C(Cc1ccc(OC(C)C)cc1)=O)OC)F)F,10.0
c1cc(OC(C)C)ccc1CC(N(Cc1cc(F)c(cc1OC)F)C1CCN(CC1)C)=O,10.0
c1(cc(F)c(cc1OC)F)CN(C1CCN(CC1)C)C(=O)Cc1ccc(cc1)OC(C)C,10.0
COc1cc(c(cc1CN(C1CCN(C)CC1)C(Cc1ccc(OC(C)C)cc1)=O)F)F,10.0
c1c(c(F)cc(c1OC)CN(C1CCN(C)CC1)C(=O)Cc1ccc(OC(C)C)cc1)F,10.0
n1ccc(C(C)C)c2c1N1CCNCC1CC2,7.490797477668897
C12N(CCNC1)c1nccc(c1CC2)C(C)C,7.490797477668897
c12c(C(C)C)ccnc2N2CCNCC2CC1,7.490797477668897
C1NCCN2C1CCc1c(C(C)C)ccnc21,7.490797477668897
C(c1c2CCC3CNCCN3c2ncc1)(C)C,7.490797477668897
C1(c2nccn2Cc2ccccc2C=1)N1CCNCC1,8.100015437450608
C1CN(C2=Cc3c(Cn4c2ncc4)cccc3)CCN1,8.100015437450608
c12ccccc2C=C(N2CCNCC2)c2nccn2C1,8.100015437450608
c1cnc2n1Cc1ccccc1C=C2N1CCNCC1,8.100015437450608
n12Cc3c(C=C(N4CCNCC4)c2ncc1)cccc3,8.100015437450608
C1(CCN2CCN(CC2)c2c3c(cccc3)sn2)CCC(NC(Nc2occc2)=O)CC1,8.739928612014925
c1c2c(snc2N2CCN(CC2)CCC2CCC(NC(=O)Nc3occc3)CC2)ccc1,8.739928612014925
C1(CCN2CCN(c3c4ccccc4sn3)CC2)CCC(CC1)NC(=O)Nc1occc1,8.739928612014925
N(C1CCC(CC1)CCN1CCN(c2nsc3ccccc32)CC1)C(=O)Nc1occc1,8.739928612014925
n1c(c2c(s1)cccc2)N1CCN(CCC2CCC(NC(Nc3ccco3)=O)CC2)CC1,8.739928612014925
C1N(CC(C1)NS(=O)(c1c(c2c(s1)ccc(c2)Cl)C)=O)CCCc1noc2ccccc12,8.550059011226661
C1N(CCC1NS(c1c(C)c2c(ccc(c2)Cl)s1)(=O)=O)CCCc1c2ccccc2on1,8.550059011226661
c12c(C)c(sc2ccc(c1)Cl)S(NC1CCN(CCCc2noc3ccccc32)C1)(=O)=O,8.550059011226661
c1cc2c(noc2cc1)CCCN1CC(CC1)NS(=O)(=O)c1c(C)c2c(s1)ccc(Cl)c2,8.550059011226661
c12c(c(no2)CCCN2CCC(C2)NS(=O)(c2sc3c(cc(cc3)Cl)c2C)=O)cccc1,8.550059011226661
C1NCCN2C1Cc1c(cccc1)C2=O,6.486782399932061
c1ccc2C(N3C(Cc2c1)CNCC3)=O,6.486782399932061
C1N2C(c3c(CC2CNC1)cccc3)=O,6.486782399932061
N1CC2Cc3ccccc3C(N2CC1)=O,6.486782399932061
c1cccc2CC3N(C(c12)=O)CCNC3,6.486782399932061
c1(C(C)=O)cc(ccc1)NC(=O)Nc1ccc(c(-c2ccnn2C)c1)OCCN1CCCCC1,7.844663962534938
O(c1c(cc(NC(Nc2cccc(c2)C(=O)C)=O)cc1)-c1ccnn1C)CCN1CCCCC1,7.844663962534938
CC(=O)c1cccc(c1)NC(Nc1cc(-c2ccnn2C)c(OCCN2CCCCC2)cc1)=O,7.844663962534938
O=C(Nc1cc(c(OCCN2CCCCC2)cc1)-c1n(ncc1)C)Nc1cc(C(C)=O)ccc1,7.844663962534938
C1CCCCN1CCOc1c(cc(cc1)NC(=O)Nc1cccc(c1)C(C)=O)-c1ccnn1C,7.844663962534938
C(CCCNC(c1ccc(OCCCc2nnn(c2)CCCC)c(OC)c1)=O)N(CCC)C1COC(=CC1)C#C,5.096910013008056
c1(OC)cc(C(NCCCCN(C2CC=C(C#C)OC2)CCC)=O)ccc1OCCCc1cn(nn1)CCCC,5.096910013008056
O1CC(CC=C1C#C)N(CCC)CCCCNC(c1ccc(OCCCc2nnn(c2)CCCC)c(c1)OC)=O,5.096910013008056
C(N(C1CC=C(OC1)C#C)CCCCNC(=O)c1cc(OC)c(OCCCc2nnn(c2)CCCC)cc1)CC,5.096910013008056
c1(C(NCCCCN(C2CC=C(C#C)OC2)CCC)=O)ccc(c(c1)OC)OCCCc1nnn(c1)CCCC,5.096910013008056
C1CC(c2c3c(cc(cc3)F)on2)CCN1CCCNS(=O)(=O)c1cc(Cl)c(cc1)F,8.823908740944319
C1CC(CCN1CCCNS(c1ccc(F)c(Cl)c1)(=O)=O)c1noc2cc(F)ccc21,8.823908740944319
C1C(CCN(C1)CCCNS(c1cc(Cl)c(cc1)F)(=O)=O)c1c2c(on1)cc(cc2)F,8.823908740944319
c1c(F)ccc2c1onc2C1CCN(CCCNS(=O)(=O)c2cc(c(F)cc2)Cl)CC1,8.823908740944319
o1c2cc(F)ccc2c(C2CCN(CCCNS(=O)(c3cc(Cl)c(cc3)F)=O)CC2)n1,8.823908740944319
N1(CN(C(C12CCN(CC2)CCCC(c1ccc(F)cc1)=O)=O)C)c1ccccc1,8.05551732784983
Fc1ccc(C(CCCN2CCC3(CC2)N(c2ccccc2)CN(C)C3=O)=O)cc1,8.05551732784983
c1ccc(cc1)N1CN(C(=O)C21CCN(CC2)CCCC(=O)c1ccc(cc1)F)C,8.05551732784983
c1ccc(cc1)N1CN(C)C(=O)C21CCN(CCCC(=O)c1ccc(F)cc1)CC2,8.05551732784983
c1c(cccc1)N1C2(C(=O)N(C1)C)CCN(CC2)CCCC(=O)c1ccc(F)cc1,8.05551732784983
c1ccc(CCN(C)C2C3C4CC5C6C4C3C(C25)C6)cc1,5.761452112318672
c1ccc(cc1)CCN(C)C1C2C3C4C5C(C1C3C5)CC24,5.761452112318672
c1cccc(CCN(C2C3C4CC5C6C(C2C46)CC35)C)c1,5.761452112318672
C1C2C3CC4C2C2C1C3C(N(C)CCc1ccccc1)C42,5.761452112318672
c1cccc(CCN(C2C3C4C5C3CC3C5CC4C23)C)c1,5.761452112318672
C1CC2(Oc3c(CC2)ccc(c3)F)CCN1CCc1c(cc(F)cc1)F,8.508638306165727
Fc1ccc(CCN2CCC3(Oc4c(CC3)ccc(F)c4)CC2)c(F)c1,8.508638306165727
c1(CCN2CCC3(Oc4c(CC3)ccc(F)c4)CC2)c(cc(F)cc1)F,8.508638306165727
c1c(F)cc2OC3(CCN(CC3)CCc3c(F)cc(cc3)F)CCc2c1,8.508638306165727
O1C2(CCc3c1cc(F)cc3)CCN(CC2)CCc1ccc(F)cc1F,8.508638306165727
COc1ccccc1OCCNCC(O)COc1c2c(ccc1)[nH]c1ccccc12,6.931814138253839
N(CC(O)COc1cccc2c1c1ccccc1[nH]2)CCOc1ccccc1OC,6.931814138253839
c1ccc2c(c1)c1c(cccc1[nH]2)OCC(CNCCOc1ccccc1OC)O,6.931814138253839
c1ccc(c(c1)OCCNCC(COc1c2c(ccc1)[nH]c1c2cccc1)O)OC,6.931814138253839
c1cc2[nH]c3ccccc3c2c(OCC(CNCCOc2ccccc2OC)O)c1,6.931814138253839
c1c(c(ccc1)S(=O)(c1cnc(cc1)C=Cc1c(cc(cc1)F)Cl)=O)F,8.744727494896694
c1c(c(F)ccc1)S(c1cnc(cc1)C=Cc1c(Cl)cc(F)cc1)(=O)=O,8.744727494896694
c1c(ncc(S(=O)(=O)c2ccccc2F)c1)C=Cc1ccc(F)cc1Cl,8.744727494896694
c1(ccccc1S(=O)(c1ccc(C=Cc2ccc(cc2Cl)F)nc1)=O)F,8.744727494896694
n1cc(S(=O)(c2ccccc2F)=O)ccc1C=Cc1c(cc(cc1)F)Cl,8.744727494896694
c1(ccc(cc1)F)CCN1CCC(C(O)c2ccc(cc2)F)CC1,8.787812395596042
C1CN(CCC1C(c1ccc(F)cc1)O)CCc1ccc(cc1)F,8.787812395596042
c1cc(ccc1F)CCN1CCC(C(c2ccc(cc2)F)O)CC1,8.787812395596042
c1cc(ccc1F)C(O)C1CCN(CCc2ccc(F)cc2)CC1,8.787812395596042
c1(ccc(cc1)F)C(O)C1CCN(CCc2ccc(F)cc2)CC1,8.787812395596042
N1(CCC2CCC(NS(=O)(=O)c3cc4cc(C)ccc4s3)CC2)CCN(CC1)c1nsc2c1cccc2,8.958607314841775
N(C1CCC(CC1)CCN1CCN(CC1)c1c2c(sn1)cccc2)S(c1cc2c(ccc(C)c2)s1)(=O)=O,8.958607314841775
c1c2sc(S(NC3CCC(CCN4CCN(CC4)c4nsc5ccccc45)CC3)(=O)=O)cc2cc(C)c1,8.958607314841775
C1N(CCN(c2c3ccccc3sn2)C1)CCC1CCC(CC1)NS(=O)(=O)c1sc2ccc(cc2c1)C,8.958607314841775
c12cc(S(=O)(NC3CCC(CC3)CCN3CCN(c4nsc5c4cccc5)CC3)=O)sc2ccc(C)c1,8.958607314841775
FC(F)(F)c1c2C(=O)N3CCNCC3c2cc(C2CC2)c1,6.2373214362725635
c1(c2C(N3CCNCC3c2cc(c1)C1CC1)=O)C(F)(F)F,6.2373214362725635
FC(c1c2C(=O)N3C(c2cc(C2CC2)c1)CNCC3)(F)F,6.2373214362725635
N1CCN2C(c3c(C2C1)cc(C1CC1)cc3C(F)(F)F)=O,6.2373214362725635
C1N2C(c3c(cc(cc3C(F)(F)F)C3CC3)C2CNC1)=O,6.2373214362725635
C(NC(=O)c1c(n(Cc2ccccc2Br)nn1)CCC)CCCN1CCN(CC1)c1c(cccc1)OC,7.356547323513812
N(CCCCN1CCN(CC1)c1ccccc1OC)C(=O)c1c(n(Cc2c(cccc2)Br)nn1)CCC,7.356547323513812
c1cc(N2CCN(CC2)CCCCNC(c2c(n(Cc3c(Br)cccc3)nn2)CCC)=O)c(cc1)OC,7.356547323513812
C(NC(c1c(CCC)n(Cc2ccccc2Br)nn1)=O)CCCN1CCN(CC1)c1ccccc1OC,7.356547323513812
c1(c(nnn1Cc1c(Br)cccc1)C(=O)NCCCCN1CCN(CC1)c1ccccc1OC)CCC,7.356547323513812
N1(CCN(c2c(c(Cl)ccc2)Cl)CC1)CCCCNC(c1cc2ccccc2s1)=O,7.769551078621726
c12sc(C(NCCCCN3CCN(CC3)c3cccc(c3Cl)Cl)=O)cc1cccc2,7.769551078621726
Clc1c(cccc1N1CCN(CC1)CCCCNC(=O)c1sc2c(cccc2)c1)Cl,7.769551078621726
C1N(CCN(C1)c1cccc(c1Cl)Cl)CCCCNC(=O)c1sc2c(cccc2)c1,7.769551078621726
N1(CCCCNC(c2cc3ccccc3s2)=O)CCN(c2c(Cl)c(Cl)ccc2)CC1,7.769551078621726
C1C(CN2CCC(C(=O)c3ccc(F)cc3)CC2)Cc2c(C1=O)cco2,7.1308269726783164
c1cc(ccc1C(C1CCN(CC1)CC1Cc2occc2C(C1)=O)=O)F,7.1308269726783164
N1(CCC(C(c2ccc(cc2)F)=O)CC1)CC1Cc2occc2C(=O)C1,7.1308269726783164
C1(=O)c2c(occ2)CC(C1)CN1CCC(C(c2ccc(F)cc2)=O)CC1,7.1308269726783164
C1(CCN(CC1)CC1Cc2c(C(=O)C1)cco2)C(c1ccc(cc1)F)=O,7.1308269726783164
C(=O)(C)c1c(ccc2c1oc(=O)cc2C)OCCCCN1CCN(CC1)c1cc(C)cc(c1)C,7.236572006437063
Cc1cc(cc(c1)C)N1CCN(CC1)CCCCOc1ccc2c(C)cc(oc2c1C(=O)C)=O,7.236572006437063
C(N1CCN(c2cc(cc(c2)C)C)CC1)CCCOc1c(C(C)=O)c2oc(cc(c2cc1)C)=O,7.236572006437063
c1(cc(C)cc(C)c1)N1CCN(CCCCOc2c(c3oc(cc(C)c3cc2)=O)C(=O)C)CC1,7.236572006437063
C(=O)(c1c(OCCCCN2CCN(CC2)c2cc(cc(c2)C)C)ccc2c1oc(cc2C)=O)C,7.236572006437063
N1(CCN(CCc2c(cc(F)cc2)F)CC1)C(c1nc2n(c1Br)cccc2)=O,8.721246399047171
C(c1ccc(cc1F)F)CN1CCN(CC1)C(c1c(Br)n2ccccc2n1)=O,8.721246399047171
c1cccn2c1nc(C(N1CCN(CC1)CCc1ccc(F)cc1F)=O)c2Br,8.721246399047171
c1n2c(ccc1)nc(c2Br)C(=O)N1CCN(CC1)CCc1c(F)cc(cc1)F,8.721246399047171
c1cn2c(cc1)nc(c2Br)C(N1CCN(CC1)CCc1c(cc(cc1)F)F)=O,8.721246399047171
c1(-c2ccc(C(NC3CCN(C3)Cc3ccc(OC(F)(F)F)cc3)=O)cc2)cccs1,6.853871964321762
C(Oc1ccc(cc1)CN1CCC(NC(=O)c2ccc(-c3cccs3)cc2)C1)(F)(F)F,6.853871964321762
c1c(CN2CCC(NC(=O)c3ccc(-c4sccc4)cc3)C2)ccc(OC(F)(F)F)c1,6.853871964321762
C1(NC(c2ccc(cc2)-c2sccc2)=O)CCN(C1)Cc1ccc(OC(F)(F)F)cc1,6.853871964321762
c1(ccc(CN2CC(CC2)NC(c2ccc(cc2)-c2sccc2)=O)cc1)OC(F)(F)F,6.853871964321762
C1(CCC(CCN2CCC(CC2)c2c3OCOc3ccc2)CC1)NC(=O)c1ccc(cc1)C#N,8.044793462458058
C1CC(CCN1CCC1CCC(CC1)NC(=O)c1ccc(cc1)C#N)c1cccc2c1OCO2,8.044793462458058
C1C(CCN(CCC2CCC(CC2)NC(=O)c2ccc(C#N)cc2)C1)c1cccc2OCOc21,8.044793462458058
c1c(c2OCOc2cc1)C1CCN(CCC2CCC(CC2)NC(c2ccc(cc2)C#N)=O)CC1,8.044793462458058
c1c(C(NC2CCC(CC2)CCN2CCC(CC2)c2c3c(OCO3)ccc2)=O)ccc(c1)C#N,8.044793462458058
C12c3cccc(C(F)(F)F)c3C(=O)N1C(C)CNC2,6.931814138253839
C1NCC2N(C1C)C(c1c(cccc21)C(F)(F)F)=O,6.931814138253839
CC1CNCC2c3cccc(C(F)(F)F)c3C(N21)=O,6.931814138253839
c1(C(F)(F)F)cccc2C3CNCC(N3C(=O)c12)C,6.931814138253839
O=C1N2C(C)CNCC2c2cccc(C(F)(F)F)c21,6.931814138253839
C(CCCN1S(=O)(=O)c2ccccc2C1=O)CN1CCN(c2ccccc2)CC1,6.504455662453552
O=S1(=O)c2ccccc2C(N1CCCCCN1CCN(CC1)c1ccccc1)=O,6.504455662453552
N1(C(=O)c2c(S1(=O)=O)cccc2)CCCCCN1CCN(CC1)c1ccccc1,6.504455662453552
C1CN(c2ccccc2)CCN1CCCCCN1S(=O)(=O)c2ccccc2C1=O,6.504455662453552
C1CN(CCCCCN2S(=O)(=O)c3c(C2=O)cccc3)CCN1c1ccccc1,6.504455662453552
c1cc2c(nc(cc2o1)C)N1CCN(CCC2CCC(CC2)NC(C)=O)CC1,7.123782159408358
n1c(c2ccoc2cc1C)N1CCN(CC1)CCC1CCC(NC(C)=O)CC1,7.123782159408358
O=C(NC1CCC(CC1)CCN1CCN(c2nc(cc3c2cco3)C)CC1)C,7.123782159408358
C1N(c2nc(C)cc3c2cco3)CCN(C1)CCC1CCC(CC1)NC(C)=O,7.123782159408358
C1C(CCC(CCN2CCN(c3nc(C)cc4c3cco4)CC2)C1)NC(=O)C,7.123782159408358
c12oc(cc(c1c(OCCCCN1CCN(c3ccccc3F)CC1)c(c(C)c2)C(=O)C)C)=O,8.045757490560675
C(Oc1c2c(C)cc(=O)oc2cc(C)c1C(C)=O)CCCN1CCN(CC1)c1c(cccc1)F,8.045757490560675
C(CCOc1c2c(oc(cc2C)=O)cc(C)c1C(=O)C)CN1CCN(CC1)c1c(F)cccc1,8.045757490560675
N1(CCN(CCCCOc2c3c(cc(c2C(C)=O)C)oc(=O)cc3C)CC1)c1c(cccc1)F,8.045757490560675
c1(C)cc(oc2cc(C)c(c(c21)OCCCCN1CCN(c2c(F)cccc2)CC1)C(=O)C)=O,8.045757490560675
C(CN)CC1c2c(Cc3ccccc13)cccc2,7.494850021680094
c1c2c(C(CCCN)c3c(cccc3)C2)ccc1,7.494850021680094
C(CCC1c2c(Cc3ccccc31)cccc2)N,7.494850021680094
c12ccccc1Cc1c(cccc1)C2CCCN,7.494850021680094
c12c(cccc1)C(c1ccccc1C2)CCCN,7.494850021680094
c1c(F)cc(F)c(OCCCN2CCC3N4CC(=O)Nc5c4c(ccc5)C3C2)c1,7.818156412055227
C1C2N3c4c(NC(C3)=O)cccc4C2CN(CCCOc2ccc(cc2F)F)C1,7.818156412055227
c1c2NC(CN3C4C(c(cc1)c23)CN(CC4)CCCOc1c(F)cc(F)cc1)=O,7.818156412055227
C12N3CC(=O)Nc4c3c(ccc4)C2CN(CCCOc2ccc(F)cc2F)CC1,7.818156412055227
c1c2C3CN(CCCOc4ccc(F)cc4F)CCC3N3c2c(cc1)NC(=O)C3,7.818156412055227
c1c(cc2c(cnn2c1)C=O)-n1nnc(CCN2CCN(CC2)c2ccccc2OC)c1,7.050609993355087
n1n2c(c(c1)C=O)cc(-n1nnc(c1)CCN1CCN(CC1)c1c(OC)cccc1)cc2,7.050609993355087
C1N(c2c(OC)cccc2)CCN(C1)CCc1cn(nn1)-c1ccn2ncc(c2c1)C=O,7.050609993355087
n12ncc(C=O)c2cc(cc1)-n1cc(CCN2CCN(c3c(OC)cccc3)CC2)nn1,7.050609993355087
c1ccc(N2CCN(CCc3cn(-c4ccn5ncc(C=O)c5c4)nn3)CC2)c(c1)OC,7.050609993355087
C1N(CC(C)C(=O)O)CCC(C1)C1c2ccccc2Cc2ccccc2N=1,5.8613815661005075
c1cccc2N=C(C3CCN(CC(C(O)=O)C)CC3)c3ccccc3Cc21,5.8613815661005075
c1c2N=C(c3c(Cc2ccc1)cccc3)C1CCN(CC(C(O)=O)C)CC1,5.8613815661005075
c1cccc2Cc3c(C(=Nc12)C1CCN(CC(C)C(=O)O)CC1)cccc3,5.8613815661005075
C1CC(C2c3ccccc3Cc3ccccc3N=2)CCN1CC(C(=O)O)C,5.8613815661005075
O=C(NC1CCC(CCN2CCN(CC2)c2c3c(scc3)ccn2)CC1)C,8.481486060122112
N(C1CCC(CCN2CCN(CC2)c2nccc3c2ccs3)CC1)C(=O)C,8.481486060122112
N1(CCC2CCC(NC(C)=O)CC2)CCN(c2c3ccsc3ccn2)CC1,8.481486060122112
c1sc2ccnc(N3CCN(CC3)CCC3CCC(NC(=O)C)CC3)c2c1,8.481486060122112
C1C(CCC(NC(C)=O)C1)CCN1CCN(c2nccc3c2ccs3)CC1,8.481486060122112
C1=C(CCN(C1C)C)C1c2c(Nc3c(cc(Cl)cc3)N=1)ccc(CC)c2,9.853871964321762
N1=C(c2cc(CC)ccc2Nc2ccc(cc21)Cl)C1CCN(C(C=1)C)C,9.853871964321762
c1(ccc2Nc3ccc(Cl)cc3N=C(c2c1)C1CCN(C)C(C)C=1)CC,9.853871964321762
c12Nc3c(N=C(C4CCN(C(C=4)C)C)c1cc(CC)cc2)cc(Cl)cc3,9.853871964321762
C(c1ccc2c(C(=Nc3c(ccc(c3)Cl)N2)C2CCN(C)C(C)C=2)c1)C,9.853871964321762
N1CCCN2c3c(CCC2C1)c(nc(n3)SC)Cl,4.910094888560602
CSc1nc2N3C(CCc2c(n1)Cl)CNCCC3,4.910094888560602
n1c2c(CCC3N2CCCNC3)c(Cl)nc1SC,4.910094888560602
C1NCC2N(c3c(CC2)c(nc(n3)SC)Cl)CC1,4.910094888560602
C1CNCC2N(c3c(c(Cl)nc(SC)n3)CC2)C1,4.910094888560602
c12c3c(occ3)ccc1c(nn2CC(C)N)OC,8.060480747381382
COc1nn(c2c1ccc1occc12)CC(N)C,8.060480747381382
C(Cn1c2c3ccoc3ccc2c(OC)n1)(N)C,8.060480747381382
c1cc2c(n(nc2OC)CC(C)N)c2ccoc12,8.060480747381382
O(C)c1c2ccc3occc3c2n(CC(N)C)n1,8.060480747381382
O1CCN(CC1)Cc1ccc(OCCCN2CCC(CC2)c2c3c(cc(F)cc3)on2)cc1C,8.292429823902063
c1cc(OCCCN2CCC(c3noc4cc(ccc43)F)CC2)cc(C)c1CN1CCOCC1,8.292429823902063
c1(ccc2c(c1)onc2C1CCN(CCCOc2cc(c(cc2)CN2CCOCC2)C)CC1)F,8.292429823902063
c1(CN2CCOCC2)c(cc(OCCCN2CCC(CC2)c2c3ccc(F)cc3on2)cc1)C,8.292429823902063
N1(CCCOc2ccc(c(c2)C)CN2CCOCC2)CCC(CC1)c1noc2c1ccc(F)c2,8.292429823902063
c1(C(N)=O)ccc(cc1)S(=O)(=O)c1ccc(cc1)C=Cc1c(F)cc(cc1)F,9.187086643357144
c1(C=Cc2ccc(F)cc2F)ccc(cc1)S(=O)(c1ccc(cc1)C(=O)N)=O,9.187086643357144
c1c(F)cc(c(c1)C=Cc1ccc(S(=O)(=O)c2ccc(cc2)C(=O)N)cc1)F,9.187086643357144
O=C(c1ccc(S(c2ccc(cc2)C=Cc2c(cc(F)cc2)F)(=O)=O)cc1)N,9.187086643357144
O=S(=O)(c1ccc(C=Cc2c(cc(F)cc2)F)cc1)c1ccc(C(N)=O)cc1,9.187086643357144
c1(CC)c2CCC3CNCCN3c2ncc1CC1CCCCO1,6.050609993355087
O1C(CCCC1)Cc1c(CC)c2CCC3N(c2nc1)CCNC3,6.050609993355087
C1CC2N(c3c1c(c(cn3)CC1OCCCC1)CC)CCNC2,6.050609993355087
O1C(CCCC1)Cc1cnc2N3CCNCC3CCc2c1CC,6.050609993355087
C(c1c2c(N3C(CNCC3)CC2)ncc1CC1CCCCO1)C,6.050609993355087
C(N1CCN(c2c3c(sn2)cccc3)CC1)Cc1cc2c(cc1)C(NC(C(F)(F)F)=O)CC2,9.823908740944319
C1c2cc(CCN3CCN(CC3)c3c4c(cccc4)sn3)ccc2C(NC(=O)C(F)(F)F)C1,9.823908740944319
c1(c2c(cccc2)sn1)N1CCN(CCc2cc3c(C(NC(C(F)(F)F)=O)CC3)cc2)CC1,9.823908740944319
c1cccc2snc(N3CCN(CC3)CCc3cc4c(C(CC4)NC(=O)C(F)(F)F)cc3)c12,9.823908740944319
c12c(ccc(CCN3CCN(c4nsc5ccccc45)CC3)c2)C(NC(C(F)(F)F)=O)CC1,9.823908740944319
c1c2c(ccc1)oc(C(=O)NCCC(F)CN1CCN(CC1)c1c(OC)c(Cl)cc(CC)c1)c2,5.52432881167557
c12c(cc(o1)C(=O)NCCC(CN1CCN(c3cc(CC)cc(Cl)c3OC)CC1)F)cccc2,5.52432881167557
COc1c(N2CCN(CC(F)CCNC(c3cc4ccccc4o3)=O)CC2)cc(CC)cc1Cl,5.52432881167557
C(N1CCN(CC1)c1c(c(Cl)cc(CC)c1)OC)C(F)CCNC(=O)c1oc2c(cccc2)c1,5.52432881167557
C1CN(CCN1CC(CCNC(=O)c1cc2ccccc2o1)F)c1c(c(cc(c1)CC)Cl)OC,5.52432881167557
CC(n1cc2c(n1)CCN(CCN1CCN(CC1)c1nsc3c1cccc3)C2=O)C,8.94692155651658
c1cc2c(nsc2cc1)N1CCN(CCN2C(=O)c3cn(C(C)C)nc3CC2)CC1,8.94692155651658
c1c2c(c(N3CCN(CC3)CCN3C(c4c(CC3)nn(c4)C(C)C)=O)ns2)ccc1,8.94692155651658
c12snc(N3CCN(CC3)CCN3CCc4c(C3=O)cn(n4)C(C)C)c1cccc2,8.94692155651658
CC(C)n1cc2c(CCN(CCN3CCN(c4c5ccccc5sn4)CC3)C2=O)n1,8.94692155651658
c12cccc(c1CCO2)C1CCN(CCC2CCC(CC2)NC(c2ccccc2)=O)CC1,7.943095148663527
C1CC(CCN1CCC1CCC(CC1)NC(c1ccccc1)=O)c1c2c(ccc1)OCC2,7.943095148663527
C1CC(c2cccc3OCCc23)CCN1CCC1CCC(NC(c2ccccc2)=O)CC1,7.943095148663527
C1Cc2c(O1)cccc2C1CCN(CC1)CCC1CCC(NC(c2ccccc2)=O)CC1,7.943095148663527
c12c(c(ccc2)C2CCN(CCC3CCC(CC3)NC(=O)c3ccccc3)CC2)CCO1,7.943095148663527
N1(C)C(C(N(C)C1=N)=O)=Cc1c[nH]c2cc(ccc12)F,6.628932137728263
[nH]1cc(C=C2N(C)C(N(C2=O)C)=N)c2ccc(F)cc21,6.628932137728263
c1cc(cc2c1c(C=C1C(N(C)C(=N)N1C)=O)c[nH]2)F,6.628932137728263
c1cc(cc2[nH]cc(c21)C=C1C(=O)N(C)C(=N)N1C)F,6.628932137728263
c12c(ccc(c2)F)c(C=C2N(C)C(=N)N(C)C2=O)c[nH]1,6.628932137728263
n1ccc2c(cco2)c1N1CCN(CC1)CCC1CCC(NS(=O)(=O)C)CC1,8.167491087293763
c12c(c(ncc1)N1CCN(CC1)CCC1CCC(NS(=O)(=O)C)CC1)cco2,8.167491087293763
C(C1CCC(CC1)NS(C)(=O)=O)CN1CCN(c2nccc3c2cco3)CC1,8.167491087293763
C1CN(CCC2CCC(NS(=O)(=O)C)CC2)CCN1c1nccc2c1cco2,8.167491087293763
C1N(CCN(C1)CCC1CCC(CC1)NS(C)(=O)=O)c1nccc2c1cco2,8.167491087293763
CN(Cc1cn(C)c2cccc(O)c21)C,6.302770657240282
CN(C)Cc1cn(c2cccc(O)c21)C,6.302770657240282
c1(CN(C)C)c2c(cccc2n(c1)C)O,6.302770657240282
c12c(c(ccc1)O)c(cn2C)CN(C)C,6.302770657240282
c1cc(c2c(CN(C)C)cn(c2c1)C)O,6.302770657240282
S1(=O)(=O)N(CCCCCCN2CCN(CC2)c2c(c(Cl)ccc2)Cl)c2c3c1cccc3ccc2,6.752026733638194
c12N(S(c3cccc(ccc2)c31)(=O)=O)CCCCCCN1CCN(CC1)c1cccc(c1Cl)Cl,6.752026733638194
c1c2c3c(S(=O)(=O)N(CCCCCCN4CCN(c5c(c(ccc5)Cl)Cl)CC4)c3cc1)ccc2,6.752026733638194
C(N1CCN(c2cccc(c2Cl)Cl)CC1)CCCCCN1S(c2cccc3c2c1ccc3)(=O)=O,6.752026733638194
c1c2c3c(cc1)S(=O)(N(CCCCCCN1CCN(c4cccc(c4Cl)Cl)CC1)c3ccc2)=O,6.752026733638194
c1c(O)ccc(C(O)C(N2CCC(Cc3ccccc3)CC2)C)c1,6.471083299722345
c1(ccccc1)CC1CCN(CC1)C(C)C(c1ccc(cc1)O)O,6.471083299722345
c1cc(ccc1O)C(C(N1CCC(CC1)Cc1ccccc1)C)O,6.471083299722345
C1N(C(C)C(O)c2ccc(O)cc2)CCC(C1)Cc1ccccc1,6.471083299722345
c1c(ccc(O)c1)C(O)C(N1CCC(Cc2ccccc2)CC1)C,6.471083299722345
c12c(cccc1)c(C(=O)NCCCCN1CCN(c3ncccn3)CC1)[nH]n2,5.535063570878267
c12ccccc2c([nH]n1)C(NCCCCN1CCN(CC1)c1ncccn1)=O,5.535063570878267
n1[nH]c(c2ccccc12)C(=O)NCCCCN1CCN(CC1)c1ncccn1,5.535063570878267
c12ccccc2n[nH]c1C(=O)NCCCCN1CCN(CC1)c1ncccn1,5.535063570878267
N(CCCCN1CCN(c2ncccn2)CC1)C(=O)c1[nH]nc2ccccc12,5.535063570878267
c1cc2c3c(c1C(F)(F)F)CCN3CCNC2,6.774690718274137
c1cc2c3N(CCc3c1C(F)(F)F)CCNC2,6.774690718274137
C1Cc2c3c(CNCCN31)ccc2C(F)(F)F,6.774690718274137
c1(ccc2c3c1CCN3CCNC2)C(F)(F)F,6.774690718274137
C1c2c3N(CCc3c(cc2)C(F)(F)F)CCN1,6.774690718274137
S(c1oc(cc1)C)(=O)(=O)NC1CCC(CCN2CCN(CC2)c2nsc3c2cccc3)CC1,8.615288257061717
C(N1CCN(CC1)c1c2c(cccc2)sn1)CC1CCC(NS(c2ccc(o2)C)(=O)=O)CC1,8.615288257061717
O=S(=O)(NC1CCC(CCN2CCN(c3nsc4ccccc34)CC2)CC1)c1ccc(C)o1,8.615288257061717
C1CN(CCN1c1nsc2ccccc12)CCC1CCC(CC1)NS(=O)(=O)c1ccc(o1)C,8.615288257061717
n1sc2c(cccc2)c1N1CCN(CC1)CCC1CCC(CC1)NS(=O)(=O)c1oc(cc1)C,8.615288257061717
c1c(F)c(COc2n(CC3CC4CCC3C4)nc(CNC)c2)cc(Cl)c1,9.136677139879543
C(C1C2CCC(C2)C1)n1c(OCc2cc(ccc2F)Cl)cc(CNC)n1,9.136677139879543
O(Cc1c(ccc(Cl)c1)F)c1n(CC2C3CC(C2)CC3)nc(CNC)c1,9.136677139879543
c1(nn(CC2C3CC(C2)CC3)c(OCc2cc(Cl)ccc2F)c1)CNC,9.136677139879543
c1(cc(CNC)nn1CC1C2CC(C1)CC2)OCc1c(ccc(c1)Cl)F,9.136677139879543
CC(N)Cn1nc(CCC)c2c1c1c(occ1)cc2,7.1938200260161125
C(n1c2c3ccoc3ccc2c(n1)CCC)C(N)C,7.1938200260161125
c12c3c(ccc2c(nn1CC(C)N)CCC)occ3,7.1938200260161125
c1cc2c(c3ccoc13)n(nc2CCC)CC(C)N,7.1938200260161125
c12ccc3c(nn(CC(N)C)c3c1cco2)CCC,7.1938200260161125
C1Cc2c([nH]c3ccc(Cl)cc32)C(N1)c1c(cc(cc1)OC)O,6.647817481888637
C1(NCCc2c1[nH]c1ccc(cc21)Cl)c1ccc(cc1O)OC,6.647817481888637
c1(c(O)cc(OC)cc1)C1NCCc2c3c(ccc(c3)Cl)[nH]c21,6.647817481888637
c1c(Cl)cc2c3CCNC(c3[nH]c2c1)c1c(O)cc(OC)cc1,6.647817481888637
C1NC(c2c(O)cc(OC)cc2)c2c(c3cc(ccc3[nH]2)Cl)C1,6.647817481888637
c1cc(F)ccc1C(=O)NC1CCC(CC1)CCN1CCC(c2c3c(oc2)cccc3)CC1,8.247183568811728
N(C1CCC(CC1)CCN1CCC(c2coc3c2cccc3)CC1)C(c1ccc(cc1)F)=O,8.247183568811728
C1CC(c2c3c(cccc3)oc2)CCN1CCC1CCC(CC1)NC(=O)c1ccc(cc1)F,8.247183568811728
C1CN(CCC2CCC(NC(c3ccc(cc3)F)=O)CC2)CCC1c1coc2ccccc21,8.247183568811728
c1cc(ccc1C(NC1CCC(CC1)CCN1CCC(CC1)c1coc2c1cccc2)=O)F,8.247183568811728
C(CCNS(=O)(c1cc2ccc(cc2s1)Cl)=O)CN1CCC(CC1)c1noc2cc(ccc12)F,9.096910013008056
C(N1CCC(c2c3c(on2)cc(F)cc3)CC1)CCCNS(=O)(c1sc2cc(Cl)ccc2c1)=O,9.096910013008056
C1CN(CCC1c1noc2cc(F)ccc21)CCCCNS(=O)(=O)c1cc2c(s1)cc(cc2)Cl,9.096910013008056
C(N1CCC(CC1)c1c2c(cc(F)cc2)on1)CCCNS(c1cc2ccc(cc2s1)Cl)(=O)=O,9.096910013008056
s1c(cc2c1cc(Cl)cc2)S(=O)(=O)NCCCCN1CCC(c2noc3c2ccc(F)c3)CC1,9.096910013008056
C1Oc2cc(ccc2O1)CCN(CCc1cc(OC)c(cc1)OC)CCCc1ccccc1Cl,7.366531544420414
c1(cc2OCOc2cc1)CCN(CCc1ccc(OC)c(c1)OC)CCCc1ccccc1Cl,7.366531544420414
C1Oc2cc(CCN(CCc3ccc(c(c3)OC)OC)CCCc3c(cccc3)Cl)ccc2O1,7.366531544420414
c12OCOc1ccc(CCN(CCc1ccc(c(OC)c1)OC)CCCc1c(cccc1)Cl)c2,7.366531544420414
Clc1ccccc1CCCN(CCc1cc2c(cc1)OCO2)CCc1cc(OC)c(OC)cc1,7.366531544420414
NC(C)Cn1c2c(ccc3c2cc(o3)CC)c(n1)OC,7.42021640338319
c12c3c(ccc2c(OC)nn1CC(N)C)oc(CC)c3,7.42021640338319
C(Cn1c2c3c(ccc2c(OC)n1)oc(CC)c3)(C)N,7.42021640338319
c1cc2c(nn(c2c2c1oc(CC)c2)CC(C)N)OC,7.42021640338319
c1cc2oc(CC)cc2c2n(CC(N)C)nc(OC)c12,7.42021640338319
c1(ccc(cc1)COC(N(Cc1c(cc(cc1F)OC)F)C1CCN(C)CC1)=O)OCC(C)C,9.0
O(c1ccc(COC(=O)N(C2CCN(C)CC2)Cc2c(cc(cc2F)OC)F)cc1)CC(C)C,9.0
c1(cc(F)c(c(c1)F)CN(C1CCN(C)CC1)C(OCc1ccc(OCC(C)C)cc1)=O)OC,9.0
c1c(c(CN(C2CCN(C)CC2)C(=O)OCc2ccc(OCC(C)C)cc2)c(cc1OC)F)F,9.0
c1cc(ccc1COC(N(Cc1c(cc(OC)cc1F)F)C1CCN(CC1)C)=O)OCC(C)C,9.0
C1CN(CCN2CCc3c(C2=O)nccc3)CCC1c1c2c(cccc2F)on1,6.761953896871205
N1(CCN2CCC(CC2)c2c3c(on2)cccc3F)C(=O)c2ncccc2CC1,6.761953896871205
o1c2c(c(C3CCN(CCN4C(c5ncccc5CC4)=O)CC3)n1)c(F)ccc2,6.761953896871205
c12c(nccc2)C(N(CCN2CCC(c3noc4c3c(ccc4)F)CC2)CC1)=O,6.761953896871205
c1c2onc(c2c(F)cc1)C1CCN(CCN2CCc3c(nccc3)C2=O)CC1,6.761953896871205
C1c2ccn(c2-c2cc(OC)ccc21)CC(N)C,6.900008766455316
C(n1ccc2c1-c1c(C2)ccc(c1)OC)C(C)N,6.900008766455316
c1(OC)ccc2Cc3c(n(CC(N)C)cc3)-c2c1,6.900008766455316
c12c(Cc3ccc(OC)cc-13)ccn2CC(C)N,6.900008766455316
C(C)(Cn1c2-c3cc(ccc3Cc2cc1)OC)N,6.900008766455316
C1CC(NC(c2ccc(-c3cccs3)cc2)=O)CN1Cc1ccccc1,8.744727494896694
c1(ccc(cc1)-c1cccs1)C(NC1CCN(Cc2ccccc2)C1)=O,8.744727494896694
C1(CCN(Cc2ccccc2)C1)NC(c1ccc(cc1)-c1sccc1)=O,8.744727494896694
c1cc(ccc1)CN1CC(CC1)NC(=O)c1ccc(-c2cccs2)cc1,8.744727494896694
C1CC(NC(=O)c2ccc(-c3sccc3)cc2)CN1Cc1ccccc1,8.744727494896694
C12c3c(CCN1C)cc(c(OC)c3-c1cc(ccc1C2)N)OC,6.232844133917819
O(c1c(cc2CCN(C3c2c1-c1c(ccc(c1)N)C3)C)OC)C,6.232844133917819
COc1c(c2-c3cc(N)ccc3CC3N(CCc(c1)c32)C)OC,6.232844133917819
C1c2ccc(N)cc2-c2c3c(cc(OC)c2OC)CCN(C31)C,6.232844133917819
c12CC3c4c(cc(OC)c(OC)c4-c1cc(N)cc2)CCN3C,6.232844133917819
c1(cc(c(C(Nc2ccc(OCCN3CCOCC3)c(-c3n(C)ncc3)c2)=O)cc1)F)F,8.065501548756432
O(CCN1CCOCC1)c1ccc(NC(=O)c2ccc(cc2F)F)cc1-c1n(C)ncc1,8.065501548756432
c1(OCCN2CCOCC2)c(-c2n(ncc2)C)cc(NC(=O)c2c(cc(F)cc2)F)cc1,8.065501548756432
c1c(cc(F)c(C(=O)Nc2cc(c(cc2)OCCN2CCOCC2)-c2ccnn2C)c1)F,8.065501548756432
c1(ccnn1C)-c1c(OCCN2CCOCC2)ccc(NC(=O)c2c(cc(F)cc2)F)c1,8.065501548756432
O=C(N1CCN(CC1)CCCN1CCN(c2ccccc2)CC1)c1ccccc1,5.187086643357144
c1(C(=O)N2CCN(CC2)CCCN2CCN(CC2)c2ccccc2)ccccc1,5.187086643357144
O=C(N1CCN(CCCN2CCN(c3ccccc3)CC2)CC1)c1ccccc1,5.187086643357144
c1(ccccc1)C(=O)N1CCN(CC1)CCCN1CCN(c2ccccc2)CC1,5.187086643357144
c1ccc(C(N2CCN(CC2)CCCN2CCN(CC2)c2ccccc2)=O)cc1,5.187086643357144
C1N(CCC2CCC(NC(=O)OC)CC2)CCC(C1)c1c2c(ccc1)OCO2,7.661742769753745
C1CN(CCC2CCC(CC2)NC(=O)OC)CCC1c1cccc2c1OCO2,7.661742769753745
COC(=O)NC1CCC(CCN2CCC(CC2)c2cccc3OCOc23)CC1,7.661742769753745
N1(CCC2CCC(NC(OC)=O)CC2)CCC(c2c3c(ccc2)OCO3)CC1,7.661742769753745
C1(NC(=O)OC)CCC(CCN2CCC(CC2)c2c3OCOc3ccc2)CC1,7.661742769753745
FC1(CC1C(NC1CCC(CC1)CCN1CCN(c2c3OCOc3ccc2)CC1)=O)F,7.572513890904214
C(NC1CCC(CCN2CCN(CC2)c2c3c(OCO3)ccc2)CC1)(C1C(C1)(F)F)=O,7.572513890904214
C1N(CCC2CCC(CC2)NC(C2CC2(F)F)=O)CCN(C1)c1cccc2c1OCO2,7.572513890904214
O=C(NC1CCC(CC1)CCN1CCN(CC1)c1cccc2c1OCO2)C1CC1(F)F,7.572513890904214
C1CC(CCC1CCN1CCN(c2c3c(ccc2)OCO3)CC1)NC(=O)C1C(F)(F)C1,7.572513890904214
c1cc2c(cc1)C1CC(CN3CCN(C)CC3)OC1c1ccccc1C2,6.363512103646634
C1N(CCN(C1)C)CC1CC2C(c3ccccc3Cc3c2cccc3)O1,6.363512103646634
c12ccccc1C1C(c3ccccc3C2)CC(CN2CCN(C)CC2)O1,6.363512103646634
C1C(CN2CCN(C)CC2)OC2c3ccccc3Cc3c(C12)cccc3,6.363512103646634
c1cccc2Cc3c(C4CC(OC4c21)CN1CCN(CC1)C)cccc3,6.363512103646634
FC(c1cc2c(CCN2C(Nc2cccc(c2)-c2cccnc2)=O)cc1OC)(F)F,6.699991797446187
c1c(-c2cccnc2)cccc1NC(=O)N1CCc2cc(OC)c(cc21)C(F)(F)F,6.699991797446187
c1c2N(C(Nc3cc(-c4cnccc4)ccc3)=O)CCc2cc(OC)c1C(F)(F)F,6.699991797446187
O=C(N1c2cc(C(F)(F)F)c(cc2CC1)OC)Nc1cc(ccc1)-c1cccnc1,6.699991797446187
c1ncccc1-c1cccc(c1)NC(=O)N1c2cc(C(F)(F)F)c(cc2CC1)OC,6.699991797446187
C(COc1cc(N2Cc3c(c(cc(F)c3F)Cl)C2=O)ccc1OC)N1CCC(C)CC1,6.299997602857746
c1(F)cc(Cl)c2C(=O)N(c3ccc(OC)c(c3)OCCN3CCC(CC3)C)Cc2c1F,6.299997602857746
C1CC(CCN1CCOc1cc(ccc1OC)N1Cc2c(F)c(cc(Cl)c2C1=O)F)C,6.299997602857746
O(c1ccc(cc1OCCN1CCC(C)CC1)N1Cc2c(c(cc(c2F)F)Cl)C1=O)C,6.299997602857746
C1C(C)CCN(CCOc2cc(ccc2OC)N2C(=O)c3c(C2)c(c(F)cc3Cl)F)C1,6.299997602857746
C1CNCC2CCc3c(N12)nccc3CC(C)C,7.57170318601712
C1NCCN2c3c(c(CC(C)C)ccn3)CCC21,7.57170318601712
C1CN2c3nccc(CC(C)C)c3CCC2CN1,7.57170318601712
CC(C)Cc1ccnc2c1CCC1N2CCNC1,7.57170318601712
C1NCCN2C1CCc1c(ccnc21)CC(C)C,7.57170318601712
CCOc1c(cc(cc1)NC(Nc1ccc(Cl)cc1)=O)-c1c(cnn1C)Br,9.599980364934842
c1(ccc(OCC)c(c1)-c1n(ncc1Br)C)NC(Nc1ccc(Cl)cc1)=O,9.599980364934842
c1cc(ccc1NC(Nc1ccc(c(-c2n(C)ncc2Br)c1)OCC)=O)Cl,9.599980364934842
Cn1ncc(Br)c1-c1cc(NC(=O)Nc2ccc(cc2)Cl)ccc1OCC,9.599980364934842
c1(-c2n(C)ncc2Br)cc(NC(Nc2ccc(cc2)Cl)=O)ccc1OCC,9.599980364934842
C1(N(C(=O)OCc2ccc(OCC)cc2)Cc2c(cc(cc2)F)F)CCN(C)CC1,9.698970004336019
O(Cc1ccc(OCC)cc1)C(N(C1CCN(C)CC1)Cc1c(cc(cc1)F)F)=O,9.698970004336019
CN1CCC(N(Cc2c(cc(F)cc2)F)C(=O)OCc2ccc(OCC)cc2)CC1,9.698970004336019
c1(ccc(cc1)OCC)COC(N(C1CCN(CC1)C)Cc1ccc(F)cc1F)=O,9.698970004336019
C1CN(C)CCC1N(C(OCc1ccc(OCC)cc1)=O)Cc1ccc(cc1F)F,9.698970004336019
C(C(=O)c1c(N)cc(cc1)Cl)CCN1CC2c3c4c(ccc3)SCCCN4C2CC1,7.154901959985743
C(CN1CCC2C(c3c4N2CCCSc4ccc3)C1)CC(c1c(cc(cc1)Cl)N)=O,7.154901959985743
c1(C(CCCN2CCC3N4CCCSc5c4c(ccc5)C3C2)=O)c(cc(cc1)Cl)N,7.154901959985743
c12c3N(CCCS2)C2C(c3ccc1)CN(CC2)CCCC(=O)c1c(N)cc(Cl)cc1,7.154901959985743
C1CCN2c3c(cccc3C3C2CCN(C3)CCCC(c2c(N)cc(cc2)Cl)=O)S1,7.154901959985743
c1ccc2onc(c2c1)C1CCN(C1)CCN1C(c2c(CC1)nn(C)c2)=O,7.144480844332199
Cn1nc2c(C(=O)N(CCN3CC(CC3)c3noc4c3cccc4)CC2)c1,7.144480844332199
C1(c2c(nn(c2)C)CCN1CCN1CCC(c2c3ccccc3on2)C1)=O,7.144480844332199
O=C1c2c(nn(c2)C)CCN1CCN1CC(c2c3c(on2)cccc3)CC1,7.144480844332199
c1c2c(noc2ccc1)C1CN(CC1)CCN1CCc2c(C1=O)cn(n2)C,7.144480844332199
c1(C)ccc(-c2c3CCNCCc3on2)cc1,6.860120913598763
c1cc(-c2noc3CCNCCc23)ccc1C,6.860120913598763
n1oc2c(c1-c1ccc(C)cc1)CCNCC2,6.860120913598763
Cc1ccc(cc1)-c1c2CCNCCc2on1,6.860120913598763
C1c2c(onc2-c2ccc(C)cc2)CCNC1,6.860120913598763
C(=O)(N1CCc2c(Cl)c(c(Cl)cc21)SC)Nc1cnccc1,7.199970640755866
c12cc(Cl)c(SC)c(Cl)c1CCN2C(Nc1cnccc1)=O,7.199970640755866
Clc1c(c(cc2c1CCN2C(Nc1cnccc1)=O)Cl)SC,7.199970640755866
c1cc(NC(=O)N2CCc3c2cc(Cl)c(c3Cl)SC)cnc1,7.199970640755866
c12N(CCc1c(Cl)c(c(c2)Cl)SC)C(=O)Nc1cnccc1,7.199970640755866
n1(C)c(n(c2c(c1=O)n1ccc(=O)n(CCCN3CCN(c4c(cccc4)OC)CC3)c1n2)C)=O,5.411000409500565
C(N1CCN(c2ccccc2OC)CC1)CCn1c(=O)ccn2c3c(=O)n(c(=O)n(C)c3nc12)C,5.411000409500565
O(C)c1ccccc1N1CCN(CCCn2c3nc4n(C)c(=O)n(c(c4n3ccc2=O)=O)C)CC1,5.411000409500565
N1(CCCn2c3nc4c(c(=O)n(c(=O)n4C)C)n3ccc2=O)CCN(CC1)c1ccccc1OC,5.411000409500565
c12n(CCCN3CCN(c4ccccc4OC)CC3)c(ccn2c2c(n(C)c(n(C)c2=O)=O)n1)=O,5.411000409500565
C1(=O)c2c(cccc2)S(N1CCCCCN1CCN(CC1)c1cccc(C(F)(F)F)c1)(=O)=O,6.790484985457369
FC(F)(c1cc(ccc1)N1CCN(CCCCCN2S(=O)(c3c(cccc3)C2=O)=O)CC1)F,6.790484985457369
C1CN(CCCCCN2C(c3ccccc3S2(=O)=O)=O)CCN1c1cccc(c1)C(F)(F)F,6.790484985457369
O=S1(=O)N(C(c2ccccc21)=O)CCCCCN1CCN(CC1)c1cc(ccc1)C(F)(F)F,6.790484985457369
c1cc2S(N(CCCCCN3CCN(c4cccc(c4)C(F)(F)F)CC3)C(=O)c2cc1)(=O)=O,6.790484985457369
O(C(=O)N(Cc1ccc(F)cc1)C1CCNCC1F)CCc1ccc(cc1)OCC(C)C,7.199970640755866
c1(ccc(F)cc1)CN(C(=O)OCCc1ccc(OCC(C)C)cc1)C1CCNCC1F,7.199970640755866
c1(OCC(C)C)ccc(CCOC(=O)N(C2C(F)CNCC2)Cc2ccc(F)cc2)cc1,7.199970640755866
c1cc(ccc1CN(C1CCNCC1F)C(OCCc1ccc(cc1)OCC(C)C)=O)F,7.199970640755866
c1c(ccc(c1)CCOC(N(Cc1ccc(cc1)F)C1C(CNCC1)F)=O)OCC(C)C,7.199970640755866
c1c(OC)c(N2CCN(CCN3CCN(C(c4c5ccccc5n(n4)C)=O)CC3)CC2)ccc1,5.080921907623926
c1ccc2n(nc(C(N3CCN(CC3)CCN3CCN(CC3)c3c(OC)cccc3)=O)c2c1)C,5.080921907623926
c1(N2CCN(CC2)CCN2CCN(C(c3nn(c4ccccc34)C)=O)CC2)ccccc1OC,5.080921907623926
C1N(CCN(CCN2CCN(C(=O)c3c4ccccc4n(n3)C)CC2)C1)c1ccccc1OC,5.080921907623926
O(C)c1ccccc1N1CCN(CC1)CCN1CCN(CC1)C(c1nn(C)c2c1cccc2)=O,5.080921907623926
n1c(nc(nc1N1CCN(CC1)C)N)C(CC)Oc1c(Cl)ccc(c1)F,6.507239610973162
Clc1c(cc(cc1)F)OC(c1nc(nc(n1)N1CCN(C)CC1)N)CC,6.507239610973162
c1(ccc(cc1OC(c1nc(nc(n1)N)N1CCN(CC1)C)CC)F)Cl,6.507239610973162
n1c(N2CCN(CC2)C)nc(N)nc1C(Oc1c(Cl)ccc(F)c1)CC,6.507239610973162
CN1CCN(c2nc(C(Oc3cc(ccc3Cl)F)CC)nc(N)n2)CC1,6.507239610973162
c1c2CC(N(C)C)CC(c2ccc1)c1cc(ccc1)C(F)(F)F,5.886056647693163
c12c(cccc1)C(CC(N(C)C)C2)c1cc(C(F)(F)F)ccc1,5.886056647693163
c1ccc2c(c1)CC(CC2c1cc(C(F)(F)F)ccc1)N(C)C,5.886056647693163
c1(cc(C2CC(Cc3ccccc32)N(C)C)ccc1)C(F)(F)F,5.886056647693163
c1ccc2CC(CC(c3cc(C(F)(F)F)ccc3)c2c1)N(C)C,5.886056647693163
O=C(Nc1cc(c(OCCN2CCOCC2)cc1)-c1n(C)ncc1)c1cc(c(cc1)F)F,8.387216143280265
c1(-c2n(ncc2)C)c(OCCN2CCOCC2)ccc(c1)NC(=O)c1cc(c(cc1)F)F,8.387216143280265
c1c(-c2ccnn2C)c(ccc1NC(c1cc(F)c(F)cc1)=O)OCCN1CCOCC1,8.387216143280265
n1n(c(-c2cc(ccc2OCCN2CCOCC2)NC(=O)c2cc(F)c(F)cc2)cc1)C,8.387216143280265
c1(C(=O)Nc2cc(-c3n(C)ncc3)c(cc2)OCCN2CCOCC2)cc(c(cc1)F)F,8.387216143280265
c1c(c2c(cc1)cccc2)N1CCN(CC(CCNC(=O)c2cc3c(nc2)cccc3)O)CC1,8.619788758288394
C(C(CN1CCN(CC1)c1c2ccccc2ccc1)O)CNC(c1cc2c(nc1)cccc2)=O,8.619788758288394
c1nc2ccccc2cc1C(NCCC(CN1CCN(CC1)c1c2ccccc2ccc1)O)=O,8.619788758288394
N1(CCN(CC(O)CCNC(c2cnc3ccccc3c2)=O)CC1)c1c2ccccc2ccc1,8.619788758288394
c1ccc2c(cc(C(=O)NCCC(CN3CCN(c4cccc5ccccc54)CC3)O)cn2)c1,8.619788758288394
c1c(N2CCS(CC2)(=O)=O)ccc(c1)C(=O)NC1CCC(CCN2CCC(c3c4c(on3)cc(F)cc4)CC2)CC1,8.605023280445435
C1N(CCC2CCC(NC(c3ccc(N4CCS(CC4)(=O)=O)cc3)=O)CC2)CCC(C1)c1noc2cc(ccc12)F,8.605023280445435
N1(CCS(=O)(CC1)=O)c1ccc(C(NC2CCC(CCN3CCC(CC3)c3c4c(on3)cc(cc4)F)CC2)=O)cc1,8.605023280445435
C1CC(NC(c2ccc(N3CCS(CC3)(=O)=O)cc2)=O)CCC1CCN1CCC(c2c3c(cc(F)cc3)on2)CC1,8.605023280445435
c1c(ccc2c1onc2C1CCN(CC1)CCC1CCC(CC1)NC(=O)c1ccc(cc1)N1CCS(CC1)(=O)=O)F,8.605023280445435
C1CC(NC(C)=O)CCC1CCN1CCN(c2c3CCOc3ccn2)CC1,7.640164517660112
C1(NC(=O)C)CCC(CCN2CCN(c3nccc4OCCc43)CC2)CC1,7.640164517660112
C(C1CCC(NC(C)=O)CC1)CN1CCN(c2nccc3c2CCO3)CC1,7.640164517660112
C1(CCC(CC1)NC(=O)C)CCN1CCN(c2c3c(ccn2)OCC3)CC1,7.640164517660112
C1Cc2c(N3CCN(CCC4CCC(NC(C)=O)CC4)CC3)nccc2O1,7.640164517660112
C1(CCN2CCC(c3c4c(OCC4)ccc3)CC2)CCC(CC1)NC(=O)CC1COCCO1,7.712198270069774
C1N(CCC2CCC(NC(=O)CC3OCCOC3)CC2)CCC(C1)c1cccc2c1CCO2,7.712198270069774
C1C(CCN(C1)CCC1CCC(NC(=O)CC2COCCO2)CC1)c1cccc2OCCc12,7.712198270069774
C(CN1CCC(CC1)c1cccc2c1CCO2)C1CCC(CC1)NC(CC1COCCO1)=O,7.712198270069774
C1(c2c3CCOc3ccc2)CCN(CC1)CCC1CCC(NC(CC2COCCO2)=O)CC1,7.712198270069774
C(Oc1cc(CNC)nn1CC1CCCCC1)c1ccccc1,8.434742656579786
c1(CNC)nn(c(OCc2ccccc2)c1)CC1CCCCC1,8.434742656579786
C1(Cn2c(OCc3ccccc3)cc(n2)CNC)CCCCC1,8.434742656579786
c1c(OCc2ccccc2)n(nc1CNC)CC1CCCCC1,8.434742656579786
C1CCCCC1Cn1nc(CNC)cc1OCc1ccccc1,8.434742656579786
c1(c(Br)cnn1C)-c1c(OC)ccc(c1)NC(Nc1ccc(c(C(F)(F)F)c1)Cl)=O,9.500038134403809
c1c(Br)c(-c2c(OC)ccc(c2)NC(=O)Nc2cc(C(F)(F)F)c(Cl)cc2)n(n1)C,9.500038134403809
FC(F)(c1cc(ccc1Cl)NC(Nc1cc(c(OC)cc1)-c1n(C)ncc1Br)=O)F,9.500038134403809
C(Nc1ccc(Cl)c(c1)C(F)(F)F)(Nc1ccc(OC)c(-c2c(cnn2C)Br)c1)=O,9.500038134403809
c1c(cc(C(F)(F)F)c(Cl)c1)NC(Nc1cc(-c2n(C)ncc2Br)c(OC)cc1)=O,9.500038134403809
C1(CCC(NC(=O)CC2CCC(O)CC2)CC1)CCN1CCN(c2c3ccoc3ccn2)CC1,8.05551732784983
c1(N2CCN(CC2)CCC2CCC(NC(=O)CC3CCC(O)CC3)CC2)c2c(occ2)ccn1,8.05551732784983
C(C1CCC(CC1)NC(CC1CCC(CC1)O)=O)CN1CCN(CC1)c1c2ccoc2ccn1,8.05551732784983
c1coc2ccnc(c21)N1CCN(CCC2CCC(NC(=O)CC3CCC(CC3)O)CC2)CC1,8.05551732784983
C1CC(CCC1O)CC(NC1CCC(CCN2CCN(c3c4ccoc4ccn3)CC2)CC1)=O,8.05551732784983
s1c2ccccc2c(n1)N1CCN(CCCCNS(=O)(c2cc(c(cc2)F)Cl)=O)CC1,7.823908740944319
c1c(c(ccc1S(=O)(NCCCCN1CCN(CC1)c1nsc2ccccc12)=O)F)Cl,7.823908740944319
N1(CCN(CC1)CCCCNS(=O)(=O)c1ccc(c(Cl)c1)F)c1c2c(cccc2)sn1,7.823908740944319
c1cccc2c1snc2N1CCN(CCCCNS(c2cc(Cl)c(F)cc2)(=O)=O)CC1,7.823908740944319
C(NS(=O)(=O)c1cc(c(F)cc1)Cl)CCCN1CCN(c2nsc3c2cccc3)CC1,7.823908740944319
n1(ccc2c(c1=O)nccc2)CCN1CCC(c2noc3c2ccc(c3)C)CC1,8.0
o1c2cc(ccc2c(C2CCN(CC2)CCn2c(c3c(cccn3)cc2)=O)n1)C,8.0
Cc1cc2onc(c2cc1)C1CCN(CC1)CCn1c(=O)c2c(cccn2)cc1,8.0
c12c(ccn(c2=O)CCN2CCC(c3noc4cc(C)ccc34)CC2)cccn1,8.0
c1c2c(cc(c1)C)onc2C1CCN(CC1)CCn1c(=O)c2c(cc1)cccn2,8.0
c1c(F)ccc(c1)C=Cc1ncc(S(=O)(=O)c2ccccc2)cc1,8.130768280269024
c1(F)ccc(C=Cc2ncc(cc2)S(=O)(=O)c2ccccc2)cc1,8.130768280269024
c1cc(C=Cc2ncc(cc2)S(=O)(=O)c2ccccc2)ccc1F,8.130768280269024
c1cc(C=Cc2ccc(F)cc2)ncc1S(=O)(=O)c1ccccc1,8.130768280269024
c1ccccc1S(=O)(c1cnc(cc1)C=Cc1ccc(F)cc1)=O,8.130768280269024
c1(ccc(cc1)S(=O)(Nc1cc2c(cc1C)CCN(C)CC2)=O)-c1ccc(cc1)Cl,7.700057099977233
CN1CCc2cc(C)c(cc2CC1)NS(=O)(=O)c1ccc(-c2ccc(Cl)cc2)cc1,7.700057099977233
O=S(c1ccc(cc1)-c1ccc(Cl)cc1)(Nc1cc2CCN(CCc2cc1C)C)=O,7.700057099977233
c1(C)cc2c(CCN(CC2)C)cc1NS(=O)(c1ccc(-c2ccc(cc2)Cl)cc1)=O,7.700057099977233
Cc1c(NS(=O)(c2ccc(-c3ccc(Cl)cc3)cc2)=O)cc2c(c1)CCN(C)CC2,7.700057099977233
n1(cncc1COc1ccc(NC(N2CCc3cc(c(cc32)C(F)(F)F)C)=O)cn1)C,7.0
C1Cc2cc(c(C(F)(F)F)cc2N1C(=O)Nc1cnc(OCc2n(C)cnc2)cc1)C,7.0
c12c(cc(c(C(F)(F)F)c2)C)CCN1C(=O)Nc1ccc(OCc2n(cnc2)C)nc1,7.0
O(c1ncc(cc1)NC(N1CCc2cc(C)c(C(F)(F)F)cc12)=O)Cc1cncn1C,7.0
c1ncn(c1COc1ncc(NC(N2CCc3cc(C)c(C(F)(F)F)cc23)=O)cc1)C,7.0
c1cc(F)c(c(N2CCN(CCCCOc3ccc4c(n3)NC(=O)CC4)CC2)c1)Cl,7.505845405981558
n1c(ccc2c1NC(CC2)=O)OCCCCN1CCN(CC1)c1c(Cl)c(ccc1)F,7.505845405981558
Fc1c(Cl)c(ccc1)N1CCN(CCCCOc2ccc3CCC(=O)Nc3n2)CC1,7.505845405981558
c1(Cl)c(cccc1F)N1CCN(CC1)CCCCOc1ccc2c(NC(=O)CC2)n1,7.505845405981558
C1CN(CCN1c1cccc(F)c1Cl)CCCCOc1nc2c(CCC(N2)=O)cc1,7.505845405981558
C1CN(C(=O)Nc2cnccc2)c2cc(Cl)c(cc21)C(=O)OC,5.200000237109354
O(C)C(=O)c1c(Cl)cc2c(c1)CCN2C(=O)Nc1cnccc1,5.200000237109354
c1(C(=O)OC)c(Cl)cc2N(C(Nc3cccnc3)=O)CCc2c1,5.200000237109354
c1ccc(cn1)NC(N1CCc2cc(c(cc12)Cl)C(OC)=O)=O,5.200000237109354
n1cccc(NC(=O)N2c3cc(Cl)c(cc3CC2)C(OC)=O)c1,5.200000237109354
[nH]1cc(c2c1ccc(NS(=O)(=O)c1cc(ccc1)Cl)c2)CC1N(CCC1)C,6.570247719997592
C1CC(Cc2c3c(ccc(c3)NS(=O)(=O)c3cccc(c3)Cl)[nH]c2)N(C1)C,6.570247719997592
c1(c[nH]c2c1cc(NS(c1cc(ccc1)Cl)(=O)=O)cc2)CC1CCCN1C,6.570247719997592
N(c1ccc2c(c1)c(CC1CCCN1C)c[nH]2)S(c1cccc(c1)Cl)(=O)=O,6.570247719997592
CN1CCCC1Cc1c[nH]c2ccc(cc21)NS(c1cccc(c1)Cl)(=O)=O,6.570247719997592
c1c2c(cc(cc2)OCCCCN2Cc3oc4c(c3CC2)cccc4OC)[nH]c(=O)c1,5.743198096579772
c12ccc(cc2[nH]c(=O)cc1)OCCCCN1CCc2c(oc3c2cccc3OC)C1,5.743198096579772
O(C)c1c2oc3c(c2ccc1)CCN(CCCCOc1cc2[nH]c(ccc2cc1)=O)C3,5.743198096579772
c12CCN(Cc1oc1c2cccc1OC)CCCCOc1ccc2c([nH]c(cc2)=O)c1,5.743198096579772
C(CCCN1Cc2c(c3c(o2)c(ccc3)OC)CC1)Oc1cc2c(ccc(=O)[nH]2)cc1,5.743198096579772
COc1c(-c2c(Br)cnn2C)cc(NC(Nc2cc(cc(c2)C(F)(F)F)C(F)(F)F)=O)cc1,9.400007822415901
c1(cc(-c2c(cnn2C)Br)c(OC)cc1)NC(Nc1cc(C(F)(F)F)cc(C(F)(F)F)c1)=O,9.400007822415901
FC(F)(F)c1cc(C(F)(F)F)cc(c1)NC(Nc1cc(-c2n(C)ncc2Br)c(OC)cc1)=O,9.400007822415901
c1c(cc(cc1C(F)(F)F)NC(Nc1ccc(OC)c(c1)-c1c(Br)cnn1C)=O)C(F)(F)F,9.400007822415901
N(C(Nc1cc(cc(C(F)(F)F)c1)C(F)(F)F)=O)c1cc(c(OC)cc1)-c1c(cnn1C)Br,9.400007822415901
FC(F)(c1c2C(N3C(CNCC3C)c2ccc1)=O)F,6.443697499232712
c12C3N(C(C)CNC3)C(=O)c2c(ccc1)C(F)(F)F,6.443697499232712
c12c(cccc2C2N(C1=O)C(CNC2)C)C(F)(F)F,6.443697499232712
C1NCC(N2C(=O)c3c(cccc3C(F)(F)F)C12)C,6.443697499232712
FC(F)(c1cccc2C3CNCC(C)N3C(=O)c12)F,6.443697499232712
N(CCCc1ccccc1)(CCc1ccc(c(OC)c1)OC)CCc1cc2c(OCO2)cc1,6.782516055786093
N(CCCc1ccccc1)(CCc1ccc2c(OCO2)c1)CCc1cc(c(OC)cc1)OC,6.782516055786093
c1cc(CCN(CCCc2ccccc2)CCc2cc(OC)c(OC)cc2)cc2OCOc12,6.782516055786093
c1(cc(CCN(CCc2cc3OCOc3cc2)CCCc2ccccc2)ccc1OC)OC,6.782516055786093
C(CCN(CCc1ccc(OC)c(OC)c1)CCc1cc2OCOc2cc1)c1ccccc1,6.782516055786093
C(C(NC1CCC(CC1)CCN1CCC(CC1)c1cccc2OCCc21)=O)C=CC,7.111820506081675
C1CC(c2cccc3OCCc32)CCN1CCC1CCC(CC1)NC(CC=CC)=O,7.111820506081675
C1Oc2c(C1)c(C1CCN(CC1)CCC1CCC(CC1)NC(CC=CC)=O)ccc2,7.111820506081675
N1(CCC(c2cccc3OCCc23)CC1)CCC1CCC(CC1)NC(CC=CC)=O,7.111820506081675
CC=CCC(NC1CCC(CC1)CCN1CCC(c2c3CCOc3ccc2)CC1)=O,7.111820506081675
c12ccccc2onc1N1CCN(CC1)CCN(C(C(C)O)=O)CC,7.236572006437063
C1CN(c2c3c(on2)cccc3)CCN1CCN(C(=O)C(C)O)CC,7.236572006437063
N(C(C(C)O)=O)(CC)CCN1CCN(c2noc3c2cccc3)CC1,7.236572006437063
C1CN(CCN1CCN(CC)C(C(O)C)=O)c1c2ccccc2on1,7.236572006437063
n1oc2ccccc2c1N1CCN(CCN(CC)C(=O)C(C)O)CC1,7.236572006437063
N1(c2ncccc2C#N)CCN(CCCN2CCN(CC2)c2c(c(ccc2)Cl)Cl)CC1,6.327902142064283
c1c(Cl)c(Cl)c(N2CCN(CC2)CCCN2CCN(CC2)c2c(C#N)cccn2)cc1,6.327902142064283
C1N(CCN(C1)CCCN1CCN(CC1)c1cccc(c1Cl)Cl)c1ncccc1C#N,6.327902142064283
c1(c(Cl)c(Cl)ccc1)N1CCN(CCCN2CCN(CC2)c2ncccc2C#N)CC1,6.327902142064283
N1(CCCN2CCN(CC2)c2c(cccn2)C#N)CCN(CC1)c1c(Cl)c(ccc1)Cl,6.327902142064283
c12CNCCN3CC(c(c23)ccc1)C,5.431798275933005
C1N2c3c(C(C)C2)cccc3CNC1,5.431798275933005
C1NCc2c3c(C(CN3C1)C)ccc2,5.431798275933005
c1c2c3N(CCNC2)CC(C)c3cc1,5.431798275933005
C1CNCc2cccc3c2N1CC3C,5.431798275933005
C(C(O)CC(NC1CCC(CCN2CCC(c3coc4ccccc43)CC2)CC1)=O)C,8.060480747381382
C1(CCC(CC1)NC(=O)CC(O)CC)CCN1CCC(c2c3ccccc3oc2)CC1,8.060480747381382
N1(CCC2CCC(NC(CC(O)CC)=O)CC2)CCC(CC1)c1c2ccccc2oc1,8.060480747381382
c1cccc2c1c(co2)C1CCN(CCC2CCC(CC2)NC(=O)CC(O)CC)CC1,8.060480747381382
C1(CCC(NC(CC(CC)O)=O)CC1)CCN1CCC(CC1)c1coc2ccccc21,8.060480747381382
c1c2c(cc(C)c1Cl)N(C(=O)Nc1cccnc1)CC2,6.400056916503627
c1c(Cl)c(C)cc2c1CCN2C(=O)Nc1cccnc1,6.400056916503627
Clc1cc2c(cc1C)N(C(=O)Nc1cccnc1)CC2,6.400056916503627
c1ncccc1NC(N1c2c(CC1)cc(c(C)c2)Cl)=O,6.400056916503627
C1CN(C(=O)Nc2cnccc2)c2c1cc(c(c2)C)Cl,6.400056916503627
c1cccc2onc(c12)CCCN1CCC(C1)NS(=O)(c1cc2ccc(OC)cc2cc1)=O,8.240030142445693
COc1ccc2cc(ccc2c1)S(=O)(=O)NC1CCN(C1)CCCc1c2ccccc2on1,8.240030142445693
c1cc2c(ccc(c2)OC)cc1S(NC1CCN(C1)CCCc1c2c(cccc2)on1)(=O)=O,8.240030142445693
c1c2c(noc2ccc1)CCCN1CCC(NS(=O)(c2cc3c(cc2)cc(cc3)OC)=O)C1,8.240030142445693
c1c2c(cc(cc2)S(=O)(NC2CN(CCCc3c4c(on3)cccc4)CC2)=O)ccc1OC,8.240030142445693
c1cccc2c1Cc1c(cccc1)C2CCN,6.318758762624412
c12ccccc2C(c2c(cccc2)C1)CCN,6.318758762624412
c12ccccc2Cc2c(cccc2)C1CCN,6.318758762624412
c1cc2C(CCN)c3ccccc3Cc2cc1,6.318758762624412
c1ccc2C(CCN)c3ccccc3Cc2c1,6.318758762624412
c12c(OCC1)cccc2C1CCN(CCC2CCC(CC2)NC(=O)CC2OCCC2)CC1,7.568636235841013
c1cc2c(CCO2)c(c1)C1CCN(CCC2CCC(NC(=O)CC3CCCO3)CC2)CC1,7.568636235841013
C1CN(CCC1c1cccc2c1CCO2)CCC1CCC(NC(CC2OCCC2)=O)CC1,7.568636235841013
c12c(cccc1C1CCN(CCC3CCC(CC3)NC(CC3OCCC3)=O)CC1)OCC2,7.568636235841013
C1C(CCC(CCN2CCC(c3cccc4OCCc34)CC2)C1)NC(CC1CCCO1)=O,7.568636235841013
c1c(ccc(C2(CC3N(Cc4c[nH]c5c4cccc5)C(CC3)C2)O)c1)Cl,5.321481620959886
C1C(CC2CCC1N2Cc1c[nH]c2ccccc21)(c1ccc(cc1)Cl)O,5.321481620959886
c1(C2(CC3CCC(N3Cc3c4ccccc4[nH]c3)C2)O)ccc(Cl)cc1,5.321481620959886
c12[nH]cc(c2cccc1)CN1C2CC(O)(c3ccc(Cl)cc3)CC1CC2,5.321481620959886
C1(O)(CC2N(C(C1)CC2)Cc1c[nH]c2c1cccc2)c1ccc(Cl)cc1,5.321481620959886
c12c(c(S(=O)(=O)NC3CN(CC3)CCCc3noc4ccccc43)sc2ccc(c1)F)C,8.410050398674292
c12sc(S(=O)(=O)NC3CCN(CCCc4c5ccccc5on4)C3)c(c1cc(cc2)F)C,8.410050398674292
c12c(c(C)c(s1)S(=O)(NC1CN(CC1)CCCc1noc3ccccc13)=O)cc(F)cc2,8.410050398674292
c1(noc2ccccc21)CCCN1CC(NS(=O)(=O)c2c(C)c3cc(F)ccc3s2)CC1,8.410050398674292
c1cc(cc2c1sc(c2C)S(NC1CCN(CCCc2c3ccccc3on2)C1)(=O)=O)F,8.410050398674292
c12C(N(c3ccc(c(OCCN4CCC(C)CC4)c3)OC)Cc1cc(cc2C)C)=O,5.899998417198648
c1(ccc(c(c1)OCCN1CCC(CC1)C)OC)N1C(c2c(cc(cc2C)C)C1)=O,5.899998417198648
N1(CCOc2c(OC)ccc(N3Cc4cc(C)cc(C)c4C3=O)c2)CCC(C)CC1,5.899998417198648
C(CN1CCC(C)CC1)Oc1c(OC)ccc(N2C(=O)c3c(cc(cc3C2)C)C)c1,5.899998417198648
C1C(C)CCN(CCOc2c(ccc(c2)N2C(=O)c3c(cc(C)cc3C2)C)OC)C1,5.899998417198648
C(CCc1ccc(cc1)F)CN1C2CCC1CC(C2)(O)c1ccc(cc1)Cl,6.498940737782249
c1c(ccc(CCCCN2C3CC(CC2CC3)(c2ccc(Cl)cc2)O)c1)F,6.498940737782249
C(CCCN1C2CC(c3ccc(cc3)Cl)(CC1CC2)O)c1ccc(F)cc1,6.498940737782249
c1cc(ccc1F)CCCCN1C2CCC1CC(C2)(c1ccc(cc1)Cl)O,6.498940737782249
Clc1ccc(cc1)C1(O)CC2N(CCCCc3ccc(F)cc3)C(C1)CC2,6.498940737782249
n1c(N2CCN(C)CC2)nc(N)nc1C(Oc1c(ccc(c1)F)F)C,5.642446280256919
Fc1ccc(cc1OC(C)c1nc(nc(n1)N1CCN(CC1)C)N)F,5.642446280256919
Nc1nc(N2CCN(CC2)C)nc(n1)C(Oc1c(F)ccc(F)c1)C,5.642446280256919
c1(nc(nc(N2CCN(CC2)C)n1)N)C(C)Oc1cc(F)ccc1F,5.642446280256919
c1(N)nc(nc(N2CCN(CC2)C)n1)C(Oc1c(F)ccc(c1)F)C,5.642446280256919
c1c2c(n(n1)C1CCN(CCN(C(=O)C(C)O)CC)CC1)ccc(c2)F,8.468521082957745
C(N1CCC(n2ncc3cc(F)ccc23)CC1)CN(CC)C(C(O)C)=O,8.468521082957745
N(CCN1CCC(CC1)n1ncc2c1ccc(F)c2)(CC)C(=O)C(O)C,8.468521082957745
C(CN(C(=O)C(O)C)CC)N1CCC(CC1)n1c2c(cn1)cc(cc2)F,8.468521082957745
c1c2c(ccc(c2)F)n(n1)C1CCN(CC1)CCN(CC)C(C(C)O)=O,8.468521082957745
c1(OC)cc(SCC(F)(F)C(F)F)c(cc1CCN)OC,7.443576878628715
O(C)c1c(SCC(F)(C(F)F)F)cc(OC)c(c1)CCN,7.443576878628715
O(c1c(cc(c(CCN)c1)OC)SCC(C(F)F)(F)F)C,7.443576878628715
FC(C(F)F)(F)CSc1c(OC)cc(c(c1)OC)CCN,7.443576878628715
FC(C(F)(CSc1cc(c(CCN)cc1OC)OC)F)F,7.443576878628715
c1cc(cc2c1C(=O)C(C2)CCN1CCc2c(C1)cccc2)F,5.919687443954971
C1(c2c(CC1CCN1Cc3c(cccc3)CC1)cc(cc2)F)=O,5.919687443954971
C1N(CCC2Cc3cc(ccc3C2=O)F)CCc2c1cccc2,5.919687443954971
N1(CCC2Cc3cc(F)ccc3C2=O)CCc2c(C1)cccc2,5.919687443954971
c1cccc2CN(CCC3Cc4cc(ccc4C3=O)F)CCc12,5.919687443954971
c12cc(SC)c(cc2N(C(=O)Nc2cnccc2)CC1)Cl,5.59999938302362
O=C(N1c2cc(Cl)c(SC)cc2CC1)Nc1cccnc1,5.59999938302362
c1(Cl)c(cc2CCN(c2c1)C(Nc1cnccc1)=O)SC,5.59999938302362
c1c(c(SC)cc2c1N(CC2)C(Nc1cnccc1)=O)Cl,5.59999938302362
Clc1cc2N(C(Nc3cnccc3)=O)CCc2cc1SC,5.59999938302362
c12c(cc(cc1)Cl)c(c[nH]2)CCN(CC=C)CC=C,6.390000296157769
C(N(CC=C)CCc1c[nH]c2c1cc(Cl)cc2)C=C,6.390000296157769
c1c(Cl)ccc2[nH]cc(c12)CCN(CC=C)CC=C,6.390000296157769
C(Cc1c[nH]c2c1cc(cc2)Cl)N(CC=C)CC=C,6.390000296157769
C(N(CCc1c[nH]c2c1cc(Cl)cc2)CC=C)C=C,6.390000296157769
c1(F)ccc(cc1)N(c1ccc(cc1)F)CCCCN1CCC(c2cc(c(cc2)Cl)C(F)(F)F)(O)CC1,5.21759904750347
c1(F)ccc(N(CCCCN2CCC(CC2)(c2ccc(c(c2)C(F)(F)F)Cl)O)c2ccc(F)cc2)cc1,5.21759904750347
c1(ccc(N(c2ccc(F)cc2)CCCCN2CCC(CC2)(c2ccc(Cl)c(c2)C(F)(F)F)O)cc1)F,5.21759904750347
c1c(c(Cl)ccc1C1(O)CCN(CCCCN(c2ccc(cc2)F)c2ccc(cc2)F)CC1)C(F)(F)F,5.21759904750347
C1CN(CCC1(c1cc(C(F)(F)F)c(cc1)Cl)O)CCCCN(c1ccc(F)cc1)c1ccc(cc1)F,5.21759904750347
n1c(nc(C(C)Oc2c(ccc(C(F)(F)F)c2)F)nc1N1CCN(CC1)C)N,5.8344589232776265
N1(C)CCN(CC1)c1nc(C(C)Oc2c(ccc(C(F)(F)F)c2)F)nc(n1)N,5.8344589232776265
c1cc(F)c(cc1C(F)(F)F)OC(C)c1nc(N)nc(N2CCN(C)CC2)n1,5.8344589232776265
c1(ccc(c(c1)OC(C)c1nc(nc(n1)N1CCN(C)CC1)N)F)C(F)(F)F,5.8344589232776265
C(F)(F)(F)c1ccc(F)c(OC(c2nc(nc(n2)N2CCN(CC2)C)N)C)c1,5.8344589232776265
COc1c(-c2c(Br)cnn2C)cc(NC(Nc2ccc(Cl)cc2Cl)=O)cc1,9.700057099977233
c1c(NC(Nc2c(cc(Cl)cc2)Cl)=O)cc(c(c1)OC)-c1n(ncc1Br)C,9.700057099977233
c1(Br)c(-c2c(OC)ccc(NC(Nc3ccc(Cl)cc3Cl)=O)c2)n(nc1)C,9.700057099977233
C(=O)(Nc1ccc(OC)c(-c2c(cnn2C)Br)c1)Nc1c(Cl)cc(Cl)cc1,9.700057099977233
C(Nc1ccc(c(c1)-c1n(ncc1Br)C)OC)(Nc1ccc(Cl)cc1Cl)=O,9.700057099977233
c1(CC(C)N)cc(c(cc1OC)Br)OC,8.721246399047171
c1(cc(OC)c(Br)cc1OC)CC(C)N,8.721246399047171
c1c(OC)c(Br)cc(c1CC(N)C)OC,8.721246399047171
Brc1c(OC)cc(CC(N)C)c(c1)OC,8.721246399047171
c1(Br)cc(c(CC(N)C)cc1OC)OC,8.721246399047171
Clc1cccc(Cl)c1C=NNC(=N)N,6.950781977329818
c1(c(c(Cl)ccc1)C=NNC(=N)N)Cl,6.950781977329818
c1ccc(c(C=NNC(=N)N)c1Cl)Cl,6.950781977329818
Clc1cccc(c1C=NNC(N)=N)Cl,6.950781977329818
c1ccc(Cl)c(C=NNC(N)=N)c1Cl,6.950781977329818
C(Oc1c(cc(C)cc1C)C)CCN1CCN(CC1)c1ccc(OC)cc1,6.112382699664264
c1(cc(cc(C)c1OCCCN1CCN(c2ccc(OC)cc2)CC1)C)C,6.112382699664264
c1(C)cc(c(OCCCN2CCN(CC2)c2ccc(OC)cc2)c(c1)C)C,6.112382699664264
c1(cc(c(c(c1)C)OCCCN1CCN(CC1)c1ccc(cc1)OC)C)C,6.112382699664264
c1(ccc(OC)cc1)N1CCN(CC1)CCCOc1c(cc(C)cc1C)C,6.112382699664264
C(CCCN1CCN(CC1)c1c2cc(ccc2ccc1)F)Oc1c(cc2c(c1)C(=O)NC2)F,8.0
Fc1ccc2cccc(N3CCN(CCCCOc4cc5c(cc4F)CNC5=O)CC3)c2c1,8.0
O(c1cc2c(cc1F)CNC2=O)CCCCN1CCN(CC1)c1c2cc(F)ccc2ccc1,8.0
c1c2c(CNC2=O)cc(c1OCCCCN1CCN(CC1)c1cccc2c1cc(cc2)F)F,8.0
C1NC(c2cc(OCCCCN3CCN(c4c5cc(F)ccc5ccc4)CC3)c(cc21)F)=O,8.0
C(C(N)C)n1ccc2c1cc(C)cc2,6.0999990348465305
c1cn(c2c1ccc(c2)C)CC(N)C,6.0999990348465305
c1cc(C)cc2c1ccn2CC(C)N,6.0999990348465305
c12c(ccn2CC(N)C)ccc(C)c1,6.0999990348465305
c1c(C)cc2n(CC(N)C)ccc2c1,6.0999990348465305
C(CN1CCN(c2cccc(c2Cl)CC)CC1)CCNC(c1[nH]c2ccccc2c1)=O,8.282329496997738
c12c(cccc2)cc(C(NCCCCN2CCN(CC2)c2c(c(ccc2)CC)Cl)=O)[nH]1,8.282329496997738
C(CCN1CCN(c2c(Cl)c(ccc2)CC)CC1)CNC(=O)c1cc2ccccc2[nH]1,8.282329496997738
N1(CCN(c2cccc(c2Cl)CC)CC1)CCCCNC(=O)c1[nH]c2c(cccc2)c1,8.282329496997738
C(NCCCCN1CCN(CC1)c1c(c(ccc1)CC)Cl)(c1[nH]c2ccccc2c1)=O,8.282329496997738
C1CC(C(=O)c2ccc(cc2)F)CCN1CC1Cc2occ(c2C(=O)C1)C(=O)OC,7.590066876668706
c12occ(c1C(CC(CN1CCC(C(=O)c3ccc(cc3)F)CC1)C2)=O)C(OC)=O,7.590066876668706
COC(c1coc2CC(CC(c12)=O)CN1CCC(C(=O)c2ccc(cc2)F)CC1)=O,7.590066876668706
C1C(CN2CCC(CC2)C(=O)c2ccc(F)cc2)CC(c2c(C(=O)OC)coc12)=O,7.590066876668706
C1CC(CCN1CC1CC(c2c(C1)occ2C(OC)=O)=O)C(c1ccc(cc1)F)=O,7.590066876668706
C1CC(CCN1CCC1CCC(NS(=O)(c2ccc(C)cc2)=O)CC1)c1coc2ccccc12,7.382370702242158
S(=O)(=O)(NC1CCC(CCN2CCC(c3c4c(oc3)cccc4)CC2)CC1)c1ccc(cc1)C,7.382370702242158
c1(c2c(cccc2)oc1)C1CCN(CCC2CCC(CC2)NS(=O)(=O)c2ccc(cc2)C)CC1,7.382370702242158
C1C(CCN2CCC(c3c4ccccc4oc3)CC2)CCC(C1)NS(=O)(=O)c1ccc(cc1)C,7.382370702242158
C1CC(NS(=O)(c2ccc(cc2)C)=O)CCC1CCN1CCC(CC1)c1c2c(cccc2)oc1,7.382370702242158
C1N(CCCOc2c(cc(cc2)CN2CCOCC2)F)CCC(C1)c1noc2c1ccc(c2)F,8.2518119729938
c1c(c(F)cc(CN2CCOCC2)c1)OCCCN1CCC(c2noc3c2ccc(c3)F)CC1,8.2518119729938
O1CCN(Cc2ccc(c(c2)F)OCCCN2CCC(CC2)c2c3c(cc(cc3)F)on2)CC1,8.2518119729938
c1(F)ccc2c(onc2C2CCN(CCCOc3c(F)cc(cc3)CN3CCOCC3)CC2)c1,8.2518119729938
Fc1cc(ccc1OCCCN1CCC(CC1)c1c2ccc(F)cc2on1)CN1CCOCC1,8.2518119729938
O1c2c(c(ccc2)N2CCN(CC2)CCC2CCC(NC(=O)C(O)CC)CC2)OC1,7.587707490676953
C1Oc2c(O1)c(N1CCN(CC1)CCC1CCC(NC(C(CC)O)=O)CC1)ccc2,7.587707490676953
c1(c2c(ccc1)OCO2)N1CCN(CCC2CCC(NC(C(O)CC)=O)CC2)CC1,7.587707490676953
O=C(NC1CCC(CCN2CCN(c3cccc4OCOc43)CC2)CC1)C(O)CC,7.587707490676953
c1c2c(OCO2)c(N2CCN(CC2)CCC2CCC(NC(=O)C(CC)O)CC2)cc1,7.587707490676953
N1CCN2c3nccc(Cc4ccccc4)c3CCC2C1,8.912041210539266
C1NCCN2C1CCc1c2nccc1Cc1ccccc1,8.912041210539266
N12C(CNCC1)CCc1c(Cc3ccccc3)ccnc21,8.912041210539266
c1ccccc1Cc1c2c(ncc1)N1C(CC2)CNCC1,8.912041210539266
C1N2C(CCc3c(Cc4ccccc4)ccnc32)CNC1,8.912041210539266
c12n(ccc1cc(F)cc2)C1CCN(CCN2C(c3c(CCC2)cccc3)=O)CC1,8.160019442321657
c12n(ccc1cc(F)cc2)C1CCN(CCN2CCCc3c(cccc3)C2=O)CC1,8.160019442321657
c1c2c(cc(c1)F)ccn2C1CCN(CCN2C(c3ccccc3CCC2)=O)CC1,8.160019442321657
c1n(c2c(cc(cc2)F)c1)C1CCN(CC1)CCN1C(=O)c2c(cccc2)CCC1,8.160019442321657
Fc1cc2ccn(c2cc1)C1CCN(CCN2CCCc3ccccc3C2=O)CC1,8.160019442321657
C(C)(S(=O)(N(CC)CCCN1CCN(c2noc3c2ccc(F)c3)CC1)=O)CO,8.958607314841775
N(CC)(CCCN1CCN(c2c3c(cc(F)cc3)on2)CC1)S(=O)(C(CO)C)=O,8.958607314841775
c12ccc(F)cc2onc1N1CCN(CC1)CCCN(S(=O)(C(C)CO)=O)CC,8.958607314841775
C1N(CCCN(S(C(C)CO)(=O)=O)CC)CCN(C1)c1noc2cc(ccc21)F,8.958607314841775
C(C(S(N(CCCN1CCN(CC1)c1noc2c1ccc(F)c2)CC)(=O)=O)C)O,8.958607314841775
c1c(N2C(=O)C(c3ccc(Br)cc3)=CC2)ccc(OC)c1OCCN1CCC(C)CC1,6.399996913372259
C(Oc1c(OC)ccc(c1)N1C(C(c2ccc(cc2)Br)=CC1)=O)CN1CCC(C)CC1,6.399996913372259
C1(c2ccc(Br)cc2)=CCN(c2cc(OCCN3CCC(C)CC3)c(cc2)OC)C1=O,6.399996913372259
CC1CCN(CCOc2c(ccc(N3C(=O)C(=CC3)c3ccc(Br)cc3)c2)OC)CC1,6.399996913372259
c1(ccc(cc1)Br)C1C(N(c2ccc(c(c2)OCCN2CCC(C)CC2)OC)CC=1)=O,6.399996913372259
n1c2c(CCCC(CC2)O)c(cc1N1CCN(CC)CC1)-c1ccc(F)cc1,8.014573525916997
c1cc(F)ccc1-c1cc(N2CCN(CC)CC2)nc2c1CCCC(CC2)O,8.014573525916997
c1c(-c2c3CCCC(O)CCc3nc(N3CCN(CC3)CC)c2)ccc(F)c1,8.014573525916997
c1c(F)ccc(-c2c3CCCC(O)CCc3nc(N3CCN(CC)CC3)c2)c1,8.014573525916997
c1cc(ccc1F)-c1c2c(CCC(O)CCC2)nc(N2CCN(CC2)CC)c1,8.014573525916997
c1c(cc(F)cc1)S(NC1CCN(CC1)CCOc1ccccc1C(C)C)(=O)=O,6.749579997691106
C1CC(CCN1CCOc1ccccc1C(C)C)NS(=O)(c1cc(F)ccc1)=O,6.749579997691106
C(C)(C)c1c(OCCN2CCC(CC2)NS(c2cc(ccc2)F)(=O)=O)cccc1,6.749579997691106
O(c1ccccc1C(C)C)CCN1CCC(CC1)NS(c1cccc(c1)F)(=O)=O,6.749579997691106
C(c1ccccc1OCCN1CCC(CC1)NS(=O)(c1cccc(c1)F)=O)(C)C,6.749579997691106
c1(c[nH]c2cc(O)ccc21)CCN(C)C,5.119186407719209
[nH]1c2cc(ccc2c(CCN(C)C)c1)O,5.119186407719209
c1(cc2[nH]cc(c2cc1)CCN(C)C)O,5.119186407719209
CN(C)CCc1c[nH]c2c1ccc(O)c2,5.119186407719209
c1[nH]c2cc(ccc2c1CCN(C)C)O,5.119186407719209
C1CN2c3c(CC2CCN1)cccc3-c1c(OCC)cccc1,6.20342566678957
c1c(-c2c3c(CC4N3CCNCC4)ccc2)c(ccc1)OCC,6.20342566678957
C1CC2N(c3c(C2)cccc3-c2c(OCC)cccc2)CCN1,6.20342566678957
C12N(c3c(cccc3-c3ccccc3OCC)C1)CCNCC2,6.20342566678957
C1CNCCN2c3c(cccc3-c3c(cccc3)OCC)CC12,6.20342566678957
c1c(ccc(c1)Cl)CN1CC(CC1)NC(c1cc(-c2sccc2)ccc1)=O,5.958607314841775
C1C(NC(c2cc(ccc2)-c2sccc2)=O)CCN1Cc1ccc(cc1)Cl,5.958607314841775
c1c(C(=O)NC2CCN(Cc3ccc(cc3)Cl)C2)cccc1-c1cccs1,5.958607314841775
c1ccc(s1)-c1cc(ccc1)C(=O)NC1CCN(Cc2ccc(Cl)cc2)C1,5.958607314841775
c1cc(CN2CC(CC2)NC(=O)c2cc(ccc2)-c2cccs2)ccc1Cl,5.958607314841775
c1c2c3n(S(c4cc(ccc4)Cl)(=O)=O)ccc3c(N3CCNCC3)nc2ccc1,5.778325002929231
c1(cccc(c1)Cl)S(=O)(=O)n1ccc2c(N3CCNCC3)nc3c(c21)cccc3,5.778325002929231
O=S(n1c2c3c(nc(N4CCNCC4)c2cc1)cccc3)(c1cc(Cl)ccc1)=O,5.778325002929231
c1(Cl)cc(S(n2c3c(c(N4CCNCC4)nc4c3cccc4)cc2)(=O)=O)ccc1,5.778325002929231
S(n1ccc2c(N3CCNCC3)nc3c(c12)cccc3)(=O)(=O)c1cccc(Cl)c1,5.778325002929231
n12ncc(C#N)c2cc(OCCCCN2CCN(c3cccc(Cl)c3Cl)CC2)cc1,6.309803919971486
c1c(ccn2ncc(C#N)c21)OCCCCN1CCN(CC1)c1cccc(c1Cl)Cl,6.309803919971486
c1c(OCCCCN2CCN(c3c(Cl)c(Cl)ccc3)CC2)ccn2ncc(C#N)c12,6.309803919971486
n12c(cc(OCCCCN3CCN(c4cccc(c4Cl)Cl)CC3)cc1)c(C#N)cn2,6.309803919971486
C(#N)c1cnn2ccc(OCCCCN3CCN(c4c(c(ccc4)Cl)Cl)CC3)cc21,6.309803919971486
c1c(F)ccc(c1)NC(=O)Nc1ccc(c(-c2n(C)ncc2Br)c1)OC,9.599980364934842
N(C(=O)Nc1ccc(c(-c2c(cnn2C)Br)c1)OC)c1ccc(F)cc1,9.599980364934842
n1n(c(c(c1)Br)-c1cc(NC(=O)Nc2ccc(cc2)F)ccc1OC)C,9.599980364934842
C(=O)(Nc1ccc(F)cc1)Nc1ccc(c(-c2n(ncc2Br)C)c1)OC,9.599980364934842
c1(NC(Nc2cc(c(OC)cc2)-c2n(ncc2Br)C)=O)ccc(F)cc1,9.599980364934842
N(Cc1cc(OCc2cc(ccc2F)Cl)n(CC(C)C)n1)C,8.346787486224656
n1(CC(C)C)nc(cc1OCc1cc(ccc1F)Cl)CNC,8.346787486224656
Clc1cc(COc2n(CC(C)C)nc(c2)CNC)c(cc1)F,8.346787486224656
c1c(Cl)cc(COc2n(nc(c2)CNC)CC(C)C)c(F)c1,8.346787486224656
n1(nc(CNC)cc1OCc1c(F)ccc(c1)Cl)CC(C)C,8.346787486224656
c12c(C3(C)CC(=O)C2C(C)C3)c(O)n(c1O)OCCCN1CCN(CC1)c1c(cccc1)F,6.040479239419482
c1(ccccc1F)N1CCN(CCCOn2c(c3c(C4C(CC3(CC4=O)C)C)c2O)O)CC1,6.040479239419482
Fc1ccccc1N1CCN(CCCOn2c(O)c3c(C4C(CC3(CC4=O)C)C)c2O)CC1,6.040479239419482
C1CN(c2ccccc2F)CCN1CCCOn1c(O)c2C3(C)CC(C)C(c2c1O)C(=O)C3,6.040479239419482
C12C(=O)CC(c3c1c(n(c3O)OCCCN1CCN(c3ccccc3F)CC1)O)(CC2C)C,6.040479239419482
c1(-c2c3c(N4C(CNCC4)CC3)ncc2)sccc1,7.162411561764489
c12c(-c3sccc3)ccnc1N1CCNCC1CC2,7.162411561764489
C1CN2c3nccc(c3CCC2CN1)-c1cccs1,7.162411561764489
c12N3C(CCc1c(ccn2)-c1cccs1)CNCC3,7.162411561764489
c1nc2N3C(CNCC3)CCc2c(-c2sccc2)c1,7.162411561764489
Fc1c(Cl)cc(cc1)S(NCCCN1CCN(CC1)c1c2c(cccc2)on1)(=O)=O,7.008773924307505
c1cc2onc(N3CCN(CC3)CCCNS(=O)(c3cc(c(cc3)F)Cl)=O)c2cc1,7.008773924307505
c1(F)ccc(cc1Cl)S(=O)(NCCCN1CCN(CC1)c1noc2ccccc21)=O,7.008773924307505
o1c2c(cccc2)c(N2CCN(CCCNS(=O)(=O)c3cc(Cl)c(cc3)F)CC2)n1,7.008773924307505
O=S(NCCCN1CCN(c2noc3ccccc32)CC1)(c1cc(c(cc1)F)Cl)=O,7.008773924307505
c1(c(OCc2cc(F)ccc2F)n(CC2CCCCC2)nc1CNC)F,7.823908740944319
c1(ccc(cc1COc1n(CC2CCCCC2)nc(c1F)CNC)F)F,7.823908740944319
C1CCCC(Cn2nc(CNC)c(F)c2OCc2cc(ccc2F)F)C1,7.823908740944319
C1C(CCCC1)Cn1nc(CNC)c(F)c1OCc1c(F)ccc(c1)F,7.823908740944319
C1CCCC(C1)Cn1c(OCc2cc(ccc2F)F)c(F)c(n1)CNC,7.823908740944319
N1(CCCCC1C)CCc1c([nH]c2c1cccc2)-c1ccccc1,8.397940008672037
c1ccc(cc1)-c1c(c2c([nH]1)cccc2)CCN1CCCCC1C,8.397940008672037
c1(c(c2ccccc2[nH]1)CCN1CCCCC1C)-c1ccccc1,8.397940008672037
c1cccc2c(c(-c3ccccc3)[nH]c12)CCN1CCCCC1C,8.397940008672037
c1cccc(-c2c(c3c(cccc3)[nH]2)CCN2CCCCC2C)c1,8.397940008672037
C(N1CCc2c1cc(C(F)(F)F)c(OC)c2)(Nc1cc(-c2cccnc2)cc(CC)c1)=O,6.699991797446187
O=C(Nc1cc(-c2cnccc2)cc(c1)CC)N1CCc2cc(OC)c(cc21)C(F)(F)F,6.699991797446187
n1cccc(-c2cc(cc(CC)c2)NC(N2CCc3c2cc(c(OC)c3)C(F)(F)F)=O)c1,6.699991797446187
c1c(CC)cc(cc1-c1cccnc1)NC(N1CCc2cc(OC)c(C(F)(F)F)cc21)=O,6.699991797446187
N(C(N1CCc2cc(c(cc21)C(F)(F)F)OC)=O)c1cc(CC)cc(c1)-c1cnccc1,6.699991797446187
N1(CCN(CC1)c1c2ccoc2ccn1)CCC1CCC(NC(=O)CO)CC1,8.2518119729938
n1ccc2c(cco2)c1N1CCN(CCC2CCC(CC2)NC(=O)CO)CC1,8.2518119729938
C1N(CCN(C1)CCC1CCC(NC(=O)CO)CC1)c1nccc2c1cco2,8.2518119729938
C1CC(NC(=O)CO)CCC1CCN1CCN(c2c3ccoc3ccn2)CC1,8.2518119729938
n1c(c2ccoc2cc1)N1CCN(CC1)CCC1CCC(CC1)NC(=O)CO,8.2518119729938
c1(cc(ccc1CN(C1CCN(C)CC1)C(SCc1ccc(cc1)OC)=O)F)F,7.600326278518962
c1c(cc(c(c1)CN(C(SCc1ccc(cc1)OC)=O)C1CCN(C)CC1)F)F,7.600326278518962
C1N(CCC(N(Cc2ccc(cc2F)F)C(=O)SCc2ccc(cc2)OC)C1)C,7.600326278518962
C(c1ccc(cc1F)F)N(C1CCN(C)CC1)C(=O)SCc1ccc(cc1)OC,7.600326278518962
C1CC(N(C(=O)SCc2ccc(cc2)OC)Cc2c(cc(cc2)F)F)CCN1C,7.600326278518962
O(C)c1cc(c(OC)cc1CC(N)C)CCCCCC,8.602059991327963
C(N)(C)Cc1c(OC)cc(c(c1)OC)CCCCCC,8.602059991327963
C(C)(N)Cc1c(cc(CCCCCC)c(c1)OC)OC,8.602059991327963
C(CC)CCCc1cc(c(cc1OC)CC(C)N)OC,8.602059991327963
c1(OC)c(CCCCCC)cc(OC)c(CC(N)C)c1,8.602059991327963
C1Cc2c(N3C1CNCC3)ncc(c2CC)C1CCC1,6.018634490921456
C12CCc3c(ncc(c3CC)C3CCC3)N1CCNC2,6.018634490921456
c12c(ncc(c2CC)C2CCC2)N2CCNCC2CC1,6.018634490921456
c1nc2c(CCC3N2CCNC3)c(CC)c1C1CCC1,6.018634490921456
C1C(c2cnc3N4C(CCc3c2CC)CNCC4)CC1,6.018634490921456
c1c(F)c(ccc1NC(=O)Nc1ccc(c(c1)-c1n(C)ncc1Cl)OC)F,9.599980364934842
c1(cc(ccc1F)NC(Nc1ccc(OC)c(c1)-c1n(C)ncc1Cl)=O)F,9.599980364934842
Fc1c(cc(NC(=O)Nc2cc(-c3n(C)ncc3Cl)c(OC)cc2)cc1)F,9.599980364934842
c1c(F)c(ccc1NC(Nc1ccc(OC)c(-c2n(C)ncc2Cl)c1)=O)F,9.599980364934842
c1c(NC(Nc2ccc(c(c2)F)F)=O)ccc(c1-c1n(ncc1Cl)C)OC,9.599980364934842
C1CN(C)CCC1N(C(=O)OCc1ccc(cc1)OCC(C)(C)O)Cc1c(F)cc(F)cc1,10.200659450546418
C(O)(COc1ccc(COC(N(C2CCN(C)CC2)Cc2ccc(F)cc2F)=O)cc1)(C)C,10.200659450546418
C(OC(=O)N(Cc1c(F)cc(F)cc1)C1CCN(C)CC1)c1ccc(cc1)OCC(O)(C)C,10.200659450546418
c1c(CN(C2CCN(CC2)C)C(=O)OCc2ccc(OCC(C)(O)C)cc2)c(cc(F)c1)F,10.200659450546418
c1cc(OCC(C)(C)O)ccc1COC(N(Cc1c(F)cc(F)cc1)C1CCN(CC1)C)=O,10.200659450546418
o1c2cc(F)ccc2c(n1)C1CCN(CCCNS(=O)(c2c(C)c3cc(ccc3s2)F)=O)CC1,8.638272163982407
C(CCN1CCC(c2c3ccc(F)cc3on2)CC1)NS(=O)(=O)c1c(c2c(s1)ccc(F)c2)C,8.638272163982407
O=S(NCCCN1CCC(c2c3ccc(cc3on2)F)CC1)(=O)c1sc2c(cc(cc2)F)c1C,8.638272163982407
C1CN(CCCNS(=O)(=O)c2c(c3c(s2)ccc(c3)F)C)CCC1c1c2ccc(cc2on1)F,8.638272163982407
c1c2sc(c(c2cc(c1)F)C)S(NCCCN1CCC(c2noc3c2ccc(c3)F)CC1)(=O)=O,8.638272163982407
c12c(cccc1)CCN(CCCC(=O)c1ccc(F)cc1)C2,7.853871964321762
C(CCC(=O)c1ccc(cc1)F)N1CCc2ccccc2C1,7.853871964321762
C1N(CCCC(c2ccc(cc2)F)=O)Cc2c(cccc2)C1,7.853871964321762
c1c(ccc(F)c1)C(CCCN1CCc2ccccc2C1)=O,7.853871964321762
c12ccccc1CN(CC2)CCCC(c1ccc(cc1)F)=O,7.853871964321762
Cc1cc(OCCCN2CCN(CC2)c2cccc(OC)c2)c2c(oc(cc2C)=O)c1,6.97469413473523
O(c1c2c(cc(c1)C)oc(=O)cc2C)CCCN1CCN(c2cccc(OC)c2)CC1,6.97469413473523
C1N(CCN(CCCOc2cc(cc3c2c(C)cc(o3)=O)C)C1)c1cccc(OC)c1,6.97469413473523
C1N(CCCOc2c3c(C)cc(oc3cc(c2)C)=O)CCN(c2cc(ccc2)OC)C1,6.97469413473523
C(Oc1cc(C)cc2oc(=O)cc(c12)C)CCN1CCN(CC1)c1cc(OC)ccc1,6.97469413473523
c1(c[nH]c2cccc(c21)OC)C1=CCCNC1,7.296708621881338
c1(c[nH]c2cccc(OC)c21)C1CNCCC=1,7.296708621881338
C1(c2c3c(cccc3[nH]c2)OC)CNCCC=1,7.296708621881338
C1NCC(=CC1)c1c[nH]c2cccc(OC)c12,7.296708621881338
C1(CNCCC=1)c1c[nH]c2cccc(c12)OC,7.296708621881338
N1(CCN(CC1)CCCCc1ccc(cc1)N)c1ncccc1,6.2017085382291635
c1(CCCCN2CCN(CC2)c2ccccn2)ccc(cc1)N,6.2017085382291635
c1(N2CCN(CC2)CCCCc2ccc(N)cc2)ncccc1,6.2017085382291635
C(CCN1CCN(CC1)c1ccccn1)Cc1ccc(N)cc1,6.2017085382291635
Nc1ccc(cc1)CCCCN1CCN(CC1)c1ncccc1,6.2017085382291635
C(NC(Nc1cccc(c1)C#N)=O)CCN1CC(CCC1)Cc1ccccc1F,5.650722472532045
C1C(Cc2ccccc2F)CCCN1CCCNC(=O)Nc1cc(ccc1)C#N,5.650722472532045
N(C(=O)NCCCN1CCCC(C1)Cc1c(F)cccc1)c1cc(C#N)ccc1,5.650722472532045
C(CNC(=O)Nc1cccc(C#N)c1)CN1CC(Cc2c(cccc2)F)CCC1,5.650722472532045
Fc1ccccc1CC1CCCN(C1)CCCNC(=O)Nc1cccc(c1)C#N,5.650722472532045
C(C(N(CC)CCN1CCC(c2c3c([nH]c2)cccc3)CC1)=O)(O)C,8.744727494896694
c1[nH]c2c(c1C1CCN(CC1)CCN(C(=O)C(C)O)CC)cccc2,8.744727494896694
C1(c2c3ccccc3[nH]c2)CCN(CC1)CCN(CC)C(=O)C(O)C,8.744727494896694
C1CN(CCC1c1c2c([nH]c1)cccc2)CCN(CC)C(=O)C(C)O,8.744727494896694
C(CN1CCC(c2c3ccccc3[nH]c2)CC1)N(C(=O)C(C)O)CC,8.744727494896694
C1(=O)N(CCN2CCN(CC2)c2nsc3ccccc23)CCc2nn(cc21)CC,8.978810700930062
c1cc2snc(N3CCN(CC3)CCN3C(c4cn(nc4CC3)CC)=O)c2cc1,8.978810700930062
c1(N2CCN(CC2)CCN2C(=O)c3c(nn(c3)CC)CC2)nsc2ccccc12,8.978810700930062
C(n1nc2c(c1)C(=O)N(CC2)CCN1CCN(c2nsc3c2cccc3)CC1)C,8.978810700930062
N1(c2nsc3c2cccc3)CCN(CC1)CCN1C(=O)c2cn(nc2CC1)CC,8.978810700930062
C1(=O)N(CCc2c1cncn2)CCN1CCC(CC1)c1noc2c1cccc2,8.119186407719209
c1ncc2C(=O)N(CCN3CCC(c4noc5ccccc45)CC3)CCc2n1,8.119186407719209
c1c2onc(c2ccc1)C1CCN(CC1)CCN1CCc2ncncc2C1=O,8.119186407719209
N1(CCC(c2c3c(on2)cccc3)CC1)CCN1CCc2ncncc2C1=O,8.119186407719209
C1c2ncncc2C(N(CCN2CCC(c3noc4ccccc43)CC2)C1)=O,8.119186407719209
C1(N(C(=O)Cc2ccc(cc2)OC(C)C)Cc2ccc(cc2F)F)CCN(CC1)C,8.300162274132754
c1c(cc(c(CN(C(Cc2ccc(OC(C)C)cc2)=O)C2CCN(C)CC2)c1)F)F,8.300162274132754
c1(cc(F)c(cc1)CN(C(=O)Cc1ccc(cc1)OC(C)C)C1CCN(CC1)C)F,8.300162274132754
C(C)(C)Oc1ccc(cc1)CC(=O)N(Cc1c(cc(F)cc1)F)C1CCN(CC1)C,8.300162274132754
C(N(C1CCN(C)CC1)C(Cc1ccc(OC(C)C)cc1)=O)c1ccc(cc1F)F,8.300162274132754
C1N(CCN(CCc2cc3C(NC(c4ccc(F)cc4)=O)CCc3cc2)C1)c1nsc2ccccc21,8.610833915635467
c1cc(ccc1C(NC1c2cc(CCN3CCN(c4nsc5c4cccc5)CC3)ccc2CC1)=O)F,8.610833915635467
c1ccc2c(c1)c(ns2)N1CCN(CCc2ccc3c(C(CC3)NC(c3ccc(F)cc3)=O)c2)CC1,8.610833915635467
c12c(nsc1cccc2)N1CCN(CCc2ccc3CCC(NC(c4ccc(cc4)F)=O)c3c2)CC1,8.610833915635467
C1CN(c2c3c(sn2)cccc3)CCN1CCc1cc2c(CCC2NC(c2ccc(F)cc2)=O)cc1,8.610833915635467
c1ccc2c3c(ccn3C(C)CN)ccc2c1,5.366531544420414
C(C(C)n1ccc2c1c1ccccc1cc2)N,5.366531544420414
c12c(c3n(ccc3cc2)C(C)CN)cccc1,5.366531544420414
c1cc2ccc3ccn(c3c2cc1)C(CN)C,5.366531544420414
c1n(c2c3c(cccc3)ccc2c1)C(CN)C,5.366531544420414
C1c2ccccc2C(=CCCN(C)C)c2ccccc2C1,8.359121221298382
c1cccc2C(=CCCN(C)C)c3c(cccc3)CCc21,8.359121221298382
C1c2c(C(c3c(C1)cccc3)=CCCN(C)C)cccc2,8.359121221298382
c1cccc2c1CCc1ccccc1C2=CCCN(C)C,8.359121221298382
C1Cc2c(C(=CCCN(C)C)c3ccccc31)cccc2,8.359121221298382
O=C1c2ccccc2S(N1Cc1ccc(cc1)CN1CCN(c2c(cccc2)OC)CC1)(=O)=O,5.322940822607839
COc1ccccc1N1CCN(Cc2ccc(cc2)CN2S(c3c(cccc3)C2=O)(=O)=O)CC1,5.322940822607839
c1ccc(OC)c(N2CCN(Cc3ccc(CN4C(=O)c5c(cccc5)S4(=O)=O)cc3)CC2)c1,5.322940822607839
COc1c(cccc1)N1CCN(CC1)Cc1ccc(cc1)CN1S(c2ccccc2C1=O)(=O)=O,5.322940822607839
COc1c(N2CCN(CC2)Cc2ccc(CN3S(=O)(c4c(cccc4)C3=O)=O)cc2)cccc1,5.322940822607839
c1(OC)c(ccc(c1)CN1CCCC1)OCCCN1CCC(CC1)c1noc2c1ccc(c2)F,7.966576244513051
O(c1ccc(cc1OC)CN1CCCC1)CCCN1CCC(c2c3c(cc(F)cc3)on2)CC1,7.966576244513051
c12c(c(no2)C2CCN(CC2)CCCOc2ccc(cc2OC)CN2CCCC2)ccc(c1)F,7.966576244513051
C(N1CCC(CC1)c1noc2c1ccc(c2)F)CCOc1c(cc(CN2CCCC2)cc1)OC,7.966576244513051
C1C(c2noc3c2ccc(F)c3)CCN(CCCOc2ccc(cc2OC)CN2CCCC2)C1,7.966576244513051
c1ccc(cc1Cl)CNc1c(cc2C(c3ccccc3)CN(CCc2c1)C)O,7.987162775294828
Oc1cc2C(CN(CCc2cc1NCc1cc(ccc1)Cl)C)c1ccccc1,7.987162775294828
Clc1cccc(CNc2cc3CCN(C)CC(c3cc2O)c2ccccc2)c1,7.987162775294828
c1ccc(CNc2c(O)cc3c(c2)CCN(C)CC3c2ccccc2)cc1Cl,7.987162775294828
Clc1cccc(c1)CNc1cc2CCN(C)CC(c3ccccc3)c2cc1O,7.987162775294828
c1c(F)ccc2c1cccc2N1CCN(CCCCOc2ccc3CCC(Nc3n2)=O)CC1,8.455931955649724
Fc1ccc2c(cccc2N2CCN(CC2)CCCCOc2ccc3c(NC(=O)CC3)n2)c1,8.455931955649724
N1(CCCCOc2ccc3c(NC(CC3)=O)n2)CCN(CC1)c1cccc2c1ccc(c2)F,8.455931955649724
c1c(nc2NC(=O)CCc2c1)OCCCCN1CCN(c2c3c(cc(F)cc3)ccc2)CC1,8.455931955649724
c1ccc(c2ccc(F)cc12)N1CCN(CCCCOc2ccc3c(n2)NC(=O)CC3)CC1,8.455931955649724
o1c2ccccc2c(C2CN(CC2)CCN2CCCc3n(ccc3C2=O)C)n1,7.860120913598763
C1N(CCN2C(c3c(n(C)cc3)CCC2)=O)CCC1c1noc2c1cccc2,7.860120913598763
c12ccccc1c(no2)C1CN(CCN2CCCc3n(C)ccc3C2=O)CC1,7.860120913598763
n1(c2CCCN(C(=O)c2cc1)CCN1CC(c2noc3c2cccc3)CC1)C,7.860120913598763
C1CCN(C(=O)c2ccn(c21)C)CCN1CC(CC1)c1c2c(on1)cccc2,7.860120913598763
C(CN1CCN(CC1)c1c2ccccc2sn1)C1CCC(NC(=O)Nc2ccccc2)CC1,8.619788758288394
s1nc(c2ccccc12)N1CCN(CCC2CCC(NC(Nc3ccccc3)=O)CC2)CC1,8.619788758288394
O=C(NC1CCC(CCN2CCN(c3nsc4ccccc43)CC2)CC1)Nc1ccccc1,8.619788758288394
n1sc2ccccc2c1N1CCN(CCC2CCC(CC2)NC(=O)Nc2ccccc2)CC1,8.619788758288394
O=C(NC1CCC(CC1)CCN1CCN(CC1)c1nsc2c1cccc2)Nc1ccccc1,8.619788758288394
C(N1CCN(CC1)c1c2CCOc2ccn1)CC1CCC(CC1)NC(N(C)C)=O,7.542118103266008
c1cnc(N2CCN(CC2)CCC2CCC(NC(N(C)C)=O)CC2)c2c1OCC2,7.542118103266008
C1C(NC(N(C)C)=O)CCC(CCN2CCN(c3nccc4OCCc34)CC2)C1,7.542118103266008
c1nc(c2c(OCC2)c1)N1CCN(CCC2CCC(NC(=O)N(C)C)CC2)CC1,7.542118103266008
C1CN(CCN1CCC1CCC(NC(N(C)C)=O)CC1)c1nccc2OCCc12,7.542118103266008
c1(c2C3(OC(C)=O)CC(C(c2c(n1OCCCN1CCN(CC1)c1ccccc1F)O)C(C)=C3)C)O,5.9696998947978495
c1cc(c(cc1)N1CCN(CC1)CCCOn1c(O)c2c(c1O)C1C(C)=CC2(OC(=O)C)CC1C)F,5.9696998947978495
CC1CC2(c3c(C1C(=C2)C)c(n(c3O)OCCCN1CCN(c2c(cccc2)F)CC1)O)OC(C)=O,5.9696998947978495
c1cccc(c1F)N1CCN(CC1)CCCOn1c(O)c2c(C3C(C)CC2(C=C3C)OC(C)=O)c1O,5.9696998947978495
c1(c(cccc1)N1CCN(CCCOn2c(O)c3c(C4(OC(=O)C)CC(C3C(C)=C4)C)c2O)CC1)F,5.9696998947978495
c1[nH]c2ccc(cc2c1C=NNC(N)=NCCCCC)OC,6.365099725510009
C(c1c2c([nH]c1)ccc(c2)OC)=NNC(N)=NCCCCC,6.365099725510009
c12ccc(OC)cc1c(c[nH]2)C=NNC(N)=NCCCCC,6.365099725510009
O(c1ccc2[nH]cc(C=NNC(=NCCCCC)N)c2c1)C,6.365099725510009
CCCCCN=C(NN=Cc1c[nH]c2c1cc(OC)cc2)N,6.365099725510009
C1N(c2c3ccccc3on2)CCN(CCN2C(c3c(CC2)onc3C)=O)C1,7.221848749616356
N1(CCN(CCN2CCc3onc(C)c3C2=O)CC1)c1noc2c1cccc2,7.221848749616356
Cc1noc2CCN(C(c12)=O)CCN1CCN(c2noc3ccccc32)CC1,7.221848749616356
N1(c2c3ccccc3on2)CCN(CC1)CCN1CCc2c(c(C)no2)C1=O,7.221848749616356
C1Cc2c(c(C)no2)C(=O)N1CCN1CCN(CC1)c1noc2ccccc21,7.221848749616356
C1(CN(CCC1)CCCCn1c(c(-c2ccc(cc2)OC)c2ccccn2c1=O)=O)c1c[nH]c2ccccc21,7.6777807052660805
c1cccn2c(n(c(=O)c(c21)-c1ccc(OC)cc1)CCCCN1CC(c2c3ccccc3[nH]c2)CCC1)=O,7.6777807052660805
c1[nH]c2c(c1C1CCCN(CCCCn3c(c(-c4ccc(cc4)OC)c4ccccn4c3=O)=O)C1)cccc2,7.6777807052660805
c1n2c(c(-c3ccc(OC)cc3)c(=O)n(c2=O)CCCCN2CC(c3c4c(cccc4)[nH]c3)CCC2)ccc1,7.6777807052660805
C1CN(CC(C1)c1c2c(cccc2)[nH]c1)CCCCn1c(n2c(c(-c3ccc(cc3)OC)c1=O)cccc2)=O,7.6777807052660805
c1c(cccc1S(Nc1cc(C(CCCCN2CCC3(NC(=O)NC3=O)CC2)=O)c(cc1OC)OC)(=O)=O)Cl,5.700000503883016
C(CCCC(c1c(OC)cc(c(NS(c2cc(Cl)ccc2)(=O)=O)c1)OC)=O)N1CCC2(NC(=O)NC2=O)CC1,5.700000503883016
c1(Cl)cc(ccc1)S(=O)(Nc1c(cc(c(C(CCCCN2CCC3(CC2)C(=O)NC(=O)N3)=O)c1)OC)OC)=O,5.700000503883016
N1C(=O)NC2(CCN(CCCCC(c3c(OC)cc(c(NS(c4cc(Cl)ccc4)(=O)=O)c3)OC)=O)CC2)C1=O,5.700000503883016
O(C)c1cc(OC)c(C(=O)CCCCN2CCC3(NC(NC3=O)=O)CC2)cc1NS(=O)(c1cc(Cl)ccc1)=O,5.700000503883016
n1c2c(CC3CNCC(N32)C)ccc1C#N,5.593971055036385
CC1CNCC2N1c1c(ccc(C#N)n1)C2,5.593971055036385
c1(ccc2CC3CNCC(C)N3c2n1)C#N,5.593971055036385
C(#N)c1ccc2c(N3C(CNCC3C2)C)n1,5.593971055036385
C1NCC2Cc3ccc(C#N)nc3N2C1C,5.593971055036385
N1(C2C(c3cccc4[nH]cc(c43)C2)CC(C1)C(NC1(C)C(=O)N2C(O1)(C1N(C(=O)C2Cc2ccccc2)CCC1)O)=O)C,8.643400564275028
C1(C(Cc2ccccc2)N2C(C(OC2(C2N1CCC2)O)(C)NC(C1CN(C2C(C1)c1c3c(c[nH]c3ccc1)C2)C)=O)=O)=O,8.643400564275028
c1cc2c3c(C4C(Cc3c[nH]2)N(C)CC(C4)C(=O)NC2(OC3(O)N(C2=O)C(C(=O)N2C3CCC2)Cc2ccccc2)C)c1,8.643400564275028
c1c2CC3N(CC(CC3c3cccc([nH]1)c23)C(=O)NC1(C(N2C(C3N(CCC3)C(=O)C2Cc2ccccc2)(O)O1)=O)C)C,8.643400564275028
C12c3cccc4c3c(CC1N(CC(C2)C(=O)NC1(OC2(C3N(CCC3)C(C(N2C1=O)Cc1ccccc1)=O)O)C)C)c[nH]4,8.643400564275028
N1(CCc2c(nccc2)C1=O)CCN1CCC(CC1)c1noc2c(cccc21)C,7.040958607678906
c1cc2c(C(N(CCN3CCC(c4c5cccc(C)c5on4)CC3)CC2)=O)nc1,7.040958607678906
c1(C2CCN(CCN3C(=O)c4c(CC3)cccn4)CC2)noc2c(cccc12)C,7.040958607678906
C(N1C(=O)c2c(CC1)cccn2)CN1CCC(c2c3cccc(c3on2)C)CC1,7.040958607678906
C1N(CCN2CCC(c3noc4c3cccc4C)CC2)C(c2ncccc2C1)=O,7.040958607678906
FC(F)(c1cc(cc2c1C(=O)NC1CNCC21)CC)F,6.804100347590766
N1C2C(CNC2)c2cc(cc(c2C1=O)C(F)(F)F)CC,6.804100347590766
c12cc(cc(c2C(=O)NC2CNCC21)C(F)(F)F)CC,6.804100347590766
N1C2C(c3cc(CC)cc(C(F)(F)F)c3C1=O)CNC2,6.804100347590766
C1NCC2NC(=O)c3c(C12)cc(cc3C(F)(F)F)CC,6.804100347590766
N12C(CNCC1Cc1ccccc12)C,8.721246399047171
CC1CNCC2Cc3ccccc3N21,8.721246399047171
c1ccc2CC3CNCC(C)N3c2c1,8.721246399047171
C1C(C)N2c3c(CC2CN1)cccc3,8.721246399047171
c1cc2c(cc1)N1C(C)CNCC1C2,8.721246399047171
N(C1CCC(CC1)CCN1CCN(CC1)c1c2c(sn1)cccc2)S(=O)(c1ccco1)=O,9.332547047110046
C1N(CCC2CCC(NS(c3ccco3)(=O)=O)CC2)CCN(c2nsc3ccccc32)C1,9.332547047110046
C(CN1CCN(CC1)c1nsc2ccccc21)C1CCC(CC1)NS(c1occc1)(=O)=O,9.332547047110046
C(C1CCC(NS(=O)(c2ccco2)=O)CC1)CN1CCN(c2nsc3c2cccc3)CC1,9.332547047110046
C1C(CCC(C1)NS(c1ccco1)(=O)=O)CCN1CCN(c2c3ccccc3sn2)CC1,9.332547047110046
c12c(Cc3ccccc3C3(CCC(N4CC(C(O)=O)C4)C3)C1)cccc2,7.79997073344623
c12c(Cc3c(cccc3)CC31CC(CC3)N1CC(C(O)=O)C1)cccc2,7.79997073344623
C1C(N2CC(C(=O)O)C2)CCC21c1c(cccc1)Cc1c(cccc1)C2,7.79997073344623
c12C3(CC(CC3)N3CC(C(O)=O)C3)Cc3ccccc3Cc2cccc1,7.79997073344623
C1c2c(cccc2)Cc2c(C31CCC(N1CC(C1)C(O)=O)C3)cccc2,7.79997073344623
c1cc(-c2[nH]c3c(c2C2C(CCNC2)F)ccc(F)c3)ccc1,10.221848749616356
c1cc(cc2[nH]c(c(c12)C1C(F)CCNC1)-c1ccccc1)F,10.221848749616356
C1CNCC(C1F)c1c(-c2ccccc2)[nH]c2cc(F)ccc12,10.221848749616356
c1c2[nH]c(-c3ccccc3)c(C3C(CCNC3)F)c2ccc1F,10.221848749616356
C1(C(c2c3ccc(F)cc3[nH]c2-c2ccccc2)CNCC1)F,10.221848749616356
c1(cc(OC)ccc1-c1ccccc1)CNC(NCCCN1CCN(CC1)c1ccccc1OC)=O,6.920818753952375
c1(CNC(=O)NCCCN2CCN(CC2)c2c(cccc2)OC)cc(OC)ccc1-c1ccccc1,6.920818753952375
COc1ccccc1N1CCN(CC1)CCCNC(=O)NCc1c(ccc(OC)c1)-c1ccccc1,6.920818753952375
O=C(NCc1cc(OC)ccc1-c1ccccc1)NCCCN1CCN(c2c(cccc2)OC)CC1,6.920818753952375
c1ccccc1-c1c(CNC(=O)NCCCN2CCN(c3ccccc3OC)CC2)cc(OC)cc1,6.920818753952375
C(CCC(=O)OC(CN(C)C)COc1c(cccc1)CCc1ccc(cc1)OC)(O)=O,8.300162274132754
c1cc(OC)ccc1CCc1ccccc1OCC(CN(C)C)OC(=O)CCC(=O)O,8.300162274132754
c1(ccc(cc1)OC)CCc1ccccc1OCC(CN(C)C)OC(CCC(O)=O)=O,8.300162274132754
O=C(CCC(OC(COc1c(CCc2ccc(OC)cc2)cccc1)CN(C)C)=O)O,8.300162274132754
c1cccc(c1OCC(OC(=O)CCC(O)=O)CN(C)C)CCc1ccc(OC)cc1,8.300162274132754
O=S(NCCCCN1CCC(c2c3ccc(F)cc3on2)CC1)(=O)c1cc2ccccc2cc1,8.769551078621726
c1c(S(=O)(NCCCCN2CCC(c3c4ccc(cc4on3)F)CC2)=O)cc2c(c1)cccc2,8.769551078621726
C(CNS(=O)(=O)c1ccc2c(cccc2)c1)CCN1CCC(CC1)c1c2c(cc(F)cc2)on1,8.769551078621726
S(c1cc2c(cccc2)cc1)(=O)(NCCCCN1CCC(c2c3ccc(F)cc3on2)CC1)=O,8.769551078621726
c1ccc2cc(S(=O)(NCCCCN3CCC(CC3)c3c4ccc(cc4on3)F)=O)ccc2c1,8.769551078621726
c12cc(F)ccc2c(C2=CCCN(C2)C)[nH]n1,7.325138859262188
N1(C)CCC=C(C1)c1[nH]nc2c1ccc(F)c2,7.325138859262188
C1C(=CCCN1C)c1c2ccc(F)cc2n[nH]1,7.325138859262188
c1(cc2c(cc1)c(C1=CCCN(C)C1)[nH]n2)F,7.325138859262188
CN1CCC=C(C1)c1[nH]nc2cc(F)ccc21,7.325138859262188
Fc1cc(c(cc1)OCCCN1CC2c3cccc4c3N(C2CC1)CC(N4)=O)O,7.721246399047171
C1C2N3c4c(cccc4NC(=O)C3)C2CN(C1)CCCOc1ccc(cc1O)F,7.721246399047171
Oc1c(OCCCN2CCC3N4CC(Nc5c4c(C3C2)ccc5)=O)ccc(c1)F,7.721246399047171
C(Oc1ccc(F)cc1O)CCN1CCC2N3c4c(cccc4C2C1)NC(=O)C3,7.721246399047171
N1(CCC2N3CC(=O)Nc4c3c(ccc4)C2C1)CCCOc1ccc(F)cc1O,7.721246399047171
c1cccc(Cl)c1C1c2ccccc2CC(C1)N(C)C,5.552841968657781
c1(ccccc1C1CC(Cc2c1cccc2)N(C)C)Cl,5.552841968657781
c12ccccc1CC(CC2c1c(cccc1)Cl)N(C)C,5.552841968657781
CN(C)C1Cc2ccccc2C(c2c(cccc2)Cl)C1,5.552841968657781
c1cc(c(cc1)Cl)C1c2ccccc2CC(N(C)C)C1,5.552841968657781
o1nc(N2CCN(CCN3CCCc4n(ncc4C3=O)C)CC2)c2c1cccc2,8.55284196865778
c12ccccc1c(N1CCN(CCN3CCCc4c(cnn4C)C3=O)CC1)no2,8.55284196865778
c1cc2onc(c2cc1)N1CCN(CC1)CCN1CCCc2c(cnn2C)C1=O,8.55284196865778
C1(=O)c2c(n(C)nc2)CCCN1CCN1CCN(c2noc3ccccc23)CC1,8.55284196865778
C1N(CCN(C1)c1noc2c1cccc2)CCN1CCCc2n(C)ncc2C1=O,8.55284196865778
C(CC1CCC(CC1)NC(CS(C)(=O)=O)=O)N1CCC(c2coc3ccccc23)CC1,8.450996737974211
C1CN(CCC2CCC(NC(=O)CS(C)(=O)=O)CC2)CCC1c1c2ccccc2oc1,8.450996737974211
C1CC(c2c3c(oc2)cccc3)CCN1CCC1CCC(CC1)NC(=O)CS(=O)(C)=O,8.450996737974211
C1C(c2coc3c2cccc3)CCN(CCC2CCC(NC(=O)CS(=O)(C)=O)CC2)C1,8.450996737974211
C1C(CCN(C1)CCC1CCC(NC(=O)CS(=O)(C)=O)CC1)c1c2c(oc1)cccc2,8.450996737974211
c1c(ccc(CN2CCC(NC(=O)c3ccc(cc3)-c3sccc3)C2)c1)F,7.853871964321762
c1cc(ccc1C(NC1CCN(Cc2ccc(F)cc2)C1)=O)-c1cccs1,7.853871964321762
N(C(c1ccc(cc1)-c1cccs1)=O)C1CN(Cc2ccc(F)cc2)CC1,7.853871964321762
c1c(F)ccc(c1)CN1CC(CC1)NC(=O)c1ccc(-c2sccc2)cc1,7.853871964321762
c1c(ccc(-c2cccs2)c1)C(NC1CN(Cc2ccc(cc2)F)CC1)=O,7.853871964321762
C1C(c2c3CCOc3ccc2)CCN(CCC2CCC(NC(=O)C(F)(F)F)CC2)C1,7.2580609222708015
C(CC1CCC(NC(C(F)(F)F)=O)CC1)N1CCC(c2c3CCOc3ccc2)CC1,7.2580609222708015
N1(CCC2CCC(CC2)NC(C(F)(F)F)=O)CCC(c2c3CCOc3ccc2)CC1,7.2580609222708015
C1C(CCC(C1)CCN1CCC(c2cccc3OCCc32)CC1)NC(=O)C(F)(F)F,7.2580609222708015
c12c(cccc2OCC1)C1CCN(CCC2CCC(CC2)NC(C(F)(F)F)=O)CC1,7.2580609222708015
c1c(F)cc(c(c1)CN(C(Cc1ccc(OC(C)C)cc1)=O)C1CCN(CC1)C)Cl,6.5003129173815966
C1CN(C)CCC1N(Cc1c(Cl)cc(F)cc1)C(Cc1ccc(cc1)OC(C)C)=O,6.5003129173815966
c1(CC(=O)N(C2CCN(C)CC2)Cc2c(Cl)cc(F)cc2)ccc(OC(C)C)cc1,6.5003129173815966
C1C(N(Cc2c(cc(F)cc2)Cl)C(Cc2ccc(OC(C)C)cc2)=O)CCN(C)C1,6.5003129173815966
c1(ccc(cc1)OC(C)C)CC(N(Cc1c(Cl)cc(cc1)F)C1CCN(C)CC1)=O,6.5003129173815966
C1N(CCC2CCC(CC2)NC(COC)=O)CCN(c2cccc(c2Cl)CC)C1,7.681936665037238
C1N(CCN(CCC2CCC(NC(COC)=O)CC2)C1)c1cccc(CC)c1Cl,7.681936665037238
c1cc(c(Cl)c(c1)CC)N1CCN(CC1)CCC1CCC(CC1)NC(COC)=O,7.681936665037238
c1ccc(N2CCN(CCC3CCC(CC3)NC(=O)COC)CC2)c(Cl)c1CC,7.681936665037238
c1cc(CC)c(Cl)c(N2CCN(CC2)CCC2CCC(CC2)NC(COC)=O)c1,7.681936665037238
C1N(CCC(c2coc3ccccc32)C1)CCC1CCC(CC1)NC(=O)c1ccc(C(C)(C)C)cc1,8.423658649794207
c1c(c2c(o1)cccc2)C1CCN(CCC2CCC(NC(c3ccc(cc3)C(C)(C)C)=O)CC2)CC1,8.423658649794207
N(C1CCC(CCN2CCC(c3coc4ccccc43)CC2)CC1)C(c1ccc(cc1)C(C)(C)C)=O,8.423658649794207
c1c(ccc(C(C)(C)C)c1)C(=O)NC1CCC(CCN2CCC(c3c4c(oc3)cccc4)CC2)CC1,8.423658649794207
C1CC(NC(=O)c2ccc(cc2)C(C)(C)C)CCC1CCN1CCC(c2coc3c2cccc3)CC1,8.423658649794207
C(OC(C(Cc1c2c(ccc1)cccc2)CC1OCCC1)=O)CN(CC)CC,6.8312963197509236
C(COC(=O)C(Cc1cccc2ccccc12)CC1CCCO1)N(CC)CC,6.8312963197509236
O1C(CC(Cc2c3ccccc3ccc2)C(=O)OCCN(CC)CC)CCC1,6.8312963197509236
c1(CC(C(=O)OCCN(CC)CC)CC2CCCO2)cccc2ccccc21,6.8312963197509236
c1(cccc2c1cccc2)CC(C(=O)OCCN(CC)CC)CC1CCCO1,6.8312963197509236
C1C(CCN(CCc2ccc(F)cc2F)C1)S(=O)(=O)c1ccc(cc1)C#N,8.585026652029182
c1c(F)c(CCN2CCC(S(=O)(=O)c3ccc(C#N)cc3)CC2)ccc1F,8.585026652029182
c1(F)cc(c(CCN2CCC(S(=O)(c3ccc(C#N)cc3)=O)CC2)cc1)F,8.585026652029182
Fc1ccc(CCN2CCC(CC2)S(=O)(=O)c2ccc(cc2)C#N)c(F)c1,8.585026652029182
N1(CCC(CC1)S(=O)(=O)c1ccc(cc1)C#N)CCc1c(cc(cc1)F)F,8.585026652029182
c1c(c(C)c2N3C(CNCC3Cc2c1)C)Cl,8.585026652029182
c1(C)c(Cl)ccc2CC3N(C(C)CNC3)c12,8.585026652029182
c1(Cl)c(C)c2c(CC3N2C(CNC3)C)cc1,8.585026652029182
c12c(C)c(ccc1CC1N2C(C)CNC1)Cl,8.585026652029182
c1(ccc2CC3CNCC(C)N3c2c1C)Cl,8.585026652029182
C(COc1c(OC)ccc(N2Cc3c(C2=O)c(ccc3)Br)c1)N1CCC(CC1)C,6.199998172182031
C1(CCN(CCOc2cc(ccc2OC)N2C(c3c(cccc3C2)Br)=O)CC1)C,6.199998172182031
Brc1c2C(=O)N(c3ccc(OC)c(OCCN4CCC(C)CC4)c3)Cc2ccc1,6.199998172182031
c1(cccc2c1C(=O)N(c1ccc(c(c1)OCCN1CCC(CC1)C)OC)C2)Br,6.199998172182031
c1cc2c(C(=O)N(c3ccc(OC)c(OCCN4CCC(C)CC4)c3)C2)c(c1)Br,6.199998172182031
C1c2cc(c(cc2N(C(Nc2cnc(cc2)Oc2cccnc2C)=O)C1)C(F)(F)F)SC,6.599997654072044
c1cnc(C)c(Oc2ccc(cn2)NC(=O)N2c3c(cc(SC)c(C(F)(F)F)c3)CC2)c1,6.599997654072044
O(c1ccc(cn1)NC(=O)N1CCc2cc(SC)c(C(F)(F)F)cc21)c1c(nccc1)C,6.599997654072044
C(F)(F)(F)c1c(SC)cc2CCN(C(Nc3ccc(Oc4cccnc4C)nc3)=O)c2c1,6.599997654072044
c1c2c(cc(c1SC)C(F)(F)F)N(C(=O)Nc1cnc(Oc3c(C)nccc3)cc1)CC2,6.599997654072044
C(=NO)c1c2n(cc(OCCCCN(CCC)C3Cc4cccc(O)c4CC3)cc2)nc1,6.055517327849832
C(CCCOc1ccc2n(c1)ncc2C=NO)N(CCC)C1CCc2c(O)cccc2C1,6.055517327849832
c1(O)cccc2CC(N(CCC)CCCCOc3cn4c(c(cn4)C=NO)cc3)CCc12,6.055517327849832
c12CCC(N(CCC)CCCCOc3ccc4n(c3)ncc4C=NO)Cc1cccc2O,6.055517327849832
c1cc(OCCCCN(CCC)C2Cc3c(c(ccc3)O)CC2)cn2ncc(C=NO)c12,6.055517327849832
C(NCCCCN1CCN(c2c(Cl)c(ccc2)Cl)CC1)(c1nnn(c1CCC)Cc1ccccc1)=O,8.602059991327963
C(CN1CCN(CC1)c1c(c(Cl)ccc1)Cl)CCNC(=O)c1c(CCC)n(Cc2ccccc2)nn1,8.602059991327963
c1cc(N2CCN(CC2)CCCCNC(=O)c2c(n(Cc3ccccc3)nn2)CCC)c(Cl)c(Cl)c1,8.602059991327963
C(CNC(=O)c1nnn(c1CCC)Cc1ccccc1)CCN1CCN(CC1)c1cccc(Cl)c1Cl,8.602059991327963
C(n1nnc(C(=O)NCCCCN2CCN(CC2)c2c(c(ccc2)Cl)Cl)c1CCC)c1ccccc1,8.602059991327963
C1CCC(C)N(C1)CCc1c2c(S(=O)(=O)c3ccccc3)c[nH]c2ccc1,7.050609993355087
S(=O)(c1ccccc1)(c1c[nH]c2c1c(CCN1CCCCC1C)ccc2)=O,7.050609993355087
c1cccc(c1)S(=O)(c1c[nH]c2c1c(CCN1C(CCCC1)C)ccc2)=O,7.050609993355087
C1(CCCCN1CCc1c2c(c[nH]c2ccc1)S(=O)(=O)c1ccccc1)C,7.050609993355087
c1cc(ccc1)S(=O)(=O)c1c[nH]c2cccc(CCN3CCCCC3C)c21,7.050609993355087
C1(Cc2nc[nH]c2)N=C(SC1C)c1ccccc1,5.236572006437063
C1(C)C(N=C(S1)c1ccccc1)Cc1nc[nH]c1,5.236572006437063
c1[nH]cc(n1)CC1N=C(SC1C)c1ccccc1,5.236572006437063
c1ccc(C2=NC(C(C)S2)Cc2c[nH]cn2)cc1,5.236572006437063
c1ccccc1C1SC(C(Cc2nc[nH]c2)N=1)C,5.236572006437063
OC12N(C(C(=O)N3C2CCC3)CC(C)C)C(=O)C(NC(=O)C2CN(C3Cc4c5c(cccc5C3=C2)[nH]c4)C)(O1)C(C)C,7.853871964321762
C(C)(C)CC1C(N2C(C3(N1C(=O)C(C(C)C)(O3)NC(C1CN(C)C3C(c4c5c(ccc4)[nH]cc5C3)=C1)=O)O)CCC2)=O,7.853871964321762
OC12OC(C(C)C)(C(=O)N1C(CC(C)C)C(=O)N1C2CCC1)NC(C1C=C2c3c4c(c[nH]c4ccc3)CC2N(C)C1)=O,7.853871964321762
CC(C1(NC(=O)C2C=C3c4cccc5c4c(c[nH]5)CC3N(C)C2)C(N2C(C3CCCN3C(C2CC(C)C)=O)(O1)O)=O)C,7.853871964321762
C12(O)C3N(CCC3)C(=O)C(CC(C)C)N1C(C(O2)(C(C)C)NC(=O)C1C=C2C(N(C1)C)Cc1c3c2cccc3[nH]c1)=O,7.853871964321762
C1CN(CCC1C)CCOc1c(OC)ccc(N2CC=C(c3cc(c(Cl)cc3)Cl)C2=O)c1,6.0999990348465305
c1c(ccc(Cl)c1Cl)C1C(=O)N(CC=1)c1ccc(c(c1)OCCN1CCC(CC1)C)OC,6.0999990348465305
c1(ccc(c(c1)OCCN1CCC(CC1)C)OC)N1CC=C(c2ccc(Cl)c(c2)Cl)C1=O,6.0999990348465305
c1(OCCN2CCC(CC2)C)cc(N2CC=C(C2=O)c2cc(c(Cl)cc2)Cl)ccc1OC,6.0999990348465305
C1C(CCN(CCOc2c(ccc(c2)N2C(C(c3cc(Cl)c(cc3)Cl)=CC2)=O)OC)C1)C,6.0999990348465305
C(CCCN1CC2C(CC1)N1CCCSc3cccc2c31)(c1ccc(cc1NC(OCC)=O)F)=O,7.292429823902063
Fc1ccc(C(=O)CCCN2CC3C(CC2)N2CCCSc4cccc3c42)c(c1)NC(OCC)=O,7.292429823902063
C(CC(c1c(cc(F)cc1)NC(OCC)=O)=O)CN1CCC2C(c3cccc4c3N2CCCS4)C1,7.292429823902063
C1Sc2c3c(ccc2)C2C(N3CC1)CCN(CCCC(=O)c1ccc(F)cc1NC(OCC)=O)C2,7.292429823902063
c12c3c(ccc1)C1C(N3CCCS2)CCN(C1)CCCC(=O)c1c(NC(=O)OCC)cc(cc1)F,7.292429823902063
N(C1CCC(CC1)CCN1CCC(CC1)c1c2c(ccc1)OCC2)C(CC1OCCOC1)=O,7.651695136951839
C1(NC(=O)CC2OCCOC2)CCC(CC1)CCN1CCC(c2cccc3OCCc23)CC1,7.651695136951839
C1C(NC(CC2COCCO2)=O)CCC(CCN2CCC(CC2)c2cccc3OCCc23)C1,7.651695136951839
c1(C2CCN(CCC3CCC(NC(CC4COCCO4)=O)CC3)CC2)cccc2c1CCO2,7.651695136951839
C1(c2c3c(ccc2)OCC3)CCN(CCC2CCC(CC2)NC(=O)CC2OCCOC2)CC1,7.651695136951839
C(C(CC(NC1CCC(CCN2CCC(c3coc4ccccc43)CC2)CC1)=O)O)(F)(F)F,8.013676222949234
C1C(CCN2CCC(CC2)c2coc3c2cccc3)CCC(NC(=O)CC(C(F)(F)F)O)C1,8.013676222949234
N(C1CCC(CCN2CCC(CC2)c2c3ccccc3oc2)CC1)C(CC(O)C(F)(F)F)=O,8.013676222949234
c12c(coc2cccc1)C1CCN(CCC2CCC(NC(CC(O)C(F)(F)F)=O)CC2)CC1,8.013676222949234
FC(C(CC(=O)NC1CCC(CC1)CCN1CCC(c2c3ccccc3oc2)CC1)O)(F)F,8.013676222949234
C1CN(CCN1C)c1c(ccc(NC(N2CCN(CC2)c2c(OC)cccc2)=O)c1)OC,5.171404543628298
c1cccc(c1OC)N1CCN(C(Nc2ccc(OC)c(c2)N2CCN(C)CC2)=O)CC1,5.171404543628298
C1CN(c2c(OC)cccc2)CCN1C(Nc1ccc(c(N2CCN(C)CC2)c1)OC)=O,5.171404543628298
c1(N2CCN(CC2)C)cc(NC(N2CCN(CC2)c2ccccc2OC)=O)ccc1OC,5.171404543628298
c1c(OC)c(N2CCN(C)CC2)cc(c1)NC(=O)N1CCN(c2c(cccc2)OC)CC1,5.171404543628298
C1c2n3CCNCc4cc(C)cc(c2CCC1)c34,5.909741947068683
C1c2c(c3c4c(cc(C)c3)CNCCn24)CCC1,5.909741947068683
c12CCCCc1c1cc(cc3CNCCn2c31)C,5.909741947068683
C1c2n3c4c(CNCC3)cc(cc4c2CCC1)C,5.909741947068683
c1(cc2c3n(c4c2CCCC4)CCNCc3c1)C,5.909741947068683
C1C(c2c3c(cccc3)oc2)CCN(CCC2CCC(NC(c3ccc(OC(C)(C)C)cc3)=O)CC2)C1,8.254925208417943
c12c(c(C3CCN(CCC4CCC(NC(c5ccc(OC(C)(C)C)cc5)=O)CC4)CC3)co1)cccc2,8.254925208417943
C(=O)(c1ccc(OC(C)(C)C)cc1)NC1CCC(CCN2CCC(c3coc4ccccc34)CC2)CC1,8.254925208417943
O=C(NC1CCC(CCN2CCC(c3coc4c3cccc4)CC2)CC1)c1ccc(OC(C)(C)C)cc1,8.254925208417943
C(CC1CCC(NC(=O)c2ccc(cc2)OC(C)(C)C)CC1)N1CCC(c2coc3c2cccc3)CC1,8.254925208417943
c1cc2[nH]ccc2c(N2CCN(CCC3CCCN3S(c3c4c(ccc3)nccc4)(=O)=O)CC2)c1,6.61261017366127
c1c2c(ncc1)cccc2S(N1C(CCN2CCN(c3cccc4[nH]ccc34)CC2)CCC1)(=O)=O,6.61261017366127
C(C1CCCN1S(=O)(c1c2c(nccc2)ccc1)=O)CN1CCN(CC1)c1c2cc[nH]c2ccc1,6.61261017366127
c1c(N2CCN(CCC3N(CCC3)S(=O)(=O)c3cccc4ncccc34)CC2)c2c(cc1)[nH]cc2,6.61261017366127
c1[nH]c2cccc(N3CCN(CCC4N(CCC4)S(=O)(=O)c4cccc5c4cccn5)CC3)c2c1,6.61261017366127
c1c(c(ccc1)N)C(=O)CCCN1CC2c3c4N(CCOc4ccc3)C2CC1,8.795880017344075
C1N(CCCC(=O)c2ccccc2N)CC2C(C1)N1c3c2cccc3OCC1,8.795880017344075
c1c(N)c(ccc1)C(CCCN1CCC2N3c4c(C2C1)cccc4OCC3)=O,8.795880017344075
Nc1ccccc1C(CCCN1CCC2N3CCOc4cccc(c43)C2C1)=O,8.795880017344075
C1N(CC2c3cccc4c3N(CCO4)C2C1)CCCC(c1c(N)cccc1)=O,8.795880017344075
c12cc(Cl)ccc2sc(S(=O)(=O)Nc2ccc(OC)c(c2)N2CCN3C(CCC3)C2)c1C,6.599997654072044
C1CN2C(CN1c1c(ccc(NS(c3c(C)c4c(s3)ccc(Cl)c4)(=O)=O)c1)OC)CCC2,6.599997654072044
S(c1c(c2cc(ccc2s1)Cl)C)(=O)(=O)Nc1cc(N2CCN3C(CCC3)C2)c(cc1)OC,6.599997654072044
Cc1c(S(Nc2cc(c(cc2)OC)N2CC3CCCN3CC2)(=O)=O)sc2c1cc(cc2)Cl,6.599997654072044
C12N(CCN(c3cc(ccc3OC)NS(=O)(=O)c3sc4c(cc(Cl)cc4)c3C)C2)CCC1,6.599997654072044
Fc1ccc(cc1)N1CCN(CCNc2nc(cnc2)Cl)CC1,6.991399828238082
C(N1CCN(c2ccc(F)cc2)CC1)CNc1nc(Cl)cnc1,6.991399828238082
C(Nc1nc(cnc1)Cl)CN1CCN(CC1)c1ccc(F)cc1,6.991399828238082
c1ncc(nc1NCCN1CCN(CC1)c1ccc(F)cc1)Cl,6.991399828238082
C1CN(CCN1CCNc1cncc(Cl)n1)c1ccc(cc1)F,6.991399828238082
c12cc(c(cc1onc2C1CCN(CCC2CCC(NC(CCOC)=O)CC2)CC1)Cl)F,7.356843534380293
c1(c(cc2onc(C3CCN(CC3)CCC3CCC(CC3)NC(CCOC)=O)c2c1)Cl)F,7.356843534380293
C1C(CCN(CCC2CCC(CC2)NC(CCOC)=O)C1)c1noc2cc(Cl)c(F)cc21,7.356843534380293
c1(Cl)cc2c(cc1F)c(C1CCN(CCC3CCC(CC3)NC(=O)CCOC)CC1)no2,7.356843534380293
C1C(NC(=O)CCOC)CCC(CCN2CCC(CC2)c2c3cc(c(cc3on2)Cl)F)C1,7.356843534380293
Clc1c2c(ccc1Cl)CCN2C(Nc1cnccc1)=O,5.299994570025129
N1(C(Nc2cnccc2)=O)CCc2ccc(Cl)c(Cl)c12,5.299994570025129
Clc1c2N(CCc2ccc1Cl)C(Nc1cnccc1)=O,5.299994570025129
n1cccc(NC(N2c3c(Cl)c(ccc3CC2)Cl)=O)c1,5.299994570025129
c12c(c(c(Cl)cc1)Cl)N(CC2)C(=O)Nc1cccnc1,5.299994570025129
c1nc(ccc1)COc1ncc(NC(N2CCc3cc(ccc23)Br)=O)cc1,5.59999938302362
c1c(cc2CCN(c2c1)C(Nc1ccc(nc1)OCc1ccccn1)=O)Br,5.59999938302362
c1(COc2ccc(NC(=O)N3CCc4cc(Br)ccc34)cn2)ccccn1,5.59999938302362
C(Nc1ccc(nc1)OCc1ccccn1)(N1CCc2cc(Br)ccc12)=O,5.59999938302362
N(c1ccc(OCc2ccccn2)nc1)C(=O)N1c2ccc(Br)cc2CC1,5.59999938302362
c1cc(c(c(N2CCN(CC2)CCCOc2ccc(cc2)NC(C)=O)c1)Cl)Cl,6.539252458155803
C1CN(CCN1c1c(c(ccc1)Cl)Cl)CCCOc1ccc(cc1)NC(=O)C,6.539252458155803
O(c1ccc(cc1)NC(=O)C)CCCN1CCN(c2cccc(Cl)c2Cl)CC1,6.539252458155803
C(Nc1ccc(cc1)OCCCN1CCN(c2c(c(Cl)ccc2)Cl)CC1)(=O)C,6.539252458155803
C(N1CCN(c2cccc(Cl)c2Cl)CC1)CCOc1ccc(NC(C)=O)cc1,6.539252458155803
c12c(OCO1)c(ccc2)N1CCN(CCC2CCC(NC(=O)CC#N)CC2)CC1,7.72792621249999
N1(c2c3OCOc3ccc2)CCN(CC1)CCC1CCC(NC(CC#N)=O)CC1,7.72792621249999
C1Oc2cccc(N3CCN(CCC4CCC(NC(CC#N)=O)CC4)CC3)c2O1,7.72792621249999
C1N(CCC2CCC(NC(CC#N)=O)CC2)CCN(c2cccc3c2OCO3)C1,7.72792621249999
c12OCOc2c(N2CCN(CCC3CCC(CC3)NC(=O)CC#N)CC2)ccc1,7.72792621249999
c1ccc(N2CCN(CC2)CCCCNC(=O)c2ccc(cc2)-c2ccccn2)c(OC)c1,6.642065152999546
c1(OC)ccccc1N1CCN(CC1)CCCCNC(=O)c1ccc(cc1)-c1ncccc1,6.642065152999546
O(C)c1ccccc1N1CCN(CC1)CCCCNC(c1ccc(cc1)-c1ncccc1)=O,6.642065152999546
C(=O)(NCCCCN1CCN(CC1)c1ccccc1OC)c1ccc(-c2ncccc2)cc1,6.642065152999546
c1(ccc(cc1)-c1ccccn1)C(=O)NCCCCN1CCN(c2ccccc2OC)CC1,6.642065152999546
C1C(CCC(C1)NC(=O)C(C)C)CCN1CCN(c2c3OCOc3ccc2)CC1,7.774949303861951
C1N(c2c3c(OCO3)ccc2)CCN(C1)CCC1CCC(CC1)NC(C(C)C)=O,7.774949303861951
c12c(cccc1OCO2)N1CCN(CC1)CCC1CCC(NC(=O)C(C)C)CC1,7.774949303861951
C(C)(C(NC1CCC(CC1)CCN1CCN(CC1)c1cccc2c1OCO2)=O)C,7.774949303861951
c1cc2c(OCO2)c(c1)N1CCN(CC1)CCC1CCC(NC(=O)C(C)C)CC1,7.774949303861951
Clc1c(Cl)c(N2CCN(CC2)CCC2CCN(CC2)S(=O)(=O)c2c3ccccc3cnc2)ccc1,6.430626090384954
C(CN1CCN(CC1)c1cccc(Cl)c1Cl)C1CCN(S(c2cncc3ccccc23)(=O)=O)CC1,6.430626090384954
c1cc2cncc(S(N3CCC(CC3)CCN3CCN(c4c(c(ccc4)Cl)Cl)CC3)(=O)=O)c2cc1,6.430626090384954
c1cc2c(cc1)c(cnc2)S(=O)(=O)N1CCC(CCN2CCN(c3c(c(Cl)ccc3)Cl)CC2)CC1,6.430626090384954
Clc1c(cccc1N1CCN(CC1)CCC1CCN(CC1)S(=O)(c1cncc2ccccc21)=O)Cl,6.430626090384954
C1N(CCC2(C1)Cc1c(CC2)cccc1)CCc1c(F)cc(cc1)F,8.537602002101044
Fc1cc(ccc1CCN1CCC2(CC1)Cc1c(cccc1)CC2)F,8.537602002101044
C1C2(Cc3ccccc3C1)CCN(CCc1c(F)cc(cc1)F)CC2,8.537602002101044
C(N1CCC2(Cc3ccccc3CC2)CC1)Cc1ccc(cc1F)F,8.537602002101044
c1cc(F)cc(F)c1CCN1CCC2(CC1)Cc1ccccc1CC2,8.537602002101044
Fc1ccc(S(=O)(NCCCCN2CCC(CC2)c2c3c(on2)cc(cc3)F)=O)cc1Cl,8.045757490560675
c1cc(S(=O)(NCCCCN2CCC(c3noc4c3ccc(F)c4)CC2)=O)cc(c1F)Cl,8.045757490560675
c1(c(Cl)cc(S(=O)(=O)NCCCCN2CCC(c3c4ccc(cc4on3)F)CC2)cc1)F,8.045757490560675
N(CCCCN1CCC(c2noc3cc(ccc32)F)CC1)S(=O)(c1cc(Cl)c(cc1)F)=O,8.045757490560675
o1nc(c2c1cc(F)cc2)C1CCN(CCCCNS(=O)(=O)c2ccc(F)c(c2)Cl)CC1,8.045757490560675
c1(nc(CN2CC(c3ccccc3)CC2)cs1)CCC,6.373659632624958
c1sc(nc1CN1CCC(c2ccccc2)C1)CCC,6.373659632624958
C1CN(Cc2csc(CCC)n2)CC1c1ccccc1,6.373659632624958
c1ccccc1C1CCN(Cc2nc(CCC)sc2)C1,6.373659632624958
C(C)Cc1nc(CN2CC(c3ccccc3)CC2)cs1,6.373659632624958
C(CN1CCC(CC1)C)Oc1c(ccc(c1)N1Cc2c(c(cc(c2)Cl)Cl)C1=O)OC,6.399996913372259
c1(OCCN2CCC(C)CC2)c(OC)ccc(c1)N1Cc2c(C1=O)c(Cl)cc(c2)Cl,6.399996913372259
C1(N(Cc2cc(cc(c21)Cl)Cl)c1cc(c(cc1)OC)OCCN1CCC(C)CC1)=O,6.399996913372259
C1C(CCN(CCOc2cc(N3Cc4cc(Cl)cc(Cl)c4C3=O)ccc2OC)C1)C,6.399996913372259
c1(cc2c(C(=O)N(c3cc(c(OC)cc3)OCCN3CCC(C)CC3)C2)c(Cl)c1)Cl,6.399996913372259
C(OCCN(CC)CC)(=O)C(CC1OCCC1)Cc1c2c(ccc1)cccc2,5.661108433824048
C1C(CC(C(OCCN(CC)CC)=O)Cc2c3ccccc3ccc2)OCC1,5.661108433824048
C(CN(CC)CC)OC(=O)C(CC1OCCC1)Cc1c2ccccc2ccc1,5.661108433824048
CCN(CCOC(=O)C(Cc1cccc2c1cccc2)CC1OCCC1)CC,5.661108433824048
c12ccccc1cccc2CC(C(=O)OCCN(CC)CC)CC1CCCO1,5.661108433824048
C1(F)C(c2c3c(cccc3)[nH]c2-c2ccccc2)CNCC1,9.366531544420413
[nH]1c(-c2ccccc2)c(C2CNCCC2F)c2c1cccc2,9.366531544420413
c1ccc2[nH]c(-c3ccccc3)c(C3C(F)CCNC3)c2c1,9.366531544420413
c1(-c2ccccc2)[nH]c2ccccc2c1C1C(F)CCNC1,9.366531544420413
c1ccc(-c2[nH]c3ccccc3c2C2CNCCC2F)cc1,9.366531544420413
C1CC(CCN2CCN(c3ccc(F)cc3)CC2)CCN1S(=O)(c1cccc2ncccc12)=O,6.856985199745905
C1N(CCN(C1)c1ccc(cc1)F)CCC1CCN(S(c2cccc3ncccc23)(=O)=O)CC1,6.856985199745905
C1CN(CCC2CCN(CC2)S(=O)(=O)c2c3cccnc3ccc2)CCN1c1ccc(cc1)F,6.856985199745905
C1CN(c2ccc(F)cc2)CCN1CCC1CCN(S(=O)(=O)c2cccc3c2cccn3)CC1,6.856985199745905
c1(c2c(ccc1)nccc2)S(=O)(N1CCC(CCN2CCN(c3ccc(F)cc3)CC2)CC1)=O,6.856985199745905
C(=O)(c1c2c(n[nH]1)cccc2)NCCCCN1CCN(c2ccccc2F)CC1,6.735182176990463
c1c2n[nH]c(c2ccc1)C(NCCCCN1CCN(CC1)c1ccccc1F)=O,6.735182176990463
C1N(CCN(CCCCNC(=O)c2[nH]nc3ccccc32)C1)c1c(cccc1)F,6.735182176990463
c1ccc(N2CCN(CC2)CCCCNC(c2[nH]nc3ccccc23)=O)c(c1)F,6.735182176990463
C(N1CCN(c2ccccc2F)CC1)CCCNC(=O)c1[nH]nc2ccccc12,6.735182176990463
C(N1CCN(c2c3CCOc3ccn2)CC1)CC1CCC(NC(C(C)(C)C)=O)CC1,8.0268721464003
C1Cc2c(nccc2O1)N1CCN(CC1)CCC1CCC(NC(C(C)(C)C)=O)CC1,8.0268721464003
C1N(c2nccc3OCCc23)CCN(CCC2CCC(NC(C(C)(C)C)=O)CC2)C1,8.0268721464003
N(C(C(C)(C)C)=O)C1CCC(CCN2CCN(c3nccc4c3CCO4)CC2)CC1,8.0268721464003
c12c(c(N3CCN(CC3)CCC3CCC(CC3)NC(=O)C(C)(C)C)ncc1)CCO2,8.0268721464003
c1c2onc(c2ccc1F)CCCN1CC(CC1)CS(=O)(=O)c1cc2c(cc1)cccc2,9.609948503541013
c1cc2c(CCCN3CCC(CS(=O)(c4cc5ccccc5cc4)=O)C3)noc2cc1F,9.609948503541013
c1cccc2cc(S(CC3CN(CC3)CCCc3noc4cc(F)ccc43)(=O)=O)ccc12,9.609948503541013
O=S(CC1CCN(C1)CCCc1noc2c1ccc(F)c2)(=O)c1cc2ccccc2cc1,9.609948503541013
c1c2c(onc2CCCN2CCC(CS(=O)(c3ccc4c(c3)cccc4)=O)C2)cc(c1)F,9.609948503541013
C(CC(=O)c1ccc(cc1)C(=O)N)CN1Cc2c(CC1)cccc2,6.391805697245991
c1cccc2CCN(Cc12)CCCC(c1ccc(C(=O)N)cc1)=O,6.391805697245991
c1cc(C(CCCN2CCc3c(cccc3)C2)=O)ccc1C(N)=O,6.391805697245991
c1cc(ccc1C(CCCN1CCc2c(C1)cccc2)=O)C(N)=O,6.391805697245991
c1cc2CN(CCCC(=O)c3ccc(C(N)=O)cc3)CCc2cc1,6.391805697245991
C1CN(CCN1c1c(Cl)c(ccc1)Cl)CCC1CCC(CC1)NC(=O)N(C)C,7.213319546803351
c1(Cl)c(cccc1Cl)N1CCN(CC1)CCC1CCC(CC1)NC(=O)N(C)C,7.213319546803351
c1(c(Cl)c(ccc1)Cl)N1CCN(CCC2CCC(NC(=O)N(C)C)CC2)CC1,7.213319546803351
CN(C(=O)NC1CCC(CC1)CCN1CCN(c2cccc(Cl)c2Cl)CC1)C,7.213319546803351
Clc1c(N2CCN(CCC3CCC(CC3)NC(N(C)C)=O)CC2)cccc1Cl,7.213319546803351
C1C(NC(=O)C(O)(C)C)CCC(C1)CCN1CCN(c2c3c(OCC3)ccn2)CC1,8.106793246940152
CC(O)(C(=O)NC1CCC(CCN2CCN(CC2)c2c3c(OCC3)ccn2)CC1)C,8.106793246940152
C1CC(NC(=O)C(C)(O)C)CCC1CCN1CCN(CC1)c1nccc2OCCc21,8.106793246940152
N1(c2nccc3OCCc32)CCN(CC1)CCC1CCC(CC1)NC(C(C)(O)C)=O,8.106793246940152
C1C(CCN2CCN(CC2)c2nccc3OCCc23)CCC(C1)NC(C(C)(C)O)=O,8.106793246940152
O1COc2cccc(c12)C1CCN(CC1)CCC1CCC(CC1)NC(c1ccc(cc1)F)=O,7.8843894883257
C(CC1CCC(CC1)NC(c1ccc(cc1)F)=O)N1CCC(c2cccc3c2OCO3)CC1,7.8843894883257
c1ccc(C2CCN(CC2)CCC2CCC(CC2)NC(c2ccc(F)cc2)=O)c2OCOc21,7.8843894883257
c1c(ccc(c1)F)C(NC1CCC(CCN2CCC(c3cccc4OCOc34)CC2)CC1)=O,7.8843894883257
C1C(CCN(CCC2CCC(CC2)NC(=O)c2ccc(cc2)F)C1)c1c2c(ccc1)OCO2,7.8843894883257
N1(C(=O)Nc2cc(Cl)c(Oc3cccnc3C)nc2)CCc2cc(C)c(cc21)Cl,6.900008766455316
c1(NC(=O)N2c3cc(c(cc3CC2)C)Cl)cc(Cl)c(nc1)Oc1c(C)nccc1,6.900008766455316
C(Nc1cc(c(nc1)Oc1cccnc1C)Cl)(N1c2cc(Cl)c(cc2CC1)C)=O,6.900008766455316
c1c(cc(c(n1)Oc1cccnc1C)Cl)NC(N1c2cc(c(C)cc2CC1)Cl)=O,6.900008766455316
c1(cc(NC(=O)N2c3c(CC2)cc(c(c3)Cl)C)cnc1Oc1cccnc1C)Cl,6.900008766455316
CN(C)CCc1cc(-c2ccccc2OC)c(cc1)Cl,6.6020599913279625
c1(c(-c2ccccc2OC)cc(cc1)CCN(C)C)Cl,6.6020599913279625
c1(c(ccc(c1)CCN(C)C)Cl)-c1c(OC)cccc1,6.6020599913279625
N(CCc1cc(-c2ccccc2OC)c(Cl)cc1)(C)C,6.6020599913279625
C(N(C)C)Cc1ccc(Cl)c(c1)-c1c(cccc1)OC,6.6020599913279625
n1c(CCCN2CCC(NS(=O)(=O)c3cccc(Cl)c3)C2)c2c(o1)cccc2,8.809948582240795
S(=O)(NC1CN(CC1)CCCc1c2ccccc2on1)(c1cccc(Cl)c1)=O,8.809948582240795
N1(CCCc2c3c(on2)cccc3)CC(NS(c2cccc(Cl)c2)(=O)=O)CC1,8.809948582240795
c1ccc2c(c1)onc2CCCN1CCC(C1)NS(=O)(c1cccc(c1)Cl)=O,8.809948582240795
n1c(c2ccccc2o1)CCCN1CC(CC1)NS(c1cc(Cl)ccc1)(=O)=O,8.809948582240795
C1(CCC(CC1)CCN1CCC(c2c3ccoc3ccc2)CC1)NC(CS(C)(=O)=O)=O,8.275724130399212
C1C(c2cccc3occc23)CCN(C1)CCC1CCC(NC(=O)CS(=O)(=O)C)CC1,8.275724130399212
O=S(C)(CC(=O)NC1CCC(CC1)CCN1CCC(CC1)c1cccc2occc21)=O,8.275724130399212
c1coc2c1c(ccc2)C1CCN(CCC2CCC(CC2)NC(CS(C)(=O)=O)=O)CC1,8.275724130399212
c1oc2cccc(c2c1)C1CCN(CCC2CCC(CC2)NC(=O)CS(=O)(=O)C)CC1,8.275724130399212
c1cc2N(CCCCCCN3CCN(CC3)c3ccccc3F)S(=O)(=O)c3c2c(c1)ccc3,6.424812155072339
N1(CCCCCCN2CCN(CC2)c2c(cccc2)F)S(=O)(=O)c2c3c1cccc3ccc2,6.424812155072339
c1c2c3c(cccc3S(=O)(=O)N2CCCCCCN2CCN(c3ccccc3F)CC2)cc1,6.424812155072339
c1cc(c(cc1)N1CCN(CC1)CCCCCCN1c2c3c(cccc3ccc2)S1(=O)=O)F,6.424812155072339
C(CCCN1CCN(CC1)c1ccccc1F)CCN1c2c3c(cccc3S1(=O)=O)ccc2,6.424812155072339
c1c(c2ccccc2[nH]1)C1CCN(CCN(C(C(C)O)=O)CC)CC1,8.67778070526608
C1CN(CCC1c1c2c([nH]c1)cccc2)CCN(CC)C(C(O)C)=O,8.67778070526608
N(C(C(C)O)=O)(CCN1CCC(c2c[nH]c3c2cccc3)CC1)CC,8.67778070526608
C1CC(CCN1CCN(CC)C(C(C)O)=O)c1c2c([nH]c1)cccc2,8.67778070526608
C(=O)(N(CCN1CCC(c2c[nH]c3ccccc23)CC1)CC)C(O)C,8.67778070526608
c1c(ccc(c1)N1CCN(CC1)CCCCn1c(O)c2c(c1O)C1C(CC2(CC1=O)C)C)F,6.99069786066171
C(CN1CCN(CC1)c1ccc(F)cc1)CCn1c(O)c2c(c1O)C1(C)CC(=O)C2C(C1)C,6.99069786066171
c1c(N2CCN(CCCCn3c(O)c4C5(C)CC(=O)C(C(C)C5)c4c3O)CC2)ccc(c1)F,6.99069786066171
C1N(CCN(c2ccc(cc2)F)C1)CCCCn1c(c2c(C3C(C)CC2(C)CC3=O)c1O)O,6.99069786066171
N1(CCN(CCCCn2c(c3C4C(CC(C)(c3c2O)CC4=O)C)O)CC1)c1ccc(F)cc1,6.99069786066171
C1C(CCN2CCN(CC2)c2c3c(ccc2)OCO3)CCC(NC(=O)CC2COCCC2)C1,7.581201709409647
c1cc(N2CCN(CCC3CCC(NC(CC4COCCC4)=O)CC3)CC2)c2OCOc2c1,7.581201709409647
C1Oc2cccc(N3CCN(CC3)CCC3CCC(NC(CC4COCCC4)=O)CC3)c2O1,7.581201709409647
C1(CCN2CCN(c3cccc4OCOc34)CC2)CCC(NC(CC2CCCOC2)=O)CC1,7.581201709409647
c1c(c2c(OCO2)cc1)N1CCN(CCC2CCC(CC2)NC(=O)CC2CCCOC2)CC1,7.581201709409647
n1oc2c(c1CCCN1CC(NS(c3cc4ccn(c4cc3)C)(=O)=O)CC1)cccc2,9.349984047528162
c1cc2c(c(CCCN3CC(CC3)NS(c3cc4ccn(C)c4cc3)(=O)=O)no2)cc1,9.349984047528162
C1CC(NS(c2cc3c(n(C)cc3)cc2)(=O)=O)CN1CCCc1noc2ccccc12,9.349984047528162
C(CN1CC(NS(=O)(c2ccc3n(ccc3c2)C)=O)CC1)Cc1noc2ccccc21,9.349984047528162
c1cc2c(CCCN3CC(CC3)NS(=O)(=O)c3ccc4n(ccc4c3)C)noc2cc1,9.349984047528162
c1(N2CCN(CC2)CCCN2CCN(CC2)C(=O)c2ccccc2)c(cccc1)OC,4.522878745280337
N1(CCN(CCCN2CCN(c3c(cccc3)OC)CC2)CC1)C(c1ccccc1)=O,4.522878745280337
c1(OC)c(N2CCN(CCCN3CCN(C(c4ccccc4)=O)CC3)CC2)cccc1,4.522878745280337
c1cccc(C(N2CCN(CCCN3CCN(c4ccccc4OC)CC3)CC2)=O)c1,4.522878745280337
C(CN1CCN(C(=O)c2ccccc2)CC1)CN1CCN(CC1)c1c(OC)cccc1,4.522878745280337
C1N(CCN(C1)c1ccccc1OC)CCCCn1ncc(n(C)c1=O)=O,5.303206914918255
n1cc(n(c(=O)n1CCCCN1CCN(CC1)c1ccccc1OC)C)=O,5.303206914918255
O=c1n(ncc(n1C)=O)CCCCN1CCN(CC1)c1c(cccc1)OC,5.303206914918255
C1N(c2ccccc2OC)CCN(C1)CCCCn1ncc(n(c1=O)C)=O,5.303206914918255
N1(c2c(cccc2)OC)CCN(CCCCn2c(n(c(=O)cn2)C)=O)CC1,5.303206914918255
o1c2C(N(CCc2nc1CC)CCN1CCN(c2c3c(cccc3)sn2)CC1)=O,8.602059991327963
CCc1oc2C(N(CCc2n1)CCN1CCN(CC1)c1nsc2ccccc12)=O,8.602059991327963
C(c1nc2CCN(CCN3CCN(CC3)c3nsc4c3cccc4)C(=O)c2o1)C,8.602059991327963
O=C1N(CCc2c1oc(n2)CC)CCN1CCN(c2c3ccccc3sn2)CC1,8.602059991327963
C1CN(CCN1c1nsc2c1cccc2)CCN1C(=O)c2c(nc(CC)o2)CC1,8.602059991327963
c1ccc(c2c1nccc2)S(N1C(CCN2CCC(CC2)c2c3c(cc(cc3)F)on2)CCC1)(=O)=O,8.301029995663981
c1cnc2cccc(S(=O)(=O)N3C(CCN4CCC(CC4)c4c5c(cc(cc5)F)on4)CCC3)c2c1,8.301029995663981
o1c2cc(F)ccc2c(C2CCN(CCC3CCCN3S(=O)(=O)c3cccc4c3cccn4)CC2)n1,8.301029995663981
C1N(CCC2CCCN2S(=O)(c2cccc3c2cccn3)=O)CCC(c2c3c(cc(cc3)F)on2)C1,8.301029995663981
c1ccc(S(=O)(N2C(CCC2)CCN2CCC(CC2)c2c3ccc(F)cc3on2)=O)c2c1nccc2,8.301029995663981
C1C(Cn2c(n3c(n2)cccc3)=O)CCC(CN2CCN(c3cccc(c3)Cl)CC2)C1,6.30715308072277
n1(nc2ccccn2c1=O)CC1CCC(CC1)CN1CCN(c2cccc(c2)Cl)CC1,6.30715308072277
c1(N2CCN(CC3CCC(CC3)Cn3nc4ccccn4c3=O)CC2)cc(Cl)ccc1,6.30715308072277
c1c(cccc1N1CCN(CC2CCC(Cn3nc4n(c3=O)cccc4)CC2)CC1)Cl,6.30715308072277
n1n(c(=O)n2ccccc12)CC1CCC(CN2CCN(CC2)c2cc(ccc2)Cl)CC1,6.30715308072277
c1(OC)cc(c(OC)cc1CCN)SCCC(F)(F)F,8.0
S(CCC(F)(F)F)c1c(cc(c(c1)OC)CCN)OC,8.0
FC(F)(F)CCSc1c(cc(c(c1)OC)CCN)OC,8.0
C(Sc1cc(c(cc1OC)CCN)OC)CC(F)(F)F,8.0
C(C(F)(F)F)CSc1cc(OC)c(CCN)cc1OC,8.0
Clc1cc2c(N=C(N3CCN(CC3)CC(C(=O)O)(C)C)c3ccc(cc3O2)C(C)C)cc1,7.886056647693163
C(CN1CCN(C2=Nc3c(Oc4cc(C(C)C)ccc24)cc(cc3)Cl)CC1)(C(O)=O)(C)C,7.886056647693163
C1CN(C2c3c(cc(cc3)C(C)C)Oc3cc(Cl)ccc3N=2)CCN1CC(C)(C)C(O)=O,7.886056647693163
c1c(ccc2N=C(c3ccc(C(C)C)cc3Oc21)N1CCN(CC(C(O)=O)(C)C)CC1)Cl,7.886056647693163
c12C(N3CCN(CC3)CC(C(O)=O)(C)C)=Nc3c(Oc2cc(C(C)C)cc1)cc(Cl)cc3,7.886056647693163
C(=O)(C(O)C(F)(F)F)NC1CCC(CC1)CCN1CCC(CC1)c1c2OCOc2ccc1,7.854182285508172
c1cc2c(OCO2)c(C2CCN(CCC3CCC(NC(C(C(F)(F)F)O)=O)CC3)CC2)c1,7.854182285508172
O=C(NC1CCC(CC1)CCN1CCC(c2c3c(ccc2)OCO3)CC1)C(O)C(F)(F)F,7.854182285508172
c12c(cccc1OCO2)C1CCN(CCC2CCC(NC(=O)C(O)C(F)(F)F)CC2)CC1,7.854182285508172
FC(F)(C(C(=O)NC1CCC(CC1)CCN1CCC(c2c3c(OCO3)ccc2)CC1)O)F,7.854182285508172
C1CCCC2(N=C(N)N=C(N2)Nc2cccc(C(NCC)=O)c2)C1,5.881735273910521
NC1N=C(NC2(N=1)CCCCC2)Nc1cccc(C(=O)NCC)c1,5.881735273910521
C(=O)(c1cccc(c1)NC1NC2(CCCCC2)N=C(N=1)N)NCC,5.881735273910521
c1(cccc(c1)NC1NC2(N=C(N)N=1)CCCCC2)C(NCC)=O,5.881735273910521
c1c(cccc1NC1NC2(N=C(N)N=1)CCCCC2)C(NCC)=O,5.881735273910521
c1(n(c(c2c([nH]1)cccc2)=O)CCN1CCC(c2ccc(cc2)F)C(C(=O)OCC)C1)=O,5.623423042943488
c1(n(CCN2CC(C(CC2)c2ccc(F)cc2)C(OCC)=O)c(=O)c2ccccc2[nH]1)=O,5.623423042943488
c1cc(F)ccc1C1C(CN(CCn2c(=O)[nH]c3ccccc3c2=O)CC1)C(OCC)=O,5.623423042943488
C(C)OC(=O)C1CN(CCn2c([nH]c3c(cccc3)c2=O)=O)CCC1c1ccc(F)cc1,5.623423042943488
c1(=O)n(c([nH]c2ccccc12)=O)CCN1CCC(C(C1)C(OCC)=O)c1ccc(cc1)F,5.623423042943488
C1C(CCCC1)C(C)n1nc(CNC)cc1OCc1c(F)cccc1,8.958607314841775
C1CC(CCC1)C(n1c(cc(n1)CNC)OCc1c(cccc1)F)C,8.958607314841775
c1(ccccc1COc1n(C(C)C2CCCCC2)nc(CNC)c1)F,8.958607314841775
c1(F)ccccc1COc1n(nc(c1)CNC)C(C1CCCCC1)C,8.958607314841775
c1(F)c(cccc1)COc1n(C(C)C2CCCCC2)nc(c1)CNC,8.958607314841775
C(CN1CCN(CC1)c1c(cccc1)OC)CCOc1ccc2c(C)cc(=O)oc2c1C(C)=O,7.251811972993799
c1c(=O)oc2c(c(ccc2c1C)OCCCCN1CCN(CC1)c1ccccc1OC)C(C)=O,7.251811972993799
c1cc(OC)c(cc1)N1CCN(CCCCOc2ccc3c(oc(cc3C)=O)c2C(=O)C)CC1,7.251811972993799
c12c(c(OCCCCN3CCN(CC3)c3c(OC)cccc3)ccc1c(C)cc(o2)=O)C(=O)C,7.251811972993799
c12oc(=O)cc(C)c1ccc(OCCCCN1CCN(CC1)c1ccccc1OC)c2C(=O)C,7.251811972993799
c1c(ccc(c1)S(=O)(=O)NC1CCC(CC1)CCN1CCC(CC1)c1cccc2c1CCO2)F,7.061480274823508
C1COc2cccc(C3CCN(CC3)CCC3CCC(NS(=O)(c4ccc(F)cc4)=O)CC3)c21,7.061480274823508
O1CCc2c(cccc21)C1CCN(CC1)CCC1CCC(NS(=O)(c2ccc(F)cc2)=O)CC1,7.061480274823508
c1c(ccc(c1)S(=O)(=O)NC1CCC(CCN2CCC(CC2)c2cccc3OCCc23)CC1)F,7.061480274823508
O=S(NC1CCC(CC1)CCN1CCC(CC1)c1cccc2OCCc21)(c1ccc(cc1)F)=O,7.061480274823508
C(N(CC)C(C1CNCCC1O)=O)CN1CCC(c2c3c(on2)cc(F)cc3)CC1,8.214670164989233
C1CN(CCN(C(C2C(CCNC2)O)=O)CC)CCC1c1noc2cc(F)ccc12,8.214670164989233
C1CNCC(C1O)C(=O)N(CCN1CCC(c2noc3cc(ccc32)F)CC1)CC,8.214670164989233
C1C(CCN(CCN(C(=O)C2C(CCNC2)O)CC)C1)c1c2c(cc(F)cc2)on1,8.214670164989233
CCN(CCN1CCC(CC1)c1noc2cc(F)ccc12)C(C1C(O)CCNC1)=O,8.214670164989233
O1c2c(cc(cc2)OC)C2C(CC(CN(C)C)O2)c2ccccc21,7.657577319177793
c1cc2Oc3ccc(cc3C3OC(CC3c2cc1)CN(C)C)OC,7.657577319177793
c1c2c(C3C(OC(CN(C)C)C3)c3cc(ccc3O2)OC)ccc1,7.657577319177793
c12Oc3ccccc3C3CC(CN(C)C)OC3c1cc(cc2)OC,7.657577319177793
CN(C)CC1CC2c3ccccc3Oc3ccc(cc3C2O1)OC,7.657577319177793
C1CC(CCN1CCN(CCC)C(=O)C(O)C)c1c2ccc(F)cc2on1,9.096910013008056
Fc1ccc2c(C3CCN(CCN(C(=O)C(C)O)CCC)CC3)noc2c1,9.096910013008056
c12ccc(cc2onc1C1CCN(CCN(C(=O)C(O)C)CCC)CC1)F,9.096910013008056
OC(C(N(CCC)CCN1CCC(CC1)c1c2c(cc(F)cc2)on1)=O)C,9.096910013008056
C(C)(O)C(N(CCC)CCN1CCC(CC1)c1noc2cc(F)ccc12)=O,9.096910013008056
C1CN(c2nc(nc(n2)C(C)Sc2cc(cc(Cl)c2)Cl)N)CCN1C,6.749579997691106
S(c1cc(Cl)cc(Cl)c1)C(C)c1nc(N2CCN(CC2)C)nc(N)n1,6.749579997691106
C1CN(CCN1c1nc(nc(C(Sc2cc(Cl)cc(Cl)c2)C)n1)N)C,6.749579997691106
N1(CCN(c2nc(nc(C(C)Sc3cc(cc(c3)Cl)Cl)n2)N)CC1)C,6.749579997691106
c1(SC(C)c2nc(nc(N3CCN(CC3)C)n2)N)cc(Cl)cc(Cl)c1,6.749579997691106
c12c([nH]c(c1C1C(CCNC1)F)-c1ccccc1)cc(Cl)cc2,8.638272163982407
N1CC(c2c3c([nH]c2-c2ccccc2)cc(Cl)cc3)C(CC1)F,8.638272163982407
c1(c([nH]c2c1ccc(Cl)c2)-c1ccccc1)C1CNCCC1F,8.638272163982407
c1c(Cl)ccc2c1[nH]c(c2C1C(CCNC1)F)-c1ccccc1,8.638272163982407
C1(c2c3ccc(Cl)cc3[nH]c2-c2ccccc2)C(F)CCNC1,8.638272163982407
N(C(=O)C1CCC1)C1CCC(CCN2CCN(c3cccc4c3OCO4)CC2)CC1,7.645315446045271
c12c(cccc1N1CCN(CC1)CCC1CCC(NC(C3CCC3)=O)CC1)OCO2,7.645315446045271
c1c2c(c(N3CCN(CC3)CCC3CCC(CC3)NC(=O)C3CCC3)cc1)OCO2,7.645315446045271
N(C(C1CCC1)=O)C1CCC(CC1)CCN1CCN(c2cccc3c2OCO3)CC1,7.645315446045271
O=C(NC1CCC(CCN2CCN(c3c4OCOc4ccc3)CC2)CC1)C1CCC1,7.645315446045271
c1ccc2c(c1)C1CC(CN(C)C)OC1c1ccccc1C2,8.602059991327963
c1c2Cc3ccccc3C3C(c2ccc1)OC(CN(C)C)C3,8.602059991327963
C1c2ccccc2C2CC(CN(C)C)OC2c2c1cccc2,8.602059991327963
c1ccc2c(Cc3c(C4CC(OC42)CN(C)C)cccc3)c1,8.602059991327963
C12OC(CC1c1ccccc1Cc1ccccc21)CN(C)C,8.602059991327963
c1nc(CC)cc2c1C(=O)N(CC2)CCN1CCN(c2nsc3c2cccc3)CC1,9.161150909262744
c1cccc2c1snc2N1CCN(CC1)CCN1CCc2c(C1=O)cnc(CC)c2,9.161150909262744
C1CN(CCN2C(c3cnc(CC)cc3CC2)=O)CCN1c1nsc2c1cccc2,9.161150909262744
c1(c2ccccc2sn1)N1CCN(CCN2C(=O)c3cnc(CC)cc3CC2)CC1,9.161150909262744
C(C)c1ncc2C(N(CCN3CCN(CC3)c3nsc4c3cccc4)CCc2c1)=O,9.161150909262744
c1ccc2OCOc2c1N1CCN(CCC2CCC(NC(=O)CC(C)(C)O)CC2)CC1,7.648977147415876
N1(c2cccc3OCOc32)CCN(CC1)CCC1CCC(NC(CC(O)(C)C)=O)CC1,7.648977147415876
O1COc2cccc(c12)N1CCN(CCC2CCC(NC(CC(C)(O)C)=O)CC2)CC1,7.648977147415876
C(CC(O)(C)C)(=O)NC1CCC(CC1)CCN1CCN(c2c3OCOc3ccc2)CC1,7.648977147415876
c1(c2c(OCO2)ccc1)N1CCN(CCC2CCC(CC2)NC(=O)CC(C)(C)O)CC1,7.648977147415876
FC(F)(F)c1c2c(ccc1)C1N(CCNC1C)C2=O,6.913640169325252
c1cc(c2c(C3C(C)NCCN3C2=O)c1)C(F)(F)F,6.913640169325252
CC1C2N(C(c3c(cccc23)C(F)(F)F)=O)CCN1,6.913640169325252
c1c(C(F)(F)F)c2c(C3C(NCCN3C2=O)C)cc1,6.913640169325252
c1c2c(C(N3C2C(NCC3)C)=O)c(cc1)C(F)(F)F,6.913640169325252
c1c(cc2CCOC(CCN3CCN(CC3)c3ccc(OC)cc3)c2c1)C(=O)N,6.605548319173784
c1c(OC)ccc(N2CCN(CC2)CCC2OCCc3cc(C(=O)N)ccc32)c1,6.605548319173784
c12C(OCCc2cc(cc1)C(N)=O)CCN1CCN(CC1)c1ccc(OC)cc1,6.605548319173784
c1(ccc(OC)cc1)N1CCN(CC1)CCC1OCCc2cc(C(N)=O)ccc21,6.605548319173784
O(c1ccc(N2CCN(CCC3OCCc4c3ccc(c4)C(=O)N)CC2)cc1)C,6.605548319173784
FC(F)(c1ccc(c(c1)F)CN(C1CCN(C)CC1)C(=O)OCc1ccc(cc1)OC(C)C)F,8.400116927926312
c1c(F)c(ccc1C(F)(F)F)CN(C1CCN(C)CC1)C(OCc1ccc(cc1)OC(C)C)=O,8.400116927926312
C1C(CCN(C1)C)N(Cc1c(F)cc(C(F)(F)F)cc1)C(=O)OCc1ccc(cc1)OC(C)C,8.400116927926312
C(C)(C)Oc1ccc(COC(=O)N(C2CCN(C)CC2)Cc2ccc(cc2F)C(F)(F)F)cc1,8.400116927926312
C(c1ccc(cc1F)C(F)(F)F)N(C1CCN(C)CC1)C(OCc1ccc(cc1)OC(C)C)=O,8.400116927926312
c1cc2c(cc1)C(N1C(CN(C)CC1)C2)=O,5.835647144215563
C1N(CCN2C(c3c(CC12)cccc3)=O)C,5.835647144215563
c12C(=O)N3C(CN(C)CC3)Cc2cccc1,5.835647144215563
C12Cc3ccccc3C(=O)N1CCN(C)C2,5.835647144215563
O=C1N2CCN(C)CC2Cc2ccccc12,5.835647144215563
c1(ccc2c(c1)C1C(c3c(cccc3)O2)CC(CN(C)C)O1)Cl,8.221848749616356
O1C(CN(C)C)CC2c3ccccc3Oc3c(cc(Cl)cc3)C12,8.221848749616356
Clc1cc2c(cc1)Oc1c(C3C2OC(CN(C)C)C3)cccc1,8.221848749616356
c12c(C3CC(OC3c3c(ccc(c3)Cl)O1)CN(C)C)cccc2,8.221848749616356
C12C(OC(CN(C)C)C2)c2cc(ccc2Oc2ccccc12)Cl,8.221848749616356
O=C1N(CCN2CCC(C(=O)c3ccc(cc3)Cl)CC2)CCCc2ccccc12,7.110026361596004
C(C1CCN(CCN2C(c3ccccc3CCC2)=O)CC1)(=O)c1ccc(cc1)Cl,7.110026361596004
C1C(CCN(C1)CCN1CCCc2ccccc2C1=O)C(=O)c1ccc(cc1)Cl,7.110026361596004
c1ccc2c(C(N(CCC2)CCN2CCC(C(c3ccc(Cl)cc3)=O)CC2)=O)c1,7.110026361596004
C(C1CCN(CCN2C(=O)c3c(cccc3)CCC2)CC1)(c1ccc(cc1)Cl)=O,7.110026361596004
C1CN(CCN1CCCCNC(c1cc2c(nc1)cccc2)=O)c1cccc2ccccc12,9.481486060122112
c1c2ncc(cc2ccc1)C(NCCCCN1CCN(CC1)c1cccc2ccccc12)=O,9.481486060122112
c12ccccc1c(N1CCN(CC1)CCCCNC(=O)c1cnc3c(cccc3)c1)ccc2,9.481486060122112
N1(CCCCNC(=O)c2cnc3ccccc3c2)CCN(CC1)c1c2c(cccc2)ccc1,9.481486060122112
c1ccc(N2CCN(CCCCNC(c3cnc4c(c3)cccc4)=O)CC2)c2c1cccc2,9.481486060122112
CCc1nc2c(o1)C(=O)N(CCN1CCC(CC1)c1c3ccccc3on1)CC2,8.10790539730952
O=C1c2c(nc(o2)CC)CCN1CCN1CCC(c2c3c(on2)cccc3)CC1,8.10790539730952
C1N(C(=O)c2oc(CC)nc2C1)CCN1CCC(CC1)c1noc2c1cccc2,8.10790539730952
c12c(c(C3CCN(CCN4CCc5c(C4=O)oc(n5)CC)CC3)no1)cccc2,8.10790539730952
n1c(C2CCN(CCN3C(c4c(nc(o4)CC)CC3)=O)CC2)c2ccccc2o1,8.10790539730952
c1ccc(Cc2c(ccc3c2CCC2CNCCN23)F)cc1,9.199970640755865
c1(Cc2ccccc2)c2CCC3CNCCN3c2ccc1F,9.199970640755865
c1c2c(CCC3N2CCNC3)c(c(F)c1)Cc1ccccc1,9.199970640755865
c1(c(ccc2N3CCNCC3CCc12)F)Cc1ccccc1,9.199970640755865
C1CN2c3c(c(Cc4ccccc4)c(cc3)F)CCC2CN1,9.199970640755865
c1(ccc(cc1)C=Cc1ccc(S(c2ccc(cc2)F)(=O)=O)cn1)F,7.769551078621726
c1cc(C=Cc2ncc(S(=O)(=O)c3ccc(cc3)F)cc2)ccc1F,7.769551078621726
Fc1ccc(S(=O)(=O)c2cnc(cc2)C=Cc2ccc(F)cc2)cc1,7.769551078621726
c1(ccc(cc1)F)C=Cc1ccc(S(=O)(c2ccc(F)cc2)=O)cn1,7.769551078621726
Fc1ccc(cc1)C=Cc1ccc(cn1)S(c1ccc(F)cc1)(=O)=O,7.769551078621726
c1(c2c(cnc1)cccc2)S(N1C(CCC1)CCN1CCN(CC1)c1cccc2c1cc[nH]2)(=O)=O,7.119186407719209
C1(CCN2CCN(c3c4c([nH]cc4)ccc3)CC2)N(S(=O)(c2c3c(cccc3)cnc2)=O)CCC1,7.119186407719209
C(CN1CCN(CC1)c1cccc2c1cc[nH]2)C1CCCN1S(=O)(=O)c1c2c(cnc1)cccc2,7.119186407719209
c1(S(N2CCCC2CCN2CCN(CC2)c2c3cc[nH]c3ccc2)(=O)=O)cncc2ccccc21,7.119186407719209
C1(CCN2CCN(CC2)c2cccc3[nH]ccc23)CCCN1S(=O)(=O)c1cncc2ccccc12,7.119186407719209
c1(cc(C(C)(C)C)c(OC)cc1CCN)OC,8.00436480540245
c1(C(C)(C)C)cc(OC)c(cc1OC)CCN,8.00436480540245
C(C)(c1c(cc(CCN)c(c1)OC)OC)(C)C,8.00436480540245
NCCc1c(OC)cc(C(C)(C)C)c(c1)OC,8.00436480540245
c1c(c(C(C)(C)C)cc(c1CCN)OC)OC,8.00436480540245
c1(c(C(=O)C)c(cc2c1c(C)cc(o2)=O)C)OCCCN1CCN(c2c(F)cccc2)CC1,7.552841968657781
c1c(c(ccc1)N1CCN(CC1)CCCOc1c(c(cc2c1c(C)cc(o2)=O)C)C(C)=O)F,7.552841968657781
c1(F)c(N2CCN(CCCOc3c4c(oc(=O)cc4C)cc(c3C(=O)C)C)CC2)cccc1,7.552841968657781
c1(F)ccccc1N1CCN(CCCOc2c3c(cc(c2C(=O)C)C)oc(cc3C)=O)CC1,7.552841968657781
C(CCOc1c(C(C)=O)c(cc2oc(=O)cc(C)c12)C)N1CCN(c2ccccc2F)CC1,7.552841968657781
c1(Cl)cc2c(cc1Cl)CCN2C(Nc1cccnc1)=O,6.600161935212324
c1(NC(N2c3cc(Cl)c(cc3CC2)Cl)=O)cccnc1,6.600161935212324
c12cc(Cl)c(Cl)cc2N(CC1)C(Nc1cnccc1)=O,6.600161935212324
C(N1c2cc(Cl)c(Cl)cc2CC1)(=O)Nc1cccnc1,6.600161935212324
N1(c2cc(Cl)c(Cl)cc2CC1)C(=O)Nc1cnccc1,6.600161935212324
CC(Oc1ccc(cc1-c1c(cnn1C)Br)NC(Nc1ccc(Cl)cc1)=O)C,9.500038134403809
c1(c(-c2c(Br)cnn2C)cc(NC(Nc2ccc(Cl)cc2)=O)cc1)OC(C)C,9.500038134403809
Clc1ccc(cc1)NC(=O)Nc1ccc(c(c1)-c1c(cnn1C)Br)OC(C)C,9.500038134403809
C(C)(C)Oc1ccc(NC(=O)Nc2ccc(Cl)cc2)cc1-c1c(Br)cnn1C,9.500038134403809
C(Oc1c(cc(cc1)NC(=O)Nc1ccc(Cl)cc1)-c1n(ncc1Br)C)(C)C,9.500038134403809
C1(C)CC(Nc2c1cc(Cl)cc2CCN1CCN(CC1)c1nsc2ccccc12)=O,10.301029995663981
c1c2c(NC(CC2C)=O)c(CCN2CCN(CC2)c2nsc3ccccc32)cc1Cl,10.301029995663981
CC1c2c(c(CCN3CCN(CC3)c3nsc4ccccc43)cc(Cl)c2)NC(C1)=O,10.301029995663981
CC1CC(Nc2c1cc(cc2CCN1CCN(CC1)c1nsc2ccccc12)Cl)=O,10.301029995663981
s1nc(c2c1cccc2)N1CCN(CCc2c3c(cc(Cl)c2)C(C)CC(=O)N3)CC1,10.301029995663981
c12c(nccc2occ1)Oc1ccc(-c2n3ccnc3cnc2C)c(c1)C,5.309803919971486
n1c2cnc(C)c(n2cc1)-c1ccc(cc1C)Oc1nccc2occc21,5.309803919971486
c1cnc2n1c(-c1c(C)cc(cc1)Oc1nccc3c1cco3)c(C)nc2,5.309803919971486
c1cnc2cnc(C)c(-c3ccc(Oc4c5ccoc5ccn4)cc3C)n12,5.309803919971486
c1(-c2c(C)cc(Oc3c4ccoc4ccn3)cc2)c(C)ncc2n1ccn2,5.309803919971486
c1(c2CCC3N(CCNC3)c2cnc1)CCC,7.377734155008477
c1(CCC)c2CCC3CNCCN3c2cnc1,7.377734155008477
c1(c2CCC3CNCCN3c2cnc1)CCC,7.377734155008477
C(C)Cc1c2CCC3CNCCN3c2cnc1,7.377734155008477
C12CCc3c(cncc3CCC)N2CCNC1,7.377734155008477
C(CC1c2c(cccc2)Cc2ccccc21)CN(C)C,7.657577319177793
c1c2C(c3c(Cc2ccc1)cccc3)CCCN(C)C,7.657577319177793
c1cccc2c1Cc1c(C2CCCN(C)C)cccc1,7.657577319177793
c1c2c(ccc1)Cc1c(cccc1)C2CCCN(C)C,7.657577319177793
c12C(c3ccccc3Cc2cccc1)CCCN(C)C,7.657577319177793
C(C1CC(CO1)O)C(NC1CCC(CC1)CCN1CCN(c2c3CCOc3ccn2)CC1)=O,7.647817481888637
O1C(CC(=O)NC2CCC(CCN3CCN(c4c5CCOc5ccn4)CC3)CC2)CC(O)C1,7.647817481888637
C1(O)CC(CC(NC2CCC(CC2)CCN2CCN(c3nccc4c3CCO4)CC2)=O)OC1,7.647817481888637
c1(nccc2c1CCO2)N1CCN(CC1)CCC1CCC(NC(CC2OCC(C2)O)=O)CC1,7.647817481888637
C1C(NC(=O)CC2OCC(O)C2)CCC(CCN2CCN(CC2)c2c3c(ccn2)OCC3)C1,7.647817481888637
C1CN(CCCC(c2c(N)cccc2)=O)CC2c3cccc4c3N(CCS4)C21,9.096910013008056
Nc1ccccc1C(CCCN1CCC2C(c3c4c(SCCN24)ccc3)C1)=O,9.096910013008056
c12cccc3c1N(C1C3CN(CCCC(=O)c3ccccc3N)CC1)CCS2,9.096910013008056
C1N(CCCC(=O)c2c(N)cccc2)CC2C(N3c4c2cccc4SCC3)C1,9.096910013008056
C12CCN(CC1c1c3N2CCSc3ccc1)CCCC(c1c(N)cccc1)=O,9.096910013008056
C1c2cc(c(O)cc2C(CN(C)C1)c1ccccc1)-c1cc(ccc1)C,6.787812395596042
c1(C2CN(C)CCc3cc(c(O)cc23)-c2cccc(C)c2)ccccc1,6.787812395596042
c1(ccccc1)C1CN(C)CCc2c1cc(c(-c1cccc(c1)C)c2)O,6.787812395596042
c1ccc(C)cc1-c1cc2c(cc1O)C(CN(CC2)C)c1ccccc1,6.787812395596042
c1c(cc(-c2cc3c(C(c4ccccc4)CN(C)CC3)cc2O)cc1)C,6.787812395596042
C1CN(C2=Nc3c(N(c4c2cccc4)NC(c2c(cccc2)Cl)=O)ccc(c3)Cl)CCN1C,9.0
N1(NC(c2ccccc2Cl)=O)c2ccc(Cl)cc2N=C(c2ccccc12)N1CCN(C)CC1,9.0
c12c(N=C(c3ccccc3N2NC(=O)c2ccccc2Cl)N2CCN(C)CC2)cc(cc1)Cl,9.0
c1cc2c(cc1)N(c1ccc(Cl)cc1N=C2N1CCN(C)CC1)NC(c1c(cccc1)Cl)=O,9.0
C1CN(C)CCN1C1c2ccccc2N(NC(=O)c2c(cccc2)Cl)c2c(N=1)cc(cc2)Cl,9.0
c12cccc(c1OCO2)N1CCN(CCC2CCC(CC2)NC(C(C)O)=O)CC1,8.056505484093897
OC(C)C(=O)NC1CCC(CCN2CCN(CC2)c2cccc3OCOc32)CC1,8.056505484093897
C(C(=O)NC1CCC(CCN2CCN(CC2)c2cccc3c2OCO3)CC1)(O)C,8.056505484093897
C(C1CCC(CC1)NC(C(C)O)=O)CN1CCN(CC1)c1cccc2c1OCO2,8.056505484093897
N1(CCN(CC1)CCC1CCC(NC(C(C)O)=O)CC1)c1c2OCOc2ccc1,8.056505484093897
c12c3c(ccc2)CCCN3C2C1CN(CCCC(=O)c1c(cccc1)N)CC2,9.096910013008056
c1c(C(=O)CCCN2CCC3N4c5c(cccc5C3C2)CCC4)c(N)ccc1,9.096910013008056
c1ccc2c3c1CCCN3C1C2CN(CCCC(=O)c2ccccc2N)CC1,9.096910013008056
Nc1ccccc1C(CCCN1CCC2C(C1)c1c3N2CCCc3ccc1)=O,9.096910013008056
C12N3c4c(cccc4CCC3)C2CN(CCCC(=O)c2c(N)cccc2)CC1,9.096910013008056
C1c2ccc(OCCCCN3CCN(CC3)c3cccc4ccc(F)cc34)c(c2C(N1)=O)F,8.67778070526608
Fc1c(ccc2CNC(=O)c12)OCCCCN1CCN(c2cccc3c2cc(cc3)F)CC1,8.67778070526608
C1NC(=O)c2c(F)c(OCCCCN3CCN(CC3)c3c4c(ccc3)ccc(F)c4)ccc12,8.67778070526608
c1c2cccc(N3CCN(CC3)CCCCOc3c(c4c(CNC4=O)cc3)F)c2cc(F)c1,8.67778070526608
C1NC(=O)c2c1ccc(c2F)OCCCCN1CCN(c2cccc3ccc(cc32)F)CC1,8.67778070526608
C1CN(CCN1CCCCCCN1C(=O)c2cccc3c2c1ccc3)c1c(cccc1)F,6.280668713016273
c12c3C(N(CCCCCCN4CCN(c5c(cccc5)F)CC4)c2cccc1ccc3)=O,6.280668713016273
c1c2N(CCCCCCN3CCN(CC3)c3ccccc3F)C(=O)c3cccc(cc1)c23,6.280668713016273
C(CCCCCN1C(c2c3c(cccc31)ccc2)=O)N1CCN(c2ccccc2F)CC1,6.280668713016273
c1c2c3c(ccc2)N(C(=O)c3cc1)CCCCCCN1CCN(c2c(cccc2)F)CC1,6.280668713016273
c12c(snc2N2CCN(CCC3CCC(NS(=O)(CCC)=O)CC3)CC2)cccc1,9.468521082957745
c1cccc2c1c(ns2)N1CCN(CC1)CCC1CCC(CC1)NS(CCC)(=O)=O,9.468521082957745
N1(CCN(c2nsc3c2cccc3)CC1)CCC1CCC(CC1)NS(=O)(=O)CCC,9.468521082957745
N1(c2c3c(sn2)cccc3)CCN(CC1)CCC1CCC(CC1)NS(CCC)(=O)=O,9.468521082957745
C1N(c2nsc3c2cccc3)CCN(CCC2CCC(NS(=O)(CCC)=O)CC2)C1,9.468521082957745
C(C(COc1cccc2c1cccc2)O)NC(C)C,5.747098447207654
c1(OCC(CNC(C)C)O)cccc2ccccc21,5.747098447207654
c12c(cccc1)cccc2OCC(O)CNC(C)C,5.747098447207654
c1ccc(OCC(O)CNC(C)C)c2c1cccc2,5.747098447207654
c1cc2cccc(c2cc1)OCC(CNC(C)C)O,5.747098447207654
c12ccccc2c(no1)N1CCN(CCCCNS(c2ccc(cc2)OC(F)(F)F)(=O)=O)CC1,6.6777807052660805
C(CCN1CCN(c2c3c(cccc3)on2)CC1)CNS(c1ccc(OC(F)(F)F)cc1)(=O)=O,6.6777807052660805
FC(Oc1ccc(S(NCCCCN2CCN(c3noc4ccccc43)CC2)(=O)=O)cc1)(F)F,6.6777807052660805
c1c(S(NCCCCN2CCN(CC2)c2noc3c2cccc3)(=O)=O)ccc(OC(F)(F)F)c1,6.6777807052660805
c1cc2c(cc1)onc2N1CCN(CCCCNS(=O)(c2ccc(OC(F)(F)F)cc2)=O)CC1,6.6777807052660805
c1(c2CCNCCc2nc(n1)Cc1ccccc1)-c1ccc(cc1)C,9.397940008672037
c1(ccc(cc1)-c1nc(nc2CCNCCc12)Cc1ccccc1)C,9.397940008672037
c1cccc(Cc2nc(-c3ccc(cc3)C)c3c(n2)CCNCC3)c1,9.397940008672037
n1c(Cc2ccccc2)nc(-c2ccc(cc2)C)c2CCNCCc21,9.397940008672037
c1ccc(cc1)Cc1nc(c2c(n1)CCNCC2)-c1ccc(cc1)C,9.397940008672037
S(C)c1cc2N(CC(N)C)CCc2cc1,6.767003889607846
C1c2ccc(cc2N(CC(C)N)C1)SC,6.767003889607846
c1c(cc2c(CCN2CC(C)N)c1)SC,6.767003889607846
NC(C)CN1CCc2c1cc(SC)cc2,6.767003889607846
C(C)(CN1CCc2c1cc(SC)cc2)N,6.767003889607846
C1N(CCN(c2c3c(ccn2)OCC3)C1)CCC1CCC(CC1)NC(CC1CCC1)=O,7.876148359032914
C(C1CCC1)C(NC1CCC(CC1)CCN1CCN(CC1)c1c2c(OCC2)ccn1)=O,7.876148359032914
C1(CC(=O)NC2CCC(CCN3CCN(c4nccc5OCCc54)CC3)CC2)CCC1,7.876148359032914
n1c(N2CCN(CC2)CCC2CCC(CC2)NC(CC2CCC2)=O)c2c(OCC2)cc1,7.876148359032914
C1(CCC(CC1)CCN1CCN(c2nccc3OCCc23)CC1)NC(=O)CC1CCC1,7.876148359032914
C1C2N(c3nc(ccc3C2)Br)C(CN1)C,7.275724130399211
N1CC(C)N2C(Cc3c2nc(cc3)Br)C1,7.275724130399211
Brc1ccc2CC3CNCC(C)N3c2n1,7.275724130399211
CC1N2C(CNC1)Cc1c2nc(cc1)Br,7.275724130399211
C12N(C(CNC2)C)c2c(C1)ccc(n2)Br,7.275724130399211
c1(c2ccc(F)cc2[nH]c1-c1cccc2ccccc21)C1CNCCC1F,9.468521082957745
c1c2c(cc(c1)F)[nH]c(c2C1C(CCNC1)F)-c1cccc2c1cccc2,9.468521082957745
C1(C(F)CCNC1)c1c2c(cc(F)cc2)[nH]c1-c1cccc2c1cccc2,9.468521082957745
C1NCCC(C1c1c2ccc(cc2[nH]c1-c1c2c(ccc1)cccc2)F)F,9.468521082957745
Fc1cc2[nH]c(c(c2cc1)C1C(CCNC1)F)-c1c2ccccc2ccc1,9.468521082957745
C(CN1CCC(Cc2ccccc2)CC1)CNC(Nc1cc(OC)ccc1)=O,6.212539525481585
c1cccc(c1)CC1CCN(CCCNC(=O)Nc2cc(OC)ccc2)CC1,6.212539525481585
c1cc(cc(c1)NC(NCCCN1CCC(CC1)Cc1ccccc1)=O)OC,6.212539525481585
O(C)c1cc(ccc1)NC(=O)NCCCN1CCC(Cc2ccccc2)CC1,6.212539525481585
O(C)c1cccc(NC(NCCCN2CCC(CC2)Cc2ccccc2)=O)c1,6.212539525481585
c12cccc(OCC(CNC(C)C)O)c2cccc1,6.269217724333611
CC(C)NCC(O)COc1cccc2c1cccc2,6.269217724333611
c1cc2c(cc1)cccc2OCC(O)CNC(C)C,6.269217724333611
O(CC(O)CNC(C)C)c1cccc2c1cccc2,6.269217724333611
c1cc2c(cccc2)c(c1)OCC(O)CNC(C)C,6.269217724333611
c1c(C2CN(CCc3c2cc(c(c3)NCc2ccccc2C)O)C)cccc1,6.716698771296451
c1ccccc1C1c2cc(O)c(cc2CCN(C1)C)NCc1c(C)cccc1,6.716698771296451
Cc1ccccc1CNc1c(cc2c(CCN(C)CC2c2ccccc2)c1)O,6.716698771296451
C1N(C)CCc2c(cc(O)c(c2)NCc2ccccc2C)C1c1ccccc1,6.716698771296451
C1CN(CC(c2c1cc(c(O)c2)NCc1c(cccc1)C)c1ccccc1)C,6.716698771296451
O(C(N1c2c(Sc3ccccc13)cccc2)=O)CCCN(CC)CC,5.443697499232712
c12ccccc2N(C(OCCCN(CC)CC)=O)c2c(cccc2)S1,5.443697499232712
c1cccc2c1N(c1c(S2)cccc1)C(OCCCN(CC)CC)=O,5.443697499232712
c12ccccc2N(c2ccccc2S1)C(OCCCN(CC)CC)=O,5.443697499232712
CCN(CCCOC(=O)N1c2ccccc2Sc2c1cccc2)CC,5.443697499232712
c1c(C2CN(C)CCc3c2cc(O)c(c3-c2ccc3c(c2)cccc3)O)cccc1C,7.366531544420414
C1(CN(C)CCc2c(c(c(O)cc21)O)-c1cc2c(cc1)cccc2)c1cccc(c1)C,7.366531544420414
C1Cc2c(c(c(O)cc2C(c2cc(C)ccc2)CN1C)O)-c1ccc2ccccc2c1,7.366531544420414
c1ccc2ccc(-c3c4c(cc(c3O)O)C(CN(C)CC4)c3cc(C)ccc3)cc2c1,7.366531544420414
c1(-c2c(c(O)cc3C(CN(CCc23)C)c2cc(ccc2)C)O)ccc2c(cccc2)c1,7.366531544420414
c1c2CCN(C)C3Cc4ccc(NC(=O)C)cc4-c(cc1)c23,5.97387548325455
CN1C2Cc3c(-c4cccc(c24)CC1)cc(NC(=O)C)cc3,5.97387548325455
c12c3-c4cc(NC(=O)C)ccc4CC1N(CCc2ccc3)C,5.97387548325455
C12N(C)CCc3cccc(-c4c(C2)ccc(NC(=O)C)c4)c13,5.97387548325455
O=C(C)Nc1cc2-c3c4c(CCN(C)C4Cc2cc1)ccc3,5.97387548325455
c1cc(-c2cc(ccc2OCCN2CCOCC2)NC(=O)c2cc(ccc2)F)n(C)n1,8.292429823902063
c1c(C(Nc2ccc(OCCN3CCOCC3)c(-c3n(ncc3)C)c2)=O)cccc1F,8.292429823902063
c1ccc(F)cc1C(Nc1ccc(c(-c2n(C)ncc2)c1)OCCN1CCOCC1)=O,8.292429823902063
O=C(c1cc(ccc1)F)Nc1cc(-c2ccnn2C)c(cc1)OCCN1CCOCC1,8.292429823902063
O(CCN1CCOCC1)c1c(cc(cc1)NC(c1cccc(F)c1)=O)-c1n(C)ncc1,8.292429823902063
N#Cc1nn2ccc(cc2c1)OCCCCN1CCN(CC1)c1cccc(Cl)c1Cl,7.0915149811213505
c1cc(Cl)c(Cl)c(N2CCN(CC2)CCCCOc2cc3n(cc2)nc(C#N)c3)c1,7.0915149811213505
c1(OCCCCN2CCN(c3cccc(Cl)c3Cl)CC2)cc2cc(nn2cc1)C#N,7.0915149811213505
N1(c2c(c(ccc2)Cl)Cl)CCN(CCCCOc2ccn3c(cc(C#N)n3)c2)CC1,7.0915149811213505
C1CN(c2c(c(ccc2)Cl)Cl)CCN1CCCCOc1cc2n(cc1)nc(c2)C#N,7.0915149811213505
c1ccc(c(N2CCN(CC(F)CCNC(=O)c3ccc(-c4ccccn4)cc3)CC2)c1)OC,5.686132779630847
c1ccc(OC)c(c1)N1CCN(CC(F)CCNC(c2ccc(-c3ncccc3)cc2)=O)CC1,5.686132779630847
FC(CCNC(c1ccc(cc1)-c1ccccn1)=O)CN1CCN(c2ccccc2OC)CC1,5.686132779630847
c1cccnc1-c1ccc(cc1)C(=O)NCCC(F)CN1CCN(c2ccccc2OC)CC1,5.686132779630847
c1(ccc(cc1)-c1ccccn1)C(NCCC(CN1CCN(CC1)c1c(OC)cccc1)F)=O,5.686132779630847
Fc1ccc2c(-c3n(CC(N)C)ccc3C2)c1,6.699991797446187
CC(Cn1ccc2c1-c1cc(F)ccc1C2)N,6.699991797446187
c12-c3cc(ccc3Cc2ccn1CC(N)C)F,6.699991797446187
Fc1ccc2Cc3c(n(cc3)CC(N)C)-c2c1,6.699991797446187
NC(Cn1c2c(Cc3c-2cc(cc3)F)cc1)C,6.699991797446187
c1c(N2C(=O)c3c(c(C)c(Cl)cc3C2)Cl)cc(OCCN2CCC(CC2)C)c(c1)OC,6.199998172182031
C1C(CCN(CCOc2c(OC)ccc(N3Cc4cc(Cl)c(c(Cl)c4C3=O)C)c2)C1)C,6.199998172182031
C1N(c2cc(OCCN3CCC(C)CC3)c(cc2)OC)C(c2c1cc(Cl)c(C)c2Cl)=O,6.199998172182031
c1c(c(OC)ccc1N1C(=O)c2c(C1)cc(Cl)c(c2Cl)C)OCCN1CCC(C)CC1,6.199998172182031
C(COc1cc(ccc1OC)N1C(c2c(Cl)c(C)c(Cl)cc2C1)=O)N1CCC(CC1)C,6.199998172182031
c1c(=O)oc2c(c1C)ccc(c2C(=O)C)OCCCN1CCN(CC1)c1c(c(ccc1)Cl)Cl,8.096910013008056
O=C(C)c1c2c(ccc1OCCCN1CCN(c3c(Cl)c(Cl)ccc3)CC1)c(cc(o2)=O)C,8.096910013008056
o1c2c(c(cc1=O)C)ccc(c2C(C)=O)OCCCN1CCN(c2c(Cl)c(Cl)ccc2)CC1,8.096910013008056
c1cc(Cl)c(c(c1)N1CCN(CC1)CCCOc1c(c2oc(cc(c2cc1)C)=O)C(=O)C)Cl,8.096910013008056
c1(C)c2ccc(OCCCN3CCN(CC3)c3cccc(c3Cl)Cl)c(C(=O)C)c2oc(c1)=O,8.096910013008056
c1cc2c(CCCN3CC(CC3)NS(=O)(=O)c3cc4ccc(cc4s3)Cl)noc2cc1,9.100015437450608
c12ccccc2onc1CCCN1CCC(NS(=O)(=O)c2cc3c(s2)cc(Cl)cc3)C1,9.100015437450608
c1c2c(ccc1)onc2CCCN1CC(CC1)NS(=O)(=O)c1cc2ccc(cc2s1)Cl,9.100015437450608
c12c(cc(cc1)Cl)sc(S(NC1CN(CCCc3noc4ccccc34)CC1)(=O)=O)c2,9.100015437450608
S(=O)(NC1CCN(C1)CCCc1c2c(cccc2)on1)(=O)c1cc2ccc(cc2s1)Cl,9.100015437450608
N(c1cnccc1)C(=O)N1CCc2c1cc(Cl)cc2,6.10008925683624
Clc1cc2c(CCN2C(Nc2cccnc2)=O)cc1,6.10008925683624
c1(cc2c(CCN2C(=O)Nc2cnccc2)cc1)Cl,6.10008925683624
C1CN(c2cc(Cl)ccc12)C(Nc1cnccc1)=O,6.10008925683624
C(Nc1cccnc1)(=O)N1c2cc(Cl)ccc2CC1,6.10008925683624
C1C(CCN(C1)CCC1CCC(NC(CC(C)C)=O)CC1)c1coc2ccccc21,8.062983892535186
c1cccc2c(coc12)C1CCN(CC1)CCC1CCC(NC(=O)CC(C)C)CC1,8.062983892535186
c1c2occ(c2ccc1)C1CCN(CCC2CCC(CC2)NC(CC(C)C)=O)CC1,8.062983892535186
c1oc2c(cccc2)c1C1CCN(CCC2CCC(NC(=O)CC(C)C)CC2)CC1,8.062983892535186
CC(C)CC(=O)NC1CCC(CC1)CCN1CCC(CC1)c1coc2ccccc12,8.062983892535186
c1cc2c(CC3CNCCN3C2=O)cc1OC,5.7654827164873135
C1(=O)c2c(CC3N1CCNC3)cc(cc2)OC,5.7654827164873135
c1cc2C(N3CCNCC3Cc2cc1OC)=O,5.7654827164873135
c12ccc(cc2CC2N(C1=O)CCNC2)OC,5.7654827164873135
c1c2CC3N(CCNC3)C(=O)c2ccc1OC,5.7654827164873135
CC(c1c2oc(cc(c2ccc1OCCCN1CCN(c2ccc(cc2)Cl)CC1)C)=O)=O,8.022276394711152
c12oc(cc(C)c1ccc(OCCCN1CCN(c3ccc(cc3)Cl)CC1)c2C(=O)C)=O,8.022276394711152
O=c1cc(C)c2c(o1)c(C(=O)C)c(OCCCN1CCN(c3ccc(cc3)Cl)CC1)cc2,8.022276394711152
C1N(CCCOc2c(C(C)=O)c3oc(cc(c3cc2)C)=O)CCN(c2ccc(Cl)cc2)C1,8.022276394711152
C(c1c2c(ccc1OCCCN1CCN(CC1)c1ccc(Cl)cc1)c(C)cc(=O)o2)(C)=O,8.022276394711152
FC(Oc1c2C(=O)N3C(CNCC3)c2ccc1)(F)F,7.173925197299173
c1ccc2c(c1OC(F)(F)F)C(=O)N1CCNCC12,7.173925197299173
FC(F)(Oc1cccc2c1C(=O)N1C2CNCC1)F,7.173925197299173
C(F)(F)(Oc1cccc2C3CNCCN3C(c12)=O)F,7.173925197299173
C(Oc1cccc2c1C(N1C2CNCC1)=O)(F)(F)F,7.173925197299173
C(N1CCC(CC1)Cc1c(cc2c(c1)NC(CO2)=O)F)COc1cc(F)cc2nc(C)ccc21,5.700000503883016
C1C(Cc2c(cc3OCC(=O)Nc3c2)F)CCN(C1)CCOc1cc(F)cc2nc(ccc21)C,5.700000503883016
c12c(nc(C)cc2)cc(F)cc1OCCN1CCC(CC1)Cc1cc2NC(=O)COc2cc1F,5.700000503883016
c1c2c(c(OCCN3CCC(Cc4cc5NC(COc5cc4F)=O)CC3)cc1F)ccc(n2)C,5.700000503883016
c12c(cc(CC3CCN(CCOc4cc(F)cc5c4ccc(n5)C)CC3)c(F)c1)NC(=O)CO2,5.700000503883016
c1(ccc2c(c1)nc(CCCCN1CCc3c(cccc3)C1)s2)Cl,6.176212878538136
c1cccc2c1CN(CC2)CCCCc1nc2cc(ccc2s1)Cl,6.176212878538136
c1c(Cl)ccc2sc(CCCCN3Cc4c(cccc4)CC3)nc21,6.176212878538136
C1N(CCCCc2nc3cc(Cl)ccc3s2)Cc2ccccc2C1,6.176212878538136
c12c(CN(CCCCc3sc4c(cc(cc4)Cl)n3)CC1)cccc2,6.176212878538136
C1CC(CCN2CCN(CC2)c2c3c(sn2)cccc3)CCC1NC(CCC)=O,9.060480747381382
n1sc2ccccc2c1N1CCN(CCC2CCC(CC2)NC(=O)CCC)CC1,9.060480747381382
O=C(NC1CCC(CCN2CCN(c3c4c(sn3)cccc4)CC2)CC1)CCC,9.060480747381382
C(=O)(NC1CCC(CC1)CCN1CCN(CC1)c1nsc2c1cccc2)CCC,9.060480747381382
C(CC)C(NC1CCC(CCN2CCN(CC2)c2nsc3ccccc32)CC1)=O,9.060480747381382
CC(COc1ccc(OC(N(C2C(CN(CC2)C)F)Cc2ccc(cc2)F)=O)cc1)C,7.0
C1C(C(F)CN(C1)C)N(C(=O)Oc1ccc(cc1)OCC(C)C)Cc1ccc(cc1)F,7.0
C(COc1ccc(cc1)OC(N(C1C(CN(C)CC1)F)Cc1ccc(F)cc1)=O)(C)C,7.0
N(C1C(CN(CC1)C)F)(C(=O)Oc1ccc(cc1)OCC(C)C)Cc1ccc(cc1)F,7.0
CC(COc1ccc(OC(=O)N(C2C(CN(C)CC2)F)Cc2ccc(F)cc2)cc1)C,7.0
c1c(CC(CC2CCCO2)C(OCCN(CC)CC)=O)c2c(cc1)cccc2,6.531962990774253
C(C)N(CCOC(=O)C(CC1CCCO1)Cc1cccc2ccccc12)CC,6.531962990774253
N(CCOC(=O)C(CC1CCCO1)Cc1c2ccccc2ccc1)(CC)CC,6.531962990774253
C1(CCCO1)CC(C(OCCN(CC)CC)=O)Cc1cccc2ccccc12,6.531962990774253
c1ccc(c2c1cccc2)CC(CC1CCCO1)C(OCCN(CC)CC)=O,6.531962990774253
c1c2n(c(O)cc2cc(c1)F)C1CCN(CC1)CCN1C(c2c(cccc2)CCC1)=O,7.36997914888659
O=C1c2c(CCCN1CCN1CCC(n3c4c(cc(cc4)F)cc3O)CC1)cccc2,7.36997914888659
C(CN1CCC(CC1)n1c2c(cc(cc2)F)cc1O)N1C(=O)c2c(cccc2)CCC1,7.36997914888659
n1(C2CCN(CC2)CCN2C(c3ccccc3CCC2)=O)c2c(cc1O)cc(F)cc2,7.36997914888659
N1(CCN2CCC(n3c4ccc(cc4cc3O)F)CC2)C(=O)c2c(CCC1)cccc2,7.36997914888659
c1cc(ccc1C(=O)CCCN1Cc2ccccc2CC1)OC,5.590831366673572
C(CCC(=O)c1ccc(cc1)OC)N1CCc2c(cccc2)C1,5.590831366673572
c1ccc2c(c1)CN(CC2)CCCC(=O)c1ccc(OC)cc1,5.590831366673572
C1c2c(CCN1CCCC(c1ccc(cc1)OC)=O)cccc2,5.590831366673572
N1(CCCC(c2ccc(cc2)OC)=O)CCc2c(cccc2)C1,5.590831366673572
c1c(NC(Nc2ccc(cc2)F)=O)ccc(OCCN(CC)CC)c1-c1ccnn1C,9.065501548756432
c1c(-c2cc(NC(=O)Nc3ccc(F)cc3)ccc2OCCN(CC)CC)n(C)nc1,9.065501548756432
c1(n(ncc1)C)-c1c(OCCN(CC)CC)ccc(NC(Nc2ccc(cc2)F)=O)c1,9.065501548756432
c1c(ccc(c1)F)NC(=O)Nc1cc(-c2ccnn2C)c(OCCN(CC)CC)cc1,9.065501548756432
c1cnn(c1-c1cc(ccc1OCCN(CC)CC)NC(Nc1ccc(F)cc1)=O)C,9.065501548756432
c1c(cccn1)NC(N1c2ccc(Cl)cc2CC1)=O,5.599989873875129
N(c1cccnc1)C(=O)N1CCc2c1ccc(Cl)c2,5.599989873875129
N1(C(Nc2cccnc2)=O)CCc2cc(Cl)ccc21,5.599989873875129
C1Cc2cc(Cl)ccc2N1C(=O)Nc1cnccc1,5.599989873875129
c1cc(cnc1)NC(N1CCc2c1ccc(Cl)c2)=O,5.599989873875129
C1c2c(cccc2)C2C(CC(CN3CCN(CC3)c3cccc(c3)Cl)O2)c2ccccc12,7.251811972993799
c1c2Cc3c(cccc3)C3CC(OC3c2ccc1)CN1CCN(CC1)c1cccc(c1)Cl,7.251811972993799
C(N1CCN(CC1)c1cccc(c1)Cl)C1OC2c3c(cccc3)Cc3ccccc3C2C1,7.251811972993799
c1ccc(cc1Cl)N1CCN(CC1)CC1OC2C(C1)c1c(cccc1)Cc1c2cccc1,7.251811972993799
c1ccc(N2CCN(CC2)CC2CC3C(O2)c2ccccc2Cc2ccccc23)cc1Cl,7.251811972993799
O1COc2c1c(ccc2)N1CCN(CC1)CCC1CCC(CC1)NC(CC(C)C)=O,7.608359296507612
C1C(CCN2CCN(CC2)c2c3c(OCO3)ccc2)CCC(C1)NC(CC(C)C)=O,7.608359296507612
C(N1CCN(c2cccc3OCOc32)CC1)CC1CCC(CC1)NC(CC(C)C)=O,7.608359296507612
C1(NC(CC(C)C)=O)CCC(CC1)CCN1CCN(c2c3OCOc3ccc2)CC1,7.608359296507612
c1cc(N2CCN(CC2)CCC2CCC(NC(=O)CC(C)C)CC2)c2OCOc2c1,7.608359296507612
O1C(CC(NC2CCC(CCN3CCC(CC3)c3noc4c3ccc(Cl)c4)CC2)=O)CCC(OC)C1,8.016058141016112
c12cc(ccc1c(no2)C1CCN(CC1)CCC1CCC(NC(=O)CC2OCC(CC2)OC)CC1)Cl,8.016058141016112
C(C(NC1CCC(CCN2CCC(c3noc4cc(ccc34)Cl)CC2)CC1)=O)C1OCC(OC)CC1,8.016058141016112
C(CC1CCC(NC(CC2CCC(OC)CO2)=O)CC1)N1CCC(CC1)c1c2ccc(cc2on1)Cl,8.016058141016112
C(CC1CCC(OC)CO1)(=O)NC1CCC(CCN2CCC(c3noc4c3ccc(Cl)c4)CC2)CC1,8.016058141016112
C1(CCC(CCN2CCN(CC2)c2cc(cc(Cl)c2OC)CC)CC1)NC(=O)NC,6.684029654543083
c1(CC)cc(Cl)c(OC)c(N2CCN(CCC3CCC(CC3)NC(=O)NC)CC2)c1,6.684029654543083
N(C1CCC(CCN2CCN(c3c(c(cc(CC)c3)Cl)OC)CC2)CC1)C(NC)=O,6.684029654543083
CNC(NC1CCC(CCN2CCN(c3c(c(Cl)cc(c3)CC)OC)CC2)CC1)=O,6.684029654543083
c1(cc(CC)cc(c1OC)Cl)N1CCN(CC1)CCC1CCC(CC1)NC(=O)NC,6.684029654543083
O1CCOCC1CC(NC1CCC(CC1)CCN1CCN(CC1)c1c2c(OCC2)ccn1)=O,8.013228265733755
C1CC(CCC1CCN1CCN(c2nccc3c2CCO3)CC1)NC(CC1OCCOC1)=O,8.013228265733755
C1COc2c1c(N1CCN(CCC3CCC(NC(=O)CC4COCCO4)CC3)CC1)ncc2,8.013228265733755
C(C(=O)NC1CCC(CCN2CCN(CC2)c2c3c(ccn2)OCC3)CC1)C1OCCOC1,8.013228265733755
n1c(c2CCOc2cc1)N1CCN(CC1)CCC1CCC(NC(=O)CC2COCCO2)CC1,8.013228265733755
c1c(cnc(C=Cc2ccc(cc2O)F)c1)S(=O)(=O)c1c(cccc1)F,9.721246399047171
O=S(=O)(c1c(F)cccc1)c1cnc(C=Cc2c(cc(cc2)F)O)cc1,9.721246399047171
c1cc(C=Cc2ccc(S(=O)(c3ccccc3F)=O)cn2)c(cc1F)O,9.721246399047171
c1c(C=Cc2ccc(cn2)S(c2ccccc2F)(=O)=O)c(cc(c1)F)O,9.721246399047171
c1c(S(c2c(F)cccc2)(=O)=O)ccc(C=Cc2c(cc(F)cc2)O)n1,9.721246399047171
c1c(ccc(c1)CN1CC(CC1)NC(c1ccc(cc1)-c1sccc1)=O)C(F)(F)F,6.886056647693163
c1c(ccc(c1)C(=O)NC1CCN(Cc2ccc(C(F)(F)F)cc2)C1)-c1cccs1,6.886056647693163
c1ccc(s1)-c1ccc(cc1)C(NC1CN(Cc2ccc(C(F)(F)F)cc2)CC1)=O,6.886056647693163
s1c(-c2ccc(cc2)C(NC2CN(Cc3ccc(C(F)(F)F)cc3)CC2)=O)ccc1,6.886056647693163
c1cc(ccc1-c1sccc1)C(=O)NC1CCN(Cc2ccc(C(F)(F)F)cc2)C1,6.886056647693163
C1CN(c2cc(ccc2)Cl)CCN1CCCCCCN1C(=O)c2cccc3cccc1c23,6.367542707815276
Clc1cc(ccc1)N1CCN(CC1)CCCCCCN1c2c3c(cccc3ccc2)C1=O,6.367542707815276
c12cccc3c2c(C(=O)N3CCCCCCN2CCN(CC2)c2cc(ccc2)Cl)ccc1,6.367542707815276
Clc1cccc(c1)N1CCN(CCCCCCN2C(c3cccc4cccc2c34)=O)CC1,6.367542707815276
C(CN1c2c3c(ccc2)cccc3C1=O)CCCCN1CCN(CC1)c1cc(Cl)ccc1,6.367542707815276
c12c(cco2)c2c(cc1)c(C)nn2CC(C)N,7.769551078621726
CC(Cn1nc(C)c2ccc3c(c21)cco3)N,7.769551078621726
c12c3n(CC(C)N)nc(c3ccc1occ2)C,7.769551078621726
C(Cn1nc(C)c2c1c1ccoc1cc2)(C)N,7.769551078621726
o1c2ccc3c(nn(CC(C)N)c3c2cc1)C,7.769551078621726
O=S(=O)(c1sc2c(c1)cccc2)NC1CCC(CCN2CCN(CC2)c2nsc3c2cccc3)CC1,8.688246138944246
C1(CCN2CCN(c3nsc4c3cccc4)CC2)CCC(NS(=O)(=O)c2cc3ccccc3s2)CC1,8.688246138944246
c1cc2sc(cc2cc1)S(NC1CCC(CCN2CCN(c3nsc4c3cccc4)CC2)CC1)(=O)=O,8.688246138944246
C(CN1CCN(CC1)c1c2c(sn1)cccc2)C1CCC(CC1)NS(=O)(=O)c1sc2ccccc2c1,8.688246138944246
C1CC(CCN2CCN(c3c4ccccc4sn3)CC2)CCC1NS(=O)(c1cc2ccccc2s1)=O,8.688246138944246
c1(ccc(cc1)N1CCN(CCCCCCN2C(c3c4c(cccc4C2=O)ccc3)=O)CC1)OC,4.221125527997261
C(N1C(=O)c2c3c(C1=O)cccc3ccc2)CCCCCN1CCN(CC1)c1ccc(OC)cc1,4.221125527997261
C(N1CCN(c2ccc(OC)cc2)CC1)CCCCCN1C(=O)c2c3c(ccc2)cccc3C1=O,4.221125527997261
C(N1CCN(c2ccc(cc2)OC)CC1)CCCCCN1C(=O)c2c3c(cccc3C1=O)ccc2,4.221125527997261
c12cccc3c1c(ccc3)C(N(CCCCCCN1CCN(c3ccc(cc3)OC)CC1)C2=O)=O,4.221125527997261
C1N(c2c(OCCF)cccc2)CCN(C1)CCCCNC(c1nn2c(c1)cccc2)=O,6.2839966563652006
c12ccccn2nc(c1)C(=O)NCCCCN1CCN(c2c(cccc2)OCCF)CC1,6.2839966563652006
c1(OCCF)ccccc1N1CCN(CC1)CCCCNC(c1cc2n(cccc2)n1)=O,6.2839966563652006
N1(CCCCNC(c2nn3ccccc3c2)=O)CCN(CC1)c1ccccc1OCCF,6.2839966563652006
C1CN(CCCCNC(=O)c2cc3ccccn3n2)CCN1c1c(OCCF)cccc1,6.2839966563652006
c1c(ccc2c1onc2C1CCN(CCN(CC)C(=O)C2CCC(O)CC2)CC1)F,8.958607314841775
C(CN(CC)C(C1CCC(CC1)O)=O)N1CCC(c2noc3cc(ccc32)F)CC1,8.958607314841775
CCN(C(C1CCC(O)CC1)=O)CCN1CCC(c2noc3cc(F)ccc23)CC1,8.958607314841775
c1cc2c(onc2C2CCN(CC2)CCN(CC)C(=O)C2CCC(O)CC2)cc1F,8.958607314841775
C1CC(CCN1CCN(CC)C(C1CCC(CC1)O)=O)c1noc2cc(F)ccc12,8.958607314841775
C1C(N(S(=O)(c2ccccc2)=O)C)CCN(CCOc2ccccc2C(C)C)C1,6.578396073130169
C1N(CCOc2c(cccc2)C(C)C)CCC(C1)N(S(=O)(=O)c1ccccc1)C,6.578396073130169
CC(C)c1ccccc1OCCN1CCC(CC1)N(C)S(=O)(c1ccccc1)=O,6.578396073130169
O=S(=O)(N(C)C1CCN(CC1)CCOc1ccccc1C(C)C)c1ccccc1,6.578396073130169
C1(N(S(c2ccccc2)(=O)=O)C)CCN(CCOc2c(cccc2)C(C)C)CC1,6.578396073130169
c12sccc2c(N2CCN(CC2)CCC2N(CCC2)S(c2cncc3c2cccc3)(=O)=O)ccc1,7.585026652029182
N1(CCN(c2cccc3c2ccs3)CC1)CCC1CCCN1S(c1c2ccccc2cnc1)(=O)=O,7.585026652029182
C(CN1CCN(CC1)c1cccc2sccc12)C1N(CCC1)S(c1c2ccccc2cnc1)(=O)=O,7.585026652029182
C(CC1CCCN1S(=O)(c1cncc2ccccc21)=O)N1CCN(c2c3ccsc3ccc2)CC1,7.585026652029182
c1csc2c1c(N1CCN(CCC3CCCN3S(=O)(=O)c3cncc4c3cccc4)CC1)ccc2,7.585026652029182
C1C(CCN(CCN2CCc3ccncc3C2=O)C1)c1noc2c1cccc2,8.075720713938118
n1cc2C(=O)N(CCN3CCC(c4c5c(on4)cccc5)CC3)CCc2cc1,8.075720713938118
C1CC(CCN1CCN1CCc2ccncc2C1=O)c1c2ccccc2on1,8.075720713938118
N1(CCN2CCC(CC2)c2noc3ccccc23)C(c2c(ccnc2)CC1)=O,8.075720713938118
C(N1CCc2ccncc2C1=O)CN1CCC(CC1)c1noc2ccccc21,8.075720713938118
c1(-c2nc(N)[nH]c2)c2c(n(c1)S(=O)(=O)c1ccccc1)cccc2,6.050122295963125
c1ccc2n(S(=O)(c3ccccc3)=O)cc(-c3nc([nH]c3)N)c2c1,6.050122295963125
O=S(=O)(n1c2c(c(-c3nc(N)[nH]c3)c1)cccc2)c1ccccc1,6.050122295963125
c1(c[nH]c(n1)N)-c1cn(c2ccccc21)S(=O)(c1ccccc1)=O,6.050122295963125
c1ccc(cc1)S(=O)(=O)n1cc(c2ccccc12)-c1c[nH]c(n1)N,6.050122295963125
c1c(-c2ccccc2)ccc(OC)c1C(=O)CCCCN1CCC2(CC1)NC(=O)NC2=O,9.0
c1cc(-c2cc(c(cc2)OC)C(=O)CCCCN2CCC3(CC2)NC(NC3=O)=O)ccc1,9.0
C(CCN1CCC2(NC(=O)NC2=O)CC1)CC(c1c(OC)ccc(-c2ccccc2)c1)=O,9.0
c1ccc(cc1)-c1cc(c(OC)cc1)C(=O)CCCCN1CCC2(NC(=O)NC2=O)CC1,9.0
O=C(CCCCN1CCC2(CC1)NC(=O)NC2=O)c1cc(-c2ccccc2)ccc1OC,9.0
C1(NC(CCOC)=O)CCC(CC1)CCN1CCC(CC1)c1ccc(c2occc12)F,7.508638306165727
C1C(CCC(C1)NC(CCOC)=O)CCN1CCC(c2c3c(occ3)c(F)cc2)CC1,7.508638306165727
N1(CCC(CC1)c1c2c(c(cc1)F)occ2)CCC1CCC(CC1)NC(=O)CCOC,7.508638306165727
C(CC1CCC(NC(=O)CCOC)CC1)N1CCC(CC1)c1ccc(c2c1cco2)F,7.508638306165727
C1CC(CCC1NC(CCOC)=O)CCN1CCC(CC1)c1c2c(c(cc1)F)occ2,7.508638306165727
c12c(CC(N(C)C)CC2c2ccc(Br)cc2)cccc1,6.657577319177793
c12CC(CC(c3ccc(Br)cc3)c1cccc2)N(C)C,6.657577319177793
C1C(c2ccccc2CC1N(C)C)c1ccc(Br)cc1,6.657577319177793
c1cc2c(cc1)CC(CC2c1ccc(cc1)Br)N(C)C,6.657577319177793
c1ccc2c(c1)CC(N(C)C)CC2c1ccc(Br)cc1,6.657577319177793
c1cc2c(cc1)snc2N1CCN(CCC2CCC(NC(c3c(cco3)C(C)(C)C)=O)CC2)CC1,8.593459819566045
c1ccc2c(c1)snc2N1CCN(CCC2CCC(NC(c3c(C(C)(C)C)cco3)=O)CC2)CC1,8.593459819566045
C1(NC(=O)c2c(C(C)(C)C)cco2)CCC(CCN2CCN(CC2)c2c3c(cccc3)sn2)CC1,8.593459819566045
CC(c1ccoc1C(=O)NC1CCC(CC1)CCN1CCN(CC1)c1c2ccccc2sn1)(C)C,8.593459819566045
c1(C(NC2CCC(CC2)CCN2CCN(CC2)c2nsc3ccccc32)=O)occc1C(C)(C)C,8.593459819566045
C(c1cc2c(cc1)CCC2NC(c1ccc(cc1)Cl)=O)CN1CCN(c2c3c(sn2)cccc3)CC1,10.0
C1(NC(c2ccc(cc2)Cl)=O)CCc2ccc(cc21)CCN1CCN(CC1)c1nsc2c1cccc2,10.0
c12ccccc2c(N2CCN(CCc3cc4c(CCC4NC(c4ccc(cc4)Cl)=O)cc3)CC2)ns1,10.0
C1Cc2c(cc(CCN3CCN(CC3)c3c4ccccc4sn3)cc2)C1NC(=O)c1ccc(Cl)cc1,10.0
s1c2ccccc2c(n1)N1CCN(CC1)CCc1ccc2c(c1)C(NC(=O)c1ccc(cc1)Cl)CC2,10.0
c12c(coc2cccc1)C1CCN(CCC2CCC(NC(=O)c3ccccc3)CC2)CC1,8.360513510731414
c1cccc2c1c(C1CCN(CCC3CCC(NC(=O)c4ccccc4)CC3)CC1)co2,8.360513510731414
c1c(C2CCN(CCC3CCC(NC(=O)c4ccccc4)CC3)CC2)c2c(cccc2)o1,8.360513510731414
C(C1CCC(CC1)NC(=O)c1ccccc1)CN1CCC(c2coc3ccccc23)CC1,8.360513510731414
C1N(CCC(C1)c1coc2c1cccc2)CCC1CCC(NC(c2ccccc2)=O)CC1,8.360513510731414
C1CN(CCC1c1noc2c1ccc(F)c2)CCN(C(C1CN(CCC1O)C)=O)CC,8.142667503568731
C1CN(CC(C(N(CCN2CCC(c3c4ccc(cc4on3)F)CC2)CC)=O)C1O)C,8.142667503568731
c1(ccc2c(c1)onc2C1CCN(CC1)CCN(CC)C(C1CN(C)CCC1O)=O)F,8.142667503568731
C1(c2c3c(cc(cc3)F)on2)CCN(CC1)CCN(CC)C(C1C(O)CCN(C1)C)=O,8.142667503568731
C1(c2c3ccc(F)cc3on2)CCN(CC1)CCN(CC)C(=O)C1C(CCN(C1)C)O,8.142667503568731
n1(nccc1-c1c(OCCN2CCCCC2)ccc(NC(=O)Nc2cc(cc(c2)F)F)c1)C,9.040958607678906
C1CCCCN1CCOc1c(cc(NC(Nc2cc(F)cc(c2)F)=O)cc1)-c1n(C)ncc1,9.040958607678906
Cn1nccc1-c1cc(ccc1OCCN1CCCCC1)NC(Nc1cc(cc(c1)F)F)=O,9.040958607678906
C1CCCN(CCOc2c(-c3n(ncc3)C)cc(cc2)NC(Nc2cc(cc(c2)F)F)=O)C1,9.040958607678906
O(c1c(-c2ccnn2C)cc(cc1)NC(Nc1cc(F)cc(c1)F)=O)CCN1CCCCC1,9.040958607678906
o1c(=O)cc(c2c1cc(C)c(c2OCCCCN1CCN(c2cc(OC)ccc2)CC1)C(=O)C)C,6.2839966563652006
c12c(cc(C)c(c2OCCCCN2CCN(CC2)c2cccc(c2)OC)C(C)=O)oc(cc1C)=O,6.2839966563652006
C(=O)(C)c1c(OCCCCN2CCN(c3cc(ccc3)OC)CC2)c2c(cc1C)oc(cc2C)=O,6.2839966563652006
C1N(CCN(C1)c1cccc(OC)c1)CCCCOc1c(c(cc2oc(cc(C)c21)=O)C)C(C)=O,6.2839966563652006
C(Oc1c(C(=O)C)c(C)cc2c1c(cc(o2)=O)C)CCCN1CCN(c2cc(ccc2)OC)CC1,6.2839966563652006
C(CCCc1ccc(cc1)C(c1ccccc1)CN)CC,6.698970004336019
c1cc(ccc1CCCCCC)C(CN)c1ccccc1,6.698970004336019
c1cc(C(CN)c2ccc(CCCCCC)cc2)ccc1,6.698970004336019
NCC(c1ccc(cc1)CCCCCC)c1ccccc1,6.698970004336019
c1c(CCCCCC)ccc(c1)C(c1ccccc1)CN,6.698970004336019
c1ccccc1Nc1nc(nc(n1)N1CCN(CC1)C)C(CC)Oc1c(c(Cl)ccc1)Cl,6.931814138253839
N1(CCN(CC1)C)c1nc(nc(C(Oc2cccc(Cl)c2Cl)CC)n1)Nc1ccccc1,6.931814138253839
c1(OC(c2nc(Nc3ccccc3)nc(n2)N2CCN(C)CC2)CC)c(Cl)c(Cl)ccc1,6.931814138253839
C(c1nc(N2CCN(CC2)C)nc(Nc2ccccc2)n1)(CC)Oc1cccc(c1Cl)Cl,6.931814138253839
C1N(CCN(C)C1)c1nc(nc(n1)C(Oc1cccc(Cl)c1Cl)CC)Nc1ccccc1,6.931814138253839
n1sc2c(cccc2)c1N1CCN(CCn2ccc3ccncc3c2=O)CC1,8.88941028970075
c1cccc2snc(c21)N1CCN(CCn2c(=O)c3cnccc3cc2)CC1,8.88941028970075
C(Cn1c(c2c(cc1)ccnc2)=O)N1CCN(CC1)c1c2ccccc2sn1,8.88941028970075
c12c(ccn(CCN3CCN(CC3)c3nsc4c3cccc4)c2=O)ccnc1,8.88941028970075
c1cc2c(cc1)snc2N1CCN(CC1)CCn1ccc2ccncc2c1=O,8.88941028970075
c12C(C3N(C(c1cccc2)=O)CCNC3)C,5.519993057042849
c1cccc2c1C(N1CCNCC1C2C)=O,5.519993057042849
C1CN2C(c3ccccc3C(C2CN1)C)=O,5.519993057042849
C1CN2C(CN1)C(C)c1c(C2=O)cccc1,5.519993057042849
C1(N2CCNCC2C(c2c1cccc2)C)=O,5.519993057042849
C1CC2N(CCNC2)c2c1c(ccn2)Cc1ccccn1,7.174573882232177
c1nc2N3CCNCC3CCc2c(c1)Cc1ncccc1,7.174573882232177
n1ccccc1Cc1c2CCC3N(CCNC3)c2ncc1,7.174573882232177
C(c1ccccn1)c1ccnc2N3C(CNCC3)CCc12,7.174573882232177
c1ccnc(c1)Cc1c2c(ncc1)N1CCNCC1CC2,7.174573882232177
C(N1CCN(CC1)c1nsc2ccccc21)Cn1c(=O)c2cnc(C)nc2cc1,8.236572006437063
c1(c2c(nc(C)nc2)ccn1CCN1CCN(c2c3ccccc3sn2)CC1)=O,8.236572006437063
n1c(N2CCN(CC2)CCn2ccc3c(cnc(C)n3)c2=O)c2ccccc2s1,8.236572006437063
c1cccc2c1snc2N1CCN(CC1)CCn1c(c2c(nc(C)nc2)cc1)=O,8.236572006437063
N1(CCN(CC1)c1nsc2ccccc21)CCn1c(c2cnc(nc2cc1)C)=O,8.236572006437063
c1(Br)cc2CCN(C)CC(c2cc1O)c1ccccc1,7.924818145381308
C1CN(CC(c2c1cc(c(c2)O)Br)c1ccccc1)C,7.924818145381308
c1cccc(C2c3cc(c(cc3CCN(C2)C)Br)O)c1,7.924818145381308
c1c(cccc1)C1c2cc(O)c(Br)cc2CCN(C)C1,7.924818145381308
C1(c2ccccc2)c2c(CCN(C)C1)cc(c(c2)O)Br,7.924818145381308
C1C2C(c3cc(OC)cc4N(CCN2c34)C)CN(CCCC(c2ccc(cc2)F)=O)C1,8.455931955649724
c1cc(ccc1C(=O)CCCN1CC2c3c4N(CCN(C)c4cc(c3)OC)C2CC1)F,8.455931955649724
N12CCN(C)c3c1c(cc(OC)c3)C1C2CCN(C1)CCCC(=O)c1ccc(F)cc1,8.455931955649724
c1(OC)cc2c3N(CCN2C)C2C(CN(CCCC(c4ccc(cc4)F)=O)CC2)c3c1,8.455931955649724
COc1cc2C3CN(CCCC(c4ccc(cc4)F)=O)CCC3N3CCN(c(c1)c23)C,8.455931955649724
c1(c(ccc(-c2ccc(CN3C(OC(C)C3)=O)cc2)c1)F)Cl,5.6777807052660805
c1c(-c2cc(c(cc2)F)Cl)ccc(c1)CN1C(=O)OC(C1)C,5.6777807052660805
c1(cc(ccc1F)-c1ccc(CN2CC(C)OC2=O)cc1)Cl,5.6777807052660805
C1(OC(CN1Cc1ccc(cc1)-c1cc(Cl)c(cc1)F)C)=O,5.6777807052660805
C1(OC(CN1Cc1ccc(cc1)-c1ccc(c(c1)Cl)F)C)=O,5.6777807052660805
c1nc(ccc1NC(=O)N1c2c(cc(c(C(F)(F)F)c2)C)CC1)OCc1ncccc1C,6.799998134593398
N(c1cnc(OCc2c(cccn2)C)cc1)C(N1CCc2cc(C)c(C(F)(F)F)cc21)=O,6.799998134593398
c1(c(C)cccn1)COc1ccc(NC(N2c3c(cc(C)c(c3)C(F)(F)F)CC2)=O)cn1,6.799998134593398
Cc1cccnc1COc1ccc(NC(N2c3c(cc(c(C(F)(F)F)c3)C)CC2)=O)cn1,6.799998134593398
c1nc(c(C)cc1)COc1ccc(cn1)NC(=O)N1c2c(CC1)cc(C)c(c2)C(F)(F)F,6.799998134593398
c1cccc(C(c2ccccc2)CCNC)c1,5.824488186636552
C(NC)CC(c1ccccc1)c1ccccc1,5.824488186636552
c1ccc(C(c2ccccc2)CCNC)cc1,5.824488186636552
C(CC(c1ccccc1)c1ccccc1)NC,5.824488186636552
N(CCC(c1ccccc1)c1ccccc1)C,5.824488186636552
c12c(C3CNCCN3C2=O)cccc1,5.068542129310995
c1cccc2C3CNCCN3C(=O)c21,5.068542129310995
C1N2C(=O)c3ccccc3C2CNC1,5.068542129310995
C1CNCC2N1C(=O)c1c2cccc1,5.068542129310995
C1(c2c(C3N1CCNC3)cccc2)=O,5.068542129310995
C(Nc1c(cc(F)cc1)F)(=O)Nc1cc(c(OCCN2CCOCC2)cc1)-c1n(ncc1Cl)C,9.823908740944319
c1(-c2c(OCCN3CCOCC3)ccc(c2)NC(=O)Nc2ccc(F)cc2F)c(Cl)cnn1C,9.823908740944319
c1(c(-c2cc(ccc2OCCN2CCOCC2)NC(Nc2c(F)cc(cc2)F)=O)n(nc1)C)Cl,9.823908740944319
O(c1c(-c2n(ncc2Cl)C)cc(cc1)NC(=O)Nc1c(cc(F)cc1)F)CCN1CCOCC1,9.823908740944319
c1cc(OCCN2CCOCC2)c(-c2c(Cl)cnn2C)cc1NC(=O)Nc1c(F)cc(F)cc1,9.823908740944319
c1c(C2CCN(CCC3CCC(NC(=O)CC(C)C)CC3)CC2)c2OCOc2cc1,7.544546031221372
C1CC(NC(CC(C)C)=O)CCC1CCN1CCC(CC1)c1cccc2OCOc21,7.544546031221372
O1c2c(C3CCN(CCC4CCC(NC(CC(C)C)=O)CC4)CC3)cccc2OC1,7.544546031221372
C1(CCN2CCC(c3cccc4c3OCO4)CC2)CCC(NC(CC(C)C)=O)CC1,7.544546031221372
c1cc(C2CCN(CC2)CCC2CCC(CC2)NC(=O)CC(C)C)c2c(c1)OCO2,7.544546031221372
c12c([nH]cc1C=C1C(N(CC)C(N1C)=N)=O)cccc2,6.183758700008217
N=C1N(C)C(C(N1CC)=O)=Cc1c[nH]c2c1cccc2,6.183758700008217
C1(N(C(C(N1CC)=O)=Cc1c[nH]c2ccccc12)C)=N,6.183758700008217
CCN1C(=O)C(=Cc2c3ccccc3[nH]c2)N(C)C1=N,6.183758700008217
c1c(c2ccccc2[nH]1)C=C1C(=O)N(C(N1C)=N)CC,6.183758700008217
N1(CCN2CCC(CC2)c2ccc(F)cc2)CCC2(c3ccccc3NC2=O)C1,6.586700235918748
C1CN(CCC1c1ccc(cc1)F)CCN1CC2(CC1)c1ccccc1NC2=O,6.586700235918748
C1N(CCN2CCC3(C2)C(Nc2c3cccc2)=O)CCC(C1)c1ccc(cc1)F,6.586700235918748
O=C1C2(CCN(CCN3CCC(c4ccc(cc4)F)CC3)C2)c2ccccc2N1,6.586700235918748
C1N(CC2(C(Nc3ccccc23)=O)C1)CCN1CCC(CC1)c1ccc(cc1)F,6.586700235918748
N12CCNCC2c2c(c(C(F)(F)F)cc(c2)C2(CC2)C)C1=O,5.636388020107856
N12C(CNCC1)c1cc(C3(CC3)C)cc(C(F)(F)F)c1C2=O,5.636388020107856
c1c(C2(CC2)C)cc(c2C(=O)N3C(CNCC3)c12)C(F)(F)F,5.636388020107856
c1(cc2c(C(N3CCNCC23)=O)c(C(F)(F)F)c1)C1(CC1)C,5.636388020107856
c12c(C3CNCCN3C1=O)cc(cc2C(F)(F)F)C1(CC1)C,5.636388020107856
C(Oc1cc(ccc1OC)N1Cc2cc(Cl)c(c(C)c2C1=O)Cl)CN1CCC(CC1)C,6.399996913372259
N1(CCC(CC1)C)CCOc1cc(ccc1OC)N1Cc2c(c(c(c(c2)Cl)Cl)C)C1=O,6.399996913372259
C1N(CCOc2cc(N3C(c4c(cc(c(c4C)Cl)Cl)C3)=O)ccc2OC)CCC(C)C1,6.399996913372259
N1(CCC(CC1)C)CCOc1cc(N2C(=O)c3c(C)c(Cl)c(cc3C2)Cl)ccc1OC,6.399996913372259
c1(OC)c(cc(cc1)N1C(c2c(c(c(Cl)cc2C1)Cl)C)=O)OCCN1CCC(C)CC1,6.399996913372259
c1(N2CCN(CC2)CCN2CC3(c4ccccc4NC3=O)CC2)cc(ccc1)Cl,6.454692883534176
C1N(c2cccc(Cl)c2)CCN(C1)CCN1CCC2(C1)c1ccccc1NC2=O,6.454692883534176
N1(CCN2CCN(c3cccc(Cl)c3)CC2)CC2(C(Nc3ccccc23)=O)CC1,6.454692883534176
c1ccc(cc1Cl)N1CCN(CC1)CCN1CC2(c3c(cccc3)NC2=O)CC1,6.454692883534176
N1C(=O)C2(CCN(C2)CCN2CCN(c3cccc(c3)Cl)CC2)c2ccccc21,6.454692883534176
N1(CCN(CC1)CCC1CCC(CC1)NC(=O)C(C(C)C)O)c1cccc2OCOc12,7.459295216689238
N1(CCN(CC1)CCC1CCC(CC1)NC(=O)C(C(C)C)O)c1c2c(OCO2)ccc1,7.459295216689238
CC(C(C(=O)NC1CCC(CCN2CCN(CC2)c2cccc3OCOc23)CC1)O)C,7.459295216689238
C(CC1CCC(CC1)NC(C(O)C(C)C)=O)N1CCN(CC1)c1c2OCOc2ccc1,7.459295216689238
c12c(N3CCN(CCC4CCC(NC(C(O)C(C)C)=O)CC4)CC3)cccc1OCO2,7.459295216689238
N1(CCN(CCC2CCC(NC(=O)CCC(F)(F)F)CC2)CC1)c1nccc2c1CCO2,7.528708288941061
C1CN(c2nccc3OCCc23)CCN1CCC1CCC(NC(=O)CCC(F)(F)F)CC1,7.528708288941061
C1CC(CCN2CCN(CC2)c2nccc3OCCc23)CCC1NC(=O)CCC(F)(F)F,7.528708288941061
c1cnc(N2CCN(CCC3CCC(NC(CCC(F)(F)F)=O)CC3)CC2)c2CCOc12,7.528708288941061
C1N(CCN(C1)c1c2c(OCC2)ccn1)CCC1CCC(NC(=O)CCC(F)(F)F)CC1,7.528708288941061
c1c2c(n3c(c2)CCN(C)CC3)ccc1,7.552841968657781
n12c3c(cc1CCN(C)CC2)cccc3,7.552841968657781
C1n2c3ccccc3cc2CCN(C1)C,7.552841968657781
N1(C)CCc2n(c3ccccc3c2)CC1,7.552841968657781
CN1CCn2c(CC1)cc1c2cccc1,7.552841968657781
c1cc(cc(c1C)N(C(c1cn(c(=O)c2ccccc21)-c1c(F)cc(cc1)F)=O)C)Cl,4.824488186636552
Clc1cc(c(C)cc1)N(C(c1c2c(cccc2)c(=O)n(c1)-c1c(cc(F)cc1)F)=O)C,4.824488186636552
c1(C)c(cc(cc1)Cl)N(C(=O)c1cn(c(=O)c2c1cccc2)-c1ccc(F)cc1F)C,4.824488186636552
c1cc(cc(c1C)N(C(c1c2c(cccc2)c(n(-c2ccc(cc2F)F)c1)=O)=O)C)Cl,4.824488186636552
c1(c2c(cccc2)c(n(-c2c(F)cc(cc2)F)c1)=O)C(=O)N(c1c(ccc(c1)Cl)C)C,4.824488186636552
C1CN(CCN1c1c(cccc1)C(F)(F)F)CCCCCCN1C(c2cccc3c2c1ccc3)=O,5.753009300758451
c1c2c3c(C(=O)N(CCCCCCN4CCN(c5c(C(F)(F)F)cccc5)CC4)c3ccc2)cc1,5.753009300758451
c1ccc(c(c1)C(F)(F)F)N1CCN(CCCCCCN2C(=O)c3c4c2cccc4ccc3)CC1,5.753009300758451
c12C(N(c3c2c(ccc1)ccc3)CCCCCCN1CCN(c2c(cccc2)C(F)(F)F)CC1)=O,5.753009300758451
c1c2c3c(ccc2)N(CCCCCCN2CCN(c4c(C(F)(F)F)cccc4)CC2)C(=O)c3cc1,5.753009300758451
C1(C(=O)O)=CCCN(C1)C1CC2(Cc3ccccc3Oc3ccccc23)CC1,6.399996913372259
c12c(C3(Cc4c(O1)cccc4)CC(N1CC(C(=O)O)=CCC1)CC3)cccc2,6.399996913372259
O1c2ccccc2C2(CC(N3CCC=C(C(=O)O)C3)CC2)Cc2c1cccc2,6.399996913372259
c12C3(Cc4c(Oc1cccc2)cccc4)CCC(N1CCC=C(C(O)=O)C1)C3,6.399996913372259
C12(c3c(Oc4ccccc4C1)cccc3)CCC(N1CCC=C(C(=O)O)C1)C2,6.399996913372259
N(C(C)=O)C1CCC(CCN2CCC(c3c4ccc(F)cc4on3)CC2)CC1,8.65286521708998
c1(c2c(cc(cc2)F)on1)C1CCN(CC1)CCC1CCC(NC(=O)C)CC1,8.65286521708998
N(C1CCC(CCN2CCC(c3noc4cc(ccc34)F)CC2)CC1)C(C)=O,8.65286521708998
C(N1CCC(CC1)c1c2c(on1)cc(cc2)F)CC1CCC(NC(C)=O)CC1,8.65286521708998
n1oc2cc(ccc2c1C1CCN(CC1)CCC1CCC(NC(=O)C)CC1)F,8.65286521708998
c1c2c([nH]c(C(=O)NCCC(CN3CCN(c4cccc(CC)c4Cl)CC3)F)c2)ccc1,6.2076083105017466
c1cc2[nH]c(cc2cc1)C(NCCC(CN1CCN(c2c(Cl)c(CC)ccc2)CC1)F)=O,6.2076083105017466
[nH]1c2c(cc1C(=O)NCCC(F)CN1CCN(c3c(Cl)c(ccc3)CC)CC1)cccc2,6.2076083105017466
[nH]1c(C(=O)NCCC(CN2CCN(CC2)c2cccc(CC)c2Cl)F)cc2c1cccc2,6.2076083105017466
c1(Cl)c(CC)cccc1N1CCN(CC(CCNC(=O)c2cc3c(cccc3)[nH]2)F)CC1,6.2076083105017466
C1CN(CCN2C(c3c(C)nn(C)c3CCC2)=O)CCN1c1c2c(on1)cccc2,8.610833915635467
C1CN(CCN2CCCc3n(nc(c3C2=O)C)C)CCN1c1noc2c1cccc2,8.610833915635467
O=C1c2c(C)nn(C)c2CCCN1CCN1CCN(CC1)c1noc2ccccc12,8.610833915635467
C1(N(CCCc2c1c(nn2C)C)CCN1CCN(c2noc3c2cccc3)CC1)=O,8.610833915635467
c12c(C(=O)N(CCN3CCN(c4noc5c4cccc5)CC3)CCC1)c(C)nn2C,8.610833915635467
n1c(N2CCN(CCC3Cc4c(ccc(F)c4)C3=O)CC2)cccc1,7.11975822410452
C1N(c2ncccc2)CCN(CCC2Cc3c(ccc(c3)F)C2=O)C1,7.11975822410452
C1(Cc2cc(ccc2C1=O)F)CCN1CCN(c2ncccc2)CC1,7.11975822410452
c1cc(N2CCN(CCC3C(=O)c4ccc(F)cc4C3)CC2)ncc1,7.11975822410452
c1cc(N2CCN(CCC3Cc4cc(ccc4C3=O)F)CC2)ncc1,7.11975822410452
c1cc(-c2c3CCNCCc3nn2C(C)C)c(cc1Cl)Cl,7.823908740944319
c12c(CCNCC1)c(n(n2)C(C)C)-c1c(cc(Cl)cc1)Cl,7.823908740944319
c1(-c2c3c(CCNCC3)nn2C(C)C)ccc(cc1Cl)Cl,7.823908740944319
c1(-c2c(cc(cc2)Cl)Cl)n(nc2c1CCNCC2)C(C)C,7.823908740944319
c12nn(C(C)C)c(-c3ccc(cc3Cl)Cl)c1CCNCC2,7.823908740944319
c1(nccc2OCCc12)N1CCN(CC1)CCC1CCC(NC(=O)C(O)C(F)(F)F)CC1,7.943095148663527
c1nc(N2CCN(CCC3CCC(NC(C(C(F)(F)F)O)=O)CC3)CC2)c2c(OCC2)c1,7.943095148663527
C(F)(C(O)C(NC1CCC(CCN2CCN(CC2)c2c3c(ccn2)OCC3)CC1)=O)(F)F,7.943095148663527
n1c(N2CCN(CC2)CCC2CCC(NC(=O)C(C(F)(F)F)O)CC2)c2CCOc2cc1,7.943095148663527
C1(CCC(NC(C(C(F)(F)F)O)=O)CC1)CCN1CCN(CC1)c1nccc2OCCc21,7.943095148663527
c1ncc(cc1)-c1ccnc(n1)Nc1c(C)ccc(NC(c2ccc(cc2)CN2CCN(CC2)C)=O)c1,6.267606240177032
C1N(CCN(C1)Cc1ccc(cc1)C(Nc1cc(Nc2nccc(-c3cnccc3)n2)c(cc1)C)=O)C,6.267606240177032
c1(cccnc1)-c1ccnc(n1)Nc1c(C)ccc(NC(=O)c2ccc(cc2)CN2CCN(CC2)C)c1,6.267606240177032
c1cc(cc(c1C)Nc1nccc(-c2cnccc2)n1)NC(=O)c1ccc(cc1)CN1CCN(C)CC1,6.267606240177032
C(c1ccc(cc1)C(Nc1cc(c(cc1)C)Nc1nc(ccn1)-c1cccnc1)=O)N1CCN(C)CC1,6.267606240177032
C(CC(C(=O)N(CC)CCN1CCC(CC1)c1c2c(cc(F)cc2)on1)O)C(OC)=O,9.221848749616356
O=C(N(CC)CCN1CCC(c2noc3cc(F)ccc32)CC1)C(CCC(OC)=O)O,9.221848749616356
c12c(C3CCN(CC3)CCN(CC)C(=O)C(O)CCC(OC)=O)noc1cc(cc2)F,9.221848749616356
n1c(c2ccc(cc2o1)F)C1CCN(CC1)CCN(CC)C(=O)C(O)CCC(OC)=O,9.221848749616356
COC(CCC(C(=O)N(CC)CCN1CCC(CC1)c1c2c(on1)cc(F)cc2)O)=O,9.221848749616356
N(C(C1C=C2c3c4c(ccc3)[nH]cc4CC2N(C)C1)=O)(CCF)CC(F)F,9.366531544420413
c12CC3N(C)CC(C=C3c3c1c([nH]c2)ccc3)C(N(CC(F)F)CCF)=O,9.366531544420413
O=C(C1CN(C2C(c3cccc4[nH]cc(c43)C2)=C1)C)N(CCF)CC(F)F,9.366531544420413
C(C(F)F)N(C(=O)C1C=C2C(Cc3c4c(cccc24)[nH]c3)N(C)C1)CCF,9.366531544420413
c1cc2c3c(c[nH]2)CC2N(C)CC(C(N(CC(F)F)CCF)=O)C=C2c3c1,9.366531544420413
c12c(C)cc(=O)oc2cc(C)cc1OCCCN1CCN(c2nccnc2)CC1,5.340559218129682
c1(cc(c2c(cc(cc2OCCCN2CCN(c3nccnc3)CC2)C)o1)C)=O,5.340559218129682
C1N(c2nccnc2)CCN(C1)CCCOc1cc(C)cc2c1c(cc(o2)=O)C,5.340559218129682
C(COc1cc(C)cc2c1c(cc(o2)=O)C)CN1CCN(CC1)c1cnccn1,5.340559218129682
c1c(nccn1)N1CCN(CCCOc2cc(C)cc3c2c(C)cc(o3)=O)CC1,5.340559218129682
c1(cc(OCCN2CCCCC2)c(cc1)OC)C1=CCN(c2cccc(F)c2)C1=O,6.0
O=C1N(c2cccc(c2)F)CC=C1c1cc(OCCN2CCCCC2)c(OC)cc1,6.0
c1(N2C(=O)C(=CC2)c2cc(OCCN3CCCCC3)c(cc2)OC)cccc(F)c1,6.0
C1CN(CCOc2c(ccc(c2)C2C(=O)N(c3cc(ccc3)F)CC=2)OC)CCC1,6.0
c1c(OCCN2CCCCC2)c(ccc1C1C(=O)N(c2cccc(c2)F)CC=1)OC,6.0
C1N(CCN(c2ncccc2)C1)CCCC(=O)c1ccc(N)cc1,6.780703702056661
C1N(CCCC(c2ccc(N)cc2)=O)CCN(c2ncccc2)C1,6.780703702056661
c1(C(CCCN2CCN(c3ncccc3)CC2)=O)ccc(cc1)N,6.780703702056661
c1cccc(N2CCN(CCCC(c3ccc(cc3)N)=O)CC2)n1,6.780703702056661
c1ccnc(N2CCN(CC2)CCCC(=O)c2ccc(N)cc2)c1,6.780703702056661
C(F)(c1cccc2c1C(=O)N1C(C(C)C)CNCC21)(F)F,7.42021640338319
C1C2c3cccc(c3C(=O)N2C(CN1)C(C)C)C(F)(F)F,7.42021640338319
c1ccc2C3CNCC(C(C)C)N3C(=O)c2c1C(F)(F)F,7.42021640338319
C(c1c2c(ccc1)C1CNCC(C(C)C)N1C2=O)(F)(F)F,7.42021640338319
CC(C)C1CNCC2c3cccc(c3C(=O)N12)C(F)(F)F,7.42021640338319
c1c(-c2c(CCN(C)CC)c3c(cccc3)[nH]2)cc(F)cc1,10.096910013008056
[nH]1c2c(c(c1-c1cc(ccc1)F)CCN(C)CC)cccc2,10.096910013008056
c1c2c(c(-c3cc(F)ccc3)[nH]c2ccc1)CCN(C)CC,10.096910013008056
c1(-c2cc(F)ccc2)[nH]c2c(cccc2)c1CCN(CC)C,10.096910013008056
c1(cc(ccc1)-c1c(c2ccccc2[nH]1)CCN(C)CC)F,10.096910013008056
c12c(C3CCN(CC3)CCN(S(CCO)(=O)=O)CC)noc1cccc2,7.962573502059376
c1cc2c(noc2cc1)C1CCN(CC1)CCN(CC)S(=O)(CCO)=O,7.962573502059376
C(CO)S(N(CC)CCN1CCC(CC1)c1noc2c1cccc2)(=O)=O,7.962573502059376
c1c2onc(C3CCN(CC3)CCN(CC)S(CCO)(=O)=O)c2ccc1,7.962573502059376
C1CN(CCC1c1c2ccccc2on1)CCN(CC)S(=O)(CCO)=O,7.962573502059376
C1CN(CCN1)c1nc(C(CC)Sc2c(Cl)ccc(c2)Cl)nc(N)n1,6.72584215073632
C(C)C(Sc1c(Cl)ccc(c1)Cl)c1nc(N2CCNCC2)nc(N)n1,6.72584215073632
Clc1c(cc(cc1)Cl)SC(CC)c1nc(nc(N2CCNCC2)n1)N,6.72584215073632
C(c1nc(N)nc(n1)N1CCNCC1)(CC)Sc1cc(Cl)ccc1Cl,6.72584215073632
C(CC)(Sc1cc(ccc1Cl)Cl)c1nc(N)nc(n1)N1CCNCC1,6.72584215073632
c1cncc(c1)-c1[nH]c2c(c1C1CNCCC1F)ccc(c2)F,9.455931955649724
c1cc(F)cc2[nH]c(-c3cnccc3)c(C3C(F)CCNC3)c12,9.455931955649724
c1ncccc1-c1[nH]c2cc(ccc2c1C1C(F)CCNC1)F,9.455931955649724
C1(F)CCNCC1c1c2c(cc(cc2)F)[nH]c1-c1cccnc1,9.455931955649724
c1(-c2[nH]c3cc(ccc3c2C2C(F)CCNC2)F)cccnc1,9.455931955649724
c1(-c2c3c(nn2C(C)C)CCNCC3)ccc(C(F)(F)F)cc1,8.698970004336019
c1(-c2ccc(cc2)C(F)(F)F)n(C(C)C)nc2c1CCNCC2,8.698970004336019
c1(c2CCNCCc2nn1C(C)C)-c1ccc(cc1)C(F)(F)F,8.698970004336019
C(F)(F)(F)c1ccc(cc1)-c1n(nc2CCNCCc21)C(C)C,8.698970004336019
c1cc(ccc1C(F)(F)F)-c1n(nc2c1CCNCC2)C(C)C,8.698970004336019
c1(CCCN2CCN(CC2)c2cccc(c2Cl)Cl)cn(nn1)-c1ccn2c(c1)c(cn2)C=O,8.161150909262744
C1CN(CCN1CCCc1cn(-c2ccn3c(c(C=O)cn3)c2)nn1)c1c(c(ccc1)Cl)Cl,8.161150909262744
n1(nnc(CCCN2CCN(c3cccc(Cl)c3Cl)CC2)c1)-c1ccn2ncc(c2c1)C=O,8.161150909262744
c1(c(Cl)c(N2CCN(CC2)CCCc2nnn(-c3cc4c(C=O)cnn4cc3)c2)ccc1)Cl,8.161150909262744
c1c2n(ncc2C=O)ccc1-n1nnc(c1)CCCN1CCN(c2c(c(Cl)ccc2)Cl)CC1,8.161150909262744
O1c2ccnc(c2CC1)N1CCN(CCC2CCC(CC2)NC(=O)C2(O)CC2)CC1,8.22767829327708
C1CN(CCN1c1nccc2c1CCO2)CCC1CCC(CC1)NC(C1(CC1)O)=O,8.22767829327708
C1N(c2c3c(OCC3)ccn2)CCN(C1)CCC1CCC(NC(C2(CC2)O)=O)CC1,8.22767829327708
N(C1CCC(CC1)CCN1CCN(c2nccc3OCCc32)CC1)C(C1(CC1)O)=O,8.22767829327708
C1N(CCN(C1)CCC1CCC(CC1)NC(=O)C1(O)CC1)c1c2c(OCC2)ccn1,8.22767829327708
c1cccc2C3(CC(CC3)NCCC(=O)O)Cc3c(cccc3)Cc21,6.799998134593398
c1c2CC3(c4ccccc4Cc2ccc1)CC(NCCC(O)=O)CC3,6.799998134593398
C1C(CCC21Cc1ccccc1Cc1c2cccc1)NCCC(=O)O,6.799998134593398
c1ccc2Cc3c(cccc3)CC3(c2c1)CCC(C3)NCCC(=O)O,6.799998134593398
OC(CCNC1CC2(CC1)c1ccccc1Cc1c(cccc1)C2)=O,6.799998134593398
c1cc2ncccc2c(c1)S(=O)(=O)N1CCC(CCN2CCN(c3cc(c(cc3)Cl)Cl)CC2)CC1,6.4736607226101555
C(C1CCN(CC1)S(c1c2c(nccc2)ccc1)(=O)=O)CN1CCN(CC1)c1cc(Cl)c(Cl)cc1,6.4736607226101555
c1c2c(cccc2S(N2CCC(CCN3CCN(c4ccc(c(c4)Cl)Cl)CC3)CC2)(=O)=O)ncc1,6.4736607226101555
c1nc2cccc(S(=O)(=O)N3CCC(CC3)CCN3CCN(c4ccc(Cl)c(Cl)c4)CC3)c2cc1,6.4736607226101555
C(CN1CCN(CC1)c1cc(c(Cl)cc1)Cl)C1CCN(CC1)S(=O)(c1c2c(ccc1)nccc2)=O,6.4736607226101555
O(CCCN1CCN(c2c3c(ccc2)cc(F)c(c3)F)CC1)c1ccc2c(c1)C(NC2)=O,7.696803942579511
c12cccc(N3CCN(CC3)CCCOc3ccc4CNC(=O)c4c3)c2cc(c(c1)F)F,7.696803942579511
c1(cc2c(cc1F)cccc2N1CCN(CC1)CCCOc1cc2c(CNC2=O)cc1)F,7.696803942579511
C(COc1ccc2CNC(=O)c2c1)CN1CCN(CC1)c1cccc2c1cc(F)c(c2)F,7.696803942579511
C1CN(CCN1CCCOc1ccc2c(C(NC2)=O)c1)c1cccc2c1cc(c(F)c2)F,7.696803942579511
c12CCN(C)C3Cc4ccc(NC(=O)C)cc4-c(c(c(c1)OC)OCC1CC1)c23,6.011441043121384
C(=O)(C)Nc1ccc2c(-c3c4C(C2)N(CCc4cc(c3OCC2CC2)OC)C)c1,6.011441043121384
N(C(C)=O)c1cc2c(cc1)CC1c3c-2c(c(cc3CCN1C)OC)OCC1CC1,6.011441043121384
COc1cc2c3c(-c4cc(NC(C)=O)ccc4CC3N(C)CC2)c1OCC1CC1,6.011441043121384
c1c2CCN(C)C3c2c(c(c1OC)OCC1CC1)-c1cc(ccc1C3)NC(=O)C,6.011441043121384
C(Oc1c2c(cc(c1C(C)=O)C)oc(cc2C)=O)CCN1CCN(CC1)c1cc(OC)ccc1,7.318758762624412
c1c2c(c(OCCCN3CCN(CC3)c3cccc(c3)OC)c(c1C)C(C)=O)c(cc(=O)o2)C,7.318758762624412
c12oc(=O)cc(c2c(c(c(c1)C)C(C)=O)OCCCN1CCN(c2cccc(OC)c2)CC1)C,7.318758762624412
o1c2c(c(OCCCN3CCN(CC3)c3cccc(OC)c3)c(c(c2)C)C(C)=O)c(C)cc1=O,7.318758762624412
C(Oc1c2c(C)cc(=O)oc2cc(C)c1C(C)=O)CCN1CCN(c2cccc(OC)c2)CC1,7.318758762624412
O=C1NC2CNCC2c2c1c(ccc2)Cl,6.58838029403677
c1cc2C3C(NC(c2c(Cl)c1)=O)CNC3,6.58838029403677
C1C2NC(c3c(cccc3C2CN1)Cl)=O,6.58838029403677
C12CNCC2NC(=O)c2c1cccc2Cl,6.58838029403677
c12C3C(NC(c1c(Cl)ccc2)=O)CNC3,6.58838029403677
c12C(c3ccccc3Cc1cc(cc2)CCCc1ccccc1)CN,8.494850021680094
c1(CCCc2ccc3C(c4ccccc4Cc3c2)CN)ccccc1,8.494850021680094
c1(CCCc2cc3c(C(CN)c4c(C3)cccc4)cc2)ccccc1,8.494850021680094
C1c2cc(CCCc3ccccc3)ccc2C(CN)c2c1cccc2,8.494850021680094
c1ccccc1CCCc1ccc2C(c3c(Cc2c1)cccc3)CN,8.494850021680094
c1c2c(c(c([nH]2)-c2ccccc2)C2CCCN(C2)C)ccc1,8.327902142064282
c1cccc2c(C3CN(C)CCC3)c([nH]c21)-c1ccccc1,8.327902142064282
c1c2c([nH]c(-c3ccccc3)c2C2CN(CCC2)C)ccc1,8.327902142064282
c1(-c2c(c3c(cccc3)[nH]2)C2CCCN(C)C2)ccccc1,8.327902142064282
c1c2c(c(C3CCCN(C3)C)c([nH]2)-c2ccccc2)ccc1,8.327902142064282
C(CN1CCC(C)(CC1)C)Oc1cc(N2C(=O)C(c3ccc(Cl)c(Cl)c3)CC2)ccc1OC,6.399996913372259
C1N(c2cc(OCCN3CCC(C)(CC3)C)c(cc2)OC)C(C(C1)c1ccc(c(Cl)c1)Cl)=O,6.399996913372259
O=C1N(CCC1c1cc(c(Cl)cc1)Cl)c1cc(OCCN2CCC(C)(C)CC2)c(cc1)OC,6.399996913372259
O(c1c(cc(cc1)N1CCC(c2ccc(c(c2)Cl)Cl)C1=O)OCCN1CCC(CC1)(C)C)C,6.399996913372259
C1(CCN(CCOc2cc(N3CCC(c4cc(c(cc4)Cl)Cl)C3=O)ccc2OC)CC1)(C)C,6.399996913372259
c12c3cc(c(OCC=C)c2-c2cc(NS(C)(=O)=O)ccc2CC1N(CC3)C)OC,6.175223537524454
c12CC3c4c(-c2cc(NS(=O)(C)=O)cc1)c(c(cc4CCN3C)OC)OCC=C,6.175223537524454
c12c(cc(NS(=O)(=O)C)cc2)-c2c3c(CCN(C)C3C1)cc(OC)c2OCC=C,6.175223537524454
c1(NS(C)(=O)=O)cc2c(CC3N(CCc4c3c-2c(c(c4)OC)OCC=C)C)cc1,6.175223537524454
C(Oc1c(cc2c3C(Cc4c(-c13)cc(cc4)NS(=O)(=O)C)N(C)CC2)OC)C=C,6.175223537524454
O1CC(=O)Nc2c(ccc(c12)N1CCCN(CCC)CC1)O,5.431798275933005
C(CC)N1CCCN(CC1)c1c2c(c(cc1)O)NC(=O)CO2,5.431798275933005
c1(c2c(NC(CO2)=O)c(O)cc1)N1CCCN(CCC)CC1,5.431798275933005
c1c(N2CCN(CCC2)CCC)c2c(c(O)c1)NC(CO2)=O,5.431798275933005
N1(CCCN(CC1)c1ccc(c2c1OCC(=O)N2)O)CCC,5.431798275933005
c12cccc(c2c(CCNCc2oc(-c3ccc(cc3)O)cc2)c[nH]1)OC,6.882728704344236
O(c1c2c([nH]cc2CCNCc2ccc(-c3ccc(cc3)O)o2)ccc1)C,6.882728704344236
[nH]1c2c(c(CCNCc3ccc(-c4ccc(O)cc4)o3)c1)c(ccc2)OC,6.882728704344236
c12c(OC)cccc2[nH]cc1CCNCc1oc(cc1)-c1ccc(O)cc1,6.882728704344236
c1(-c2ccc(O)cc2)ccc(o1)CNCCc1c[nH]c2c1c(OC)ccc2,6.882728704344236
c1c2snc(c2ccc1)N1CCN(CC1)CCCNS(=O)(c1cc2c(cccc2)s1)=O,7.958607314841775
c1cc2c(snc2N2CCN(CCCNS(c3cc4c(cccc4)s3)(=O)=O)CC2)cc1,7.958607314841775
c1c2cc(sc2ccc1)S(=O)(=O)NCCCN1CCN(CC1)c1nsc2c1cccc2,7.958607314841775
C1CN(CCN1c1c2c(cccc2)sn1)CCCNS(c1sc2c(cccc2)c1)(=O)=O,7.958607314841775
C1CN(CCN1c1nsc2ccccc12)CCCNS(=O)(c1sc2ccccc2c1)=O,7.958607314841775
Clc1c(cc(cc1)Cl)SC(c1nc(N)nc(n1)N1CCN(C)CC1)CC,6.258848401148215
n1c(C(CC)Sc2c(Cl)ccc(Cl)c2)nc(nc1N)N1CCN(CC1)C,6.258848401148215
c1(nc(nc(n1)N)C(CC)Sc1c(ccc(Cl)c1)Cl)N1CCN(CC1)C,6.258848401148215
n1c(nc(nc1N)C(CC)Sc1cc(Cl)ccc1Cl)N1CCN(C)CC1,6.258848401148215
Clc1c(cc(cc1)Cl)SC(CC)c1nc(N2CCN(CC2)C)nc(N)n1,6.258848401148215
S(=O)(=O)(NC1CCC(CC1)CCN1CCC(CC1)c1c2c(OCC2)ccc1)N(C)C,7.709965388637482
C1CN(CCC2CCC(NS(N(C)C)(=O)=O)CC2)CCC1c1c2CCOc2ccc1,7.709965388637482
C(C1CCC(NS(N(C)C)(=O)=O)CC1)CN1CCC(CC1)c1cccc2c1CCO2,7.709965388637482
c1cc(c2c(OCC2)c1)C1CCN(CC1)CCC1CCC(NS(N(C)C)(=O)=O)CC1,7.709965388637482
C(CC1CCC(CC1)NS(N(C)C)(=O)=O)N1CCC(c2c3c(ccc2)OCC3)CC1,7.709965388637482
o1nc(c2c1cccc2)C1CCN(CC1)CCN1C(c2oc(nc2CC1)C)=O,8.031517051446064
N1(CCN2C(c3oc(nc3CC2)C)=O)CCC(CC1)c1noc2c1cccc2,8.031517051446064
C1c2c(oc(C)n2)C(N(CCN2CCC(CC2)c2noc3ccccc32)C1)=O,8.031517051446064
c1cccc2c1onc2C1CCN(CC1)CCN1CCc2c(oc(n2)C)C1=O,8.031517051446064
C1C(c2noc3ccccc23)CCN(C1)CCN1C(=O)c2oc(C)nc2CC1,8.031517051446064
O=C1CC(CN2CCC(CC2)C(c2ccc(F)cc2)=O)Cc2ncncc12,6.509999358109048
n1cnc2c(C(=O)CC(C2)CN2CCC(C(c3ccc(cc3)F)=O)CC2)c1,6.509999358109048
C1c2c(cncn2)C(CC1CN1CCC(CC1)C(c1ccc(cc1)F)=O)=O,6.509999358109048
c12CC(CC(=O)c1cncn2)CN1CCC(CC1)C(=O)c1ccc(F)cc1,6.509999358109048
n1cncc2c1CC(CN1CCC(C(c3ccc(F)cc3)=O)CC1)CC2=O,6.509999358109048
Clc1ccc(S(C2CCN(CC2)CCc2ccc(F)cc2F)(=O)=O)cc1,8.853871964321762
Fc1cc(F)ccc1CCN1CCC(CC1)S(=O)(=O)c1ccc(cc1)Cl,8.853871964321762
C1CN(CCc2ccc(F)cc2F)CCC1S(=O)(c1ccc(Cl)cc1)=O,8.853871964321762
C(CN1CCC(S(=O)(=O)c2ccc(Cl)cc2)CC1)c1ccc(F)cc1F,8.853871964321762
Fc1c(ccc(F)c1)CCN1CCC(CC1)S(=O)(=O)c1ccc(Cl)cc1,8.853871964321762
O=C1Nc2nc(ccc2CC1)OCCCCN1CCN(c2c3ccccc3ccc2)CC1,9.853871964321762
c1cc2ccccc2c(N2CCN(CCCCOc3ccc4c(n3)NC(CC4)=O)CC2)c1,9.853871964321762
C1CN(c2c3c(cccc3)ccc2)CCN1CCCCOc1nc2NC(=O)CCc2cc1,9.853871964321762
C1(=O)CCc2c(nc(cc2)OCCCCN2CCN(CC2)c2c3ccccc3ccc2)N1,9.853871964321762
C1N(c2cccc3ccccc23)CCN(CCCCOc2ccc3c(NC(=O)CC3)n2)C1,9.853871964321762
c1(ccc(cc1)C(c1ccccc1)N1CCN(CC1)CCOCCO)Cl,7.301029995663981
c1(C(N2CCN(CCOCCO)CC2)c2ccccc2)ccc(cc1)Cl,7.301029995663981
c1c(ccc(c1)Cl)C(N1CCN(CCOCCO)CC1)c1ccccc1,7.301029995663981
C1N(CCN(C1)CCOCCO)C(c1ccc(Cl)cc1)c1ccccc1,7.301029995663981
c1cc(C(N2CCN(CCOCCO)CC2)c2ccccc2)ccc1Cl,7.301029995663981
c12C(=O)N3CCNCC3Cc2cccc1Cl,6.920818753952375
C1CN2C(Cc3c(C2=O)c(ccc3)Cl)CN1,6.920818753952375
C12Cc3c(C(=O)N2CCNC1)c(ccc3)Cl,6.920818753952375
c1(c2C(=O)N3C(Cc2ccc1)CNCC3)Cl,6.920818753952375
C12Cc3c(C(N2CCNC1)=O)c(Cl)ccc3,6.920818753952375
c1cc(ccc1OC(C)C)COC(=O)N(C1CCN(C)CC1)Cc1ccc(Cl)cc1,9.698970004336019
C1(CCN(C)CC1)N(C(=O)OCc1ccc(OC(C)C)cc1)Cc1ccc(cc1)Cl,9.698970004336019
c1cc(Cl)ccc1CN(C1CCN(C)CC1)C(OCc1ccc(OC(C)C)cc1)=O,9.698970004336019
c1c(CN(C(=O)OCc2ccc(OC(C)C)cc2)C2CCN(C)CC2)ccc(c1)Cl,9.698970004336019
N1(CCC(CC1)N(C(OCc1ccc(cc1)OC(C)C)=O)Cc1ccc(cc1)Cl)C,9.698970004336019
n1c2N3C(CNCC3)CCc2c(CC)c(c1)CCC#N,5.8996294548824375
N12c3c(CCC2CNCC1)c(CC)c(CCC#N)cn3,5.8996294548824375
N#CCCc1c(CC)c2c(nc1)N1C(CC2)CNCC1,5.8996294548824375
C(c1c(CC)c2c(N3CCNCC3CC2)nc1)CC#N,5.8996294548824375
C(c1c(CCC#N)cnc2N3CCNCC3CCc21)C,5.8996294548824375
c12CC(CC(c1cccc2)c1cc(ccc1)C(F)(F)F)N(C)C,7.096910013008056
c12ccccc1CC(CC2c1cc(C(F)(F)F)ccc1)N(C)C,7.096910013008056
c1(cccc(c1)C(F)(F)F)C1CC(N(C)C)Cc2ccccc12,7.096910013008056
FC(F)(c1cc(C2c3ccccc3CC(N(C)C)C2)ccc1)F,7.096910013008056
c1cc2C(CC(N(C)C)Cc2cc1)c1cccc(c1)C(F)(F)F,7.096910013008056
C1NCCN(C1)c1c(c(=O)n(nc1)Cc1cccc(NC(c2ccc(-c3ccccc3)cc2)=O)c1)Cl,7.219970872662661
c1(Cn2ncc(c(Cl)c2=O)N2CCNCC2)cccc(NC(c2ccc(cc2)-c2ccccc2)=O)c1,7.219970872662661
N1(c2cnn(Cc3cccc(NC(=O)c4ccc(-c5ccccc5)cc4)c3)c(c2Cl)=O)CCNCC1,7.219970872662661
C(c1cccc(c1)NC(=O)c1ccc(-c2ccccc2)cc1)n1c(c(c(N2CCNCC2)cn1)Cl)=O,7.219970872662661
C1CNCCN1c1cnn(c(c1Cl)=O)Cc1cccc(c1)NC(=O)c1ccc(-c2ccccc2)cc1,7.219970872662661
C(N1CCC(CC1)N(CC1CC1)S(=O)(c1ccc(cc1)F)=O)COc1c(cccc1)C(C)(C)C,5.876801924968001
C1CC(CCN1CCOc1c(cccc1)C(C)(C)C)N(S(c1ccc(F)cc1)(=O)=O)CC1CC1,5.876801924968001
O=S(=O)(c1ccc(cc1)F)N(C1CCN(CCOc2c(cccc2)C(C)(C)C)CC1)CC1CC1,5.876801924968001
c1cc(S(=O)(=O)N(CC2CC2)C2CCN(CC2)CCOc2ccccc2C(C)(C)C)ccc1F,5.876801924968001
N1(CCOc2ccccc2C(C)(C)C)CCC(CC1)N(S(c1ccc(F)cc1)(=O)=O)CC1CC1,5.876801924968001
c1cccc2onc(c12)CCCN1CCC(C1)NS(=O)(=O)c1cc2ccccc2cc1,9.480040819247932
c12ccccc2cc(S(NC2CN(CCCc3noc4ccccc34)CC2)(=O)=O)cc1,9.480040819247932
C1N(CCCc2noc3ccccc23)CC(NS(c2ccc3ccccc3c2)(=O)=O)C1,9.480040819247932
C1CC(NS(=O)(=O)c2cc3ccccc3cc2)CN1CCCc1noc2ccccc21,9.480040819247932
n1c(c2ccccc2o1)CCCN1CC(CC1)NS(=O)(c1ccc2ccccc2c1)=O,9.480040819247932
n1oc2c(ccc(c2)F)c1C1CCN(CC1)CCC1CCC(CC1)NC(=O)c1ccc(N2CCOCC2)c(F)c1,7.757955760630449
C1C(CCC(C1)CCN1CCC(CC1)c1c2ccc(cc2on1)F)NC(=O)c1ccc(c(F)c1)N1CCOCC1,7.757955760630449
c12onc(C3CCN(CC3)CCC3CCC(NC(=O)c4ccc(c(c4)F)N4CCOCC4)CC3)c2ccc(F)c1,7.757955760630449
C1C(CCN(C1)CCC1CCC(NC(=O)c2ccc(c(c2)F)N2CCOCC2)CC1)c1noc2cc(F)ccc21,7.757955760630449
C1(CCN2CCC(c3c4ccc(F)cc4on3)CC2)CCC(NC(=O)c2cc(F)c(N3CCOCC3)cc2)CC1,7.757955760630449
c12c(noc1cc(cc2)F)C1CCN(CC1)CCCCOc1ccc(cc1)NC(C)=O,6.65033401590337
C1C(c2c3ccc(cc3on2)F)CCN(CCCCOc2ccc(cc2)NC(C)=O)C1,6.65033401590337
n1oc2cc(F)ccc2c1C1CCN(CC1)CCCCOc1ccc(cc1)NC(C)=O,6.65033401590337
C(CCCN1CCC(c2noc3cc(F)ccc23)CC1)Oc1ccc(NC(=O)C)cc1,6.65033401590337
CC(=O)Nc1ccc(OCCCCN2CCC(CC2)c2noc3cc(ccc32)F)cc1,6.65033401590337
c1c2c(CC(N(C)C)CC2C2CCCCC2)ccc1,7.096910013008056
C1CCC(CC1)C1c2ccccc2CC(N(C)C)C1,7.096910013008056
C1C(CCCC1)C1c2ccccc2CC(N(C)C)C1,7.096910013008056
c1ccc2CC(CC(c2c1)C1CCCCC1)N(C)C,7.096910013008056
c12c(cccc1)C(C1CCCCC1)CC(C2)N(C)C,7.096910013008056
C(CN1CCN(CC1)c1nsc2ccccc21)C1CCC(CC1)NC(=O)Nc1cc(ccc1)OC,8.546681659952963
C1N(CCN(c2nsc3c2cccc3)C1)CCC1CCC(NC(Nc2cc(ccc2)OC)=O)CC1,8.546681659952963
c1c(NC(NC2CCC(CCN3CCN(CC3)c3c4c(cccc4)sn3)CC2)=O)cc(OC)cc1,8.546681659952963
C1CN(c2nsc3c2cccc3)CCN1CCC1CCC(NC(Nc2cccc(OC)c2)=O)CC1,8.546681659952963
c1ccc2c(c1)c(N1CCN(CCC3CCC(NC(Nc4cc(ccc4)OC)=O)CC3)CC1)ns2,8.546681659952963
Clc1c2CN=C(Nc2ccc1Cl)N,6.36251027048749
c12c(Cl)c(ccc1NC(N)=NC2)Cl,6.36251027048749
c12ccc(Cl)c(Cl)c2CN=C(N1)N,6.36251027048749
NC1=NCc2c(ccc(c2Cl)Cl)N1,6.36251027048749
C1c2c(ccc(Cl)c2Cl)NC(N)=N1,6.36251027048749
c1c(CCN2CCC(CC2)C(c2ccc(cc2)F)O)cccc1I,7.882728704344236
c1c(ccc(c1)F)C(C1CCN(CCc2cc(ccc2)I)CC1)O,7.882728704344236
c1cc(cc(I)c1)CCN1CCC(C(c2ccc(cc2)F)O)CC1,7.882728704344236
c1c(ccc(F)c1)C(C1CCN(CC1)CCc1cccc(I)c1)O,7.882728704344236
c1c(cc(CCN2CCC(C(O)c3ccc(cc3)F)CC2)cc1)I,7.882728704344236
c1c(cc(Cl)c(c1N1CCN(CC1)CCC1CCC(NC(=O)N(C)C)CC1)OC)CC,6.167491087293763
C(C)c1cc(Cl)c(c(c1)N1CCN(CCC2CCC(NC(=O)N(C)C)CC2)CC1)OC,6.167491087293763
CCc1cc(c(OC)c(N2CCN(CCC3CCC(NC(=O)N(C)C)CC3)CC2)c1)Cl,6.167491087293763
N1(c2c(c(cc(CC)c2)Cl)OC)CCN(CC1)CCC1CCC(NC(N(C)C)=O)CC1,6.167491087293763
C1CN(CCN1c1cc(cc(c1OC)Cl)CC)CCC1CCC(NC(N(C)C)=O)CC1,6.167491087293763
CC(OC(=O)N(Cc1nn(CC2CCCC2)c(OCc2cc(ccc2F)F)c1)C)(C)C,8.698970004336019
c1c(n(nc1CN(C)C(=O)OC(C)(C)C)CC1CCCC1)OCc1cc(ccc1F)F,8.698970004336019
c1(cc(c(F)cc1)COc1n(nc(CN(C)C(=O)OC(C)(C)C)c1)CC1CCCC1)F,8.698970004336019
N(Cc1cc(OCc2cc(F)ccc2F)n(CC2CCCC2)n1)(C)C(=O)OC(C)(C)C,8.698970004336019
C(C1CCCC1)n1nc(cc1OCc1cc(F)ccc1F)CN(C(=O)OC(C)(C)C)C,8.698970004336019
n12CCNCCc1c(c1ccccc21)C#N,7.080921907623926
c1ccc2c(c(C#N)c3n2CCNCC3)c1,7.080921907623926
N1CCc2c(c3ccccc3n2CC1)C#N,7.080921907623926
C1CNCCc2n1c1c(cccc1)c2C#N,7.080921907623926
C1Cc2n(c3c(cccc3)c2C#N)CCN1,7.080921907623926
C1CN(CCN1c1cccc(c1)Cl)CCC1CCN(S(c2c3ccccc3cnc2)(=O)=O)CC1,6.804100347590766
n1cc(c2ccccc2c1)S(=O)(=O)N1CCC(CCN2CCN(c3cccc(c3)Cl)CC2)CC1,6.804100347590766
c1cccc2c(cncc12)S(=O)(N1CCC(CCN2CCN(c3cc(Cl)ccc3)CC2)CC1)=O,6.804100347590766
c1ncc2c(cccc2)c1S(=O)(N1CCC(CCN2CCN(c3cccc(c3)Cl)CC2)CC1)=O,6.804100347590766
c1ccc(cc1Cl)N1CCN(CC1)CCC1CCN(CC1)S(=O)(c1cncc2c1cccc2)=O,6.804100347590766
C1N(CCC(c2c3c(cc(cc3)F)on2)C1)CCC1CCC(CC1)NC(=O)c1ccc(cc1)N1CCCCC1,8.58536085326299
c1c(ccc(c1)C(NC1CCC(CC1)CCN1CCC(c2c3ccc(cc3on2)F)CC1)=O)N1CCCCC1,8.58536085326299
n1oc2c(c1C1CCN(CCC3CCC(CC3)NC(=O)c3ccc(cc3)N3CCCCC3)CC1)ccc(c2)F,8.58536085326299
C1(CCC(CCN2CCC(c3noc4cc(ccc34)F)CC2)CC1)NC(=O)c1ccc(cc1)N1CCCCC1,8.58536085326299
N1(CCCCC1)c1ccc(cc1)C(NC1CCC(CCN2CCC(c3noc4cc(ccc43)F)CC2)CC1)=O,8.58536085326299
c1(N2CCN(CCCOc3c(C(=O)C)c(C)cc4c3c(cc(=O)o4)C)CC2)ccc(cc1)Cl,8.397940008672037
c1(N2CCN(CC2)CCCOc2c(c(C)cc3oc(=O)cc(C)c32)C(C)=O)ccc(cc1)Cl,8.397940008672037
c1(C)cc2c(c(C)cc(=O)o2)c(c1C(=O)C)OCCCN1CCN(c2ccc(Cl)cc2)CC1,8.397940008672037
CC(=O)c1c(C)cc2oc(=O)cc(C)c2c1OCCCN1CCN(c2ccc(cc2)Cl)CC1,8.397940008672037
c1(ccc(N2CCN(CC2)CCCOc2c3c(cc(C)c2C(=O)C)oc(=O)cc3C)cc1)Cl,8.397940008672037
c12CC(C(=O)c1ccc(c2)F)CCN1CCCN(CC1)c1ccccn1,7.2295898684860935
c1cc2c(cc1F)CC(C2=O)CCN1CCN(c2ncccc2)CCC1,7.2295898684860935
Fc1ccc2c(CC(CCN3CCCN(c4ncccc4)CC3)C2=O)c1,7.2295898684860935
c1cc(ncc1)N1CCN(CCC1)CCC1C(c2c(C1)cc(cc2)F)=O,7.2295898684860935
c1(N2CCN(CCC2)CCC2C(=O)c3c(cc(F)cc3)C2)ccccn1,7.2295898684860935
Cc1cc(oc2c(C(C)=O)c(OCCCN3CCN(CC3)c3ccccc3OC)ccc12)=O,8.096910013008056
N1(CCCOc2c(C(C)=O)c3oc(=O)cc(C)c3cc2)CCN(CC1)c1c(OC)cccc1,8.096910013008056
c1cc(c(OC)cc1)N1CCN(CCCOc2ccc3c(oc(cc3C)=O)c2C(C)=O)CC1,8.096910013008056
c1c(OC)c(ccc1)N1CCN(CCCOc2c(c3c(cc2)c(C)cc(o3)=O)C(C)=O)CC1,8.096910013008056
N1(CCN(CC1)CCCOc1ccc2c(c1C(C)=O)oc(cc2C)=O)c1c(OC)cccc1,8.096910013008056
c1c(ccc(c1)Cl)N1CCN(C(Nc2ccc(c(c2)N2CCN(C)CC2)OC)=O)CC1,5.996539467890494
c1c(NC(=O)N2CCN(c3ccc(cc3)Cl)CC2)cc(c(OC)c1)N1CCN(CC1)C,5.996539467890494
c1(cc(NC(N2CCN(CC2)c2ccc(Cl)cc2)=O)ccc1OC)N1CCN(CC1)C,5.996539467890494
N(C(=O)N1CCN(CC1)c1ccc(cc1)Cl)c1ccc(c(c1)N1CCN(C)CC1)OC,5.996539467890494
c1(Cl)ccc(cc1)N1CCN(CC1)C(Nc1cc(N2CCN(CC2)C)c(OC)cc1)=O,5.996539467890494
Brc1ccc(cc1)C1C(=O)N(CC=1)c1cc(OCCN2CCCCC2)c(cc1)OC,6.799998134593398
C1CCN(CC1)CCOc1c(ccc(N2C(C(c3ccc(cc3)Br)=CC2)=O)c1)OC,6.799998134593398
O(c1c(cc(N2CC=C(c3ccc(Br)cc3)C2=O)cc1)OCCN1CCCCC1)C,6.799998134593398
c1(N2C(=O)C(c3ccc(cc3)Br)=CC2)cc(c(OC)cc1)OCCN1CCCCC1,6.799998134593398
Brc1ccc(C2=CCN(c3cc(OCCN4CCCCC4)c(OC)cc3)C2=O)cc1,6.799998134593398
Fc1cc2[nH]cc(C3CCN(CCN(C(C(O)C)=O)CC)CC3)c2cc1,9.301029995663981
C(N(CCN1CCC(CC1)c1c2ccc(F)cc2[nH]c1)C(C(C)O)=O)C,9.301029995663981
C1N(CCN(CC)C(=O)C(O)C)CCC(C1)c1c2ccc(cc2[nH]c1)F,9.301029995663981
c1(cc2c(cc1)c(C1CCN(CCN(C(=O)C(O)C)CC)CC1)c[nH]2)F,9.301029995663981
C(N(CCN1CCC(c2c3c([nH]c2)cc(cc3)F)CC1)C(=O)C(C)O)C,9.301029995663981
c1cc2C(C(CCN3CCc4c(C3)cccc4)Cc2cc1Cl)=O,6.112852689493971
c1ccc2CN(CCC3C(=O)c4c(cc(Cl)cc4)C3)CCc2c1,6.112852689493971
C1(=O)c2c(cc(cc2)Cl)CC1CCN1Cc2ccccc2CC1,6.112852689493971
c12ccc(cc2CC(CCN2Cc3ccccc3CC2)C1=O)Cl,6.112852689493971
c1(cc2CC(C(c2cc1)=O)CCN1CCc2c(C1)cccc2)Cl,6.112852689493971
C12CNCCN1c1nccc(CC(C)(C)C)c1CC2,6.928117992693875
CC(Cc1ccnc2c1CCC1CNCCN12)(C)C,6.928117992693875
c1c(c2c(nc1)N1C(CNCC1)CC2)CC(C)(C)C,6.928117992693875
N1CCN2C(CCc3c(CC(C)(C)C)ccnc32)C1,6.928117992693875
c1c(c2CCC3CNCCN3c2nc1)CC(C)(C)C,6.928117992693875
c1cc(C2CCCCC2)nc(SCCN(C)C)c1,6.638272163982407
C1C(CCCC1)c1cccc(SCCN(C)C)n1,6.638272163982407
C(CSc1nc(ccc1)C1CCCCC1)N(C)C,6.638272163982407
CN(C)CCSc1nc(C2CCCCC2)ccc1,6.638272163982407
CN(CCSc1cccc(C2CCCCC2)n1)C,6.638272163982407
C(C1CCC(NC(=O)CC(OC)C)CC1)CN1CCN(CC1)c1cccc2c1OCO2,7.6142150411566645
C1Oc2c(c(N3CCN(CCC4CCC(NC(=O)CC(C)OC)CC4)CC3)ccc2)O1,7.6142150411566645
c12c(cccc2N2CCN(CC2)CCC2CCC(NC(=O)CC(C)OC)CC2)OCO1,7.6142150411566645
N(C1CCC(CCN2CCN(c3c4c(ccc3)OCO4)CC2)CC1)C(=O)CC(OC)C,7.6142150411566645
C1CN(c2c3c(OCO3)ccc2)CCN1CCC1CCC(NC(CC(OC)C)=O)CC1,7.6142150411566645
C(c1cc(OC)c(cc1OC)SCC#C)CN,8.888065723667319
C(c1c(OC)cc(c(OC)c1)SCC#C)CN,8.888065723667319
c1(cc(SCC#C)c(OC)cc1CCN)OC,8.888065723667319
C(#C)CSc1cc(OC)c(CCN)cc1OC,8.888065723667319
O(C)c1cc(c(OC)cc1CCN)SCC#C,8.888065723667319
c1c(CCN)c(OC)cc(c1OC)SCCCC#C,8.63912270289796
O(c1cc(c(OC)cc1SCCCC#C)CCN)C,8.63912270289796
C#CCCCSc1c(cc(CCN)c(c1)OC)OC,8.63912270289796
c1(OC)cc(c(cc1CCN)OC)SCCCC#C,8.63912270289796
C(c1cc(c(cc1OC)SCCCC#C)OC)CN,8.63912270289796
c1c2N=C(C3CCN(C(C)C=3)C)c3cc(C)ccc3Nc2ccc1Cl,10.0268721464003
C1=C(C2=Nc3cc(ccc3Nc3c2cc(C)cc3)Cl)CCN(C1C)C,10.0268721464003
N1c2ccc(cc2C(=Nc2c1ccc(c2)Cl)C1CCN(C(C=1)C)C)C,10.0268721464003
c12ccc(cc2C(C2=CC(N(C)CC2)C)=Nc2cc(Cl)ccc2N1)C,10.0268721464003
Cc1ccc2Nc3c(N=C(C4=CC(N(C)CC4)C)c2c1)cc(Cl)cc3,10.0268721464003
Fc1ccc(C(=O)C2CCN(CCc3c(I)cccc3)CC2)cc1,8.709965388637482
c1c(C(C2CCN(CCc3ccccc3I)CC2)=O)ccc(c1)F,8.709965388637482
Fc1ccc(C(=O)C2CCN(CC2)CCc2ccccc2I)cc1,8.709965388637482
c1cc(F)ccc1C(C1CCN(CC1)CCc1ccccc1I)=O,8.709965388637482
C1CC(C(c2ccc(F)cc2)=O)CCN1CCc1c(cccc1)I,8.709965388637482
c1n2cccc(C(N3CCN(CCc4ccc(cc4F)F)CC3)=O)c2nc1,8.795880017344075
O=C(c1c2n(ccn2)ccc1)N1CCN(CCc2c(F)cc(cc2)F)CC1,8.795880017344075
c1ccn2c(ncc2)c1C(=O)N1CCN(CCc2ccc(F)cc2F)CC1,8.795880017344075
c1cc(cc(c1CCN1CCN(CC1)C(=O)c1cccn2ccnc12)F)F,8.795880017344075
C1N(C(=O)c2cccn3ccnc32)CCN(C1)CCc1c(cc(cc1)F)F,8.795880017344075
C1(CCCN(C1)CCCCn1c(n2CCCCc2c(c1=O)-c1c(cccc1)Cl)=O)c1c[nH]c2ccccc21,6.215382707367125
C1c2n(c(n(CCCCN3CC(CCC3)c3c4c([nH]c3)cccc4)c(=O)c2-c2c(Cl)cccc2)=O)CCC1,6.215382707367125
C1Cn2c(=O)n(c(=O)c(c2CC1)-c1c(Cl)cccc1)CCCCN1CC(CCC1)c1c[nH]c2ccccc12,6.215382707367125
C1CC(CN(C1)CCCCn1c(n2CCCCc2c(c1=O)-c1ccccc1Cl)=O)c1c2c(cccc2)[nH]c1,6.215382707367125
c1(Cl)ccccc1-c1c(n(c(n2c1CCCC2)=O)CCCCN1CC(CCC1)c1c[nH]c2c1cccc2)=O,6.215382707367125
Cc1c(c(cc(c1)C)C)OCCCN1CCN(CC1)c1ccccc1OC,5.548060130634897
COc1c(N2CCN(CC2)CCCOc2c(cc(cc2C)C)C)cccc1,5.548060130634897
c1(ccccc1N1CCN(CC1)CCCOc1c(cc(cc1C)C)C)OC,5.548060130634897
O(CCCN1CCN(CC1)c1c(OC)cccc1)c1c(cc(cc1C)C)C,5.548060130634897
c1(C)cc(c(c(C)c1)OCCCN1CCN(c2ccccc2OC)CC1)C,5.548060130634897
c1ccc2c(c(Sc3cc(c4c(c3O)cccc4)NS(c3ccc(F)cc3)(=O)=O)ccc2)n1,4.5347659050119855
c1(ccc(cc1)S(Nc1c2c(cccc2)c(O)c(Sc2c3c(cccn3)ccc2)c1)(=O)=O)F,4.5347659050119855
c1(cccc2cccnc12)Sc1cc(NS(c2ccc(cc2)F)(=O)=O)c2c(cccc2)c1O,4.5347659050119855
S(=O)(=O)(c1ccc(F)cc1)Nc1cc(Sc2c3c(ccc2)cccn3)c(O)c2ccccc12,4.5347659050119855
c1(c(Sc2c3ncccc3ccc2)cc(c2ccccc12)NS(=O)(=O)c1ccc(F)cc1)O,4.5347659050119855
c12c(c(ccc1)C1CCN(CC1)CCC1CCC(CC1)NC(C1CC1)=O)CCO2,7.627087997029894
N1(CCC(c2cccc3OCCc32)CC1)CCC1CCC(CC1)NC(C1CC1)=O,7.627087997029894
C1C(CCC(C1)NC(=O)C1CC1)CCN1CCC(c2c3CCOc3ccc2)CC1,7.627087997029894
c12c(C3CCN(CC3)CCC3CCC(NC(=O)C4CC4)CC3)cccc2OCC1,7.627087997029894
C1(CCC(NC(=O)C2CC2)CC1)CCN1CCC(c2cccc3c2CCO3)CC1,7.627087997029894
c1c2CC(CC(c2ccc1)c1cc(Br)ccc1)N(C)C,6.585026652029182
c1c(cc(Br)cc1)C1c2c(CC(N(C)C)C1)cccc2,6.585026652029182
C1(N(C)C)Cc2c(cccc2)C(C1)c1cc(Br)ccc1,6.585026652029182
C1c2c(C(CC1N(C)C)c1cc(ccc1)Br)cccc2,6.585026652029182
C1c2ccccc2C(CC1N(C)C)c1cccc(Br)c1,6.585026652029182
FC(F)(F)c1c(C)cc2c(c1)N(CC2)C(=O)Nc1ccc(nn1)Oc1c(C)nccc1,6.399996913372259
O(c1c(nccc1)C)c1nnc(NC(N2CCc3c2cc(C(F)(F)F)c(c3)C)=O)cc1,6.399996913372259
FC(F)(F)c1c(C)cc2c(N(C(=O)Nc3nnc(cc3)Oc3cccnc3C)CC2)c1,6.399996913372259
c1c(Oc2cccnc2C)nnc(c1)NC(N1c2c(cc(c(C(F)(F)F)c2)C)CC1)=O,6.399996913372259
FC(c1cc2c(cc1C)CCN2C(=O)Nc1ccc(nn1)Oc1cccnc1C)(F)F,6.399996913372259
C1(CC(=O)NC2CCC(CCN3CCC(c4noc5cc(F)c(F)cc45)CC3)CC2)CCC(CC1)O,8.105241005628107
N(C1CCC(CC1)CCN1CCC(c2c3c(cc(F)c(c3)F)on2)CC1)C(CC1CCC(O)CC1)=O,8.105241005628107
c1c(c(F)cc2c(C3CCN(CCC4CCC(NC(CC5CCC(CC5)O)=O)CC4)CC3)noc12)F,8.105241005628107
c1(C2CCN(CC2)CCC2CCC(NC(=O)CC3CCC(CC3)O)CC2)noc2c1cc(F)c(c2)F,8.105241005628107
c1c2c(cc(c1F)F)c(C1CCN(CCC3CCC(CC3)NC(=O)CC3CCC(CC3)O)CC1)no2,8.105241005628107
C(N)C1CC1c1ccccc1Br,6.609064892896621
NCC1C(C1)c1c(Br)cccc1,6.609064892896621
C1C(C1CN)c1ccccc1Br,6.609064892896621
C(C1C(C1)c1ccccc1Br)N,6.609064892896621
NCC1C(c2ccccc2Br)C1,6.609064892896621
c1c2n[nH]c(CCCN3CC4C(CC3)N3CC(=O)Nc5c3c4ccc5)c2ccc1F,8.585026652029182
C(CCc1[nH]nc2cc(ccc12)F)N1CC2C(CC1)N1CC(Nc3cccc2c31)=O,8.585026652029182
c12cccc3c2N(C2CCN(CCCc4c5ccc(cc5n[nH]4)F)CC21)CC(=O)N3,8.585026652029182
C1CN(CCCc2c3c(cc(F)cc3)n[nH]2)CC2C1N1CC(Nc3c1c2ccc3)=O,8.585026652029182
c12N3CC(=O)Nc1cccc2C1CN(CCC13)CCCc1c2c(cc(cc2)F)n[nH]1,8.585026652029182
c12NC(COc1c(cc(c2)CC1CCN(CCOc2cc(cc3nc(C)ccc32)Cl)CC1)F)=O,5.499999678657065
c1c(c2c(NC(CO2)=O)cc1CC1CCN(CC1)CCOc1cc(Cl)cc2nc(ccc12)C)F,5.499999678657065
Clc1cc(c2c(c1)nc(cc2)C)OCCN1CCC(CC1)Cc1cc(c2c(NC(CO2)=O)c1)F,5.499999678657065
C1(CCN(CCOc2cc(Cl)cc3nc(C)ccc23)CC1)Cc1cc2c(OCC(N2)=O)c(c1)F,5.499999678657065
c1(cc(c2OCC(Nc2c1)=O)F)CC1CCN(CCOc2cc(Cl)cc3c2ccc(C)n3)CC1,5.499999678657065
O=C1c2cnn(c2CCN1CCN1CCN(c2c3c(cccc3)sn2)CC1)CC,8.920818753952375
O=C1N(CCN2CCN(CC2)c2nsc3c2cccc3)CCc2n(CC)ncc21,8.920818753952375
C(C)n1ncc2C(N(CCc21)CCN1CCN(c2c3c(sn2)cccc3)CC1)=O,8.920818753952375
O=C1N(CCc2c1cnn2CC)CCN1CCN(c2c3ccccc3sn2)CC1,8.920818753952375
c12ccccc2snc1N1CCN(CC1)CCN1CCc2c(C1=O)cnn2CC,8.920818753952375
C1(Nc2ccccc2CC1)C(NCCCCN1CCN(CC1)c1cccc(c1)C)=O,8.292429823902063
C(CNC(=O)C1Nc2ccccc2CC1)CCN1CCN(CC1)c1cccc(C)c1,8.292429823902063
C1(Nc2c(CC1)cccc2)C(=O)NCCCCN1CCN(c2cccc(c2)C)CC1,8.292429823902063
C1CN(CCN1c1cccc(C)c1)CCCCNC(=O)C1CCc2ccccc2N1,8.292429823902063
C1Cc2c(NC1C(NCCCCN1CCN(c3cc(C)ccc3)CC1)=O)cccc2,8.292429823902063
c1c2Cc3cc(C(NCCCCN4CCN(c5ccccc5OC)CC4)=O)ccc3-c2ccc1,6.806875401645538
c12Cc3ccccc3-c1ccc(c2)C(NCCCCN1CCN(c2ccccc2OC)CC1)=O,6.806875401645538
c1cc2Cc3cc(ccc3-c2cc1)C(=O)NCCCCN1CCN(CC1)c1c(cccc1)OC,6.806875401645538
c1cc(OC)c(N2CCN(CCCCNC(c3ccc4-c5c(cccc5)Cc4c3)=O)CC2)cc1,6.806875401645538
C1CN(c2c(cccc2)OC)CCN1CCCCNC(c1cc2c(cc1)-c1c(cccc1)C2)=O,6.806875401645538
C(N)(C)Cn1c2c(c(n1)CC)ccc1oc(CC)cc12,7.292429823902063
C(c1oc2c(c1)c1c(c(nn1CC(C)N)CC)cc2)C,7.292429823902063
C(C)(N)Cn1nc(c2ccc3oc(cc3c12)CC)CC,7.292429823902063
c1(oc2c(c3c(cc2)c(CC)nn3CC(N)C)c1)CC,7.292429823902063
C(n1c2c(c(CC)n1)ccc1c2cc(o1)CC)C(N)C,7.292429823902063
O=S(NCCCN1CCN(CC1)c1nsc2c1cccc2)(=O)c1cc(c(F)cc1)Cl,7.853871964321762
c1(F)c(cc(S(=O)(=O)NCCCN2CCN(CC2)c2c3ccccc3sn2)cc1)Cl,7.853871964321762
C1CN(CCN1c1c2ccccc2sn1)CCCNS(c1ccc(c(Cl)c1)F)(=O)=O,7.853871964321762
Fc1c(Cl)cc(cc1)S(=O)(=O)NCCCN1CCN(c2c3ccccc3sn2)CC1,7.853871964321762
O=S(NCCCN1CCN(CC1)c1nsc2c1cccc2)(=O)c1ccc(F)c(Cl)c1,7.853871964321762
C1C(CCN(CCN2CCCc3ccccc3C2=O)C1)Oc1ccc(cc1)F,7.50003813440381
c1(OC2CCN(CCN3CCCc4c(C3=O)cccc4)CC2)ccc(cc1)F,7.50003813440381
C1CN(CCN2CCCc3ccccc3C2=O)CCC1Oc1ccc(cc1)F,7.50003813440381
C1(CCN(CCN2C(=O)c3ccccc3CCC2)CC1)Oc1ccc(F)cc1,7.50003813440381
C1CC(CCN1CCN1CCCc2ccccc2C1=O)Oc1ccc(F)cc1,7.50003813440381
c1(CCOc2ncc(NC(=O)N3c4c(CC3)cc(C)c(C(F)(F)F)c4)cc2)ncccc1,5.700000503883016
O=C(N1c2cc(C(F)(F)F)c(cc2CC1)C)Nc1cnc(OCCc2ccccn2)cc1,5.700000503883016
c1(c(cc2c(c1)N(CC2)C(Nc1cnc(cc1)OCCc1ncccc1)=O)C)C(F)(F)F,5.700000503883016
C1CN(C(Nc2cnc(cc2)OCCc2ccccn2)=O)c2cc(c(C)cc21)C(F)(F)F,5.700000503883016
C(Oc1ccc(cn1)NC(=O)N1c2cc(C(F)(F)F)c(cc2CC1)C)Cc1ncccc1,5.700000503883016
C(CCc1c2c(on1)cc(F)cc2)N1C(CC(NS(=O)(=O)c2cc3c(cc(F)cc3)s2)C1)C,9.18996921359416
c1c(cc2onc(CCCN3CC(CC3C)NS(c3cc4c(s3)cc(cc4)F)(=O)=O)c2c1)F,9.18996921359416
Fc1cc2onc(CCCN3C(CC(NS(=O)(c4sc5c(c4)ccc(F)c5)=O)C3)C)c2cc1,9.18996921359416
C1C(NS(=O)(=O)c2sc3cc(ccc3c2)F)CC(C)N1CCCc1c2c(on1)cc(cc2)F,9.18996921359416
c1(cc2c(cc1)c(no2)CCCN1C(C)CC(C1)NS(=O)(=O)c1cc2c(s1)cc(F)cc2)F,9.18996921359416
c1(CC(C)N)c2c([nH]c1)ccc(c2)O,7.920818753952375
c1(cc2c([nH]cc2CC(C)N)cc1)O,7.920818753952375
c12c(c[nH]c2ccc(O)c1)CC(C)N,7.920818753952375
c1c2[nH]cc(c2cc(c1)O)CC(C)N,7.920818753952375
C(c1c2cc(O)ccc2[nH]c1)C(C)N,7.920818753952375
c12ccccc1snc2N1CCN(CCC2CCC(NC(Oc3cccc(c3)OC)=O)CC2)CC1,8.847711655616944
c12c(cccc1)snc2N1CCN(CC1)CCC1CCC(CC1)NC(=O)Oc1cccc(c1)OC,8.847711655616944
N(C(Oc1cccc(OC)c1)=O)C1CCC(CCN2CCN(CC2)c2c3c(sn2)cccc3)CC1,8.847711655616944
c1ccc(cc1OC(=O)NC1CCC(CC1)CCN1CCN(CC1)c1nsc2c1cccc2)OC,8.847711655616944
C1C(NC(=O)Oc2cccc(OC)c2)CCC(CCN2CCN(CC2)c2c3c(sn2)cccc3)C1,8.847711655616944
c1c(cc(S(=O)(c2cnc(cc2)C=Cc2ccc(cc2)F)=O)cc1)F,8.017728766960431
c1(F)cccc(c1)S(=O)(c1ccc(nc1)C=Cc1ccc(cc1)F)=O,8.017728766960431
c1cc(S(=O)(=O)c2cnc(C=Cc3ccc(F)cc3)cc2)cc(F)c1,8.017728766960431
c1cc(F)cc(S(=O)(c2ccc(nc2)C=Cc2ccc(cc2)F)=O)c1,8.017728766960431
Fc1ccc(C=Cc2ncc(cc2)S(=O)(=O)c2cc(F)ccc2)cc1,8.017728766960431
C1C2(CCN(C1)CCCCC(c1c(cc(OC)c(-c3ccccc3)c1)OC)=O)C(=O)NC(=O)N2,6.399996913372259
N1C2(CCN(CC2)CCCCC(=O)c2c(cc(c(-c3ccccc3)c2)OC)OC)C(NC1=O)=O,6.399996913372259
c1(-c2c(OC)cc(OC)c(C(CCCCN3CCC4(CC3)NC(=O)NC4=O)=O)c2)ccccc1,6.399996913372259
c1(OC)cc(OC)c(C(CCCCN2CCC3(NC(NC3=O)=O)CC2)=O)cc1-c1ccccc1,6.399996913372259
c1cc(ccc1)-c1cc(c(cc1OC)OC)C(=O)CCCCN1CCC2(C(=O)NC(N2)=O)CC1,6.399996913372259
C1CC(c2noc3cc(ccc32)Cl)CCN1CCC1CCC(NC(=O)CC2CCCO2)CC1,8.208098919990428
o1c2cc(Cl)ccc2c(n1)C1CCN(CC1)CCC1CCC(CC1)NC(CC1CCCO1)=O,8.208098919990428
O1CCCC1CC(=O)NC1CCC(CCN2CCC(c3c4c(on3)cc(Cl)cc4)CC2)CC1,8.208098919990428
C1(CCC(NC(=O)CC2CCCO2)CC1)CCN1CCC(CC1)c1c2ccc(Cl)cc2on1,8.208098919990428
C1(CCN2CCC(CC2)c2noc3c2ccc(c3)Cl)CCC(NC(=O)CC2CCCO2)CC1,8.208098919990428
c12CN(CCN3CCN(C3=O)c3cccc(c3)Cl)Cc2cccc1,6.199998172182031
c1ccc2CN(Cc2c1)CCN1C(=O)N(c2cc(Cl)ccc2)CC1,6.199998172182031
c1cccc2CN(CCN3CCN(C3=O)c3cccc(c3)Cl)Cc12,6.199998172182031
c12c(CN(C2)CCN2C(N(c3cccc(c3)Cl)CC2)=O)cccc1,6.199998172182031
c1c(Cl)cc(N2C(=O)N(CCN3Cc4ccccc4C3)CC2)cc1,6.199998172182031
c12c(cnn2C)C(=O)N(CC1)CCN1CCC(c2c3c(cccc3)on2)CC1,8.224753740259764
C(N1CCC(CC1)c1c2ccccc2on1)CN1CCc2n(C)ncc2C1=O,8.224753740259764
c12ccccc2onc1C1CCN(CC1)CCN1CCc2c(cnn2C)C1=O,8.224753740259764
c12c(CCN(CCN3CCC(CC3)c3c4ccccc4on3)C2=O)n(C)nc1,8.224753740259764
C(CN1CCC(c2noc3c2cccc3)CC1)N1CCc2c(cnn2C)C1=O,8.224753740259764
C1CN(c2c3c(cccc3F)ccc2)CCN1CCCOc1c(Cl)c2C(=O)NCc2cc1,8.449771646944907
N1(CCN(CCCOc2ccc3CNC(=O)c3c2Cl)CC1)c1cccc2c1c(ccc2)F,8.449771646944907
c1cc2c(c(F)c1)c(N1CCN(CCCOc3c(c4c(cc3)CNC4=O)Cl)CC1)ccc2,8.449771646944907
c1(c2C(=O)NCc2ccc1OCCCN1CCN(CC1)c1cccc2cccc(c21)F)Cl,8.449771646944907
C1NC(=O)c2c(c(ccc21)OCCCN1CCN(c2c3c(ccc2)cccc3F)CC1)Cl,8.449771646944907
n1c(c[nH]c1N)-c1cn(S(=O)(c2ccccc2)=O)c2c1cc(cc2)OC,6.100179497572904
n1c([nH]cc1-c1c2cc(ccc2n(c1)S(=O)(=O)c1ccccc1)OC)N,6.100179497572904
Nc1[nH]cc(n1)-c1cn(S(=O)(c2ccccc2)=O)c2ccc(OC)cc12,6.100179497572904
S(=O)(n1cc(-c2nc([nH]c2)N)c2c1ccc(OC)c2)(c1ccccc1)=O,6.100179497572904
c1c(-c2nc([nH]c2)N)c2c(ccc(OC)c2)n1S(=O)(c1ccccc1)=O,6.100179497572904
C1CN(CCCNc2n(CC(OCC)=O)c3c(n2)n(C)c(=O)n(c3=O)C)CCN1c1ccccc1,5.996001241917648
C1CN(c2ccccc2)CCN1CCCNc1nc2n(c(n(C)c(=O)c2n1CC(=O)OCC)=O)C,5.996001241917648
O=C(Cn1c(NCCCN2CCN(CC2)c2ccccc2)nc2n(c(=O)n(C)c(c12)=O)C)OCC,5.996001241917648
C(CCN1CCN(c2ccccc2)CC1)Nc1nc2c(n1CC(=O)OCC)c(n(c(=O)n2C)C)=O,5.996001241917648
C1CN(c2ccccc2)CCN1CCCNc1n(CC(=O)OCC)c2c(n(c(n(c2n1)C)=O)C)=O,5.996001241917648
c12oc(cc(C)c2ccc(OCCCCN2CCN(CC2)c2cc(Br)ccc2)c1C(=O)C)=O,8.187086643357144
Brc1cc(ccc1)N1CCN(CC1)CCCCOc1ccc2c(c1C(C)=O)oc(cc2C)=O,8.187086643357144
c1(Br)cccc(N2CCN(CC2)CCCCOc2c(c3c(cc2)c(C)cc(o3)=O)C(=O)C)c1,8.187086643357144
C(CCCN1CCN(c2cc(ccc2)Br)CC1)Oc1ccc2c(c1C(=O)C)oc(=O)cc2C,8.187086643357144
O(CCCCN1CCN(CC1)c1cc(Br)ccc1)c1c(C(=O)C)c2oc(=O)cc(c2cc1)C,8.187086643357144
c1cc(ccc1CN(C(=O)OCCc1ccc(cc1)OCC(C)C)C1CCN(CC1F)C)F,7.801342913045577
C(COC(=O)N(C1C(CN(CC1)C)F)Cc1ccc(cc1)F)c1ccc(OCC(C)C)cc1,7.801342913045577
C(Cc1ccc(cc1)OCC(C)C)OC(N(Cc1ccc(F)cc1)C1C(F)CN(C)CC1)=O,7.801342913045577
c1(ccc(cc1)F)CN(C(OCCc1ccc(cc1)OCC(C)C)=O)C1CCN(C)CC1F,7.801342913045577
O(c1ccc(CCOC(N(C2CCN(CC2F)C)Cc2ccc(cc2)F)=O)cc1)CC(C)C,7.801342913045577
c1cccc2c1C1C(OC(C1)CN1CCOCC1)c1c(cccc1)C2,6.363512103646634
c12c(cccc1)C1OC(CN3CCOCC3)CC1c1ccccc1C2,6.363512103646634
c1ccc2C3CC(OC3c3ccccc3Cc2c1)CN1CCOCC1,6.363512103646634
c12Cc3ccccc3C3CC(CN4CCOCC4)OC3c1cccc2,6.363512103646634
N1(CC2OC3C(c4ccccc4Cc4c3cccc4)C2)CCOCC1,6.363512103646634
N1(C(c2cnn3cc(ccc23)Cl)=O)CCN(CCc2c(F)cc(cc2)F)CC1,8.229147988357855
c1cc2c(cnn2cc1Cl)C(N1CCN(CCc2ccc(F)cc2F)CC1)=O,8.229147988357855
c1cc(cn2c1c(C(=O)N1CCN(CC1)CCc1c(cc(cc1)F)F)cn2)Cl,8.229147988357855
O=C(c1cnn2cc(ccc12)Cl)N1CCN(CCc2ccc(F)cc2F)CC1,8.229147988357855
O=C(N1CCN(CCc2ccc(cc2F)F)CC1)c1cnn2c1ccc(Cl)c2,8.229147988357855
c12CCC3CNCCN3c1cncc2CC1CCCCC1,6.97061622231479
C1NCC2CCc3c(cncc3N2C1)CC1CCCCC1,6.97061622231479
c1c(c2CCC3N(CCNC3)c2cn1)CC1CCCCC1,6.97061622231479
N1CC2N(CC1)c1c(c(CC3CCCCC3)cnc1)CC2,6.97061622231479
C1NCC2N(C1)c1cncc(c1CC2)CC1CCCCC1,6.97061622231479
C1CN(CCN1)c1c([nH]nc1)-c1cc(ccc1)OC,5.812761380168522
C1N(c2c(-c3cccc(c3)OC)[nH]nc2)CCNC1,5.812761380168522
c1(c(-c2cccc(c2)OC)[nH]nc1)N1CCNCC1,5.812761380168522
c1n[nH]c(c1N1CCNCC1)-c1cccc(c1)OC,5.812761380168522
C1N(CCNC1)c1c([nH]nc1)-c1cccc(c1)OC,5.812761380168522
c1(CCCCN2Cc3cc(OC)c(cc3CC2)OC)sc2c(cc(cc2)Cl)n1,6.1877686869029835
O(C)c1c(cc2c(c1)CN(CC2)CCCCc1sc2ccc(Cl)cc2n1)OC,6.1877686869029835
Clc1cc2c(cc1)sc(n2)CCCCN1Cc2cc(OC)c(OC)cc2CC1,6.1877686869029835
C(c1sc2c(cc(cc2)Cl)n1)CCCN1CCc2cc(OC)c(cc2C1)OC,6.1877686869029835
c1cc2c(nc(s2)CCCCN2Cc3c(cc(c(c3)OC)OC)CC2)cc1Cl,6.1877686869029835
o1c2cc(Cl)ccc2c(C2CCN(CC2)CCC2CCC(NC(CC(C)OC)=O)CC2)n1,7.886056647693163
C1(NC(=O)CC(OC)C)CCC(CC1)CCN1CCC(CC1)c1c2ccc(Cl)cc2on1,7.886056647693163
N1(CCC(c2c3c(on2)cc(Cl)cc3)CC1)CCC1CCC(NC(=O)CC(C)OC)CC1,7.886056647693163
C(CC(=O)NC1CCC(CCN2CCC(CC2)c2c3c(on2)cc(Cl)cc3)CC1)(OC)C,7.886056647693163
c1c(Cl)cc2c(c(no2)C2CCN(CC2)CCC2CCC(NC(=O)CC(C)OC)CC2)c1,7.886056647693163
c1cc(OC)cc2c1C(N1CCN(CC(C)(C)C(=O)O)CC1)=Nc1ccc(F)cc1O2,7.425968732272281
c1(OC)cc2c(cc1)C(N1CCN(CC1)CC(C(O)=O)(C)C)=Nc1ccc(F)cc1O2,7.425968732272281
O(C)c1cc2c(cc1)C(=Nc1ccc(cc1O2)F)N1CCN(CC1)CC(C(=O)O)(C)C,7.425968732272281
N1(CCN(C2=Nc3ccc(F)cc3Oc3c2ccc(OC)c3)CC1)CC(C)(C(O)=O)C,7.425968732272281
c12c(cc(cc1)F)Oc1cc(OC)ccc1C(=N2)N1CCN(CC1)CC(C)(C(=O)O)C,7.425968732272281
C(=CCN1CCN(CC1)c1c(OC)cccc1)CNC(=O)c1cc2Cc3ccccc3-c2cc1,7.182434630440219
c1(c(N2CCN(CC2)CC=CCNC(=O)c2cc3Cc4ccccc4-c3cc2)cccc1)OC,7.182434630440219
c1cc2Cc3cc(C(NCC=CCN4CCN(CC4)c4ccccc4OC)=O)ccc3-c2cc1,7.182434630440219
C(c1ccc2-c3ccccc3Cc2c1)(=O)NCC=CCN1CCN(c2c(cccc2)OC)CC1,7.182434630440219
COc1ccccc1N1CCN(CC1)CC=CCNC(=O)c1cc2Cc3c(cccc3)-c2cc1,7.182434630440219
CN(C)C1CC(c2cc(-c3ccccc3)ccc2)c2c(C1)cccc2,6.187086643357144
c1c(cccc1)-c1cccc(C2CC(Cc3c2cccc3)N(C)C)c1,6.187086643357144
c1(cccc(c1)-c1ccccc1)C1c2ccccc2CC(N(C)C)C1,6.187086643357144
c12CC(N(C)C)CC(c2cccc1)c1cccc(c1)-c1ccccc1,6.187086643357144
c1ccc(cc1)-c1cc(ccc1)C1c2c(cccc2)CC(N(C)C)C1,6.187086643357144
O=C1C2(NC(=O)N1)CCN(CCCCC(c1c(OC)ccc(c1)Cl)=O)CC2,7.899974269892137
O=C1NC(C2(N1)CCN(CCCCC(=O)c1c(OC)ccc(c1)Cl)CC2)=O,7.899974269892137
N1C(C2(NC1=O)CCN(CC2)CCCCC(=O)c1c(ccc(c1)Cl)OC)=O,7.899974269892137
O(c1c(cc(cc1)Cl)C(CCCCN1CCC2(NC(=O)NC2=O)CC1)=O)C,7.899974269892137
c1(ccc(c(c1)C(=O)CCCCN1CCC2(CC1)C(NC(N2)=O)=O)OC)Cl,7.899974269892137
C(CCN1c2c3c(S1(=O)=O)cccc3ccc2)CCCN1CCN(c2ccc(Cl)cc2)CC1,6.8326826652518236
C1CN(CCN1CCCCCCN1S(=O)(=O)c2c3c(ccc2)cccc13)c1ccc(Cl)cc1,6.8326826652518236
C(CCCCCN1S(=O)(=O)c2c3c(cccc31)ccc2)N1CCN(c2ccc(cc2)Cl)CC1,6.8326826652518236
N1(CCN(CC1)c1ccc(cc1)Cl)CCCCCCN1c2c3c(S1(=O)=O)cccc3ccc2,6.8326826652518236
c1cc2S(=O)(N(c3c2c(c1)ccc3)CCCCCCN1CCN(CC1)c1ccc(Cl)cc1)=O,6.8326826652518236
c1(C(=O)N2CCN(CC2)CC(c2ccc(F)cc2)=O)nn(cc1Cl)C,8.431798275933005
C(N1CCN(CC(c2ccc(cc2)F)=O)CC1)(c1c(cn(C)n1)Cl)=O,8.431798275933005
c1(Cl)c(nn(c1)C)C(=O)N1CCN(CC1)CC(=O)c1ccc(F)cc1,8.431798275933005
c1(cn(nc1C(N1CCN(CC(c2ccc(cc2)F)=O)CC1)=O)C)Cl,8.431798275933005
C1CN(CCN1C(=O)c1nn(cc1Cl)C)CC(c1ccc(F)cc1)=O,8.431798275933005
c1cc(cc(c1C(=O)CCCCN1CCC2(NC(NC2=O)=O)CC1)OC)Cl,6.900008766455316
O=C(c1c(OC)cc(Cl)cc1)CCCCN1CCC2(CC1)C(=O)NC(=O)N2,6.900008766455316
C1(NC(NC21CCN(CCCCC(c1c(OC)cc(Cl)cc1)=O)CC2)=O)=O,6.900008766455316
COc1c(ccc(c1)Cl)C(=O)CCCCN1CCC2(C(NC(N2)=O)=O)CC1,6.900008766455316
C(=O)(c1c(cc(cc1)Cl)OC)CCCCN1CCC2(NC(=O)NC2=O)CC1,6.900008766455316
C1C2c3cccc(Cl)c3C(=O)N2CCN1,6.23210238398191
N1CC2N(CC1)C(c1c(cccc12)Cl)=O,6.23210238398191
C1(=O)c2c(cccc2C2N1CCNC2)Cl,6.23210238398191
c1c(c2C(=O)N3CCNCC3c2cc1)Cl,6.23210238398191
C1(=O)N2CCNCC2c2cccc(Cl)c21,6.23210238398191
C1c2c(ncc(CCC)c2CC)N2CCNCC2C1,7.61261017366127
c1(CCC)cnc2N3CCNCC3CCc2c1CC,7.61261017366127
CCc1c2c(N3CCNCC3CC2)ncc1CCC,7.61261017366127
c1(CC)c2CCC3N(c2ncc1CCC)CCNC3,7.61261017366127
C1NCC2N(c3ncc(CCC)c(c3CC2)CC)C1,7.61261017366127
c1c2c(ccc1)nc(nc2Nc1ccc(cc1)Cl)N1CCNCC1,7.852632892206214
n1c2c(cccc2)c(Nc2ccc(cc2)Cl)nc1N1CCNCC1,7.852632892206214
c1(Cl)ccc(Nc2nc(N3CCNCC3)nc3c2cccc3)cc1,7.852632892206214
C1CN(CCN1)c1nc(Nc2ccc(Cl)cc2)c2ccccc2n1,7.852632892206214
C1N(CCNC1)c1nc(Nc2ccc(Cl)cc2)c2ccccc2n1,7.852632892206214
C1N(CCOc2cc(N3CCN(c4cc(F)ccc4)C3=O)ccc2OC)CCCC1,5.700000503883016
c1(cc(ccc1OC)N1C(N(c2cc(F)ccc2)CC1)=O)OCCN1CCCCC1,5.700000503883016
C1CCCCN1CCOc1c(OC)ccc(c1)N1C(=O)N(CC1)c1cc(F)ccc1,5.700000503883016
N1(CCN(C1=O)c1ccc(c(c1)OCCN1CCCCC1)OC)c1cccc(c1)F,5.700000503883016
N1(C(=O)N(CC1)c1cc(OCCN2CCCCC2)c(cc1)OC)c1cc(F)ccc1,5.700000503883016
C1CN(CCN1CCCCNC(C1CCc2ccccc2N1)=O)c1cccc(c1)C,7.113509274827518
c1ccc(N2CCN(CCCCNC(C3CCc4ccccc4N3)=O)CC2)cc1C,7.113509274827518
C1(Nc2ccccc2CC1)C(=O)NCCCCN1CCN(c2cc(C)ccc2)CC1,7.113509274827518
C(CCNC(C1Nc2ccccc2CC1)=O)CN1CCN(c2cc(ccc2)C)CC1,7.113509274827518
c1c(C)cccc1N1CCN(CCCCNC(=O)C2Nc3ccccc3CC2)CC1,7.113509274827518
COc1cc(ccc1CN(C(=O)OCc1ccc(OC(C)C)cc1)C1CCN(C)CC1)Cl,10.0
c1cc(Cl)cc(c1CN(C1CCN(C)CC1)C(OCc1ccc(OC(C)C)cc1)=O)OC,10.0
c1c(OC(C)C)ccc(COC(=O)N(Cc2c(cc(Cl)cc2)OC)C2CCN(C)CC2)c1,10.0
O=C(N(Cc1c(OC)cc(cc1)Cl)C1CCN(C)CC1)OCc1ccc(OC(C)C)cc1,10.0
c1(ccc(cc1)COC(N(Cc1ccc(cc1OC)Cl)C1CCN(CC1)C)=O)OC(C)C,10.0
C(=O)(c1ccc(-c2ncccc2)cc1)NCCC(CN1CCN(c2c(c(ccc2)Cl)Cl)CC1)OC(C)=O,7.052076380168273
C(N1CCN(CC1)c1c(Cl)c(Cl)ccc1)C(OC(=O)C)CCNC(=O)c1ccc(cc1)-c1ccccn1,7.052076380168273
c1(ccc(-c2ccccn2)cc1)C(=O)NCCC(CN1CCN(c2c(Cl)c(Cl)ccc2)CC1)OC(=O)C,7.052076380168273
c1(c(Cl)cccc1N1CCN(CC(OC(=O)C)CCNC(c2ccc(-c3ncccc3)cc2)=O)CC1)Cl,7.052076380168273
c1(Cl)c(N2CCN(CC(OC(C)=O)CCNC(c3ccc(-c4ccccn4)cc3)=O)CC2)cccc1Cl,7.052076380168273
C1COc2c(O1)c(C(CCC1CCN(CCCc3cc(OC)c(cc3)OC)CC1)=O)cc(Cl)c2N,6.299997602857746
c1cc(CCCN2CCC(CCC(c3c4c(OCCO4)c(c(c3)Cl)N)=O)CC2)cc(c1OC)OC,6.299997602857746
c1(c(OC)cc(CCCN2CCC(CC2)CCC(c2c3OCCOc3c(N)c(Cl)c2)=O)cc1)OC,6.299997602857746
C1(CCN(CCCc2cc(c(OC)cc2)OC)CC1)CCC(c1cc(c(c2c1OCCO2)N)Cl)=O,6.299997602857746
C(N1CCC(CCC(c2cc(c(c3c2OCCO3)N)Cl)=O)CC1)CCc1cc(c(OC)cc1)OC,6.299997602857746
N1(CCN(CC1)CCCCNC(=O)c1ccccn1)c1nc(OC)ccc1,6.853871964321762
COc1cccc(N2CCN(CC2)CCCCNC(c2ccccn2)=O)n1,6.853871964321762
O(c1nc(N2CCN(CCCCNC(c3ncccc3)=O)CC2)ccc1)C,6.853871964321762
c1cc(nc(c1)OC)N1CCN(CCCCNC(c2ccccn2)=O)CC1,6.853871964321762
C1CN(CCN1CCCCNC(=O)c1ccccn1)c1cccc(n1)OC,6.853871964321762
c1ccc(-c2ccc(C(=O)NC3CN(Cc4cccc(c4)OC)CC3)cc2)s1,7.657577319177793
c1(cc(CN2CC(CC2)NC(=O)c2ccc(cc2)-c2cccs2)ccc1)OC,7.657577319177793
N(C1CCN(C1)Cc1cccc(OC)c1)C(c1ccc(-c2cccs2)cc1)=O,7.657577319177793
C(=O)(c1ccc(cc1)-c1sccc1)NC1CCN(Cc2cccc(OC)c2)C1,7.657577319177793
c1(-c2cccs2)ccc(cc1)C(=O)NC1CCN(Cc2cc(OC)ccc2)C1,7.657577319177793
FC(Oc1ccc(S(NCCCN2CCC(c3c4ccc(cc4on3)F)CC2)(=O)=O)cc1)(F)F,8.42021640338319
c1cc(OC(F)(F)F)ccc1S(NCCCN1CCC(CC1)c1noc2c1ccc(F)c2)(=O)=O,8.42021640338319
O(C(F)(F)F)c1ccc(cc1)S(=O)(NCCCN1CCC(CC1)c1c2c(cc(cc2)F)on1)=O,8.42021640338319
S(c1ccc(OC(F)(F)F)cc1)(=O)(=O)NCCCN1CCC(c2c3ccc(cc3on2)F)CC1,8.42021640338319
C(F)(F)(F)Oc1ccc(S(NCCCN2CCC(CC2)c2c3ccc(F)cc3on2)(=O)=O)cc1,8.42021640338319
O=S(N(c1ccccc1)CCCCCCN1CCN(c2c3c(cccc3)sn2)CC1)(=O)c1ccc(cc1)C,7.585026652029182
c1c(N(CCCCCCN2CCN(CC2)c2c3ccccc3sn2)S(c2ccc(C)cc2)(=O)=O)cccc1,7.585026652029182
C(N(c1ccccc1)S(=O)(c1ccc(C)cc1)=O)CCCCCN1CCN(CC1)c1c2ccccc2sn1,7.585026652029182
Cc1ccc(S(N(c2ccccc2)CCCCCCN2CCN(c3nsc4c3cccc4)CC2)(=O)=O)cc1,7.585026652029182
c1c(C)ccc(c1)S(=O)(N(CCCCCCN1CCN(c2c3ccccc3sn2)CC1)c1ccccc1)=O,7.585026652029182
c1(ncccc1)COc1ccc(NC(N2c3c(CC2)cc(c(c3)C(F)(F)F)C)=O)cn1,6.199998172182031
c1(COc2ncc(cc2)NC(=O)N2c3c(cc(c(c3)C(F)(F)F)C)CC2)ncccc1,6.199998172182031
Cc1cc2c(N(C(Nc3cnc(cc3)OCc3ncccc3)=O)CC2)cc1C(F)(F)F,6.199998172182031
c1c(COc2ccc(NC(=O)N3CCc4c3cc(C(F)(F)F)c(c4)C)cn2)nccc1,6.199998172182031
c1(c(C(F)(F)F)cc2N(C(Nc3ccc(nc3)OCc3ccccn3)=O)CCc2c1)C,6.199998172182031
c1(c(cccc1Cl)N1CCN(CC1)CCCCOc1ccn2ncc(c2c1)C=O)Cl,6.619788758288394
N1(CCN(CC1)c1c(c(Cl)ccc1)Cl)CCCCOc1ccn2ncc(C=O)c2c1,6.619788758288394
C(CN1CCN(CC1)c1c(Cl)c(ccc1)Cl)CCOc1ccn2ncc(c2c1)C=O,6.619788758288394
c1(C=O)c2n(ccc(c2)OCCCCN2CCN(CC2)c2cccc(c2Cl)Cl)nc1,6.619788758288394
c1(ccn2c(c(cn2)C=O)c1)OCCCCN1CCN(c2c(Cl)c(ccc2)Cl)CC1,6.619788758288394
C1C2(C(Nc3c2cccc3)=O)CCN1CCN1CCN(CC1)c1ccc(Cl)c(Cl)c1,6.568636235841013
N1(CCN2CCN(c3cc(c(Cl)cc3)Cl)CC2)CC2(C(=O)Nc3ccccc32)CC1,6.568636235841013
C1CC2(c3ccccc3NC2=O)CN1CCN1CCN(c2cc(c(Cl)cc2)Cl)CC1,6.568636235841013
N1(CCN2CCN(CC2)c2cc(Cl)c(Cl)cc2)CC2(CC1)c1ccccc1NC2=O,6.568636235841013
c12NC(C3(CCN(C3)CCN3CCN(c4ccc(c(Cl)c4)Cl)CC3)c1cccc2)=O,6.568636235841013
C1CC(C(O)=O)(F)CCN1C1CC2(CC1)c1c(Cc3ccccc3C2)cccc1,7.299988937677887
C1(CCN(C2CC3(Cc4c(cccc4)Cc4ccccc43)CC2)CC1)(F)C(O)=O,7.299988937677887
c12C3(CC(N4CCC(C(=O)O)(CC4)F)CC3)Cc3c(Cc1cccc2)cccc3,7.299988937677887
c1cc2c(cc1)Cc1ccccc1C1(C2)CC(CC1)N1CCC(F)(C(=O)O)CC1,7.299988937677887
c1cccc2Cc3ccccc3C3(CC(N4CCC(CC4)(F)C(=O)O)CC3)Cc12,7.299988937677887
c1cc(C)ccc1-c1c2c(CCNCC2)nn1C(C)C,9.0
c1cc(-c2c3CCNCCc3nn2C(C)C)ccc1C,9.0
C(C)(C)n1nc2c(c1-c1ccc(cc1)C)CCNCC2,9.0
C1CNCCc2nn(c(-c3ccc(C)cc3)c12)C(C)C,9.0
c1(ccc(C)cc1)-c1n(C(C)C)nc2CCNCCc12,9.0
C(CC1CCC(NC(C(C(F)(F)F)O)=O)CC1)N1CCC(c2c3c(OCO3)ccc2)CC1,7.68277265082358
C1(CCN(CCC2CCC(NC(C(C(F)(F)F)O)=O)CC2)CC1)c1cccc2OCOc12,7.68277265082358
O1COc2c(C3CCN(CC3)CCC3CCC(CC3)NC(=O)C(C(F)(F)F)O)cccc21,7.68277265082358
C1C(NC(=O)C(C(F)(F)F)O)CCC(CCN2CCC(CC2)c2c3c(ccc2)OCO3)C1,7.68277265082358
OC(C(=O)NC1CCC(CC1)CCN1CCC(c2cccc3OCOc32)CC1)C(F)(F)F,7.68277265082358
C(c1c2ccccc2[nH]c1)CNc1nc(nc(n1)NCCNc1ccccc1)N,4.95663772197887
c1c(cccc1)NCCNc1nc(nc(NCCc2c[nH]c3ccccc32)n1)N,4.95663772197887
c1(ccccc1)NCCNc1nc(nc(NCCc2c[nH]c3c2cccc3)n1)N,4.95663772197887
N(c1nc(nc(n1)NCCNc1ccccc1)N)CCc1c[nH]c2ccccc12,4.95663772197887
c1ccc(NCCNc2nc(N)nc(NCCc3c4ccccc4[nH]c3)n2)cc1,4.95663772197887
CC(C)COc1ccc(CNC(N(C2C3(CN(C)CC2)CC3)Cc2ccc(F)cc2)=O)cc1,9.244125144327509
CN1CC2(C(CC1)N(Cc1ccc(cc1)F)C(NCc1ccc(OCC(C)C)cc1)=O)CC2,9.244125144327509
Fc1ccc(cc1)CN(C1C2(CC2)CN(C)CC1)C(=O)NCc1ccc(cc1)OCC(C)C,9.244125144327509
C(NC(=O)N(C1C2(CC2)CN(C)CC1)Cc1ccc(cc1)F)c1ccc(cc1)OCC(C)C,9.244125144327509
C(N(C1CCN(C)CC21CC2)Cc1ccc(cc1)F)(NCc1ccc(OCC(C)C)cc1)=O,9.244125144327509
C1N(CCN(CCCCOc2cc3n(ncc3)cc2)C1)c1c2OCCOc2c(cc1)O,6.318758762624412
C1CN(c2ccc(O)c3OCCOc23)CCN1CCCCOc1cc2ccnn2cc1,6.318758762624412
C(Oc1ccn2c(c1)ccn2)CCCN1CCN(c2c3OCCOc3c(cc2)O)CC1,6.318758762624412
c12ccnn2ccc(c1)OCCCCN1CCN(c2c3c(OCCO3)c(O)cc2)CC1,6.318758762624412
c1c2ccnn2ccc1OCCCCN1CCN(CC1)c1ccc(c2OCCOc12)O,6.318758762624412
C1N(CCC2CCC(NC(CCOC)=O)CC2)CCN(C1)c1c2c(c(C)cn1)occ2,7.920818753952375
C(OC)CC(=O)NC1CCC(CC1)CCN1CCN(CC1)c1c2c(c(C)cn1)occ2,7.920818753952375
C1CN(CCN1CCC1CCC(NC(CCOC)=O)CC1)c1ncc(C)c2occc12,7.920818753952375
C1N(CCC2CCC(NC(=O)CCOC)CC2)CCN(c2c3ccoc3c(cn2)C)C1,7.920818753952375
c1(N2CCN(CCC3CCC(CC3)NC(=O)CCOC)CC2)ncc(C)c2occc12,7.920818753952375
c12c(cc3CCNCCn13)cc(cc2-c1ccccc1OCC)Cl,7.494850021680094
c1c(-c2c(cccc2)OCC)c2c(cc3CCNCCn23)cc1Cl,7.494850021680094
N1CCc2n(CC1)c1c(cc(Cl)cc1c2)-c1ccccc1OCC,7.494850021680094
c1(c2c(cc3CCNCCn23)cc(c1)Cl)-c1c(cccc1)OCC,7.494850021680094
c12cc3CCNCCn3c2c(-c2ccccc2OCC)cc(Cl)c1,7.494850021680094
S(=O)(NC1CCN(CCCc2noc3ccccc32)C1)(=O)c1ccc(cc1)F,7.809948582240794
C(CCc1noc2ccccc12)N1CCC(C1)NS(=O)(=O)c1ccc(F)cc1,7.809948582240794
c1c2c(c(no2)CCCN2CCC(NS(c3ccc(F)cc3)(=O)=O)C2)ccc1,7.809948582240794
c12ccccc1c(no2)CCCN1CC(NS(c2ccc(cc2)F)(=O)=O)CC1,7.809948582240794
c1cc2c(CCCN3CCC(NS(c4ccc(F)cc4)(=O)=O)C3)noc2cc1,7.809948582240794
[nH]1ncc(N2CCNCC2)c1-c1ccc(Cl)cc1,5.540155357611792
c1c(ccc(-c2c(cn[nH]2)N2CCNCC2)c1)Cl,5.540155357611792
N1(CCNCC1)c1c(-c2ccc(Cl)cc2)[nH]nc1,5.540155357611792
C1NCCN(c2c([nH]nc2)-c2ccc(Cl)cc2)C1,5.540155357611792
[nH]1c(-c2ccc(Cl)cc2)c(cn1)N1CCNCC1,5.540155357611792
c1(OC)cc2C(c3c(cccc3)Cc2cc1)CN,5.864231485432177
NCC1c2ccccc2Cc2c1cc(OC)cc2,5.864231485432177
c1cc2Cc3c(cccc3)C(c2cc1OC)CN,5.864231485432177
O(C)c1cc2C(c3c(cccc3)Cc2cc1)CN,5.864231485432177
c12Cc3ccc(cc3C(c2cccc1)CN)OC,5.864231485432177
C(C1OCCC1)C(NC1CCC(CC1)CCN1CCC(CC1)c1c2c(OCO2)ccc1)=O,7.553462832926356
c1(C2CCN(CC2)CCC2CCC(NC(=O)CC3OCCC3)CC2)c2OCOc2ccc1,7.553462832926356
N1(CCC2CCC(CC2)NC(=O)CC2CCCO2)CCC(CC1)c1cccc2c1OCO2,7.553462832926356
C(C(=O)NC1CCC(CCN2CCC(c3cccc4OCOc43)CC2)CC1)C1OCCC1,7.553462832926356
C1(CC(=O)NC2CCC(CC2)CCN2CCC(c3cccc4c3OCO4)CC2)OCCC1,7.553462832926356
CCC(c1nc(nc(n1)N)N1CCNCC1)Oc1ccccc1,5.3172233536855655
c1ccccc1OC(CC)c1nc(nc(n1)N)N1CCNCC1,5.3172233536855655
n1c(nc(nc1N)N1CCNCC1)C(Oc1ccccc1)CC,5.3172233536855655
c1ccccc1OC(c1nc(N2CCNCC2)nc(n1)N)CC,5.3172233536855655
c1ccccc1OC(CC)c1nc(nc(N)n1)N1CCNCC1,5.3172233536855655
C1CC(NC(=O)C)CCC1CCN1CCC(CC1)c1c2c(on1)cc(cc2)C,7.775725985705742
c12cc(C)ccc1c(no2)C1CCN(CC1)CCC1CCC(CC1)NC(=O)C,7.775725985705742
C1CC(CCC1NC(=O)C)CCN1CCC(c2noc3c2ccc(c3)C)CC1,7.775725985705742
C1C(CCC(C1)CCN1CCC(CC1)c1noc2cc(ccc21)C)NC(=O)C,7.775725985705742
N(C1CCC(CC1)CCN1CCC(CC1)c1noc2c1ccc(C)c2)C(C)=O,7.775725985705742
c1ccc(cc1)-c1[nH]c2ccccc2c1CCN(C)C,8.356547323513812
CN(CCc1c2c(cccc2)[nH]c1-c1ccccc1)C,8.356547323513812
C(Cc1c2c(cccc2)[nH]c1-c1ccccc1)N(C)C,8.356547323513812
c1ccc(-c2[nH]c3c(cccc3)c2CCN(C)C)cc1,8.356547323513812
c1cc2c(cc1)[nH]c(-c1ccccc1)c2CCN(C)C,8.356547323513812
C1CC(CCN1CCN1CC2(C(Nc3c2cccc3)=O)CC1)c1ccc(cc1)Cl,6.393618634889395
C1CN(CCN2CC3(C(Nc4c3cccc4)=O)CC2)CCC1c1ccc(Cl)cc1,6.393618634889395
c12ccccc1NC(C21CN(CC1)CCN1CCC(c2ccc(cc2)Cl)CC1)=O,6.393618634889395
C1CN(CCN2CC3(c4c(NC3=O)cccc4)CC2)CCC1c1ccc(cc1)Cl,6.393618634889395
C1N(CCN2CCC3(c4c(cccc4)NC3=O)C2)CCC(C1)c1ccc(cc1)Cl,6.393618634889395
c1(F)c(Cl)cc2ccn(c2c1)CC(N)C,7.400007822415902
Fc1cc2n(ccc2cc1Cl)CC(N)C,7.400007822415902
C(C)(N)Cn1ccc2c1cc(c(c2)Cl)F,7.400007822415902
c12ccn(c2cc(c(c1)Cl)F)CC(N)C,7.400007822415902
c1(c(cc2c(c1)n(CC(N)C)cc2)Cl)F,7.400007822415902
C1CN(CCN2CCN(CC2)c2c3c(sn2)cccc3)C(c2cnc(nc21)C1CC1)=O,8.920818753952375
c1ccc2c(c1)snc2N1CCN(CCN2C(=O)c3c(CC2)nc(nc3)C2CC2)CC1,8.920818753952375
n1c(c2ccccc2s1)N1CCN(CCN2CCc3nc(C4CC4)ncc3C2=O)CC1,8.920818753952375
c1cc2c(nsc2cc1)N1CCN(CC1)CCN1C(c2cnc(nc2CC1)C1CC1)=O,8.920818753952375
C1N(CCN2CCc3nc(C4CC4)ncc3C2=O)CCN(c2c3ccccc3sn2)C1,8.920818753952375
c12c3C(N(C)CC1)Cc1cc(OCCCCCC)c(OC)cc1-c3c(OC)c(OC)c2,6.2441251443275085
O(C)c1c(cc2CCN(C3Cc4cc(OCCCCCC)c(cc4-c1c32)OC)C)OC,6.2441251443275085
c12cc(c(c3c2C(N(C)CC1)Cc1cc(OCCCCCC)c(OC)cc1-3)OC)OC,6.2441251443275085
c1(OC)c(OC)c2-c3cc(OC)c(cc3CC3c2c(c1)CCN3C)OCCCCCC,6.2441251443275085
N1(C)CCc2c3C1Cc1c(-c3c(c(c2)OC)OC)cc(c(OCCCCCC)c1)OC,6.2441251443275085
c12c(N3C(CNCC3)CC1)nccc2Br,5.406713932979542
C12N(CCNC2)c2nccc(Br)c2CC1,5.406713932979542
C1C2N(CCNC2)c2nccc(Br)c2C1,5.406713932979542
C1Cc2c(Br)ccnc2N2CCNCC21,5.406713932979542
c12CCC3N(CCNC3)c1nccc2Br,5.406713932979542
C1CC(CCN1CCC1CCCN1S(=O)(c1cccc2c1cccc2)=O)C,5.800000874803203
c1ccc2c(c1S(=O)(=O)N1C(CCC1)CCN1CCC(CC1)C)cccc2,5.800000874803203
c1ccc2c(c1)cccc2S(=O)(=O)N1C(CCC1)CCN1CCC(CC1)C,5.800000874803203
N1(CCC(CC1)C)CCC1N(S(=O)(c2c3c(ccc2)cccc3)=O)CCC1,5.800000874803203
C1CCC(N1S(=O)(c1c2ccccc2ccc1)=O)CCN1CCC(CC1)C,5.800000874803203
CN1CCN(CC1)c1nc(nc(C(CC)Sc2ccccc2)n1)N,6.369572124974976
n1c(nc(nc1N)N1CCN(CC1)C)C(Sc1ccccc1)CC,6.369572124974976
N1(c2nc(nc(n2)C(Sc2ccccc2)CC)N)CCN(CC1)C,6.369572124974976
N1(c2nc(N)nc(C(CC)Sc3ccccc3)n2)CCN(CC1)C,6.369572124974976
c1cc(ccc1)SC(c1nc(nc(N)n1)N1CCN(CC1)C)CC,6.369572124974976
C1N(CCN(C1)c1c2OCOc2ccc1)CCC1CCC(NC(OC)=O)CC1,7.6786087216883105
C1CC(CCC1CCN1CCN(c2cccc3c2OCO3)CC1)NC(OC)=O,7.6786087216883105
c1c2c(OCO2)c(N2CCN(CCC3CCC(NC(OC)=O)CC3)CC2)cc1,7.6786087216883105
O=C(OC)NC1CCC(CCN2CCN(c3c4c(ccc3)OCO4)CC2)CC1,7.6786087216883105
C(CC1CCC(NC(OC)=O)CC1)N1CCN(CC1)c1c2c(ccc1)OCO2,7.6786087216883105
c1cc2c(c(C3CCN(CC3)CCN(CC)C(=O)C(C)O)c[nH]2)cc1,8.008773924307505
OC(C(N(CC)CCN1CCC(CC1)c1c2c(cccc2)[nH]c1)=O)C,8.008773924307505
O=C(C(C)O)N(CC)CCN1CCC(CC1)c1c[nH]c2c1cccc2,8.008773924307505
C1N(CCN(CC)C(C(C)O)=O)CCC(c2c3c(cccc3)[nH]c2)C1,8.008773924307505
C(C(C)O)(N(CCN1CCC(CC1)c1c[nH]c2ccccc21)CC)=O,8.008773924307505
FC(c1ccc(COC(=O)N(Cc2ccc(F)cc2F)C2CCN(C)CC2)cc1)(F)C,9.400116927926312
C1C(CCN(C1)C)N(C(=O)OCc1ccc(cc1)C(F)(F)C)Cc1ccc(F)cc1F,9.400116927926312
c1(ccc(CN(C2CCN(CC2)C)C(=O)OCc2ccc(cc2)C(F)(F)C)c(c1)F)F,9.400116927926312
N1(C)CCC(N(Cc2c(F)cc(cc2)F)C(OCc2ccc(C(C)(F)F)cc2)=O)CC1,9.400116927926312
c1(F)cc(c(cc1)CN(C(=O)OCc1ccc(cc1)C(F)(F)C)C1CCN(CC1)C)F,9.400116927926312
c1cc2c(CCO2)c(n1)N1CCN(CC1)CCC1CCC(CC1)NC(=O)C(C)C,7.991399828238082
N(C1CCC(CCN2CCN(CC2)c2nccc3c2CCO3)CC1)C(=O)C(C)C,7.991399828238082
C1N(CCN(c2nccc3c2CCO3)C1)CCC1CCC(NC(=O)C(C)C)CC1,7.991399828238082
c1nc(N2CCN(CCC3CCC(CC3)NC(=O)C(C)C)CC2)c2c(c1)OCC2,7.991399828238082
C1CC(CCC1CCN1CCN(c2c3CCOc3ccn2)CC1)NC(=O)C(C)C,7.991399828238082
C1N(CCN(C1)CCCOn1c(O)c2C3(CC(C)C(C(=O)C3)c2c1O)C)c1c(OC)cccc1,6.197924442475747
c12c(c(O)n(c1O)OCCCN1CCN(CC1)c1c(cccc1)OC)C1(C)CC(C)C2C(C1)=O,6.197924442475747
c1cccc(N2CCN(CCCOn3c(c4c(c3O)C3C(C)CC4(CC3=O)C)O)CC2)c1OC,6.197924442475747
C(COn1c(O)c2c(C3C(CC2(CC3C)C)=O)c1O)CN1CCN(c2ccccc2OC)CC1,6.197924442475747
c1(ccccc1OC)N1CCN(CCCOn2c(c3C4(CC(=O)C(c3c2O)C(C4)C)C)O)CC1,6.197924442475747
C(CC)NCCc1cccc2[nH]cc(c21)S(c1ccccc1)(=O)=O,6.43533393574791
c1cc2c(c(c1)CCNCCC)c(S(=O)(=O)c1ccccc1)c[nH]2,6.43533393574791
c1ccc(cc1)S(=O)(=O)c1c2c(cccc2[nH]c1)CCNCCC,6.43533393574791
C(Cc1c2c(ccc1)[nH]cc2S(=O)(=O)c1ccccc1)NCCC,6.43533393574791
CCCNCCc1c2c(S(=O)(c3ccccc3)=O)c[nH]c2ccc1,6.43533393574791
C1C2CCC(CC1NS(c1cc(F)ccc1)(=O)=O)N2CCOc1cc(C(C)C)ccc1,5.88706002391592
S(=O)(c1cc(F)ccc1)(NC1CC2CCC(C1)N2CCOc1cc(ccc1)C(C)C)=O,5.88706002391592
N1(CCOc2cccc(C(C)C)c2)C2CCC1CC(NS(=O)(c1cccc(F)c1)=O)C2,5.88706002391592
C1CC2CC(NS(c3cccc(c3)F)(=O)=O)CC1N2CCOc1cccc(C(C)C)c1,5.88706002391592
c1c(cc(C(C)C)cc1)OCCN1C2CC(NS(c3cc(F)ccc3)(=O)=O)CC1CC2,5.88706002391592
c1c2Oc3cc(C)ccc3N=C(c2ccc1F)N1CCN(CC(C)(C(=O)O)C)CC1,7.886056647693163
Fc1cc2Oc3c(ccc(C)c3)N=C(N3CCN(CC(C)(C)C(=O)O)CC3)c2cc1,7.886056647693163
c12ccc(C)cc2Oc2cc(ccc2C(=N1)N1CCN(CC(C)(C)C(=O)O)CC1)F,7.886056647693163
c1cc2C(N3CCN(CC3)CC(C(=O)O)(C)C)=Nc3ccc(C)cc3Oc2cc1F,7.886056647693163
Fc1ccc2C(N3CCN(CC3)CC(C)(C(O)=O)C)=Nc3c(Oc2c1)cc(cc3)C,7.886056647693163
c1cccc2c1occ2C1CCN(CCC2CCC(NC(C)=O)CC2)CC1,8.29413628771608
C(CC1CCC(NC(C)=O)CC1)N1CCC(c2coc3c2cccc3)CC1,8.29413628771608
o1cc(c2ccccc12)C1CCN(CC1)CCC1CCC(NC(=O)C)CC1,8.29413628771608
c1c2c(c(C3CCN(CCC4CCC(NC(=O)C)CC4)CC3)co2)ccc1,8.29413628771608
C(CN1CCC(CC1)c1c2c(cccc2)oc1)C1CCC(CC1)NC(=O)C,8.29413628771608
c1c2c(c(C3CCN(CC3)CCC3CCC(CC3)NC(=O)N(C)C)cc1)CCO2,6.917573699139228
c1ccc2OCCc2c1C1CCN(CCC2CCC(CC2)NC(=O)N(C)C)CC1,6.917573699139228
c1cc(C2CCN(CC2)CCC2CCC(NC(=O)N(C)C)CC2)c2CCOc2c1,6.917573699139228
C1(CCC(CC1)CCN1CCC(c2cccc3OCCc23)CC1)NC(N(C)C)=O,6.917573699139228
O1c2cccc(c2CC1)C1CCN(CCC2CCC(CC2)NC(=O)N(C)C)CC1,6.917573699139228
c12c(c[nH]c2ccc(c1)Br)-c1cncn1C,5.029978734171634
c1(-c2n(C)cnc2)c[nH]c2ccc(cc12)Br,5.029978734171634
c1(ccc2c(c1)c(c[nH]2)-c1cncn1C)Br,5.029978734171634
n1(C)cncc1-c1c2c([nH]c1)ccc(c2)Br,5.029978734171634
c1c(c2c([nH]1)ccc(Br)c2)-c1cncn1C,5.029978734171634
c1(-c2ccc(cc2)S(=O)(Nc2cc3CCN(CCc3cc2)C)=O)ccc(c(c1)Cl)F,7.299988937677887
c1(Cl)c(ccc(-c2ccc(S(=O)(=O)Nc3ccc4c(c3)CCN(CC4)C)cc2)c1)F,7.299988937677887
c1cc(ccc1-c1ccc(F)c(Cl)c1)S(=O)(Nc1ccc2c(CCN(CC2)C)c1)=O,7.299988937677887
c1(-c2cc(c(cc2)F)Cl)ccc(S(=O)(=O)Nc2cc3c(CCN(C)CC3)cc2)cc1,7.299988937677887
c1(ccc(S(=O)(=O)Nc2cc3CCN(CCc3cc2)C)cc1)-c1cc(Cl)c(cc1)F,7.299988937677887
C1(CCN2CCN(c3nccc4OCCc43)CC2)CCC(NC(c2ccc(C(F)(F)F)cc2)=O)CC1,7.72584215073632
FC(F)(F)c1ccc(cc1)C(=O)NC1CCC(CCN2CCN(CC2)c2c3c(OCC3)ccn2)CC1,7.72584215073632
C1(CCN2CCN(c3c4CCOc4ccn3)CC2)CCC(NC(c2ccc(cc2)C(F)(F)F)=O)CC1,7.72584215073632
C1C(CCC(C1)CCN1CCN(CC1)c1nccc2OCCc12)NC(c1ccc(C(F)(F)F)cc1)=O,7.72584215073632
C1N(CCN(CCC2CCC(NC(=O)c3ccc(cc3)C(F)(F)F)CC2)C1)c1c2c(ccn1)OCC2,7.72584215073632
c1(C(F)(F)F)cc(cc(c1)NC(=O)Nc1ccc(c(c1)-c1c(cnn1C)Cl)OC)C(F)(F)F,9.0
O(C)c1c(cc(NC(=O)Nc2cc(C(F)(F)F)cc(C(F)(F)F)c2)cc1)-c1c(Cl)cnn1C,9.0
FC(c1cc(cc(c1)C(F)(F)F)NC(Nc1cc(-c2n(ncc2Cl)C)c(OC)cc1)=O)(F)F,9.0
c1c(C(F)(F)F)cc(cc1NC(Nc1ccc(OC)c(c1)-c1c(cnn1C)Cl)=O)C(F)(F)F,9.0
c1(ccc(OC)c(c1)-c1c(Cl)cnn1C)NC(=O)Nc1cc(cc(C(F)(F)F)c1)C(F)(F)F,9.0
C1CC(CCN2CCN(CC2)c2cccc(Cl)c2)CCN1S(=O)(c1c2c(nccc2)ccc1)=O,6.705533773838407
N1(CCC2CCN(CC2)S(c2c3c(nccc3)ccc2)(=O)=O)CCN(CC1)c1cccc(c1)Cl,6.705533773838407
c1nc2cccc(c2cc1)S(=O)(=O)N1CCC(CC1)CCN1CCN(c2cccc(c2)Cl)CC1,6.705533773838407
c1ccc(c2c1nccc2)S(=O)(=O)N1CCC(CCN2CCN(CC2)c2cccc(Cl)c2)CC1,6.705533773838407
c12cccc(S(=O)(N3CCC(CC3)CCN3CCN(CC3)c3cccc(c3)Cl)=O)c1cccn2,6.705533773838407
c1cc2Cc3c(cccc3)CC3(c2cc1)CC(N(C)C)CC3,7.899974269892137
c1c2c(Cc3c(CC42CCC(C4)N(C)C)cccc3)ccc1,7.899974269892137
c1cccc2C3(Cc4c(cccc4)Cc21)CC(N(C)C)CC3,7.899974269892137
c12ccccc1CC1(c3ccccc3C2)CC(CC1)N(C)C,7.899974269892137
c1cc2c(Cc3c(C4(CCC(C4)N(C)C)C2)cccc3)cc1,7.899974269892137
C(CN1CCC(CC1)c1c2c(cc(F)cc2)on1)COc1c(OC)cc(CN2CCOCC2)cc1,8.309803919971486
c12cc(ccc1c(no2)C1CCN(CC1)CCCOc1c(cc(cc1)CN1CCOCC1)OC)F,8.309803919971486
C(c1ccc(c(OC)c1)OCCCN1CCC(c2c3ccc(F)cc3on2)CC1)N1CCOCC1,8.309803919971486
C1CN(CCCOc2ccc(cc2OC)CN2CCOCC2)CCC1c1noc2cc(F)ccc21,8.309803919971486
c12c(onc1C1CCN(CC1)CCCOc1c(OC)cc(CN3CCOCC3)cc1)cc(cc2)F,8.309803919971486
c1cc2nn(c(n2cc1)=O)CCCN1CCN(CC1)c1cc(Cl)ccc1,8.25165689551245
N1(CCCn2c(=O)n3ccccc3n2)CCN(CC1)c1cc(Cl)ccc1,8.25165689551245
N1(CCN(CC1)c1cccc(c1)Cl)CCCn1c(=O)n2ccccc2n1,8.25165689551245
c1c(cc(Cl)cc1)N1CCN(CCCn2c(n3c(cccc3)n2)=O)CC1,8.25165689551245
Clc1cccc(c1)N1CCN(CC1)CCCn1c(n2ccccc2n1)=O,8.25165689551245
N1=C(SC(C)C1Cc1c[nH]cn1)c1ccc(-c2ccccc2)cc1,6.619788758288394
c1c(-c2ccc(cc2)C2=NC(C(S2)C)Cc2c[nH]cn2)cccc1,6.619788758288394
c1c(C2=NC(Cc3c[nH]cn3)C(S2)C)ccc(c1)-c1ccccc1,6.619788758288394
c1(ccc(cc1)-c1ccccc1)C1SC(C)C(N=1)Cc1nc[nH]c1,6.619788758288394
c1c(-c2ccccc2)ccc(C2SC(C)C(Cc3c[nH]cn3)N=2)c1,6.619788758288394
C1CC2CNCCN2c2nccc(CC3CCC3)c12,6.872895201635193
C1CC2CNCCN2c2nccc(c12)CC1CCC1,6.872895201635193
N12c3c(c(ccn3)CC3CCC3)CCC1CNCC2,6.872895201635193
C1CC(C1)Cc1c2CCC3N(CCNC3)c2ncc1,6.872895201635193
C(C1CCC1)c1c2c(ncc1)N1CCNCC1CC2,6.872895201635193
C1CN(CCCC)CCN1c1c(c(Cl)cc(c1)CC)OC,6.327902142064283
c1(c(N2CCN(CCCC)CC2)cc(cc1Cl)CC)OC,6.327902142064283
N1(c2c(c(cc(c2)CC)Cl)OC)CCN(CC1)CCCC,6.327902142064283
C1CN(CCN1CCCC)c1cc(CC)cc(Cl)c1OC,6.327902142064283
COc1c(cc(CC)cc1N1CCN(CCCC)CC1)Cl,6.327902142064283
C12(CCN(CC2)CCCOc2ccc(cc2)F)C(=O)NCN1c1ccccc1,7.822463500070138
c1c(ccc(c1)OCCCN1CCC2(C(NCN2c2ccccc2)=O)CC1)F,7.822463500070138
c1(ccc(cc1)F)OCCCN1CCC2(N(CNC2=O)c2ccccc2)CC1,7.822463500070138
O(CCCN1CCC2(CC1)C(=O)NCN2c1ccccc1)c1ccc(F)cc1,7.822463500070138
c1c(N2CNC(=O)C32CCN(CC3)CCCOc2ccc(F)cc2)cccc1,7.822463500070138
O(c1ccc(CN2CCCCC2)cc1F)CCCN1CCC(CC1)c1noc2cc(F)ccc21,8.187086643357144
c1cc(CN2CCCCC2)cc(c1OCCCN1CCC(c2c3c(cc(F)cc3)on2)CC1)F,8.187086643357144
C(N1CCC(CC1)c1noc2cc(F)ccc12)CCOc1c(F)cc(cc1)CN1CCCCC1,8.187086643357144
N1(CCC(c2c3c(on2)cc(cc3)F)CC1)CCCOc1c(cc(cc1)CN1CCCCC1)F,8.187086643357144
C1(CCN(CC1)CCCOc1c(F)cc(cc1)CN1CCCCC1)c1c2c(on1)cc(cc2)F,8.187086643357144
C1c2c(CCNC1)nn(c2-c1ccccc1)C(C)C,7.619788758288394
n1(nc2c(c1-c1ccccc1)CCNCC2)C(C)C,7.619788758288394
n1(c(-c2ccccc2)c2c(CCNCC2)n1)C(C)C,7.619788758288394
c1(-c2n(nc3CCNCCc32)C(C)C)ccccc1,7.619788758288394
c1ccccc1-c1c2CCNCCc2nn1C(C)C,7.619788758288394
O1c2c(cccc2)C2CC(OC2c2ccccc2C1)CN(C)C,7.043351420794797
c1ccc2c(C3CC(OC3c3c(cccc3)CO2)CN(C)C)c1,7.043351420794797
c1cccc2c1C1CC(CN(C)C)OC1c1c(CO2)cccc1,7.043351420794797
c1cc2c(C3CC(CN(C)C)OC3c3c(CO2)cccc3)cc1,7.043351420794797
C12c3ccccc3OCc3c(cccc3)C2OC(C1)CN(C)C,7.043351420794797
c1(cc(-c2n(C)ncc2Br)c(cc1)OC)NC(Nc1ccc(cc1)C(C)C)=O,9.500038134403809
c1(Br)cnn(C)c1-c1cc(NC(=O)Nc2ccc(C(C)C)cc2)ccc1OC,9.500038134403809
c1c(c(OC)ccc1NC(=O)Nc1ccc(cc1)C(C)C)-c1n(C)ncc1Br,9.500038134403809
c1(C(C)C)ccc(NC(Nc2cc(-c3c(Br)cnn3C)c(OC)cc2)=O)cc1,9.500038134403809
O=C(Nc1cc(-c2n(C)ncc2Br)c(cc1)OC)Nc1ccc(cc1)C(C)C,9.500038134403809
c1c(cccc1C(NC1CN(CC1)Cc1ccc(OC(F)(F)F)cc1)=O)-c1sccc1,5.251811972993799
c1(cc(ccc1)C(NC1CCN(C1)Cc1ccc(OC(F)(F)F)cc1)=O)-c1cccs1,5.251811972993799
C(=O)(NC1CCN(Cc2ccc(OC(F)(F)F)cc2)C1)c1cc(ccc1)-c1sccc1,5.251811972993799
c1cc(CN2CCC(NC(=O)c3cccc(c3)-c3sccc3)C2)ccc1OC(F)(F)F,5.251811972993799
N1(CCC(C1)NC(=O)c1cc(-c2sccc2)ccc1)Cc1ccc(cc1)OC(F)(F)F,5.251811972993799
Brc1cc2c(cc1)Oc1ccccc1C1C2OC(Cn2c3c(o2)ccc(C)c3)C1,7.443697499232712
c1cccc2C3C(c4c(ccc(c4)Br)Oc12)OC(C3)Cn1oc2ccc(C)cc21,7.443697499232712
c1cc(C)cc2c1on2CC1OC2C(C1)c1c(cccc1)Oc1c2cc(cc1)Br,7.443697499232712
Brc1ccc2c(c1)C1C(CC(Cn3oc4c3cc(cc4)C)O1)c1ccccc1O2,7.443697499232712
c1c(ccc2on(CC3OC4C(C3)c3ccccc3Oc3c4cc(Br)cc3)c21)C,7.443697499232712
CC1CCN(CC1)CCOc1c(OC)ccc(N2Cc3c(C2=O)cc(c(Cl)c3)Cl)c1,6.299997602857746
c1(c(cc2C(N(Cc2c1)c1ccc(c(c1)OCCN1CCC(C)CC1)OC)=O)Cl)Cl,6.299997602857746
c12C(=O)N(c3cc(c(OC)cc3)OCCN3CCC(CC3)C)Cc1cc(Cl)c(Cl)c2,6.299997602857746
O(c1c(OC)ccc(c1)N1C(c2c(cc(c(c2)Cl)Cl)C1)=O)CCN1CCC(C)CC1,6.299997602857746
c12cc(c(cc1C(=O)N(C2)c1cc(OCCN2CCC(CC2)C)c(OC)cc1)Cl)Cl,6.299997602857746
C(Cn1c2ccc(F)cc2cn1)(N)C,7.050609993355087
c1c(ccc2n(CC(N)C)ncc12)F,7.050609993355087
c1c2c(n(CC(N)C)nc2)ccc1F,7.050609993355087
n1cc2cc(ccc2n1CC(N)C)F,7.050609993355087
c12n(CC(C)N)ncc1cc(cc2)F,7.050609993355087
C(N(C(=O)OCc1ccc(OC(C)C)cc1)C1CCN(CC1)CC)c1ccc(cc1F)F,9.400116927926312
c1c(ccc(c1F)CN(C(=O)OCc1ccc(OC(C)C)cc1)C1CCN(CC)CC1)F,9.400116927926312
CCN1CCC(N(C(OCc2ccc(cc2)OC(C)C)=O)Cc2c(F)cc(cc2)F)CC1,9.400116927926312
c1cc(ccc1OC(C)C)COC(N(C1CCN(CC)CC1)Cc1ccc(F)cc1F)=O,9.400116927926312
C(OCc1ccc(OC(C)C)cc1)(N(Cc1ccc(cc1F)F)C1CCN(CC)CC1)=O,9.400116927926312
c12c(ccc(c1)OCCCCN1CCN(C(c3ccccn3)=O)CC1)CCC(N2)=O,5.161150909262744
C1c2c(NC(=O)C1)cc(cc2)OCCCCN1CCN(CC1)C(c1ncccc1)=O,5.161150909262744
c1cccc(n1)C(N1CCN(CCCCOc2cc3c(cc2)CCC(N3)=O)CC1)=O,5.161150909262744
c1cc2c(cc1OCCCCN1CCN(CC1)C(=O)c1ccccn1)NC(CC2)=O,5.161150909262744
N1(CCN(CC1)C(c1ncccc1)=O)CCCCOc1ccc2c(c1)NC(=O)CC2,5.161150909262744
c12N3CCNCc1ccc(Br)c2C(C)(C)C3,7.443697499232712
c12N3CC(C)(c2c(ccc1CNCC3)Br)C,7.443697499232712
C1(C)(CN2c3c(CNCC2)ccc(Br)c13)C,7.443697499232712
C1c2c3c(c(Br)cc2)C(CN3CCN1)(C)C,7.443697499232712
N12c3c(ccc(c3C(C2)(C)C)Br)CNCC1,7.443697499232712
Cn1c(=O)n(C)c(=O)c2n(c(NCCCN3CCN(c4ccccc4)CC3)nc21)CCCC,6.212001418845449
n1(c(c2c(nc(NCCCN3CCN(CC3)c3ccccc3)n2CCCC)n(C)c1=O)=O)C,6.212001418845449
c1(ccccc1)N1CCN(CCCNc2nc3c(c(n(C)c(n3C)=O)=O)n2CCCC)CC1,6.212001418845449
n1(C)c(n(c(c2n(CCCC)c(NCCCN3CCN(CC3)c3ccccc3)nc21)=O)C)=O,6.212001418845449
CCCCn1c2c(n(c(=O)n(c2=O)C)C)nc1NCCCN1CCN(CC1)c1ccccc1,6.212001418845449
c1c2C(N)c3ccccc3Cc2ccc1,4.920818753952375
c1cc2C(N)c3c(Cc2cc1)cccc3,4.920818753952375
c1cccc2c1Cc1ccccc1C2N,4.920818753952375
c1c2Cc3c(C(c2ccc1)N)cccc3,4.920818753952375
c1ccc2C(N)c3c(cccc3)Cc2c1,4.920818753952375
c12N(C(=O)Nc3cccnc3)CCc2cc(OC)c(c1)C(C(F)(F)F)(F)F,5.40000018605658
FC(C(F)(c1cc2N(CCc2cc1OC)C(Nc1cnccc1)=O)F)(F)F,5.40000018605658
FC(c1cc2N(CCc2cc1OC)C(Nc1cccnc1)=O)(C(F)(F)F)F,5.40000018605658
C(F)(F)(C(c1cc2N(C(=O)Nc3cnccc3)CCc2cc1OC)(F)F)F,5.40000018605658
C(F)(F)(C(F)(F)F)c1c(OC)cc2CCN(c2c1)C(=O)Nc1cccnc1,5.40000018605658
N(C1CN(CC1)CCCc1noc2ccccc12)S(c1sc2ccc(C)cc2c1)(=O)=O,8.869988050328097
Cc1cc2cc(S(=O)(=O)NC3CN(CCCc4noc5ccccc45)CC3)sc2cc1,8.869988050328097
O=S(NC1CN(CCCc2c3ccccc3on2)CC1)(c1cc2cc(ccc2s1)C)=O,8.869988050328097
C1C(CCN1CCCc1noc2c1cccc2)NS(c1cc2cc(C)ccc2s1)(=O)=O,8.869988050328097
c1c2cc(C)ccc2sc1S(=O)(NC1CN(CCCc2c3ccccc3on2)CC1)=O,8.869988050328097
c12Oc3c(C(=Nc1ccc(c2)C)N1CCN(CC1)CC(C)(C)C(O)=O)ccc(C(F)F)c3,7.886056647693163
c12C(N3CCN(CC3)CC(C)(C(O)=O)C)=Nc3ccc(cc3Oc1cc(C(F)F)cc2)C,7.886056647693163
FC(c1ccc2C(N3CCN(CC3)CC(C)(C(=O)O)C)=Nc3ccc(cc3Oc2c1)C)F,7.886056647693163
FC(c1ccc2c(c1)Oc1c(N=C2N2CCN(CC(C)(C(=O)O)C)CC2)ccc(C)c1)F,7.886056647693163
N1c2c(cc(cc2)C)Oc2c(C=1N1CCN(CC1)CC(C(=O)O)(C)C)ccc(c2)C(F)F,7.886056647693163
C1CC(CCN2CCN(c3c4ccccc4sn3)CC2)CCC1NC(=O)N(C)c1cccs1,8.97061622231479
s1c(ccc1)N(C(NC1CCC(CC1)CCN1CCN(CC1)c1c2ccccc2sn1)=O)C,8.97061622231479
c1cccc2c(nsc21)N1CCN(CC1)CCC1CCC(CC1)NC(N(C)c1cccs1)=O,8.97061622231479
c1ccsc1N(C)C(NC1CCC(CCN2CCN(c3nsc4ccccc34)CC2)CC1)=O,8.97061622231479
s1c(ccc1)N(C(=O)NC1CCC(CC1)CCN1CCN(CC1)c1nsc2c1cccc2)C,8.97061622231479
C12N(C)CCc3cc(OC)c(c(-c4c(C1)cc(c(c4)OC)OCc1ccc(cc1)Br)c23)OC,6.3788237182249645
c1c(ccc(c1)Br)COc1cc2CC3N(C)CCc4cc(OC)c(c(c43)-c2cc1OC)OC,6.3788237182249645
c1c(ccc(c1)COc1c(cc2-c3c4C(Cc2c1)N(C)CCc4cc(c3OC)OC)OC)Br,6.3788237182249645
O(c1c(cc2c(c1)CC1N(CCc3c1c-2c(c(c3)OC)OC)C)OC)Cc1ccc(Br)cc1,6.3788237182249645
c1(Br)ccc(COc2cc3c(-c4c(OC)c(OC)cc5c4C(C3)N(C)CC5)cc2OC)cc1,6.3788237182249645
c12cccc3[nH]cc(c23)CC2C1=CC(CN2C)C(N(CC)CC(F)(F)F)=O,9.346787486224656
c1c2c3c(cccc3[nH]1)C1C(N(C)CC(C=1)C(N(CC(F)(F)F)CC)=O)C2,9.346787486224656
c12c3c[nH]c1cccc2C1=CC(C(=O)N(CC)CC(F)(F)F)CN(C1C3)C,9.346787486224656
c1c2C3C(Cc4c2c(cc1)[nH]c4)N(C)CC(C(=O)N(CC)CC(F)(F)F)C=3,9.346787486224656
C1C(C=C2c3cccc4[nH]cc(c43)CC2N1C)C(N(CC(F)(F)F)CC)=O,9.346787486224656
c1[nH]c2ccccc2c1CCNCc1oc(cc1)-c1ccccc1,6.336299074610352
c1(-c2ccc(o2)CNCCc2c[nH]c3ccccc23)ccccc1,6.336299074610352
c1c(-c2ccc(CNCCc3c[nH]c4ccccc34)o2)cccc1,6.336299074610352
c1(c[nH]c2c1cccc2)CCNCc1oc(-c2ccccc2)cc1,6.336299074610352
c12c(c(CCNCc3oc(-c4ccccc4)cc3)c[nH]1)cccc2,6.336299074610352
C1N(c2nsc3c2cccc3)CCN(CCN2C(c3c(n(C)nc3CC2)C)=O)C1,9.823908740944319
c1cccc2c1snc2N1CCN(CC1)CCN1C(c2c(C)n(nc2CC1)C)=O,9.823908740944319
c1cccc2c1snc2N1CCN(CCN2CCc3c(c(C)n(n3)C)C2=O)CC1,9.823908740944319
c12snc(N3CCN(CCN4CCc5c(c(n(C)n5)C)C4=O)CC3)c2cccc1,9.823908740944319
C1CN(CCN2C(c3c(CC2)nn(C)c3C)=O)CCN1c1c2ccccc2sn1,9.823908740944319
C1(=O)c2cnc(C)cc2CCN1CCN1CCN(c2noc3c2cccc3)CC1,8.638272163982407
C1N(CCN(C1)c1noc2ccccc21)CCN1C(c2c(cc(C)nc2)CC1)=O,8.638272163982407
C(N1C(c2cnc(cc2CC1)C)=O)CN1CCN(CC1)c1noc2ccccc21,8.638272163982407
c1cccc2c(noc21)N1CCN(CCN2CCc3c(cnc(c3)C)C2=O)CC1,8.638272163982407
C1c2cc(C)ncc2C(=O)N(C1)CCN1CCN(c2noc3ccccc23)CC1,8.638272163982407
O(CCCC)c1c(OC)c2-c3c(cc(c(c3)OC)OC)CC3N(CCc(c32)c1)C,6.728158393463501
c12CC3N(CCc4cc(OCCCC)c(OC)c(c43)-c2cc(c(c1)OC)OC)C,6.728158393463501
CN1C2Cc3cc(OC)c(cc3-c3c2c(cc(c3OC)OCCCC)CC1)OC,6.728158393463501
c1c2c3C(Cc4c(cc(OC)c(c4)OC)-c3c(OC)c1OCCCC)N(CC2)C,6.728158393463501
c1c2c3C(N(CC2)C)Cc2c(-c3c(OC)c1OCCCC)cc(c(c2)OC)OC,6.728158393463501
c1cccc2c1c(no2)CCCN1CC(CC1)NS(=O)(c1cccc(c1)C)=O,8.99012436628784
N(C1CCN(CCCc2noc3c2cccc3)C1)S(=O)(=O)c1cc(ccc1)C,8.99012436628784
c1cc2c(noc2cc1)CCCN1CC(CC1)NS(c1cc(C)ccc1)(=O)=O,8.99012436628784
C(N1CCC(NS(=O)(=O)c2cccc(c2)C)C1)CCc1noc2c1cccc2,8.99012436628784
o1c2ccccc2c(CCCN2CC(NS(=O)(c3cccc(c3)C)=O)CC2)n1,8.99012436628784
C12(CCCCC1)NC(Nc1cccc(C(OCC)=O)c1)=NC(N(C)C)=N2,5.812197361281581
c1ccc(cc1NC1NC2(CCCCC2)N=C(N(C)C)N=1)C(OCC)=O,5.812197361281581
C1CC2(CCC1)NC(=NC(N(C)C)=N2)Nc1cccc(C(=O)OCC)c1,5.812197361281581
c1c(NC2NC3(CCCCC3)N=C(N=2)N(C)C)cc(cc1)C(=O)OCC,5.812197361281581
C1CCCC2(C1)NC(=NC(N(C)C)=N2)Nc1cccc(c1)C(=O)OCC,5.812197361281581
c1ccc2c(c1)CC1(CC(N3CC(C(O)=O)CC3)CC1)c1ccccc1C2,7.700057099977233
c1cc2Cc3ccccc3C3(Cc2cc1)CC(N1CC(C(=O)O)CC1)CC3,7.700057099977233
C(O)(=O)C1CN(CC1)C1CC2(Cc3ccccc3Cc3c2cccc3)CC1,7.700057099977233
C(C1CCN(C1)C1CCC2(C1)c1ccccc1Cc1c(cccc1)C2)(O)=O,7.700057099977233
C(O)(C1CN(C2CCC3(Cc4c(cccc4)Cc4c3cccc4)C2)CC1)=O,7.700057099977233
c1cc(cc(OC(F)(F)F)c1CN(C(OCc1ccc(OC(C)C)cc1)=O)C1CCN(C)CC1)F,10.0
CC(C)Oc1ccc(cc1)COC(=O)N(C1CCN(CC1)C)Cc1c(OC(F)(F)F)cc(cc1)F,10.0
C1CC(CCN1C)N(C(OCc1ccc(cc1)OC(C)C)=O)Cc1c(OC(F)(F)F)cc(cc1)F,10.0
CN1CCC(CC1)N(Cc1ccc(cc1OC(F)(F)F)F)C(=O)OCc1ccc(cc1)OC(C)C,10.0
CC(Oc1ccc(COC(N(C2CCN(C)CC2)Cc2ccc(F)cc2OC(F)(F)F)=O)cc1)C,10.0
c1cc(ccc1N1CCN(CC1)CCCSc1ccc(F)cc1)Cl,7.275724130399211
C1CN(c2ccc(cc2)Cl)CCN1CCCSc1ccc(cc1)F,7.275724130399211
C1N(c2ccc(cc2)Cl)CCN(CCCSc2ccc(cc2)F)C1,7.275724130399211
c1cc(ccc1SCCCN1CCN(c2ccc(cc2)Cl)CC1)F,7.275724130399211
c1c(N2CCN(CCCSc3ccc(cc3)F)CC2)ccc(Cl)c1,7.275724130399211
c1cc(ccc1-c1c2n(CCCC2)c(n(c1=O)CCCCN1CC(c2c3ccccc3[nH]c2)CCC1)=O)Cl,5.82739706879014
N1(CCCCn2c(=O)n3CCCCc3c(c2=O)-c2ccc(cc2)Cl)CCCC(C1)c1c2ccccc2[nH]c1,5.82739706879014
Clc1ccc(-c2c(=O)n(CCCCN3CCCC(c4c5c([nH]c4)cccc5)C3)c(=O)n3CCCCc23)cc1,5.82739706879014
C1CCc2n(c(=O)n(c(=O)c2-c2ccc(Cl)cc2)CCCCN2CCCC(c3c4c([nH]c3)cccc4)C2)C1,5.82739706879014
c1ccc2[nH]cc(C3CN(CCC3)CCCCn3c(n4c(CCCC4)c(-c4ccc(cc4)Cl)c3=O)=O)c2c1,5.82739706879014
C1CNCC2N1c1cc(Cl)ccc1C2,7.494850021680094
c12ccc(cc2N2CCNCC2C1)Cl,7.494850021680094
Clc1ccc2CC3CNCCN3c2c1,7.494850021680094
C1c2ccc(cc2N2C1CNCC2)Cl,7.494850021680094
c1(cc2N3CCNCC3Cc2cc1)Cl,7.494850021680094
C1CNCc2ccc(c3C(C)CN1c32)Cl,7.356547323513812
C1(CN2CCNCc3ccc(c1c32)Cl)C,7.356547323513812
c1c2CNCCN3c2c(c(Cl)c1)C(C)C3,7.356547323513812
c12c(Cl)ccc3c2N(CCNC3)CC1C,7.356547323513812
c12c3CNCCN1CC(c2c(Cl)cc3)C,7.356547323513812
C(CN1CCN(CC1)c1cccc(c1)OC)CCNC(c1nc(ccc1)C)=O,6.623423042943488
O(C)c1cccc(c1)N1CCN(CC1)CCCCNC(=O)c1cccc(n1)C,6.623423042943488
C1CN(CCN1c1cccc(OC)c1)CCCCNC(=O)c1cccc(C)n1,6.623423042943488
c1ccc(cc1N1CCN(CCCCNC(=O)c2nc(ccc2)C)CC1)OC,6.623423042943488
C(CNC(c1cccc(n1)C)=O)CCN1CCN(CC1)c1cccc(c1)OC,6.623423042943488
C1CCN(C1)Cc1ccc(c(Cl)c1)OCCCN1CCC(c2c3c(cc(cc3)F)on2)CC1,7.995678626217358
c1c(cc(c(OCCCN2CCC(c3c4c(cc(F)cc4)on3)CC2)c1)Cl)CN1CCCC1,7.995678626217358
c1(Cl)cc(CN2CCCC2)ccc1OCCCN1CCC(c2c3c(on2)cc(F)cc3)CC1,7.995678626217358
c1c2c(noc2cc(c1)F)C1CCN(CC1)CCCOc1ccc(cc1Cl)CN1CCCC1,7.995678626217358
c1(CN2CCCC2)ccc(OCCCN2CCC(CC2)c2noc3c2ccc(F)c3)c(Cl)c1,7.995678626217358
c1c(ccc(c1)F)N1CCN(CC1)CCCCNC(=O)c1c2ccccc2n[nH]1,7.175874166083451
C(c1c2ccccc2n[nH]1)(NCCCCN1CCN(c2ccc(cc2)F)CC1)=O,7.175874166083451
N(CCCCN1CCN(c2ccc(cc2)F)CC1)C(c1c2ccccc2n[nH]1)=O,7.175874166083451
c12c([nH]nc1cccc2)C(NCCCCN1CCN(c2ccc(cc2)F)CC1)=O,7.175874166083451
O=C(c1c2ccccc2n[nH]1)NCCCCN1CCN(c2ccc(F)cc2)CC1,7.175874166083451
c1(OC)cc2c([nH]cc2CCNCc2oc(cc2)-c2cc(ccc2)O)cc1,7.5376020021010435
c12ccc(cc1c(CCNCc1ccc(o1)-c1cc(O)ccc1)c[nH]2)OC,7.5376020021010435
c1(CCNCc2ccc(-c3cccc(c3)O)o2)c[nH]c2ccc(OC)cc12,7.5376020021010435
N(Cc1ccc(-c2cccc(O)c2)o1)CCc1c2cc(ccc2[nH]c1)OC,7.5376020021010435
c1cc(-c2cc(O)ccc2)oc1CNCCc1c2cc(OC)ccc2[nH]c1,7.5376020021010435
C1(CCC(CC1)NC(=O)c1c2ccccc2ncc1)CCN1CCN(c2c(c(ccc2)Cl)Cl)CC1,5.7423214251308154
C1C(CCN2CCN(CC2)c2cccc(Cl)c2Cl)CCC(NC(=O)c2ccnc3ccccc23)C1,5.7423214251308154
C1CN(CCN1c1cccc(Cl)c1Cl)CCC1CCC(CC1)NC(c1ccnc2c1cccc2)=O,5.7423214251308154
C1CC(CCC1NC(=O)c1ccnc2ccccc21)CCN1CCN(CC1)c1cccc(Cl)c1Cl,5.7423214251308154
c1c2c(ccnc2ccc1)C(=O)NC1CCC(CCN2CCN(c3c(Cl)c(ccc3)Cl)CC2)CC1,5.7423214251308154
c1(ccccc1)-c1cccc2c1c(C1CNCCC=1)c[nH]2,7.853871964321762
c1(-c2cccc3[nH]cc(c23)C2=CCCNC2)ccccc1,7.853871964321762
c1cc(-c2cccc3[nH]cc(c32)C2CNCCC=2)ccc1,7.853871964321762
c1ccc(cc1)-c1c2c(C3=CCCNC3)c[nH]c2ccc1,7.853871964321762
c1(c2c(ccc1)[nH]cc2C1=CCCNC1)-c1ccccc1,7.853871964321762
S(=O)(c1ccccc1C(O)C)(c1ccc(cc1)C=Cc1ccc(F)cc1)=O,9.657577319177793
c1c(S(c2ccccc2C(O)C)(=O)=O)ccc(C=Cc2ccc(cc2)F)c1,9.657577319177793
c1cc(S(=O)(c2c(cccc2)C(O)C)=O)ccc1C=Cc1ccc(cc1)F,9.657577319177793
c1cc(S(=O)(=O)c2ccc(cc2)C=Cc2ccc(cc2)F)c(C(O)C)cc1,9.657577319177793
O=S(c1ccc(C=Cc2ccc(F)cc2)cc1)(c1ccccc1C(C)O)=O,9.657577319177793
c1cc(c(-c2cc(ccc2Cl)CNCCC)cc1)OC,6.173925197299173
c1(ccccc1OC)-c1c(Cl)ccc(CNCCC)c1,6.173925197299173
c1c(c(ccc1)OC)-c1c(ccc(CNCCC)c1)Cl,6.173925197299173
C(C)CNCc1ccc(Cl)c(c1)-c1ccccc1OC,6.173925197299173
O(c1ccccc1-c1c(ccc(c1)CNCCC)Cl)C,6.173925197299173
c1cc2c(c3n(CC(C)N)ccc31)cccn2,7.508638306165727
C(C(C)N)n1ccc2c1c1cccnc1cc2,7.508638306165727
c1ccnc2c1c1n(ccc1cc2)CC(C)N,7.508638306165727
c1ccc2c(ccc3c2n(cc3)CC(N)C)n1,7.508638306165727
C(C)(N)Cn1ccc2ccc3c(c21)cccn3,7.508638306165727
C1(CC(c2c(n3CCNCc4cccc2c34)C1)(C)C)(C)C,6.818156412055227
n12CCNCc3cccc(c4c1CC(C)(C)CC4(C)C)c32,6.818156412055227
c12n3CCNCc4cccc(c43)c2C(C)(C)CC(C)(C)C1,6.818156412055227
C1NCCn2c3c(C(C)(C)CC(C3)(C)C)c3c2c1ccc3,6.818156412055227
c12c(n3c4c1cccc4CNCC3)CC(C)(C)CC2(C)C,6.818156412055227
S(=O)(NC1CN(CC1)CCCc1c2ccccc2on1)(=O)c1cc(ccc1)Cl,8.379968104873702
c1cccc2c1onc2CCCN1CC(CC1)NS(c1cccc(Cl)c1)(=O)=O,8.379968104873702
n1oc2c(cccc2)c1CCCN1CC(NS(=O)(=O)c2cc(Cl)ccc2)CC1,8.379968104873702
c1c2c(onc2CCCN2CCC(NS(=O)(c3cc(ccc3)Cl)=O)C2)ccc1,8.379968104873702
c1c2c(ccc1)c(CCCN1CC(CC1)NS(=O)(=O)c1cc(ccc1)Cl)no2,8.379968104873702
Nc1c(ccc(F)c1)C(=O)CCCN1CCC2C(c3cccc4CCCN2c43)C1,8.920818753952375
c1c2c3N(CCCc3cc1)C1CCN(CC12)CCCC(=O)c1c(N)cc(F)cc1,8.920818753952375
c1c(cc(c(C(=O)CCCN2CCC3C(c4c5c(CCCN53)ccc4)C2)c1)N)F,8.920818753952375
c12cccc3C4CN(CCC4N(CCC1)c23)CCCC(c1ccc(cc1N)F)=O,8.920818753952375
C12C(CCN(CCCC(c3ccc(F)cc3N)=O)C1)N1c3c(CCC1)cccc23,8.920818753952375
O1CCc2c1ccnc2N1CCN(CC1)CCC1CCC(NC(=O)C2CCC(CC2)(C)O)CC1,8.211831628858832
C1CC(CCN2CCN(c3c4CCOc4ccn3)CC2)CCC1NC(C1CCC(CC1)(C)O)=O,8.211831628858832
O=C(C1CCC(CC1)(C)O)NC1CCC(CCN2CCN(c3c4c(OCC4)ccn3)CC2)CC1,8.211831628858832
C1(CCC(CC1)C(NC1CCC(CCN2CCN(c3c4c(OCC4)ccn3)CC2)CC1)=O)(O)C,8.211831628858832
CC1(O)CCC(C(NC2CCC(CC2)CCN2CCN(c3nccc4c3CCO4)CC2)=O)CC1,8.211831628858832
c1cc(ccc1C(=O)NC1CCC(CCN2CCC(CC2)c2c3c(on2)cc(F)cc3)CC1)Cl,8.57413985492216
C(NC1CCC(CC1)CCN1CCC(c2c3ccc(F)cc3on2)CC1)(=O)c1ccc(cc1)Cl,8.57413985492216
C1CC(CCC1CCN1CCC(CC1)c1noc2cc(F)ccc21)NC(c1ccc(cc1)Cl)=O,8.57413985492216
c1(ccc2c(onc2C2CCN(CCC3CCC(NC(=O)c4ccc(Cl)cc4)CC3)CC2)c1)F,8.57413985492216
C1CC(NC(=O)c2ccc(Cl)cc2)CCC1CCN1CCC(CC1)c1noc2c1ccc(F)c2,8.57413985492216
c1ccc2c(c1)Cc1ccccc1C1(C2)CC(N2CCC(CC2)CC(=O)O)CC1,6.199998172182031
C1(CC2(c3ccccc3Cc3c(C2)cccc3)CC1)N1CCC(CC(=O)O)CC1,6.199998172182031
C1CN(CCC1CC(O)=O)C1CC2(CC1)Cc1ccccc1Cc1c2cccc1,6.199998172182031
c1ccc2Cc3ccccc3C3(CC(N4CCC(CC(O)=O)CC4)CC3)Cc2c1,6.199998172182031
c12ccccc1Cc1ccccc1C1(C2)CCC(N2CCC(CC(=O)O)CC2)C1,6.199998172182031
O=C(c1ccc(cc1)F)CN1CCN(C(c2nn(C)cc2)=O)CC1,7.431798275933005
n1(ccc(C(=O)N2CCN(CC2)CC(=O)c2ccc(F)cc2)n1)C,7.431798275933005
C1N(CC(c2ccc(F)cc2)=O)CCN(C1)C(c1ccn(n1)C)=O,7.431798275933005
c1cc(ccc1F)C(=O)CN1CCN(C(=O)c2ccn(C)n2)CC1,7.431798275933005
C1CN(CCN1C(c1nn(cc1)C)=O)CC(c1ccc(cc1)F)=O,7.431798275933005
c1c2c(c(S(=O)(=O)N3C(CCN4CCN(c5cccc6c5ccs6)CC4)CCC3)ccc2)ccn1,7.721246399047171
c1c(c2c(cncc2)cc1)S(=O)(=O)N1C(CCN2CCN(CC2)c2cccc3c2ccs3)CCC1,7.721246399047171
N1(CCC2CCCN2S(c2c3ccncc3ccc2)(=O)=O)CCN(CC1)c1cccc2c1ccs2,7.721246399047171
S(=O)(=O)(N1CCCC1CCN1CCN(c2cccc3sccc32)CC1)c1c2ccncc2ccc1,7.721246399047171
O=S(c1cccc2cnccc12)(N1C(CCC1)CCN1CCN(c2cccc3sccc23)CC1)=O,7.721246399047171
n1sc2c(c1N1CCN(CCC3CCC(CC3)NC(=O)c3sccc3)CC1)cccc2,9.244125144327509
c1ccsc1C(NC1CCC(CCN2CCN(c3c4ccccc4sn3)CC2)CC1)=O,9.244125144327509
C(NC1CCC(CC1)CCN1CCN(CC1)c1nsc2ccccc21)(c1sccc1)=O,9.244125144327509
C(=O)(c1cccs1)NC1CCC(CCN2CCN(c3c4c(cccc4)sn3)CC2)CC1,9.244125144327509
C(c1sccc1)(=O)NC1CCC(CC1)CCN1CCN(c2nsc3c2cccc3)CC1,9.244125144327509
C1CC(CCN2CCC(CC2)c2noc3ccccc32)C(c2c1cccn2)=O,8.449771646944907
o1c2c(cccc2)c(n1)C1CCN(CCC2C(=O)c3ncccc3CC2)CC1,8.449771646944907
c12c(onc2C2CCN(CCC3C(=O)c4c(CC3)cccn4)CC2)cccc1,8.449771646944907
C1N(CCC2C(c3ncccc3CC2)=O)CCC(C1)c1noc2ccccc12,8.449771646944907
C1(c2c3c(on2)cccc3)CCN(CCC2CCc3c(C2=O)nccc3)CC1,8.449771646944907
c1c(Cl)c(cc(CCN(CC)CC)c1)-c1ccccc1OC,6.167491087293763
c1c(c(cc(c1)CCN(CC)CC)-c1ccccc1OC)Cl,6.167491087293763
COc1c(-c2c(Cl)ccc(c2)CCN(CC)CC)cccc1,6.167491087293763
CCN(CC)CCc1cc(-c2ccccc2OC)c(Cl)cc1,6.167491087293763
C(C)N(CCc1ccc(Cl)c(c1)-c1ccccc1OC)CC,6.167491087293763
C1NCC2NC(=O)c3c(Cl)cccc3N2C1,6.476253533188435
C1NCC2NC(c3c(N2C1)cccc3Cl)=O,6.476253533188435
N12C(CNCC1)NC(=O)c1c2cccc1Cl,6.476253533188435
C1NCC2N(c3cccc(c3C(N2)=O)Cl)C1,6.476253533188435
c1cc2N3C(CNCC3)NC(=O)c2c(Cl)c1,6.476253533188435
c1c(c(cc(c1NS(c1ccc(cc1)C(F)(F)F)(=O)=O)OC)OC)C(CCCCN1CCC2(CC1)NC(=O)NC2=O)=O,6.199998172182031
C(CC(c1c(cc(OC)c(NS(c2ccc(C(F)(F)F)cc2)(=O)=O)c1)OC)=O)CCN1CCC2(NC(NC2=O)=O)CC1,6.199998172182031
C(C(=O)c1c(cc(c(c1)NS(c1ccc(cc1)C(F)(F)F)(=O)=O)OC)OC)CCCN1CCC2(C(=O)NC(=O)N2)CC1,6.199998172182031
O=C1NC2(CCN(CC2)CCCCC(c2c(cc(c(c2)NS(=O)(=O)c2ccc(C(F)(F)F)cc2)OC)OC)=O)C(=O)N1,6.199998172182031
N1(CCC2(CC1)C(NC(=O)N2)=O)CCCCC(c1cc(NS(c2ccc(C(F)(F)F)cc2)(=O)=O)c(cc1OC)OC)=O,6.199998172182031
c1c(ccc(c1)Cl)C1(O)CC2N(C(C1)CC2)CCCSc1ccc(cc1)F,7.050609993355087
c1c(SCCCN2C3CCC2CC(O)(C3)c2ccc(cc2)Cl)ccc(c1)F,7.050609993355087
c1cc(ccc1SCCCN1C2CCC1CC(O)(c1ccc(cc1)Cl)C2)F,7.050609993355087
c1(F)ccc(SCCCN2C3CC(CC2CC3)(O)c2ccc(Cl)cc2)cc1,7.050609993355087
N1(C2CCC1CC(O)(C2)c1ccc(Cl)cc1)CCCSc1ccc(F)cc1,7.050609993355087
C(N1CCN(c2ncc(Cl)cc2)CC1)CCCc1ccc(cc1)F,8.03810452633215
c1c(ncc(c1)Cl)N1CCN(CC1)CCCCc1ccc(cc1)F,8.03810452633215
C(CCN1CCN(c2ccc(cn2)Cl)CC1)Cc1ccc(cc1)F,8.03810452633215
c1c(ccc(c1)F)CCCCN1CCN(c2ncc(Cl)cc2)CC1,8.03810452633215
c1nc(N2CCN(CC2)CCCCc2ccc(cc2)F)ccc1Cl,8.03810452633215
c1cc(C(=O)CCCN2CCC3C(c4cccc5SCCCN3c54)C2)c(cc1)N,7.982966660701219
C(CN1CCC2N3c4c(SCCC3)cccc4C2C1)CC(=O)c1c(cccc1)N,7.982966660701219
c1c2c3c(SCCCN3C3CCN(CC32)CCCC(c2ccccc2N)=O)cc1,7.982966660701219
Nc1ccccc1C(CCCN1CC2c3cccc4SCCCN(c34)C2CC1)=O,7.982966660701219
c12C3C(CCN(C3)CCCC(c3c(N)cccc3)=O)N3c1c(ccc2)SCCC3,7.982966660701219
c1ccc(CCCN(CCc2cc3OCOc3cc2)CCc2cc(c(OC)cc2)OC)c(c1)Br,7.267606240177032
C(N(CCc1ccc(OC)c(OC)c1)CCc1ccc2OCOc2c1)CCc1c(cccc1)Br,7.267606240177032
c1c(c(ccc1)CCCN(CCc1ccc2c(c1)OCO2)CCc1ccc(OC)c(OC)c1)Br,7.267606240177032
c1(Br)c(cccc1)CCCN(CCc1ccc(c(c1)OC)OC)CCc1ccc2OCOc2c1,7.267606240177032
C1Oc2c(O1)cc(cc2)CCN(CCc1ccc(OC)c(OC)c1)CCCc1c(cccc1)Br,7.267606240177032
CN(C)CC(COc1c(cccc1)CCc1ccc(OC)cc1)OC(CCC(O)=O)=O,8.400116927926312
O(C(CCC(O)=O)=O)C(CN(C)C)COc1c(cccc1)CCc1ccc(cc1)OC,8.400116927926312
OC(=O)CCC(=O)OC(COc1ccccc1CCc1ccc(cc1)OC)CN(C)C,8.400116927926312
C(C(OC(COc1ccccc1CCc1ccc(OC)cc1)CN(C)C)=O)CC(O)=O,8.400116927926312
N(C)(CC(OC(CCC(=O)O)=O)COc1ccccc1CCc1ccc(OC)cc1)C,8.400116927926312
C1N(c2cccc(c2Cl)Cl)CCN(C1)CCCCOc1c(C(C)=O)c(C)cc2c1c(cc(=O)o2)C,5.576754126063192
c1c(c(C(=O)C)c(c2c(cc(=O)oc21)C)OCCCCN1CCN(CC1)c1cccc(Cl)c1Cl)C,5.576754126063192
N1(CCCCOc2c(c(cc3c2c(C)cc(=O)o3)C)C(C)=O)CCN(CC1)c1c(c(Cl)ccc1)Cl,5.576754126063192
c1(c2c(cc(C)c1C(C)=O)oc(=O)cc2C)OCCCCN1CCN(CC1)c1cccc(Cl)c1Cl,5.576754126063192
C(CCOc1c(c(cc2c1c(C)cc(o2)=O)C)C(C)=O)CN1CCN(CC1)c1cccc(Cl)c1Cl,5.576754126063192
NCCc1c(OC)cc(OCCC(F)(F)F)c(c1)OC,6.320740220607543
FC(F)(F)CCOc1cc(c(CCN)cc1OC)OC,6.320740220607543
FC(F)(CCOc1c(cc(c(c1)OC)CCN)OC)F,6.320740220607543
COc1c(cc(c(c1)CCN)OC)OCCC(F)(F)F,6.320740220607543
c1c(OC)c(CCN)cc(OC)c1OCCC(F)(F)F,6.320740220607543
C(COc1cn2c(ccn2)cc1)CCN(CCC)C1CCc2c(cccc2C1)O,5.958607314841775
CCCN(C1CCc2c(C1)cccc2O)CCCCOc1cn2nccc2cc1,5.958607314841775
C(C)CN(CCCCOc1ccc2n(ncc2)c1)C1Cc2cccc(c2CC1)O,5.958607314841775
c1(ccc2ccnn2c1)OCCCCN(C1Cc2c(c(O)ccc2)CC1)CCC,5.958607314841775
C(CN(C1CCc2c(C1)cccc2O)CCC)CCOc1ccc2n(c1)ncc2,5.958607314841775
c12c(c(C(=O)C)c(OCCCN3CCN(CC3)c3cccc(c3)Br)cc1)oc(cc2C)=O,8.221848749616356
c1(c(c2oc(=O)cc(C)c2cc1)C(C)=O)OCCCN1CCN(c2cccc(c2)Br)CC1,8.221848749616356
C(N1CCN(CC1)c1cc(Br)ccc1)CCOc1c(c2c(cc1)c(cc(=O)o2)C)C(C)=O,8.221848749616356
C(C)(=O)c1c(OCCCN2CCN(c3cccc(c3)Br)CC2)ccc2c(cc(oc21)=O)C,8.221848749616356
c1cc(cc(c1)N1CCN(CCCOc2c(C(=O)C)c3c(cc2)c(C)cc(=O)o3)CC1)Br,8.221848749616356
NC(Cn1c2c(ccc(OC)c2Cl)cn1)C,5.920818753952375
n1cc2c(c(c(OC)cc2)Cl)n1CC(N)C,5.920818753952375
Clc1c(ccc2c1n(CC(C)N)nc2)OC,5.920818753952375
CC(N)Cn1c2c(ccc(OC)c2Cl)cn1,5.920818753952375
c1cc(c(Cl)c2c1cnn2CC(C)N)OC,5.920818753952375
c1ccc(N2CCN(CCCN3C(=O)COc4ccccc34)CC2)c(Cl)c1Cl,7.120158944013437
c1cc2OCC(=O)N(c2cc1)CCCN1CCN(CC1)c1cccc(c1Cl)Cl,7.120158944013437
c1cc2c(cc1)N(CCCN1CCN(CC1)c1c(c(ccc1)Cl)Cl)C(=O)CO2,7.120158944013437
N1(CCN(CC1)CCCN1c2c(OCC1=O)cccc2)c1c(c(ccc1)Cl)Cl,7.120158944013437
O=C1COc2ccccc2N1CCCN1CCN(CC1)c1c(Cl)c(ccc1)Cl,7.120158944013437
c1c(OCCCN2CC3C(N4c5c(NC(C4)=O)cccc35)CC2)cc(F)c(c1)F,7.79317412396815
c1(cc(ccc1F)OCCCN1CC2C(N3CC(=O)Nc4c3c2ccc4)CC1)F,7.79317412396815
C(CCN1CCC2C(c3cccc4NC(=O)CN2c34)C1)Oc1cc(c(F)cc1)F,7.79317412396815
C12CN(CCCOc3cc(F)c(cc3)F)CCC1N1CC(Nc3c1c2ccc3)=O,7.79317412396815
C12C(CN(CC2)CCCOc2ccc(c(c2)F)F)c2cccc3NC(CN1c23)=O,7.79317412396815
c1cc(OC)ccc1Cn1c(CCC)c(nn1)C(NCCCCN1CCN(c2c(cccc2)OC)CC1)=O,7.5376020021010435
c1cccc(OC)c1N1CCN(CC1)CCCCNC(=O)c1nnn(Cc2ccc(OC)cc2)c1CCC,7.5376020021010435
C(NC(c1nnn(c1CCC)Cc1ccc(OC)cc1)=O)CCCN1CCN(c2c(OC)cccc2)CC1,7.5376020021010435
c1cc(Cn2c(CCC)c(nn2)C(=O)NCCCCN2CCN(CC2)c2ccccc2OC)ccc1OC,7.5376020021010435
c1(c(n(Cc2ccc(cc2)OC)nn1)CCC)C(=O)NCCCCN1CCN(CC1)c1c(cccc1)OC,7.5376020021010435
C(C1C(=CC=CC1)Cl)Oc1n(nc(c1)CNC)C(C1CCCCC1)C,8.67778070526608
C1C=CCC(C=1Cl)COc1cc(CNC)nn1C(C1CCCCC1)C,8.67778070526608
CC(C1CCCCC1)n1c(cc(CNC)n1)OCC1C(Cl)=CC=CC1,8.67778070526608
C1CCCCC1C(n1c(cc(n1)CNC)OCC1C(Cl)=CC=CC1)C,8.67778070526608
C1(C(C)n2nc(cc2OCC2C(=CC=CC2)Cl)CNC)CCCCC1,8.67778070526608
O=C(c1ccc(F)cc1)NC1CCC(CC1)CCN1CCC(c2cccc3OCCc32)CC1,7.847711655616943
c1cc(F)ccc1C(=O)NC1CCC(CCN2CCC(c3c4c(OCC4)ccc3)CC2)CC1,7.847711655616943
C1CC(CCN1CCC1CCC(CC1)NC(c1ccc(F)cc1)=O)c1c2CCOc2ccc1,7.847711655616943
c1(ccc(cc1)F)C(NC1CCC(CCN2CCC(c3cccc4OCCc43)CC2)CC1)=O,7.847711655616943
C1c2c(C3CCN(CCC4CCC(CC4)NC(c4ccc(cc4)F)=O)CC3)cccc2OC1,7.847711655616943
C1CC(c2c3c(on2)ccc(c3)F)CCN1CCN(C(C(C)O)=O)CC,7.823908740944319
C1CN(CCN(CC)C(C(C)O)=O)CCC1c1c2c(ccc(c2)F)on1,7.823908740944319
C(CN1CCC(c2c3c(ccc(F)c3)on2)CC1)N(C(=O)C(C)O)CC,7.823908740944319
C(O)(C)C(=O)N(CCN1CCC(CC1)c1noc2ccc(cc21)F)CC,7.823908740944319
c1c2c(onc2C2CCN(CC2)CCN(C(C(O)C)=O)CC)ccc1F,7.823908740944319
N1(CCN(c2ccccc2OC)CC1)CCCC(=O)Nc1ccn2c(c1)ccn2,6.508638306165727
C(CN1CCN(c2c(OC)cccc2)CC1)CC(Nc1cc2n(ncc2)cc1)=O,6.508638306165727
c1(N2CCN(CC2)CCCC(=O)Nc2ccn3c(c2)ccn3)ccccc1OC,6.508638306165727
c1cc(NC(=O)CCCN2CCN(c3c(cccc3)OC)CC2)cc2n1ncc2,6.508638306165727
c1cc(c(cc1)N1CCN(CC1)CCCC(Nc1ccn2nccc2c1)=O)OC,6.508638306165727
C1C(F)C(CNC1)c1c(-c2ccccc2)[nH]c2c(cccc21)F,9.337242168318426
c12c(cccc2F)c(c(-c2ccccc2)[nH]1)C1CNCCC1F,9.337242168318426
c1(-c2ccccc2)c(C2C(F)CCNC2)c2cccc(c2[nH]1)F,9.337242168318426
C1C(C(CNC1)c1c(-c2ccccc2)[nH]c2c(F)cccc12)F,9.337242168318426
c1(c2c(c(F)ccc2)[nH]c1-c1ccccc1)C1C(F)CCNC1,9.337242168318426
Nc1nc(nc(NCCc2c3c([nH]c2)cccc3)n1)NCCc1cccc(c1Cl)Cl,5.224243962155902
c1(nc(NCCc2c[nH]c3c2cccc3)nc(n1)NCCc1c(c(ccc1)Cl)Cl)N,5.224243962155902
[nH]1c2c(cccc2)c(c1)CCNc1nc(NCCc2cccc(c2Cl)Cl)nc(N)n1,5.224243962155902
[nH]1c2c(c(c1)CCNc1nc(nc(NCCc3cccc(Cl)c3Cl)n1)N)cccc2,5.224243962155902
c1ccc(CCNc2nc(N)nc(n2)NCCc2c[nH]c3c2cccc3)c(c1Cl)Cl,5.224243962155902
C1CN(CCN1CCCCOc1c(C(=O)C)c2c(cc1)c(C)cc(=O)o2)c1ccccc1Cl,7.698970004336019
O(CCCCN1CCN(CC1)c1c(cccc1)Cl)c1ccc2c(C)cc(oc2c1C(C)=O)=O,7.698970004336019
c12ccc(OCCCCN3CCN(c4ccccc4Cl)CC3)c(c1oc(cc2C)=O)C(C)=O,7.698970004336019
c1cc(N2CCN(CCCCOc3c(c4c(c(cc(=O)o4)C)cc3)C(=O)C)CC2)c(Cl)cc1,7.698970004336019
c1(c(C(C)=O)c2oc(cc(c2cc1)C)=O)OCCCCN1CCN(CC1)c1c(Cl)cccc1,7.698970004336019
c12ccn(c1-c1c(ccc(c1)Cl)C2)CC(C)N,6.699991797446187
c12c(Cc3c-1cc(cc3)Cl)ccn2CC(C)N,6.699991797446187
c1c2c(Cc3c-2n(cc3)CC(N)C)ccc1Cl,6.699991797446187
c12ccn(c1-c1cc(Cl)ccc1C2)CC(C)N,6.699991797446187
CC(N)Cn1c2c(Cc3ccc(Cl)cc-23)cc1,6.699991797446187
C(Sc1c(OC)cc(c(OC)c1)CCN)CCCF,7.327902142064283
O(c1c(CCN)cc(OC)c(SCCCCF)c1)C,7.327902142064283
S(CCCCF)c1c(OC)cc(c(OC)c1)CCN,7.327902142064283
O(c1c(cc(c(SCCCCF)c1)OC)CCN)C,7.327902142064283
C(CCF)CSc1cc(OC)c(cc1OC)CCN,7.327902142064283
N1(CCN(CCCC(=O)c2cc3CCC(=O)Nc3cc2)CC1)c1ncccc1,5.503535323503483
C1CN(CCN1c1ncccc1)CCCC(c1ccc2NC(CCc2c1)=O)=O,5.503535323503483
C1N(c2ccccn2)CCN(CCCC(c2cc3CCC(Nc3cc2)=O)=O)C1,5.503535323503483
C1(=O)Nc2ccc(C(CCCN3CCN(CC3)c3ccccn3)=O)cc2CC1,5.503535323503483
c1(C(=O)CCCN2CCN(CC2)c2ncccc2)ccc2NC(CCc2c1)=O,5.503535323503483
c1c(c(Oc2cccnc2C)ncc1NC(N1CCc2cc(c(C(F)(F)F)cc12)C)=O)Cl,6.599997654072044
c1(Cl)cc(NC(N2CCc3cc(C)c(cc32)C(F)(F)F)=O)cnc1Oc1cccnc1C,6.599997654072044
FC(F)(c1c(C)cc2c(c1)N(C(=O)Nc1cc(c(nc1)Oc1cccnc1C)Cl)CC2)F,6.599997654072044
n1c(Oc2cccnc2C)c(Cl)cc(c1)NC(=O)N1c2c(CC1)cc(c(c2)C(F)(F)F)C,6.599997654072044
c1(C(F)(F)F)c(cc2c(c1)N(C(=O)Nc1cnc(c(Cl)c1)Oc1cccnc1C)CC2)C,6.599997654072044
C1C(c2noc3ccccc32)CCN(C1)CCN1C(c2c(CC1)n(nc2)C1CC1)=O,8.774690718274137
N1(C(=O)c2c(CC1)n(nc2)C1CC1)CCN1CCC(c2c3c(on2)cccc3)CC1,8.774690718274137
C1C(n2ncc3c2CCN(CCN2CCC(CC2)c2c4c(cccc4)on2)C3=O)C1,8.774690718274137
C1(n2c3CCN(C(c3cn2)=O)CCN2CCC(CC2)c2noc3ccccc23)CC1,8.774690718274137
C1C(C1)n1ncc2c1CCN(CCN1CCC(CC1)c1c3ccccc3on1)C2=O,8.774690718274137
c1(cc(ccc1CCN1CCN(CC1)C(c1c(c2ccccn2n1)Cl)=O)F)F,9.221848749616356
c1c2n(nc(c2Cl)C(N2CCN(CCc3ccc(cc3F)F)CC2)=O)ccc1,9.221848749616356
c1cccn2c1c(Cl)c(n2)C(=O)N1CCN(CCc2c(cc(F)cc2)F)CC1,9.221848749616356
c1cc(c(cc1F)F)CCN1CCN(CC1)C(c1c(c2ccccn2n1)Cl)=O,9.221848749616356
c1n2nc(c(c2ccc1)Cl)C(N1CCN(CC1)CCc1ccc(cc1F)F)=O,9.221848749616356
c1ccc(Cl)cc1N1CCN(CCCCCCNS(=O)(=O)N)CC1,6.482804102050026
NS(NCCCCCCN1CCN(CC1)c1cccc(c1)Cl)(=O)=O,6.482804102050026
C1CN(CCN1c1cccc(c1)Cl)CCCCCCNS(=O)(N)=O,6.482804102050026
NS(=O)(NCCCCCCN1CCN(c2cccc(c2)Cl)CC1)=O,6.482804102050026
C1CN(CCN1CCCCCCNS(N)(=O)=O)c1cc(ccc1)Cl,6.482804102050026
c12[nH]cc(C3CCN(Cc4ccccc4)CC=3)c2cc(OCC)cc1,5.677987561417599
C1C=C(CCN1Cc1ccccc1)c1c[nH]c2ccc(OCC)cc21,5.677987561417599
c12cc(ccc2[nH]cc1C1=CCN(CC1)Cc1ccccc1)OCC,5.677987561417599
C1(c2c3c([nH]c2)ccc(c3)OCC)=CCN(Cc2ccccc2)CC1,5.677987561417599
c1cc(ccc1)CN1CC=C(c2c3cc(ccc3[nH]c2)OCC)CC1,5.677987561417599
C1C2(C(c3c(cccc3)C1)O)CCN(CCc1ccccc1)CC2,9.397940008672037
C1CC2(C(O)c3c(cccc3)CC2)CCN1CCc1ccccc1,9.397940008672037
c1cccc(CCN2CCC3(CC2)CCc2c(cccc2)C3O)c1,9.397940008672037
OC1c2c(CCC13CCN(CCc1ccccc1)CC3)cccc2,9.397940008672037
C1CC2(CCN1CCc1ccccc1)CCc1ccccc1C2O,9.397940008672037
c1ccc(cc1C)S(NCCCCN1CCC(CC1)c1noc2c1ccc(F)c2)(=O)=O,8.67778070526608
c1c(cccc1S(=O)(NCCCCN1CCC(c2noc3cc(F)ccc23)CC1)=O)C,8.67778070526608
N1(CCC(c2c3ccc(F)cc3on2)CC1)CCCCNS(=O)(=O)c1cc(C)ccc1,8.67778070526608
c1c(cccc1C)S(NCCCCN1CCC(CC1)c1c2c(cc(F)cc2)on1)(=O)=O,8.67778070526608
c1(ccc2c(c1)onc2C1CCN(CCCCNS(=O)(c2cc(C)ccc2)=O)CC1)F,8.67778070526608
c1c2cc(nn2ccc1OCCCCN1CCN(CC1)c1ccccc1OC)CO,6.6020599913279625
C1CN(CCN1CCCCOc1cc2cc(CO)nn2cc1)c1ccccc1OC,6.6020599913279625
c1(OCCCCN2CCN(CC2)c2ccccc2OC)ccn2nc(cc2c1)CO,6.6020599913279625
C1N(CCN(CCCCOc2cc3cc(nn3cc2)CO)C1)c1ccccc1OC,6.6020599913279625
O(c1ccn2nc(CO)cc2c1)CCCCN1CCN(CC1)c1c(cccc1)OC,6.6020599913279625
C1N2CCN(c3cc(ccc3OC)NS(=O)(c3sc4ccc(Cl)cc4c3C)=O)CC2CC1,5.899998417198648
c1cc(cc(c1OC)N1CC2CCCN2CC1)NS(c1sc2c(cc(Cl)cc2)c1C)(=O)=O,5.899998417198648
c1cc(OC)c(cc1NS(=O)(c1c(C)c2c(ccc(c2)Cl)s1)=O)N1CCN2CCCC2C1,5.899998417198648
c1(c(cc(NS(=O)(c2c(c3cc(Cl)ccc3s2)C)=O)cc1)N1CC2N(CCC2)CC1)OC,5.899998417198648
c1(c(OC)ccc(c1)NS(=O)(=O)c1sc2c(c1C)cc(Cl)cc2)N1CC2N(CCC2)CC1,5.899998417198648
c12c3C(N(C)CC2)Cc2c(cc(cc2)N(C)C)-c3ccc1,6.247183568811728
c1cc2-c3cc(ccc3CC3c2c(CCN3C)c1)N(C)C,6.247183568811728
C1C2c3c(CCN2C)cccc3-c2cc(N(C)C)ccc12,6.247183568811728
C1Cc2c3c(ccc2)-c2c(ccc(N(C)C)c2)CC3N1C,6.247183568811728
c12c(CC3N(CCc4c3c-2ccc4)C)ccc(N(C)C)c1,6.247183568811728
C(NC(=O)N(Cc1ccc(F)cc1)C1CCN(C)CC1F)c1ccc(OCC(C)C)cc1,9.013228265733755
C1(C(CCN(C1)C)N(C(=O)NCc1ccc(OCC(C)C)cc1)Cc1ccc(F)cc1)F,9.013228265733755
c1c(CNC(=O)N(C2C(F)CN(C)CC2)Cc2ccc(F)cc2)ccc(c1)OCC(C)C,9.013228265733755
c1cc(ccc1OCC(C)C)CNC(=O)N(C1CCN(CC1F)C)Cc1ccc(F)cc1,9.013228265733755
N1(CC(C(N(C(NCc2ccc(OCC(C)C)cc2)=O)Cc2ccc(F)cc2)CC1)F)C,9.013228265733755
c1cccc2c(N3CCN(CC3)CCCNS(=O)(=O)c3cc4ccc(cc4s3)Cl)noc21,7.200659450546418
c1c2onc(N3CCN(CC3)CCCNS(=O)(=O)c3sc4cc(Cl)ccc4c3)c2ccc1,7.200659450546418
C(CN1CCN(c2c3ccccc3on2)CC1)CNS(=O)(=O)c1sc2c(ccc(c2)Cl)c1,7.200659450546418
c1(cc2sc(S(=O)(NCCCN3CCN(CC3)c3noc4ccccc43)=O)cc2cc1)Cl,7.200659450546418
N1(CCN(CC1)CCCNS(c1cc2ccc(Cl)cc2s1)(=O)=O)c1noc2ccccc12,7.200659450546418
n1(CCCCCCN2CCN(c3cccc(Cl)c3)CC2)c(c2C3CCC(c2c1O)C3)O,7.0915149811213505
N1(CCCCCCn2c(c3C4CCC(C4)c3c2O)O)CCN(c2cccc(c2)Cl)CC1,7.0915149811213505
C(CCCCCN1CCN(CC1)c1cc(Cl)ccc1)n1c(c2c(c1O)C1CC2CC1)O,7.0915149811213505
C(CCCCn1c(c2C3CCC(c2c1O)C3)O)CN1CCN(CC1)c1cccc(Cl)c1,7.0915149811213505
c12C3CC(c2c(n(CCCCCCN2CCN(c4cc(ccc4)Cl)CC2)c1O)O)CC3,7.0915149811213505
C(=O)(N(Cc1c(F)cc(F)c(c1)F)C1CCN(CC1)C)OCc1ccc(cc1)OC(C)C,7.801342913045577
CC(C)Oc1ccc(COC(=O)N(Cc2cc(F)c(cc2F)F)C2CCN(CC2)C)cc1,7.801342913045577
C(c1cc(c(cc1F)F)F)N(C(=O)OCc1ccc(cc1)OC(C)C)C1CCN(CC1)C,7.801342913045577
N1(C)CCC(N(C(OCc2ccc(OC(C)C)cc2)=O)Cc2cc(c(F)cc2F)F)CC1,7.801342913045577
CC(Oc1ccc(cc1)COC(N(Cc1cc(c(cc1F)F)F)C1CCN(C)CC1)=O)C,7.801342913045577
C1NCC2N(C1)C(=O)c1c2cccc1C(F)(F)F,6.958607314841775
C1NCC2N(C1)C(c1c2cccc1C(F)(F)F)=O,6.958607314841775
c1cc2c(c(C(F)(F)F)c1)C(=O)N1C2CNCC1,6.958607314841775
C(F)(c1cccc2C3CNCCN3C(=O)c21)(F)F,6.958607314841775
C1(=O)N2C(CNCC2)c2cccc(C(F)(F)F)c12,6.958607314841775
c1c(cccc1)-c1c2oc(cc(c2ccc1)=O)N1CCOCC1,6.097453220686009
c1(c2cccc(c2oc(N2CCOCC2)c1)-c1ccccc1)=O,6.097453220686009
O1CCN(c2cc(c3c(o2)c(ccc3)-c2ccccc2)=O)CC1,6.097453220686009
c1(=O)cc(N2CCOCC2)oc2c1cccc2-c1ccccc1,6.097453220686009
O1CCN(CC1)c1cc(c2c(c(-c3ccccc3)ccc2)o1)=O,6.097453220686009
C1N(c2c3c(cccc3)sn2)CCN(C1)CCC1CCC(NS(c2cc3cc(ccc3s2)OC)(=O)=O)CC1,8.93679177992879
C(CC1CCC(CC1)NS(c1sc2ccc(OC)cc2c1)(=O)=O)N1CCN(CC1)c1c2c(sn1)cccc2,8.93679177992879
C1N(c2nsc3c2cccc3)CCN(CCC2CCC(CC2)NS(=O)(=O)c2sc3ccc(cc3c2)OC)C1,8.93679177992879
C(N1CCN(c2nsc3ccccc23)CC1)CC1CCC(NS(=O)(c2sc3ccc(OC)cc3c2)=O)CC1,8.93679177992879
C1C(CCN2CCN(CC2)c2nsc3c2cccc3)CCC(NS(c2sc3ccc(cc3c2)OC)(=O)=O)C1,8.93679177992879
O=C(CC1CCOCC1)NC1CCC(CCN2CCC(CC2)c2cccc3c2cco3)CC1,8.045757490560675
O=C(NC1CCC(CC1)CCN1CCC(CC1)c1c2c(occ2)ccc1)CC1CCOCC1,8.045757490560675
c1ccc2c(c1C1CCN(CCC3CCC(NC(=O)CC4CCOCC4)CC3)CC1)cco2,8.045757490560675
C1CC(CCC1NC(=O)CC1CCOCC1)CCN1CCC(CC1)c1cccc2c1cco2,8.045757490560675
C1(CCN(CC1)CCC1CCC(CC1)NC(=O)CC1CCOCC1)c1c2ccoc2ccc1,8.045757490560675
C(CC1CCC(NC(C)=O)CC1)N1CCN(CC1)c1c2OCOc2ccc1,7.7870138152633315
O1c2c(cccc2OC1)N1CCN(CC1)CCC1CCC(NC(=O)C)CC1,7.7870138152633315
C1CN(CCC2CCC(CC2)NC(=O)C)CCN1c1c2c(ccc1)OCO2,7.7870138152633315
N1(CCN(c2c3OCOc3ccc2)CC1)CCC1CCC(NC(=O)C)CC1,7.7870138152633315
c1ccc2OCOc2c1N1CCN(CCC2CCC(CC2)NC(C)=O)CC1,7.7870138152633315
O(c1c(Br)cc(F)cc1CCNCc1c(O)cccc1)C,8.142667503568731
N(Cc1c(cccc1)O)CCc1cc(cc(c1OC)Br)F,8.142667503568731
N(Cc1ccccc1O)CCc1c(OC)c(cc(c1)F)Br,8.142667503568731
N(Cc1ccccc1O)CCc1cc(cc(Br)c1OC)F,8.142667503568731
c1c(CNCCc2c(c(Br)cc(c2)F)OC)c(O)ccc1,8.142667503568731
C1Oc2c(O1)c(C1CCN(CCC3CCC(NC(=O)C(O)C(F)(F)F)CC3)CC1)ccc2,7.711750774428014
c1cc(c2c(OCO2)c1)C1CCN(CC1)CCC1CCC(NC(=O)C(O)C(F)(F)F)CC1,7.711750774428014
OC(C(F)(F)F)C(NC1CCC(CC1)CCN1CCC(c2c3c(ccc2)OCO3)CC1)=O,7.711750774428014
C(CC1CCC(CC1)NC(C(C(F)(F)F)O)=O)N1CCC(c2cccc3OCOc32)CC1,7.711750774428014
C(N1CCC(CC1)c1cccc2c1OCO2)CC1CCC(NC(=O)C(O)C(F)(F)F)CC1,7.711750774428014
c1cc2ccc(S(=O)(=O)N3CCCC3CCN3CCC(Oc4ccc(Cl)cc4)CC3)cc2[nH]1,7.199970640755866
O=S(c1cc2[nH]ccc2cc1)(=O)N1CCCC1CCN1CCC(CC1)Oc1ccc(cc1)Cl,7.199970640755866
c1(OC2CCN(CCC3N(S(=O)(=O)c4ccc5c([nH]cc5)c4)CCC3)CC2)ccc(cc1)Cl,7.199970640755866
O(c1ccc(Cl)cc1)C1CCN(CCC2CCCN2S(=O)(c2ccc3c(c2)[nH]cc3)=O)CC1,7.199970640755866
c1(ccc(OC2CCN(CC2)CCC2N(CCC2)S(=O)(=O)c2ccc3cc[nH]c3c2)cc1)Cl,7.199970640755866
C1Cc2ccc3c(c2N1CC(C)N)CCCO3,6.403402904373539
c12c3CCCOc3ccc1CCN2CC(C)N,6.403402904373539
C1Oc2c(c3N(CC(N)C)CCc3cc2)CC1,6.403402904373539
N1(CC(N)C)CCc2c1c1c(OCCC1)cc2,6.403402904373539
O1CCCc2c1ccc1c2N(CC1)CC(C)N,6.403402904373539
C1(CC2(C)c3c(c(n(c3O)CCCN3CCN(c4ccccc4)CC3)O)C1C(C2)=O)C,6.532303120972409
C12(C)CC(C(C(C)C2)c2c1c(n(c2O)CCCN1CCN(CC1)c1ccccc1)O)=O,6.532303120972409
C1C(C2C(CC1(c1c2c(O)n(c1O)CCCN1CCN(CC1)c1ccccc1)C)=O)C,6.532303120972409
C12c3c(O)n(CCCN4CCN(CC4)c4ccccc4)c(O)c3C(CC2=O)(CC1C)C,6.532303120972409
C1C(=O)C2C(C)CC1(C)c1c(O)n(CCCN3CCN(c4ccccc4)CC3)c(O)c12,6.532303120972409
N1(CC2CC3c4ccccc4Cc4ccccc4C3O2)CCC(CC1)c1ccccc1,5.963371104637839
C(C1OC2C(C1)c1c(cccc1)Cc1c2cccc1)N1CCC(CC1)c1ccccc1,5.963371104637839
C1(CC2C(c3ccccc3Cc3c2cccc3)O1)CN1CCC(CC1)c1ccccc1,5.963371104637839
C1(OC2C(c3c(Cc4ccccc24)cccc3)C1)CN1CCC(CC1)c1ccccc1,5.963371104637839
c1ccccc1C1CCN(CC1)CC1CC2c3c(Cc4ccccc4C2O1)cccc3,5.963371104637839
c1(n(C(C)C)nc2c1CCNCC2)-c1ccc(OC)cc1,8.522878745280337
n1c2CCNCCc2c(n1C(C)C)-c1ccc(cc1)OC,8.522878745280337
c1(OC)ccc(cc1)-c1c2CCNCCc2nn1C(C)C,8.522878745280337
O(c1ccc(-c2c3c(CCNCC3)nn2C(C)C)cc1)C,8.522878745280337
C1c2c(c(n(n2)C(C)C)-c2ccc(cc2)OC)CCNC1,8.522878745280337
c12CCN(CCN3CCC(c4noc5ccccc45)CC3)C(c1nc(Cl)cc2)=O,7.97061622231479
N1(CCN2C(=O)c3nc(Cl)ccc3CC2)CCC(c2noc3ccccc23)CC1,7.97061622231479
c1cc(nc2C(N(CCc12)CCN1CCC(CC1)c1c2ccccc2on1)=O)Cl,7.97061622231479
C1N(CCN2CCc3ccc(Cl)nc3C2=O)CCC(C1)c1noc2ccccc21,7.97061622231479
c1cccc2onc(C3CCN(CC3)CCN3CCc4ccc(Cl)nc4C3=O)c12,7.97061622231479
c1cn2c(cc1OCCCCN1CCN(c3c(Cl)c(Cl)ccc3)CC1)c(cn2)C=NO,8.232844133917819
C(c1c2n(ccc(c2)OCCCCN2CCN(c3cccc(Cl)c3Cl)CC2)nc1)=NO,8.232844133917819
N1(c2cccc(c2Cl)Cl)CCN(CC1)CCCCOc1ccn2c(c1)c(cn2)C=NO,8.232844133917819
c1c(ccn2ncc(C=NO)c21)OCCCCN1CCN(CC1)c1cccc(Cl)c1Cl,8.232844133917819
n1n2c(cc(OCCCCN3CCN(CC3)c3c(Cl)c(ccc3)Cl)cc2)c(C=NO)c1,8.232844133917819
c1c(OC)c(ccc1)N1CCN(CCCNC(NCc2ccccc2-c2ccccc2)=O)CC1,6.853871964321762
c1(CNC(NCCCN2CCN(c3c(cccc3)OC)CC2)=O)ccccc1-c1ccccc1,6.853871964321762
C1CN(CCCNC(=O)NCc2c(cccc2)-c2ccccc2)CCN1c1ccccc1OC,6.853871964321762
N(CCCN1CCN(c2ccccc2OC)CC1)C(NCc1ccccc1-c1ccccc1)=O,6.853871964321762
c1cc(-c2c(cccc2)CNC(NCCCN2CCN(CC2)c2ccccc2OC)=O)ccc1,6.853871964321762
c12cc(F)cc(CCN3CCN(CC3)c3c4c(cccc4)sn3)c1NCCC2(C)C,9.55284196865778
C1N(CCN(C1)c1c2ccccc2sn1)CCc1cc(F)cc2c1NCCC2(C)C,9.55284196865778
c1c2c(snc2N2CCN(CCc3c4NCCC(C)(C)c4cc(c3)F)CC2)ccc1,9.55284196865778
c1c2c(c(N3CCN(CC3)CCc3c4NCCC(C)(c4cc(c3)F)C)ns2)ccc1,9.55284196865778
C1N(CCc2cc(F)cc3c2NCCC3(C)C)CCN(C1)c1c2c(cccc2)sn1,9.55284196865778
n1c(nc(C)o1)-c1cc(c(-c2ccc(cc2)C(Nc2ccc(c(OCCN(C)C)c2)OC)=O)cc1)C,7.299988937677887
c1(nc(C)on1)-c1cc(c(cc1)-c1ccc(C(Nc2cc(c(OC)cc2)OCCN(C)C)=O)cc1)C,7.299988937677887
c1(c(cc(NC(c2ccc(-c3c(C)cc(-c4nc(C)on4)cc3)cc2)=O)cc1)OCCN(C)C)OC,7.299988937677887
N(C(c1ccc(cc1)-c1c(C)cc(cc1)-c1nc(on1)C)=O)c1cc(OCCN(C)C)c(cc1)OC,7.299988937677887
c1c(c(cc(c1)NC(=O)c1ccc(-c2c(cc(cc2)-c2nc(on2)C)C)cc1)OCCN(C)C)OC,7.299988937677887
CC(C)(C)c1c(cccc1)OCCN1CCC(CC1)N(C)S(c1ccc(F)cc1)(=O)=O,5.97061622231479
Fc1ccc(S(N(C)C2CCN(CCOc3ccccc3C(C)(C)C)CC2)(=O)=O)cc1,5.97061622231479
c1cc(F)ccc1S(N(C)C1CCN(CCOc2ccccc2C(C)(C)C)CC1)(=O)=O,5.97061622231479
C1CN(CCC1N(S(=O)(=O)c1ccc(F)cc1)C)CCOc1c(cccc1)C(C)(C)C,5.97061622231479
CC(C)(c1c(cccc1)OCCN1CCC(CC1)N(C)S(=O)(c1ccc(F)cc1)=O)C,5.97061622231479
s1c2ccccc2c(n1)N1CCN(CC1)CCC1CCC(NC(=O)c2sccc2)CC1,9.823908740944319
C1N(CCN(C1)c1nsc2c1cccc2)CCC1CCC(CC1)NC(=O)c1cccs1,9.823908740944319
C1(CCN2CCN(c3nsc4ccccc34)CC2)CCC(CC1)NC(c1cccs1)=O,9.823908740944319
C(C1CCC(NC(c2cccs2)=O)CC1)CN1CCN(c2c3c(cccc3)sn2)CC1,9.823908740944319
N1(CCC2CCC(NC(c3cccs3)=O)CC2)CCN(CC1)c1c2c(cccc2)sn1,9.823908740944319
C1CN(CCN1c1nsc2c1cccc2)CCN1CCc2n(C)nc(c2C1=O)C,8.958607314841775
Cn1c2CCN(C(c2c(n1)C)=O)CCN1CCN(CC1)c1c2c(sn1)cccc2,8.958607314841775
n1n(C)c2CCN(C(c2c1C)=O)CCN1CCN(c2nsc3ccccc32)CC1,8.958607314841775
c1c2c(nsc2ccc1)N1CCN(CC1)CCN1C(c2c(n(C)nc2C)CC1)=O,8.958607314841775
c1(nn(C)c2c1C(N(CCN1CCN(c3c4c(sn3)cccc4)CC1)CC2)=O)C,8.958607314841775
c1c(F)c(ccc1)S(=O)(c1cnc(C=Cc2ccc(cc2)F)cc1)=O,8.267606240177031
c1c(ccc(c1)C=Cc1ccc(cn1)S(c1ccccc1F)(=O)=O)F,8.267606240177031
c1c(S(=O)(c2ccc(nc2)C=Cc2ccc(cc2)F)=O)c(F)ccc1,8.267606240177031
c1(ccccc1S(=O)(c1cnc(C=Cc2ccc(cc2)F)cc1)=O)F,8.267606240177031
c1(ccc(C=Cc2ncc(cc2)S(c2ccccc2F)(=O)=O)cc1)F,8.267606240177031
C(=C(C1CC2N(CCc3c2[nH]c2c3c(OC)ccc2)CC1C=C)C(=O)OC)OC,6.088842391260023
C(=C)C1C(C(C(OC)=O)=COC)CC2N(CCc3c4c(cccc4OC)[nH]c23)C1,6.088842391260023
C(=O)(C(C1C(C=C)CN2C(C1)c1c(c3c(cccc3[nH]1)OC)CC2)=COC)OC,6.088842391260023
C1c2c3c(cccc3OC)[nH]c2C2N(C1)CC(C(C(=COC)C(=O)OC)C2)C=C,6.088842391260023
c12c(C3CC(C(CN3CC2)C=C)C(=COC)C(OC)=O)[nH]c2cccc(c21)OC,6.088842391260023
c1c(c2CCN(c2cc1)C(=O)Nc1ccc(OCc2ncccc2)nc1)Cl,5.300000202445418
C(=O)(N1CCc2c(cccc12)Cl)Nc1cnc(cc1)OCc1ncccc1,5.300000202445418
c1cc2c(c(c1)Cl)CCN2C(Nc1cnc(cc1)OCc1ncccc1)=O,5.300000202445418
N(c1ccc(nc1)OCc1ccccn1)C(N1c2c(CC1)c(Cl)ccc2)=O,5.300000202445418
c1nc(ccc1)COc1ncc(cc1)NC(=O)N1c2cccc(Cl)c2CC1,5.300000202445418
c1(nc2c(cc(cc2)NC(c2ccccc2COc2ccc(cc2)CC)=O)c(c1)N)C,6.261029281190662
c1cccc(c1C(=O)Nc1ccc2c(c(cc(C)n2)N)c1)COc1ccc(CC)cc1,6.261029281190662
c1c(N)c2cc(NC(c3ccccc3COc3ccc(cc3)CC)=O)ccc2nc1C,6.261029281190662
c1ccc(COc2ccc(cc2)CC)c(C(=O)Nc2ccc3nc(C)cc(N)c3c2)c1,6.261029281190662
c1ccc(COc2ccc(cc2)CC)c(c1)C(Nc1cc2c(nc(C)cc2N)cc1)=O,6.261029281190662
CCCC(NC1CCC(CC1)CCN1CCC(CC1)c1cccc2c1OCO2)=O,7.445631999009913
N1(CCC(CC1)c1cccc2c1OCO2)CCC1CCC(NC(CCC)=O)CC1,7.445631999009913
C(CN1CCC(CC1)c1c2c(ccc1)OCO2)C1CCC(CC1)NC(CCC)=O,7.445631999009913
c1(cccc2c1OCO2)C1CCN(CC1)CCC1CCC(NC(CCC)=O)CC1,7.445631999009913
N(C(CCC)=O)C1CCC(CCN2CCC(c3c4OCOc4ccc3)CC2)CC1,7.445631999009913
c1cccc2cccc(c21)N1CCN(CCCOc2ccc3c(C(NC3)=O)c2Cl)CC1,8.686132779630846
c1(N2CCN(CC2)CCCOc2ccc3c(c2Cl)C(NC3)=O)c2ccccc2ccc1,8.686132779630846
c1(c2c(CNC2=O)ccc1OCCCN1CCN(CC1)c1cccc2c1cccc2)Cl,8.686132779630846
c1cc(c2ccccc2c1)N1CCN(CC1)CCCOc1ccc2c(C(NC2)=O)c1Cl,8.686132779630846
N1C(=O)c2c(c(OCCCN3CCN(CC3)c3c4c(ccc3)cccc4)ccc2C1)Cl,8.686132779630846
C1CN(CCC2CCC(NC(CCOC)=O)CC2)CCC1c1noc2cc(c(cc12)F)F,7.8887374863409345
c1(c(cc2c(noc2c1)C1CCN(CC1)CCC1CCC(CC1)NC(=O)CCOC)F)F,7.8887374863409345
c12c(c(no1)C1CCN(CCC3CCC(CC3)NC(CCOC)=O)CC1)cc(F)c(c2)F,7.8887374863409345
C1CN(CCC2CCC(CC2)NC(=O)CCOC)CCC1c1c2cc(F)c(F)cc2on1,7.8887374863409345
C(N1CCC(CC1)c1noc2cc(F)c(F)cc21)CC1CCC(CC1)NC(=O)CCOC,7.8887374863409345
C1CC(CCN2CCC(c3cccc4c3OCO4)CC2)CCC1NC(=O)CC1CCCCO1,7.807432546663454
C1(c2c3OCOc3ccc2)CCN(CCC2CCC(CC2)NC(=O)CC2CCCCO2)CC1,7.807432546663454
C1CN(CCC2CCC(NC(CC3OCCCC3)=O)CC2)CCC1c1cccc2c1OCO2,7.807432546663454
C1(CCC(CC1)NC(=O)CC1OCCCC1)CCN1CCC(CC1)c1cccc2c1OCO2,7.807432546663454
C1(CC(=O)NC2CCC(CC2)CCN2CCC(CC2)c2c3c(OCO3)ccc2)CCCCO1,7.807432546663454
S(=O)(=O)(NCCN1CCC(CCC(c2c(cc(N)c(Cl)c2)OC)=O)CC1)c1ccc(c(Br)c1)N,6.481486060122113
C1CN(CCNS(c2ccc(N)c(c2)Br)(=O)=O)CCC1CCC(=O)c1c(cc(c(c1)Cl)N)OC,6.481486060122113
c1(c(Cl)cc(C(CCC2CCN(CCNS(c3cc(Br)c(N)cc3)(=O)=O)CC2)=O)c(c1)OC)N,6.481486060122113
c1c(c(N)ccc1S(=O)(NCCN1CCC(CC1)CCC(=O)c1c(OC)cc(N)c(Cl)c1)=O)Br,6.481486060122113
c1(Cl)cc(c(OC)cc1N)C(CCC1CCN(CCNS(c2cc(Br)c(cc2)N)(=O)=O)CC1)=O,6.481486060122113
c1(ccc(cc1)C(CCCN1C2CC(O)(c3ccccc3)CC1CC2)=O)F,7.910094888560602
c1cccc(C2(O)CC3CCC(C2)N3CCCC(=O)c2ccc(F)cc2)c1,7.910094888560602
N1(C2CCC1CC(C2)(c1ccccc1)O)CCCC(=O)c1ccc(cc1)F,7.910094888560602
C1C(CC2N(C1CC2)CCCC(c1ccc(F)cc1)=O)(c1ccccc1)O,7.910094888560602
c1cc(C(=O)CCCN2C3CC(CC2CC3)(c2ccccc2)O)ccc1F,7.910094888560602
C1CC(CCN1C1CC2(c3c(Cc4ccccc4C2)cccc3)CC1)(C)C(=O)O,7.400007822415902
c1cccc2CC3(CC(N4CCC(C)(C(=O)O)CC4)CC3)c3ccccc3Cc12,7.400007822415902
c1ccc2c(CC3(CC(N4CCC(C)(CC4)C(O)=O)CC3)c3ccccc3C2)c1,7.400007822415902
C1(C)(CCN(C2CC3(Cc4ccccc4Cc4ccccc34)CC2)CC1)C(O)=O,7.400007822415902
C1C(C(=O)O)(C)CCN(C2CCC3(C2)c2ccccc2Cc2c(C3)cccc2)C1,7.400007822415902
N1(CCN2C(=O)c3c(nn(c3C)C)CC2)CCN(c2c3ccccc3on2)CC1,8.585026652029182
c1ccc2c(noc2c1)N1CCN(CCN2CCc3nn(c(C)c3C2=O)C)CC1,8.585026652029182
c1cc2c(N3CCN(CC3)CCN3CCc4nn(c(c4C3=O)C)C)noc2cc1,8.585026652029182
c1cccc2c1c(N1CCN(CCN3C(c4c(C)n(C)nc4CC3)=O)CC1)no2,8.585026652029182
C(N1CCN(c2noc3ccccc32)CC1)CN1CCc2nn(C)c(c2C1=O)C,8.585026652029182
c1cccc2c1occ2C1CCN(CC1)CCC1CCC(CC1)NC(=O)CC(F)(F)F,8.093664958194909
C(C1CCC(CC1)NC(CC(F)(F)F)=O)CN1CCC(c2c3c(oc2)cccc3)CC1,8.093664958194909
C1CC(NC(CC(F)(F)F)=O)CCC1CCN1CCC(CC1)c1c2ccccc2oc1,8.093664958194909
c1ccc2occ(C3CCN(CCC4CCC(NC(CC(F)(F)F)=O)CC4)CC3)c2c1,8.093664958194909
O=C(CC(F)(F)F)NC1CCC(CCN2CCC(c3coc4c3cccc4)CC2)CC1,8.093664958194909
c1(Cl)c(Cl)cccc1N1CCN(CCCCc2cn(-c3ccn4c(c3)c(C=O)cn4)nn2)CC1,7.823908740944319
C1N(CCN(c2c(c(Cl)ccc2)Cl)C1)CCCCc1cn(nn1)-c1cc2n(ncc2C=O)cc1,7.823908740944319
c1(N2CCN(CC2)CCCCc2cn(nn2)-c2cc3n(cc2)ncc3C=O)cccc(Cl)c1Cl,7.823908740944319
n1c(cn(-c2ccn3c(c(C=O)cn3)c2)n1)CCCCN1CCN(c2cccc(Cl)c2Cl)CC1,7.823908740944319
Clc1c(cccc1N1CCN(CCCCc2cn(nn2)-c2cc3n(cc2)ncc3C=O)CC1)Cl,7.823908740944319
C(N(Cc1c(F)cc(F)cc1)C1CCN(CC1)C)(=O)Cc1ccc(cc1)OCC(C)C,8.199970640755867
C1N(C)CCC(N(Cc2ccc(cc2F)F)C(Cc2ccc(cc2)OCC(C)C)=O)C1,8.199970640755867
C(C)(C)COc1ccc(cc1)CC(N(C1CCN(CC1)C)Cc1c(cc(F)cc1)F)=O,8.199970640755867
c1(F)cc(ccc1CN(C1CCN(CC1)C)C(=O)Cc1ccc(OCC(C)C)cc1)F,8.199970640755867
c1c(CC(N(Cc2c(F)cc(cc2)F)C2CCN(CC2)C)=O)ccc(OCC(C)C)c1,8.199970640755867
n1(C)c(=O)c2n3CCCC(N(CCCN4CCN(c5ccccc5OC)CC4)c3nc2n(C)c1=O)=O,5.300000202445418
c12c(n(c(=O)n(c1nc1N(CCCN3CCN(c4ccccc4OC)CC3)C(=O)CCCn12)C)C)=O,5.300000202445418
Cn1c(n(c2c(n3c(N(CCCN4CCN(c5c(cccc5)OC)CC4)C(=O)CCC3)n2)c1=O)C)=O,5.300000202445418
c1(N2CCN(CC2)CCCN2c3n(c4c(n(C)c(=O)n(c4n3)C)=O)CCCC2=O)c(cccc1)OC,5.300000202445418
C1N(CCN(C1)CCCN1C(=O)CCCn2c1nc1n(c(n(c(c12)=O)C)=O)C)c1c(OC)cccc1,5.300000202445418
c1cccc2c1[nH]cc2CCN(C)Cc1ccc(o1)-c1ccccc1,6.701146923590294
c1(CN(C)CCc2c[nH]c3c2cccc3)ccc(o1)-c1ccccc1,6.701146923590294
c1(ccccc1)-c1oc(cc1)CN(CCc1c[nH]c2ccccc21)C,6.701146923590294
C(N(CCc1c[nH]c2c1cccc2)C)c1oc(cc1)-c1ccccc1,6.701146923590294
o1c(-c2ccccc2)ccc1CN(C)CCc1c[nH]c2c1cccc2,6.701146923590294
[nH]1c2ccc(Cl)cc2c2c1C(c1c(cc(c(c1)OC)OC)OC)NCC2,6.94692155651658
c12c3cc(Cl)ccc3[nH]c2C(c2cc(OC)c(OC)cc2OC)NCC1,6.94692155651658
C1c2c3c([nH]c2C(NC1)c1cc(c(OC)cc1OC)OC)ccc(Cl)c3,6.94692155651658
c1(OC)c(cc(OC)c(c1)C1c2c(CCN1)c1cc(ccc1[nH]2)Cl)OC,6.94692155651658
C1Cc2c([nH]c3c2cc(Cl)cc3)C(N1)c1cc(c(cc1OC)OC)OC,6.94692155651658
c12CCCCN3C4CCN(CC4c(ccc2)c13)CCCC(=O)c1c(N)cccc1,9.154901959985743
c1(C(=O)CCCN2CC3c4cccc5CCCCN(c54)C3CC2)ccccc1N,9.154901959985743
C1N(CCCC(c2c(N)cccc2)=O)CC2C(C1)N1c3c(CCCC1)cccc32,9.154901959985743
c1(ccccc1C(CCCN1CC2c3c4N(C2CC1)CCCCc4ccc3)=O)N,9.154901959985743
c1c2c3c(cc1)C1CN(CCC1N3CCCC2)CCCC(=O)c1c(cccc1)N,9.154901959985743
c1cc(c(c(Cl)c1)Cl)N1CCN(CC(F)CCNC(c2cc3c(ccc(c3)OC)[nH]2)=O)CC1,6.565431095965801
c1cc2[nH]c(C(NCCC(F)CN3CCN(CC3)c3cccc(Cl)c3Cl)=O)cc2cc1OC,6.565431095965801
c1(Cl)cccc(N2CCN(CC2)CC(F)CCNC(c2[nH]c3ccc(cc3c2)OC)=O)c1Cl,6.565431095965801
N(CCC(F)CN1CCN(c2cccc(c2Cl)Cl)CC1)C(c1[nH]c2c(cc(OC)cc2)c1)=O,6.565431095965801
c1(OC)cc2c([nH]c(C(NCCC(F)CN3CCN(c4c(c(Cl)ccc4)Cl)CC3)=O)c2)cc1,6.565431095965801
C(Oc1ccc(COC(=O)N(C2CCN(C)CC2)Cc2c(C(F)(F)F)cc(cc2)Cl)cc1)(C)C,10.0
FC(c1c(ccc(c1)Cl)CN(C1CCN(C)CC1)C(OCc1ccc(cc1)OC(C)C)=O)(F)F,10.0
C(N(Cc1ccc(cc1C(F)(F)F)Cl)C1CCN(CC1)C)(=O)OCc1ccc(cc1)OC(C)C,10.0
c1(C(F)(F)F)c(CN(C2CCN(C)CC2)C(OCc2ccc(cc2)OC(C)C)=O)ccc(c1)Cl,10.0
C1C(N(Cc2ccc(cc2C(F)(F)F)Cl)C(OCc2ccc(OC(C)C)cc2)=O)CCN(C1)C,10.0
c1(ccccc1CCN)Cc1ccccc1,5.7423214251308154
c1cc(c(Cc2ccccc2)cc1)CCN,5.7423214251308154
c1cccc(CCN)c1Cc1ccccc1,5.7423214251308154
c1cc(c(cc1)Cc1ccccc1)CCN,5.7423214251308154
NCCc1c(Cc2ccccc2)cccc1,5.7423214251308154
C(=O)(Nc1ccc(cc1)Cl)Nc1ccc(c(-c2c(cnn2C)Br)c1)OCCN1CCCCC1,9.18045606445813
c1c(ccc(Cl)c1)NC(Nc1cc(-c2c(cnn2C)Br)c(OCCN2CCCCC2)cc1)=O,9.18045606445813
c1(Br)c(-c2cc(NC(Nc3ccc(Cl)cc3)=O)ccc2OCCN2CCCCC2)n(C)nc1,9.18045606445813
c1(NC(Nc2ccc(Cl)cc2)=O)ccc(c(c1)-c1n(C)ncc1Br)OCCN1CCCCC1,9.18045606445813
Cn1c(-c2c(OCCN3CCCCC3)ccc(NC(=O)Nc3ccc(cc3)Cl)c2)c(Br)cn1,9.18045606445813
c1c(ccc2c1CCN(C)CC2)NS(c1ccc(-c2ccc(C#N)cc2)cc1)(=O)=O,6.0999990348465305
c1(ccc(S(=O)(Nc2ccc3c(CCN(C)CC3)c2)=O)cc1)-c1ccc(cc1)C#N,6.0999990348465305
c1cc(-c2ccc(cc2)C#N)ccc1S(Nc1cc2CCN(C)CCc2cc1)(=O)=O,6.0999990348465305
c1c(NS(=O)(=O)c2ccc(-c3ccc(cc3)C#N)cc2)cc2c(CCN(C)CC2)c1,6.0999990348465305
c1cc(ccc1-c1ccc(C#N)cc1)S(Nc1cc2CCN(CCc2cc1)C)(=O)=O,6.0999990348465305
c1c(CCN2CCN(C(c3cnn4ccccc34)=O)CC2)c(F)cc(F)c1,8.744727494896694
Fc1cc(F)c(cc1)CCN1CCN(CC1)C(=O)c1c2ccccn2nc1,8.744727494896694
Fc1cc(c(cc1)CCN1CCN(CC1)C(c1cnn2c1cccc2)=O)F,8.744727494896694
C(CN1CCN(C(=O)c2c3ccccn3nc2)CC1)c1c(F)cc(cc1)F,8.744727494896694
N1(CCN(CC1)CCc1c(cc(F)cc1)F)C(=O)c1c2ccccn2nc1,8.744727494896694
c1c2ccc3oc(cc3c2n(CC(N)C)n1)C(C)C,7.060480747381382
CC(C)c1oc2ccc3cnn(c3c2c1)CC(C)N,7.060480747381382
c1(cc2c3n(ncc3ccc2o1)CC(N)C)C(C)C,7.060480747381382
o1c2ccc3c(n(nc3)CC(N)C)c2cc1C(C)C,7.060480747381382
C(C(N)C)n1c2c(cn1)ccc1c2cc(o1)C(C)C,7.060480747381382
OCCN1CCN(CC1)c1nc(c2c(n1)cccc2)Nc1ccc(cc1)Cl,6.961896689694102
c1(Cl)ccc(cc1)Nc1c2c(nc(N3CCN(CCO)CC3)n1)cccc2,6.961896689694102
c1cc(Nc2c3c(nc(N4CCN(CC4)CCO)n2)cccc3)ccc1Cl,6.961896689694102
c1c(ccc(Cl)c1)Nc1nc(N2CCN(CCO)CC2)nc2ccccc12,6.961896689694102
c12c(Nc3ccc(Cl)cc3)nc(nc2cccc1)N1CCN(CC1)CCO,6.961896689694102
C1N(CC(C)(C(=O)O)C)CCN(C1)C1=Cc2c(cccc2)Cn2cc(nc12)F,7.0
C(C)(C)(CN1CCN(C2=Cc3ccccc3Cn3cc(nc32)F)CC1)C(=O)O,7.0
C(C(C)(C)CN1CCN(CC1)C1=Cc2ccccc2Cn2c1nc(c2)F)(=O)O,7.0
CC(C)(CN1CCN(CC1)C1=Cc2ccccc2Cn2c1nc(c2)F)C(=O)O,7.0
C1(c2n(cc(n2)F)Cc2ccccc2C=1)N1CCN(CC(C(O)=O)(C)C)CC1,7.0
c1(cc2n(cc1)ncc2C=NO)NC(CCCN1CCN(CC1)c1ccccc1OC)=O,6.920818753952375
c1cc(N2CCN(CC2)CCCC(=O)Nc2cc3n(ncc3C=NO)cc2)c(OC)cc1,6.920818753952375
C(=NO)c1cnn2ccc(NC(=O)CCCN3CCN(CC3)c3ccccc3OC)cc21,6.920818753952375
C1N(CCN(c2ccccc2OC)C1)CCCC(=O)Nc1cc2c(C=NO)cnn2cc1,6.920818753952375
N(=Cc1cnn2ccc(NC(CCCN3CCN(CC3)c3c(OC)cccc3)=O)cc21)O,6.920818753952375
C1(CN(C2Cc3c4c(C2=C1)cccc4[nH]c3)C)C(N(CC#N)CC)=O,9.721246399047171
C1c2c[nH]c3cccc(c32)C2=CC(C(N(CC#N)CC)=O)CN(C)C12,9.721246399047171
c1cc2c3c(c[nH]2)CC2C(=CC(CN2C)C(N(CC)CC#N)=O)c3c1,9.721246399047171
c12c3[nH]cc1CC1N(CC(C(=O)N(CC)CC#N)C=C1c2ccc3)C,9.721246399047171
c1ccc2C3=CC(C(=O)N(CC)CC#N)CN(C)C3Cc3c[nH]c1c23,9.721246399047171
c12c(cccc2)C(NC2CNCCN12)=O,5.703334809738469
O=C1NC2CNCCN2c2c1cccc2,5.703334809738469
c1ccc2C(NC3N(CCNC3)c2c1)=O,5.703334809738469
C1NCC2N(c3ccccc3C(=O)N2)C1,5.703334809738469
N1C2N(CCNC2)c2ccccc2C1=O,5.703334809738469
c1(c2ccc(OCCCN3CCN(c4cc(ccc4)F)CC3)c(c2oc(c1)=O)C(C)=O)C,6.38933983691012
C(c1c(ccc2c1oc(=O)cc2C)OCCCN1CCN(CC1)c1cccc(c1)F)(=O)C,6.38933983691012
c1c(F)cc(N2CCN(CC2)CCCOc2c(c3oc(cc(C)c3cc2)=O)C(=O)C)cc1,6.38933983691012
c1(C(C)=O)c(OCCCN2CCN(CC2)c2cc(F)ccc2)ccc2c(C)cc(=O)oc21,6.38933983691012
CC(c1c2c(c(C)cc(o2)=O)ccc1OCCCN1CCN(CC1)c1cc(F)ccc1)=O,6.38933983691012
N1(CCC(CC1)c1c2c([nH]c1)cccc2)CCN(CC)C(=O)CCO,8.55284196865778
c1[nH]c2c(cccc2)c1C1CCN(CCN(CC)C(CCO)=O)CC1,8.55284196865778
C1(CCN(CC1)CCN(CC)C(CCO)=O)c1c2c(cccc2)[nH]c1,8.55284196865778
c1cccc2c1c(C1CCN(CC1)CCN(C(CCO)=O)CC)c[nH]2,8.55284196865778
c1ccc2[nH]cc(C3CCN(CCN(CC)C(=O)CCO)CC3)c2c1,8.55284196865778
c12N3CCNCCC3NC(=O)c2cccc1,6.570247719997592
c12c(C(=O)NC3CCNCCN32)cccc1,6.570247719997592
C1(=O)c2c(cccc2)N2C(CCNCC2)N1,6.570247719997592
C1NCCN2c3ccccc3C(=O)NC2C1,6.570247719997592
c1cccc2c1C(NC1N2CCNCC1)=O,6.570247719997592
C(CC1CCC(CC1)NS(=O)(c1ccccc1)=O)N1CCC(c2cccc3OCCc32)CC1,7.098541678603888
S(c1ccccc1)(=O)(NC1CCC(CCN2CCC(c3c4c(ccc3)OCC4)CC2)CC1)=O,7.098541678603888
c1cccc(c1)S(NC1CCC(CCN2CCC(c3cccc4c3CCO4)CC2)CC1)(=O)=O,7.098541678603888
O1c2c(c(ccc2)C2CCN(CC2)CCC2CCC(NS(=O)(c3ccccc3)=O)CC2)CC1,7.098541678603888
C1(CCN(CC1)CCC1CCC(CC1)NS(c1ccccc1)(=O)=O)c1cccc2OCCc12,7.098541678603888
c1c(c(Cl)cc(OC(c2nc(nc(n2)N)N2CCN(C)CC2)C)c1)Cl,6.239577516576788
n1c(nc(nc1C(C)Oc1cc(c(cc1)Cl)Cl)N1CCN(C)CC1)N,6.239577516576788
c1(nc(C(C)Oc2cc(Cl)c(cc2)Cl)nc(N)n1)N1CCN(C)CC1,6.239577516576788
C1N(CCN(c2nc(nc(N)n2)C(C)Oc2cc(Cl)c(Cl)cc2)C1)C,6.239577516576788
c1(OC(c2nc(N)nc(N3CCN(C)CC3)n2)C)cc(c(cc1)Cl)Cl,6.239577516576788
c1cccc2OC(CCc21)Cn1nc(CNC)cc1OCc1cc(Cl)ccc1,8.309803919971486
O1C(Cn2nc(cc2OCc2cc(ccc2)Cl)CNC)CCc2ccccc12,8.309803919971486
N(Cc1nn(c(c1)OCc1cc(ccc1)Cl)CC1CCc2ccccc2O1)C,8.309803919971486
C1(Cn2nc(cc2OCc2cccc(Cl)c2)CNC)Oc2c(cccc2)CC1,8.309803919971486
n1(CC2CCc3ccccc3O2)c(cc(n1)CNC)OCc1cccc(Cl)c1,8.309803919971486
c1c(ccc(c1)OCC(C)C)OC(N(C1C(F)CNCC1)Cc1ccc(cc1)F)=O,7.400116927926312
N1CCC(C(F)C1)N(C(=O)Oc1ccc(cc1)OCC(C)C)Cc1ccc(F)cc1,7.400116927926312
c1cc(F)ccc1CN(C1C(F)CNCC1)C(=O)Oc1ccc(OCC(C)C)cc1,7.400116927926312
O(c1ccc(cc1)OCC(C)C)C(=O)N(Cc1ccc(F)cc1)C1CCNCC1F,7.400116927926312
C(N(Cc1ccc(F)cc1)C1C(F)CNCC1)(=O)Oc1ccc(cc1)OCC(C)C,7.400116927926312
c1c(ccc2C(C3CCN(CCN(CC)C(=O)C(CN)O)CC3)NOc12)F,8.397940008672037
C(N(C(C(CN)O)=O)CC)CN1CCC(CC1)C1c2c(ON1)cc(cc2)F,8.397940008672037
CCN(CCN1CCC(CC1)C1NOc2cc(ccc21)F)C(=O)C(O)CN,8.397940008672037
O=C(N(CCN1CCC(C2NOc3c2ccc(c3)F)CC1)CC)C(O)CN,8.397940008672037
C(N1CCC(CC1)C1NOc2cc(ccc21)F)CN(CC)C(C(CN)O)=O,8.397940008672037
C1CC(NC=O)CCC1CCN1CCC(CC1)c1c2c(oc1)cccc2,7.872895201635193
C1(CCN2CCC(c3coc4ccccc43)CC2)CCC(CC1)NC=O,7.872895201635193
c1cccc2occ(c21)C1CCN(CC1)CCC1CCC(NC=O)CC1,7.872895201635193
C1(NC=O)CCC(CC1)CCN1CCC(CC1)c1c2c(cccc2)oc1,7.872895201635193
C1N(CCC2CCC(NC=O)CC2)CCC(c2c3ccccc3oc2)C1,7.872895201635193
c1(ccc(cc1)Cl)N1CCN(CC1)CCCC(=O)c1ccc(F)cc1,6.96018944585165
Fc1ccc(C(CCCN2CCN(CC2)c2ccc(Cl)cc2)=O)cc1,6.96018944585165
c1cc(N2CCN(CCCC(c3ccc(F)cc3)=O)CC2)ccc1Cl,6.96018944585165
c1cc(ccc1F)C(CCCN1CCN(CC1)c1ccc(Cl)cc1)=O,6.96018944585165
C(CCC(c1ccc(F)cc1)=O)N1CCN(c2ccc(cc2)Cl)CC1,6.96018944585165
O1CCOc2cccc(c12)N1CCN(CCC2N(CCC2)S(c2c3c(ccc2)nccc3)(=O)=O)CC1,6.528708288941061
c1(N2CCN(CC2)CCC2CCCN2S(c2cccc3ncccc32)(=O)=O)c2c(OCCO2)ccc1,6.528708288941061
n1c2c(ccc1)c(S(N1C(CCN3CCN(c4cccc5c4OCCO5)CC3)CCC1)(=O)=O)ccc2,6.528708288941061
S(c1cccc2ncccc12)(=O)(N1CCCC1CCN1CCN(CC1)c1cccc2OCCOc12)=O,6.528708288941061
C1(CCCN1S(c1c2c(nccc2)ccc1)(=O)=O)CCN1CCN(CC1)c1c2c(ccc1)OCCO2,6.528708288941061
OCCNCCOc1ccc(NC(c2cc(ccc2)OC)=O)cc1-c1n(C)ncc1,8.744727494896694
c1(cc(c(cc1)OCCNCCO)-c1n(C)ncc1)NC(=O)c1cc(OC)ccc1,8.744727494896694
c1cc(c(-c2ccnn2C)cc1NC(=O)c1cccc(c1)OC)OCCNCCO,8.744727494896694
N(c1ccc(OCCNCCO)c(-c2ccnn2C)c1)C(c1cc(OC)ccc1)=O,8.744727494896694
c1(c(ccc(c1)NC(=O)c1cccc(c1)OC)OCCNCCO)-c1n(ncc1)C,8.744727494896694
C(Oc1ccc(CN2CCCCC2)cc1OC)CCN1CCC(c2c3c(on2)cc(cc3)F)CC1,8.045757490560675
C(CN1CCC(CC1)c1noc2cc(F)ccc12)COc1c(OC)cc(CN2CCCCC2)cc1,8.045757490560675
c12c(ccc(c2)F)c(no1)C1CCN(CCCOc2ccc(cc2OC)CN2CCCCC2)CC1,8.045757490560675
C(COc1c(OC)cc(CN2CCCCC2)cc1)CN1CCC(c2c3c(cc(F)cc3)on2)CC1,8.045757490560675
O(C)c1c(ccc(c1)CN1CCCCC1)OCCCN1CCC(c2c3ccc(cc3on2)F)CC1,8.045757490560675
N(C(=O)c1ccc2c(Cc3c-2cccc3)c1)CC=CCN1CCN(CC1)c1c(c(Cl)ccc1)Cl,6.481486060122113
c1(ccc2-c3ccccc3Cc2c1)C(=O)NCC=CCN1CCN(CC1)c1cccc(c1Cl)Cl,6.481486060122113
c1c(c(c(Cl)cc1)Cl)N1CCN(CC1)CC=CCNC(c1ccc2-c3ccccc3Cc2c1)=O,6.481486060122113
c1c(c(Cl)c(cc1)N1CCN(CC1)CC=CCNC(=O)c1ccc2c(c1)Cc1ccccc1-2)Cl,6.481486060122113
O=C(NCC=CCN1CCN(c2cccc(c2Cl)Cl)CC1)c1cc2Cc3c(cccc3)-c2cc1,6.481486060122113
O=c1cc(c2c(c(C(C)=O)c(C)cc2o1)OCCCN1CCN(CC1)c1cccc(c1Cl)Cl)C,7.180456064458132
C1N(CCN(C1)CCCOc1c2c(oc(cc2C)=O)cc(C)c1C(=O)C)c1cccc(Cl)c1Cl,7.180456064458132
O=C(c1c(OCCCN2CCN(c3cccc(Cl)c3Cl)CC2)c2c(cc(=O)oc2cc1C)C)C,7.180456064458132
C1N(CCN(CCCOc2c3c(C)cc(oc3cc(c2C(=O)C)C)=O)C1)c1cccc(c1Cl)Cl,7.180456064458132
C(c1c(OCCCN2CCN(CC2)c2c(c(Cl)ccc2)Cl)c2c(oc(=O)cc2C)cc1C)(=O)C,7.180456064458132
C(N1CCc2cc(C)c(C(F)(F)F)cc12)(Nc1ccc(nc1)OCc1cnccn1)=O,6.499996931948306
c1c(nccn1)COc1ccc(NC(N2c3cc(c(C)cc3CC2)C(F)(F)F)=O)cn1,6.499996931948306
c1c(ccc(OCc2cnccn2)n1)NC(N1CCc2c1cc(c(C)c2)C(F)(F)F)=O,6.499996931948306
FC(c1cc2c(cc1C)CCN2C(Nc1ccc(nc1)OCc1cnccn1)=O)(F)F,6.499996931948306
c1(COc2ccc(NC(N3CCc4cc(c(cc43)C(F)(F)F)C)=O)cn2)nccnc1,6.499996931948306
c12ccc(cc1N1C(CNCC1C2)C)CO,6.5376020021010435
c12N3C(Cc2ccc(CO)c1)CNCC3C,6.5376020021010435
N1CC(N2c3cc(ccc3CC2C1)CO)C,6.5376020021010435
c1(CO)cc2N3C(C)CNCC3Cc2cc1,6.5376020021010435
c1c2CC3CNCC(N3c2cc(c1)CO)C,6.5376020021010435
C1Cc2c(C(N(CCN3CCC(CC3)c3noc4ccccc34)C1)=O)nn(C)c2,8.301029995663981
c1c2c(C3CCN(CC3)CCN3C(=O)c4nn(C)cc4CCC3)noc2ccc1,8.301029995663981
c1(C2CCN(CC2)CCN2CCCc3cn(C)nc3C2=O)c2ccccc2on1,8.301029995663981
c12CCCN(C(=O)c1nn(C)c2)CCN1CCC(CC1)c1c2c(cccc2)on1,8.301029995663981
c1cc2c(cc1)onc2C1CCN(CC1)CCN1C(c2nn(cc2CCC1)C)=O,8.301029995663981
C1CC(N(Cc2ccn(n2)C)C(NCc2ccc(OCCC)cc2)=O)CCN1C,8.443697499232712
c1c(OCCC)ccc(CNC(=O)N(C2CCN(C)CC2)Cc2ccn(C)n2)c1,8.443697499232712
n1(C)ccc(n1)CN(C1CCN(C)CC1)C(=O)NCc1ccc(OCCC)cc1,8.443697499232712
C1N(C)CCC(N(Cc2ccn(C)n2)C(=O)NCc2ccc(OCCC)cc2)C1,8.443697499232712
c1cc(OCCC)ccc1CNC(N(Cc1nn(C)cc1)C1CCN(CC1)C)=O,8.443697499232712
O=C(c1nnn(c1CCC)Cc1ccccc1)NCCCCN1CCN(c2ccccc2OC)CC1,6.958607314841775
c1(c(cccc1)N1CCN(CC1)CCCCNC(c1nnn(c1CCC)Cc1ccccc1)=O)OC,6.958607314841775
N(CCCCN1CCN(CC1)c1c(OC)cccc1)C(c1nnn(c1CCC)Cc1ccccc1)=O,6.958607314841775
c1(C(=O)NCCCCN2CCN(CC2)c2c(OC)cccc2)nnn(c1CCC)Cc1ccccc1,6.958607314841775
c1(ccccc1)Cn1c(CCC)c(C(=O)NCCCCN2CCN(CC2)c2ccccc2OC)nn1,6.958607314841775
c1nn(C)c(c1)-c1c(OCCN2CCCCC2)ccc(NC(=O)Nc2c(ccc(c2)C)F)c1,8.67778070526608
c1(NC(Nc2cc(c(cc2)OCCN2CCCCC2)-c2n(C)ncc2)=O)cc(C)ccc1F,8.67778070526608
c1(F)c(cc(cc1)C)NC(Nc1cc(-c2ccnn2C)c(OCCN2CCCCC2)cc1)=O,8.67778070526608
c1cc(NC(Nc2cc(ccc2F)C)=O)cc(c1OCCN1CCCCC1)-c1ccnn1C,8.67778070526608
C(Oc1ccc(cc1-c1n(C)ncc1)NC(=O)Nc1cc(C)ccc1F)CN1CCCCC1,8.67778070526608
c12n(CCCC)cc(CCN(C)C)c2c(OP(=O)(O)O)ccc1,5.522878745280337
n1(cc(CCN(C)C)c2c(cccc12)OP(O)(O)=O)CCCC,5.522878745280337
C(CCn1c2c(c(c1)CCN(C)C)c(ccc2)OP(=O)(O)O)C,5.522878745280337
O=P(Oc1c2c(cn(c2ccc1)CCCC)CCN(C)C)(O)O,5.522878745280337
c1c(OP(=O)(O)O)c2c(n(cc2CCN(C)C)CCCC)cc1,5.522878745280337
n1c(-c2ccc(F)cc2)c2c(nc1C(C)(C)C)CCNC2,8.301029995663981
c1(-c2ccc(cc2)F)c2CNCCc2nc(C(C)(C)C)n1,8.301029995663981
c1(F)ccc(cc1)-c1c2CNCCc2nc(C(C)(C)C)n1,8.301029995663981
n1c(nc2CCNCc2c1-c1ccc(cc1)F)C(C)(C)C,8.301029995663981
c1(C(C)(C)C)nc(c2CNCCc2n1)-c1ccc(F)cc1,8.301029995663981
N1(CCC(c2c3CCOc3ccc2)CC1)CCC1CCC(CC1)NS(=O)(=O)CC,7.458420756053419
c1cc2OCCc2c(C2CCN(CC2)CCC2CCC(CC2)NS(=O)(CC)=O)c1,7.458420756053419
c12c(cccc1OCC2)C1CCN(CCC2CCC(CC2)NS(=O)(=O)CC)CC1,7.458420756053419
O=S(CC)(NC1CCC(CC1)CCN1CCC(CC1)c1cccc2c1CCO2)=O,7.458420756053419
C1CC(CCC1NS(=O)(CC)=O)CCN1CCC(c2c3CCOc3ccc2)CC1,7.458420756053419
C1(c2cccc3OCCc32)CCN(CC1)CCC1CCC(NC(C)=O)CC1,7.429457060118103
C(CN1CCC(CC1)c1c2CCOc2ccc1)C1CCC(CC1)NC(=O)C,7.429457060118103
C1(CCN2CCC(c3c4CCOc4ccc3)CC2)CCC(CC1)NC(=O)C,7.429457060118103
C1(CCN(CCC2CCC(CC2)NC(=O)C)CC1)c1c2c(ccc1)OCC2,7.429457060118103
c1cc(C2CCN(CC2)CCC2CCC(CC2)NC(=O)C)c2CCOc2c1,7.429457060118103
C12c3c(Oc4ccc(cc4C2OC(C1)CN(C)C)Br)cccc3,8.522878745280337
C1C(CN(C)C)OC2c3c(Oc4c(C21)cccc4)ccc(Br)c3,8.522878745280337
O1C(CC2c3ccccc3Oc3c(C12)cc(Br)cc3)CN(C)C,8.522878745280337
c1(Br)cc2C3OC(CC3c3c(cccc3)Oc2cc1)CN(C)C,8.522878745280337
c1cccc2Oc3ccc(Br)cc3C3OC(CN(C)C)CC3c21,8.522878745280337
c1c(NC(Nc2ccc(OCCN3CCOCC3)c(-c3ccnn3C)c2)=O)ccc(Cl)c1,9.721246399047171
c1c(ccc(c1-c1n(C)ncc1)OCCN1CCOCC1)NC(Nc1ccc(Cl)cc1)=O,9.721246399047171
Cn1c(ccn1)-c1c(OCCN2CCOCC2)ccc(NC(Nc2ccc(Cl)cc2)=O)c1,9.721246399047171
N1(CCOc2ccc(cc2-c2n(C)ncc2)NC(Nc2ccc(cc2)Cl)=O)CCOCC1,9.721246399047171
c1(OCCN2CCOCC2)ccc(cc1-c1ccnn1C)NC(=O)Nc1ccc(Cl)cc1,9.721246399047171
FC(F)(F)Sc1c(cc(c(c1)OC)CCNCC1CC1)OC,8.050292927760191
C1(CC1)CNCCc1cc(c(SC(F)(F)F)cc1OC)OC,8.050292927760191
C(c1cc(OC)c(SC(F)(F)F)cc1OC)CNCC1CC1,8.050292927760191
FC(F)(F)Sc1cc(OC)c(CCNCC2CC2)cc1OC,8.050292927760191
FC(Sc1c(cc(CCNCC2CC2)c(c1)OC)OC)(F)F,8.050292927760191
c1(c(C(=O)CCCCN2CCC3(NC(NC3=O)=O)CC2)cc(NS(=O)(c2ccc(cc2)C)=O)c(OC)c1)OC,5.59999938302362
C(CCC(=O)c1cc(c(OC)cc1OC)NS(c1ccc(cc1)C)(=O)=O)CN1CCC2(C(=O)NC(N2)=O)CC1,5.59999938302362
C1CC2(C(=O)NC(=O)N2)CCN1CCCCC(=O)c1c(OC)cc(OC)c(NS(c2ccc(cc2)C)(=O)=O)c1,5.59999938302362
C1N(CCC2(C(=O)NC(N2)=O)C1)CCCCC(=O)c1c(cc(c(c1)NS(=O)(c1ccc(C)cc1)=O)OC)OC,5.59999938302362
c1c(ccc(c1)C)S(=O)(=O)Nc1cc(C(CCCCN2CCC3(C(=O)NC(=O)N3)CC2)=O)c(OC)cc1OC,5.59999938302362
c12c(ccc(Cl)c1)c(C1CCN(CC1)CCN(CC)S(=O)(=O)CCO)no2,7.701146923590294
o1c2c(c(n1)C1CCN(CCN(CC)S(CCO)(=O)=O)CC1)ccc(c2)Cl,7.701146923590294
c1(Cl)cc2onc(C3CCN(CC3)CCN(CC)S(=O)(CCO)=O)c2cc1,7.701146923590294
C(C)N(CCN1CCC(c2c3c(on2)cc(cc3)Cl)CC1)S(CCO)(=O)=O,7.701146923590294
C1C(c2noc3cc(Cl)ccc23)CCN(C1)CCN(S(=O)(=O)CCO)CC,7.701146923590294
c1cc2c(cc1)snc2N1CCN(CC1)CCN1CCc2ccncc2C1=O,8.431798275933005
c12c(cccc2)c(N2CCN(CC2)CCN2C(=O)c3cnccc3CC2)ns1,8.431798275933005
c1c2c(nsc2ccc1)N1CCN(CC1)CCN1CCc2c(C1=O)cncc2,8.431798275933005
c1cccc2c1snc2N1CCN(CC1)CCN1CCc2c(cncc2)C1=O,8.431798275933005
c1ccc2c(c(ns2)N2CCN(CC2)CCN2C(=O)c3cnccc3CC2)c1,8.431798275933005
c1ccc2c(snc2N2CCN(CC2)CCC2CCC(CC2)NC(OCC(C)C)=O)c1,8.510041520575164
c1cccc2c1c(ns2)N1CCN(CCC2CCC(CC2)NC(=O)OCC(C)C)CC1,8.510041520575164
C(C)(C)COC(NC1CCC(CCN2CCN(c3nsc4ccccc43)CC2)CC1)=O,8.510041520575164
C(C)(COC(=O)NC1CCC(CC1)CCN1CCN(CC1)c1nsc2c1cccc2)C,8.510041520575164
C1CN(CCN1CCC1CCC(NC(OCC(C)C)=O)CC1)c1c2c(sn1)cccc2,8.510041520575164
C1N(CCN(C1)C)c1nc(C(C)Oc2c(Cl)ccc(c2)F)nc(N)n1,5.572838597074035
Fc1cc(c(cc1)Cl)OC(c1nc(N2CCN(C)CC2)nc(N)n1)C,5.572838597074035
Nc1nc(nc(C(Oc2c(ccc(c2)F)Cl)C)n1)N1CCN(CC1)C,5.572838597074035
c1(cc(c(cc1)Cl)OC(C)c1nc(nc(N)n1)N1CCN(C)CC1)F,5.572838597074035
CC(c1nc(nc(n1)N1CCN(CC1)C)N)Oc1cc(F)ccc1Cl,5.572838597074035
c1c2c(c(cc1)OC(CCCCCC)=O)-c1cccc3c1C(C2)N(CCC)CC3,7.022276394711152
C1c2c(c(OC(CCCCCC)=O)ccc2)-c2cccc3CCN(C1c32)CCC,7.022276394711152
c12c3C(N(CCc3ccc1)CCC)Cc1c-2c(ccc1)OC(CCCCCC)=O,7.022276394711152
C(=O)(CCCCCC)Oc1c2c(CC3N(CCc4cccc-2c43)CCC)ccc1,7.022276394711152
C(C)CN1CCc2cccc3-c4c(cccc4OC(=O)CCCCCC)CC1c23,7.022276394711152
C1(C)CCN(CC1)CCOc1c(OC)ccc(N2C(=O)C(=CC2)c2ccc(cc2)F)c1,6.599997654072044
COc1ccc(cc1OCCN1CCC(CC1)C)N1CC=C(C1=O)c1ccc(cc1)F,6.599997654072044
C(N1CCC(CC1)C)COc1c(ccc(c1)N1CC=C(C1=O)c1ccc(cc1)F)OC,6.599997654072044
O(CCN1CCC(C)CC1)c1cc(ccc1OC)N1CC=C(C1=O)c1ccc(cc1)F,6.599997654072044
c1(c(cc(N2C(C(c3ccc(F)cc3)=CC2)=O)cc1)OCCN1CCC(CC1)C)OC,6.599997654072044
c12CCNCCc2nn(C(C)C)c1-c1ccc(C#N)cc1,8.301029995663981
c1(-c2ccc(cc2)C#N)c2CCNCCc2nn1C(C)C,8.301029995663981
N#Cc1ccc(-c2n(C(C)C)nc3CCNCCc32)cc1,8.301029995663981
n1c2c(c(n1C(C)C)-c1ccc(cc1)C#N)CCNCC2,8.301029995663981
N#Cc1ccc(cc1)-c1n(nc2CCNCCc21)C(C)C,8.301029995663981
N1(Cc2sccc2)CCC(=CC1)c1c[nH]c2ccc(cc21)OC,5.72399801003795
C1CN(CC=C1c1c2c([nH]c1)ccc(OC)c2)Cc1cccs1,5.72399801003795
c1(C2=CCN(Cc3cccs3)CC2)c[nH]c2ccc(OC)cc12,5.72399801003795
C1CN(Cc2sccc2)CC=C1c1c2cc(ccc2[nH]c1)OC,5.72399801003795
C1CC(c2c[nH]c3ccc(cc23)OC)=CCN1Cc1cccs1,5.72399801003795
COc1cc(c(OC)cc1CCNCc1ccc(OC)cc1)Br,7.838631997765025
O(c1ccc(cc1)CNCCc1c(OC)cc(c(c1)OC)Br)C,7.838631997765025
C(CNCc1ccc(OC)cc1)c1cc(OC)c(Br)cc1OC,7.838631997765025
c1(Br)c(cc(CCNCc2ccc(cc2)OC)c(OC)c1)OC,7.838631997765025
C(CNCc1ccc(OC)cc1)c1cc(c(cc1OC)Br)OC,7.838631997765025
N1(CCCc2nc3c(s2)cccc3)CCN(c2ccccn2)CC1,7.337242168318426
c1cnc(N2CCN(CC2)CCCc2nc3ccccc3s2)cc1,7.337242168318426
s1c(nc2ccccc21)CCCN1CCN(c2ccccn2)CC1,7.337242168318426
C(CCc1nc2c(cccc2)s1)N1CCN(CC1)c1ncccc1,7.337242168318426
c1(ccccn1)N1CCN(CC1)CCCc1sc2ccccc2n1,7.337242168318426
c1ccnc2c1CCC(C)(C2=O)CCN1CCN(c2noc3ccccc32)CC1,8.939302159646388
c12c(N3CCN(CCC4(CCc5c(C4=O)nccc5)C)CC3)noc2cccc1,8.939302159646388
N1(CCN(CCC2(C(=O)c3ncccc3CC2)C)CC1)c1c2c(cccc2)on1,8.939302159646388
C1c2c(nccc2)C(=O)C(C)(CCN2CCN(CC2)c2c3ccccc3on2)C1,8.939302159646388
n1c(N2CCN(CCC3(C)C(=O)c4ncccc4CC3)CC2)c2c(o1)cccc2,8.939302159646388
C1CN(CCCc2c3c(cc(F)cc3)on2)CC1CS(=O)(=O)c1cc(C)c(cc1)C,8.770062314092065
C(S(=O)(c1ccc(C)c(C)c1)=O)C1CCN(C1)CCCc1noc2c1ccc(c2)F,8.770062314092065
O=S(CC1CN(CC1)CCCc1c2c(cc(cc2)F)on1)(c1cc(C)c(cc1)C)=O,8.770062314092065
C1N(CC(CS(c2cc(C)c(C)cc2)(=O)=O)C1)CCCc1c2ccc(cc2on1)F,8.770062314092065
o1c2c(ccc(c2)F)c(n1)CCCN1CCC(CS(=O)(c2cc(c(cc2)C)C)=O)C1,8.770062314092065
C1CN(CCN1CC1CCC(CC1)CNC(=O)c1occc1)c1nsc2c1cccc2,7.795880017344075
N1(CCN(CC2CCC(CNC(=O)c3occc3)CC2)CC1)c1c2ccccc2sn1,7.795880017344075
c12ccccc1snc2N1CCN(CC2CCC(CNC(c3ccco3)=O)CC2)CC1,7.795880017344075
c1ccc2c(nsc2c1)N1CCN(CC2CCC(CC2)CNC(c2ccco2)=O)CC1,7.795880017344075
C(C1CCC(CNC(=O)c2ccco2)CC1)N1CCN(c2nsc3ccccc32)CC1,7.795880017344075
c1ccc2[nH]cc(c2c1F)CCN(C)C,6.474955192963154
c1c(c2c(cccc2[nH]1)F)CCN(C)C,6.474955192963154
c1ccc2[nH]cc(CCN(C)C)c2c1F,6.474955192963154
CN(C)CCc1c[nH]c2c1c(F)ccc2,6.474955192963154
[nH]1c2c(c(c1)CCN(C)C)c(F)ccc2,6.474955192963154
c1(N)nc(nc(N2CCN(CC2)C)n1)C(CCC)Oc1c(c(ccc1)Cl)Cl,6.508638306165727
C1CN(C)CCN1c1nc(nc(n1)N)C(CCC)Oc1cccc(Cl)c1Cl,6.508638306165727
Nc1nc(nc(C(Oc2cccc(Cl)c2Cl)CCC)n1)N1CCN(C)CC1,6.508638306165727
c1(N2CCN(C)CC2)nc(nc(n1)C(CCC)Oc1cccc(c1Cl)Cl)N,6.508638306165727
C(C(Oc1c(Cl)c(ccc1)Cl)c1nc(N2CCN(CC2)C)nc(N)n1)CC,6.508638306165727
c1ccc2S(N(c3cccc1c32)CCCCCCN1CCN(CC1)c1ccc(c(c1)Cl)Cl)(=O)=O,6.600326278518962
c1c(c(Cl)cc(c1)N1CCN(CC1)CCCCCCN1c2c3c(S1(=O)=O)cccc3ccc2)Cl,6.600326278518962
c12S(N(c3c1c(ccc3)ccc2)CCCCCCN1CCN(c2ccc(c(Cl)c2)Cl)CC1)(=O)=O,6.600326278518962
C(N1c2cccc3cccc(S1(=O)=O)c23)CCCCCN1CCN(CC1)c1cc(c(Cl)cc1)Cl,6.600326278518962
c1(Cl)cc(N2CCN(CCCCCCN3S(=O)(c4c5c3cccc5ccc4)=O)CC2)ccc1Cl,6.600326278518962
N1(C2C3C4C5C2C2C(C5)C4C3C21O)CCc1ccccc1OC,5.933301449577004
N1(CCc2ccccc2OC)C2(O)C3C4C5C6CC(C35)C2C6C41,5.933301449577004
C1C2C3C4C1C1C2C2N(CCc5c(OC)cccc5)C1(O)C4C32,5.933301449577004
C12C3C4(N(C5C6C(C1C46)C(C2)C35)CCc1ccccc1OC)O,5.933301449577004
C12C3C4C5C2N(C2(O)C5C(C3C12)C4)CCc1c(OC)cccc1,5.933301449577004
N(C1CCC(CC1)CCN1CCN(CC1)c1c2c(cc(n1)C)occ2)C(=O)CCOC,7.060980223551334
c1c2occc2c(N2CCN(CCC3CCC(NC(=O)CCOC)CC3)CC2)nc1C,7.060980223551334
C1N(CCN(CCC2CCC(CC2)NC(CCOC)=O)C1)c1c2c(cc(n1)C)occ2,7.060980223551334
c1(nc(c2ccoc2c1)N1CCN(CC1)CCC1CCC(CC1)NC(=O)CCOC)C,7.060980223551334
C1(CCC(CC1)CCN1CCN(c2nc(cc3occc32)C)CC1)NC(CCOC)=O,7.060980223551334
o1c2ccccc2c(c1)C1CCN(CCC2CCC(NC(C(C)(C)C)=O)CC2)CC1,8.21824462534753
C(C1CCC(CC1)NC(C(C)(C)C)=O)CN1CCC(c2c3ccccc3oc2)CC1,8.21824462534753
c1c2c(C3CCN(CCC4CCC(CC4)NC(C(C)(C)C)=O)CC3)coc2ccc1,8.21824462534753
N(C(C(C)(C)C)=O)C1CCC(CC1)CCN1CCC(CC1)c1coc2c1cccc2,8.21824462534753
c1c(c2ccccc2o1)C1CCN(CCC2CCC(CC2)NC(=O)C(C)(C)C)CC1,8.21824462534753
C12N3c4c(cccc4CCC3)C2CN(CCCC(=O)c2ccc(F)cc2)CC1,9.0
C1N(CC2C(N3c4c(cccc24)CCC3)C1)CCCC(=O)c1ccc(F)cc1,9.0
c1(F)ccc(cc1)C(=O)CCCN1CC2C(CC1)N1c3c(CCC1)cccc32,9.0
C1Cc2cccc3c2N(C2C3CN(CC2)CCCC(c2ccc(F)cc2)=O)C1,9.0
C(=O)(c1ccc(cc1)F)CCCN1CC2C(N3c4c2cccc4CCC3)CC1,9.0
n1c(nc(C(CC)Sc2cc(cc(Cl)c2)Cl)nc1N1CCN(CC1)C)N,6.749579997691106
C(Sc1cc(cc(Cl)c1)Cl)(CC)c1nc(N2CCN(CC2)C)nc(n1)N,6.749579997691106
Nc1nc(N2CCN(C)CC2)nc(n1)C(CC)Sc1cc(cc(c1)Cl)Cl,6.749579997691106
C1CN(c2nc(nc(n2)N)C(CC)Sc2cc(cc(c2)Cl)Cl)CCN1C,6.749579997691106
N1(c2nc(C(CC)Sc3cc(Cl)cc(Cl)c3)nc(N)n2)CCN(CC1)C,6.749579997691106
C1(=O)NC2CNCCN2c2c1cc(C)cc2,5.913640169325252
C1NCCN2C1NC(=O)c1c2ccc(c1)C,5.913640169325252
c1cc(C)cc2C(NC3N(c21)CCNC3)=O,5.913640169325252
N1CCN2C(C1)NC(=O)c1c2ccc(c1)C,5.913640169325252
c1(cc2c(N3CCNCC3NC2=O)cc1)C,5.913640169325252
N(C)Cc1nn(c(c1)OCc1cccc(Cl)c1)CC1OC2CCC1CC2,8.0268721464003
c1(cc(ccc1)COc1n(nc(CNC)c1)CC1C2CCC(CC2)O1)Cl,8.0268721464003
C(Oc1cc(CNC)nn1CC1C2CCC(O1)CC2)c1cc(ccc1)Cl,8.0268721464003
C12OC(C(CC1)CC2)Cn1c(cc(n1)CNC)OCc1cc(ccc1)Cl,8.0268721464003
c1c(n(nc1CNC)CC1C2CCC(CC2)O1)OCc1cc(Cl)ccc1,8.0268721464003
c1(noc2c1ccc(F)c2)C1CCN(CC1)CCN1CCc2ncccc2C1=O,6.978810700930062
c1cc2c(C3CCN(CCN4C(=O)c5c(nccc5)CC4)CC3)noc2cc1F,6.978810700930062
C1CN(CCN2CCc3ncccc3C2=O)CCC1c1c2c(cc(cc2)F)on1,6.978810700930062
c1cc2C(N(CCc2nc1)CCN1CCC(c2noc3c2ccc(c3)F)CC1)=O,6.978810700930062
c12ncccc1C(N(CCN1CCC(c3noc4c3ccc(F)c4)CC1)CC2)=O,6.978810700930062
c1cccc2c1cc(o2)C(=O)NCCCCN1CCN(c2cc(ccc2)OC)CC1,7.3979400086720375
N1(CCN(CCCCNC(c2cc3c(cccc3)o2)=O)CC1)c1cccc(c1)OC,7.3979400086720375
c1(cc2c(o1)cccc2)C(=O)NCCCCN1CCN(c2cc(ccc2)OC)CC1,7.3979400086720375
C(CN1CCN(c2cc(ccc2)OC)CC1)CCNC(c1oc2c(cccc2)c1)=O,7.3979400086720375
C(CCN1CCN(CC1)c1cccc(OC)c1)CNC(=O)c1oc2c(c1)cccc2,7.3979400086720375
C1CC(NC(=O)c2cccc(c2)-c2sccc2)CN1Cc1ccc(cc1)C,6.214670164989233
N(C1CN(Cc2ccc(cc2)C)CC1)C(c1cc(-c2sccc2)ccc1)=O,6.214670164989233
c1(-c2sccc2)cccc(C(NC2CN(Cc3ccc(cc3)C)CC2)=O)c1,6.214670164989233
c1c(-c2cccc(c2)C(NC2CCN(Cc3ccc(cc3)C)C2)=O)scc1,6.214670164989233
c1cc(-c2cc(C(NC3CCN(Cc4ccc(C)cc4)C3)=O)ccc2)sc1,6.214670164989233
Cc1c2n(ncc2ccc1O)CC(N)C,8.744727494896694
c1cc(c(c2n(ncc21)CC(N)C)C)O,8.744727494896694
C(C(C)N)n1c2c(cn1)ccc(c2C)O,8.744727494896694
Oc1c(C)c2c(cc1)cnn2CC(C)N,8.744727494896694
c1(c(c2c(cnn2CC(N)C)cc1)C)O,8.744727494896694
C1Cc2c(Cl)ncnc2N2C1CNCCC2,4.0
C1c2c(N3CCCNCC3C1)ncnc2Cl,4.0
n1c2N3CCCNCC3CCc2c(nc1)Cl,4.0
c1nc2c(c(Cl)n1)CCC1N2CCCNC1,4.0
n1c2c(c(nc1)Cl)CCC1N2CCCNC1,4.0
C1N(CCC2CCC(NC(CS(=O)(C)=O)=O)CC2)CCC(c2noc3cc(ccc32)Cl)C1,7.817585347565446
c1c2c(cc(Cl)c1)onc2C1CCN(CCC2CCC(CC2)NC(=O)CS(C)(=O)=O)CC1,7.817585347565446
o1c2c(c(C3CCN(CCC4CCC(NC(=O)CS(=O)(C)=O)CC4)CC3)n1)ccc(c2)Cl,7.817585347565446
c12c(noc2cc(Cl)cc1)C1CCN(CCC2CCC(NC(=O)CS(=O)(=O)C)CC2)CC1,7.817585347565446
Clc1ccc2c(c1)onc2C1CCN(CC1)CCC1CCC(CC1)NC(CS(=O)(=O)C)=O,7.817585347565446
C1N(CCC2CCC(CC2)NS(=O)(CC)=O)CCN(C1)c1c2ccoc2ccn1,8.070581074285707
c12ccoc2ccnc1N1CCN(CC1)CCC1CCC(CC1)NS(=O)(CC)=O,8.070581074285707
c1(N2CCN(CCC3CCC(NS(CC)(=O)=O)CC3)CC2)c2c(occ2)ccn1,8.070581074285707
c1c2occc2c(nc1)N1CCN(CCC2CCC(CC2)NS(=O)(=O)CC)CC1,8.070581074285707
n1ccc2c(cco2)c1N1CCN(CCC2CCC(CC2)NS(=O)(=O)CC)CC1,8.070581074285707
n1(c(OCc2c(F)ccc(F)c2)cc(n1)CNC)CCCC,8.187086643357144
c1(OCc2c(ccc(c2)F)F)n(nc(CNC)c1)CCCC,8.187086643357144
c1(F)ccc(F)c(c1)COc1cc(nn1CCCC)CNC,8.187086643357144
c1(cc(ccc1F)F)COc1n(nc(c1)CNC)CCCC,8.187086643357144
O(Cc1c(ccc(F)c1)F)c1n(CCCC)nc(CNC)c1,8.187086643357144
c1c(cccc1)CCN1CCC2(CC1)CCc1c(cccc1)O2,7.795880017344075
c1(CCN2CCC3(CC2)CCc2ccccc2O3)ccccc1,7.795880017344075
c1cc2c(OC3(CC2)CCN(CC3)CCc2ccccc2)cc1,7.795880017344075
c12c(cccc1)OC1(CC2)CCN(CCc2ccccc2)CC1,7.795880017344075
C12(CCN(CC2)CCc2ccccc2)Oc2ccccc2CC1,7.795880017344075
N1C(c2c(cc(cc2C2C1CNC2)CCC)Cl)=O,5.352519226826324
C1NCC2C1c1c(C(=O)N2)c(cc(CCC)c1)Cl,5.352519226826324
Clc1c2C(=O)NC3C(c2cc(c1)CCC)CNC3,5.352519226826324
c1(Cl)c2C(=O)NC3CNCC3c2cc(c1)CCC,5.352519226826324
c1c2C3CNCC3NC(=O)c2c(Cl)cc1CCC,5.352519226826324
o1c2c(cccc2)c(n1)C1CCN(CC1)CCCN(S(=O)(C(CO)C)=O)CC,8.698970004336019
CC(S(=O)(N(CC)CCCN1CCC(CC1)c1noc2ccccc12)=O)CO,8.698970004336019
c12ccccc2onc1C1CCN(CCCN(CC)S(C(CO)C)(=O)=O)CC1,8.698970004336019
c1c2c(onc2C2CCN(CC2)CCCN(S(=O)(C(C)CO)=O)CC)ccc1,8.698970004336019
c1ccc2c(c1)c(C1CCN(CC1)CCCN(CC)S(=O)(C(C)CO)=O)no2,8.698970004336019
n1c(C2CCN(CC2)CCN2C(c3c(C)[nH]nc3CC2)=O)c2c(cccc2)o1,8.804100347590767
C1(=O)c2c(n[nH]c2C)CCN1CCN1CCC(c2c3ccccc3on2)CC1,8.804100347590767
N1(CCC(CC1)c1noc2c1cccc2)CCN1CCc2c(C1=O)c(C)[nH]n2,8.804100347590767
O=C1c2c(CCN1CCN1CCC(CC1)c1noc3c1cccc3)n[nH]c2C,8.804100347590767
C(CN1CCc2n[nH]c(c2C1=O)C)N1CCC(CC1)c1c2c(on1)cccc2,8.804100347590767
c1(cccc(c1)F)S(CC1CN(CC1)CCCc1noc2c1ccc(c2)F)(=O)=O,7.400007822415902
C1N(CC(CS(c2cccc(c2)F)(=O)=O)C1)CCCc1noc2c1ccc(c2)F,7.400007822415902
C1CC(CN1CCCc1noc2cc(ccc12)F)CS(=O)(=O)c1cc(ccc1)F,7.400007822415902
n1oc2cc(ccc2c1CCCN1CCC(CS(c2cccc(F)c2)(=O)=O)C1)F,7.400007822415902
n1oc2c(c1CCCN1CCC(C1)CS(=O)(c1cc(F)ccc1)=O)ccc(c2)F,7.400007822415902
O(c1ccc(c2C(N3C(CNCC3)Cc12)=O)C)C,6.835647144215563
C1C2N(CCN1)C(c1c(c(OC)ccc1C)C2)=O,6.835647144215563
O=C1c2c(c(ccc2C)OC)CC2N1CCNC2,6.835647144215563
N12C(CNCC1)Cc1c(ccc(c1C2=O)C)OC,6.835647144215563
c1c(OC)c2CC3CNCCN3C(=O)c2c(C)c1,6.835647144215563
c1(C#N)cccnc1N1CCN(CCCN2CCN(c3ccccc3OC)CC2)CC1,4.638272163982407
c1(OC)c(cccc1)N1CCN(CCCN2CCN(c3ncccc3C#N)CC2)CC1,4.638272163982407
c1cc(OC)c(cc1)N1CCN(CC1)CCCN1CCN(CC1)c1ncccc1C#N,4.638272163982407
c1c(c(N2CCN(CC2)CCCN2CCN(CC2)c2ncccc2C#N)ccc1)OC,4.638272163982407
O(c1c(N2CCN(CCCN3CCN(CC3)c3ncccc3C#N)CC2)cccc1)C,4.638272163982407
c1c(ccc(C(=O)c2ccc(cc2)OC(C)(C(OC(C)C)=O)C)c1)Cl,6.218244625347531
Clc1ccc(cc1)C(c1ccc(cc1)OC(C(OC(C)C)=O)(C)C)=O,6.218244625347531
c1c(C(c2ccc(Cl)cc2)=O)ccc(c1)OC(C)(C(OC(C)C)=O)C,6.218244625347531
c1cc(ccc1Cl)C(c1ccc(OC(C)(C(OC(C)C)=O)C)cc1)=O,6.218244625347531
C(c1ccc(cc1)Cl)(c1ccc(OC(C)(C(OC(C)C)=O)C)cc1)=O,6.218244625347531
O1CCN(Cc2c(cc(OCCCN3CCC(c4noc5cc(F)ccc45)CC3)cc2)Cl)CC1,8.200659450546418
C1CN(Cc2ccc(OCCCN3CCC(c4c5ccc(F)cc5on4)CC3)cc2Cl)CCO1,8.200659450546418
C1CN(Cc2ccc(cc2Cl)OCCCN2CCC(c3noc4c3ccc(c4)F)CC2)CCO1,8.200659450546418
C1(CCN(CC1)CCCOc1cc(c(cc1)CN1CCOCC1)Cl)c1noc2c1ccc(c2)F,8.200659450546418
C1CC(c2c3c(cc(F)cc3)on2)CCN1CCCOc1ccc(CN2CCOCC2)c(c1)Cl,8.200659450546418
C(n1c(=O)n2ccccc2n1)CCCCCN1CCN(CC1)c1c2OCCOc2ccc1,6.36251027048749
C(Cn1c(n2c(n1)cccc2)=O)CCCCN1CCN(c2c3OCCOc3ccc2)CC1,6.36251027048749
c12cccc(c2OCCO1)N1CCN(CC1)CCCCCCn1c(n2c(n1)cccc2)=O,6.36251027048749
C(Cn1nc2n(c1=O)cccc2)CCCCN1CCN(c2cccc3c2OCCO3)CC1,6.36251027048749
c1ccc2c(c1N1CCN(CCCCCCn3c(=O)n4c(cccc4)n3)CC1)OCCO2,6.36251027048749
C1CN(CCN1c1ncccc1)CCCCC1Cc2c(C1=O)ccc(c2)Cl,6.377573546016077
c1cc(Cl)cc2CC(CCCCN3CCN(CC3)c3ccccn3)C(=O)c21,6.377573546016077
C1N(CCCCC2Cc3c(ccc(c3)Cl)C2=O)CCN(c2ncccc2)C1,6.377573546016077
Clc1cc2CC(C(=O)c2cc1)CCCCN1CCN(CC1)c1ncccc1,6.377573546016077
c1c2c(cc(Cl)c1)CC(C2=O)CCCCN1CCN(CC1)c1ccccn1,6.377573546016077
c1csc(-c2ccc(cc2)C(=O)NC2CN(Cc3cc(c(F)cc3)F)CC2)c1,7.795880017344075
c1c(-c2ccc(cc2)C(NC2CCN(C2)Cc2ccc(c(c2)F)F)=O)scc1,7.795880017344075
c1(F)ccc(cc1F)CN1CC(NC(c2ccc(cc2)-c2sccc2)=O)CC1,7.795880017344075
C1(NC(=O)c2ccc(cc2)-c2sccc2)CCN(C1)Cc1cc(F)c(cc1)F,7.795880017344075
N1(CCC(C1)NC(=O)c1ccc(-c2sccc2)cc1)Cc1ccc(F)c(c1)F,7.795880017344075
C1C(CCN(CC2Cc3nc(SC)ncc3C(C2)=O)C1)C(=O)c1ccc(cc1)F,6.98999702587294
c1cc(F)ccc1C(C1CCN(CC1)CC1Cc2nc(SC)ncc2C(C1)=O)=O,6.98999702587294
c1c(C(=O)C2CCN(CC2)CC2Cc3c(C(C2)=O)cnc(SC)n3)ccc(c1)F,6.98999702587294
c12nc(SC)ncc1C(CC(CN1CCC(CC1)C(=O)c1ccc(cc1)F)C2)=O,6.98999702587294
O=C(C1CCN(CC2Cc3nc(ncc3C(=O)C2)SC)CC1)c1ccc(cc1)F,6.98999702587294
s1c(nc2ccccc12)C(=O)CCCCN1CCN(c2ccc(cc2)Cl)CC1,6.281498311132726
C(c1sc2ccccc2n1)(=O)CCCCN1CCN(CC1)c1ccc(Cl)cc1,6.281498311132726
c1cc2nc(C(CCCCN3CCN(CC3)c3ccc(Cl)cc3)=O)sc2cc1,6.281498311132726
s1c2c(cccc2)nc1C(=O)CCCCN1CCN(CC1)c1ccc(cc1)Cl,6.281498311132726
c12c(sc(C(CCCCN3CCN(CC3)c3ccc(Cl)cc3)=O)n2)cccc1,6.281498311132726
C1CC(CCN2CCN(CC2)c2nsc3ccccc32)CCC1NC(=O)c1cc2c(cccc2)[nH]1,8.876148359032914
C1CC(CCC1CCN1CCN(c2c3c(sn2)cccc3)CC1)NC(c1[nH]c2c(cccc2)c1)=O,8.876148359032914
[nH]1c2c(cc1C(NC1CCC(CCN3CCN(CC3)c3nsc4ccccc43)CC1)=O)cccc2,8.876148359032914
s1c2ccccc2c(n1)N1CCN(CC1)CCC1CCC(NC(c2[nH]c3c(c2)cccc3)=O)CC1,8.876148359032914
N1(CCC2CCC(CC2)NC(c2cc3ccccc3[nH]2)=O)CCN(CC1)c1c2c(cccc2)sn1,8.876148359032914
FC(c1cc2N(C(=O)Nc3cccnc3)CCc2cc1OCC)(F)F,5.800000874803203
O=C(N1CCc2c1cc(C(F)(F)F)c(OCC)c2)Nc1cccnc1,5.800000874803203
N(C(N1c2cc(C(F)(F)F)c(OCC)cc2CC1)=O)c1cnccc1,5.800000874803203
N(c1cccnc1)C(=O)N1c2cc(c(cc2CC1)OCC)C(F)(F)F,5.800000874803203
c1c(c(C(F)(F)F)cc2c1CCN2C(=O)Nc1cccnc1)OCC,5.800000874803203
Brc1nc2c(cc1)CC1N2C(C)CNC1,7.236572006437063
c12ccc(Br)nc1N1C(C)CNCC1C2,7.236572006437063
C12CNCC(N1c1c(ccc(n1)Br)C2)C,7.236572006437063
c12CC3CNCC(N3c1nc(cc2)Br)C,7.236572006437063
CC1N2C(CNC1)Cc1c2nc(cc1)Br,7.236572006437063
C(CN1CCCCC1)Oc1c(ccc(N2CC=C(C2=O)c2cc(Cl)ccc2)c1)OC,6.199998172182031
C1(C(N(CC=1)c1ccc(c(OCCN2CCCCC2)c1)OC)=O)c1cccc(Cl)c1,6.199998172182031
c1(Cl)cccc(C2=CCN(C2=O)c2ccc(OC)c(OCCN3CCCCC3)c2)c1,6.199998172182031
c1(Cl)cccc(C2C(=O)N(c3ccc(OC)c(c3)OCCN3CCCCC3)CC=2)c1,6.199998172182031
c1(cccc(Cl)c1)C1=CCN(C1=O)c1cc(OCCN2CCCCC2)c(cc1)OC,6.199998172182031
C(CCC)n1nnc(c1)CCCOc1c(OC)cc(cc1)C(NCCCCN(C1CCc2c(cccc2C1)O)CCC)=O,6.0
Oc1cccc2CC(CCc12)N(CCCCNC(c1cc(OC)c(OCCCc2cn(nn2)CCCC)cc1)=O)CCC,6.0
c12c(O)cccc2CC(N(CCCCNC(=O)c2cc(c(OCCCc3cn(CCCC)nn3)cc2)OC)CCC)CC1,6.0
C1c2c(CC(C1)N(CCC)CCCCNC(=O)c1ccc(c(OC)c1)OCCCc1cn(nn1)CCCC)cccc2O,6.0
C(CC)N(CCCCNC(c1ccc(c(OC)c1)OCCCc1nnn(CCCC)c1)=O)C1Cc2cccc(O)c2CC1,6.0
c1cc2C3CN(CCC3N3c2c(c1)N(CC3)C)CCCC(c1ccccc1)=O,8.236572006437063
c1(ccccc1)C(CCCN1CC2c3c4N(CCN(C)c4ccc3)C2CC1)=O,8.236572006437063
c1c(cccc1)C(CCCN1CCC2C(C1)c1cccc3c1N2CCN3C)=O,8.236572006437063
c1cc2C3CN(CCCC(=O)c4ccccc4)CCC3N3c2c(c1)N(CC3)C,8.236572006437063
C1N(CCCC(c2ccccc2)=O)CCC2C1c1cccc3N(C)CCN2c31,8.236572006437063
C1C(c2c3N1CCNCc3ccc2Br)C,7.552841968657781
C1CNCc2c3c(c(Br)cc2)C(C)CN31,7.552841968657781
c12c3c(ccc1Br)CNCCN3CC2C,7.552841968657781
C1c2ccc(c3c2N(CCN1)CC3C)Br,7.552841968657781
N12CCNCc3ccc(Br)c(C(C)C1)c23,7.552841968657781
CN1CCC(CC1)N(C(=O)OCc1ccc(cc1)OC(CF)CF)Cc1c(cc(F)cc1)F,10.102372908709558
FCC(Oc1ccc(cc1)COC(N(Cc1ccc(cc1F)F)C1CCN(CC1)C)=O)CF,10.102372908709558
Fc1cc(F)ccc1CN(C(=O)OCc1ccc(cc1)OC(CF)CF)C1CCN(C)CC1,10.102372908709558
N1(C)CCC(N(C(=O)OCc2ccc(OC(CF)CF)cc2)Cc2ccc(cc2F)F)CC1,10.102372908709558
C(c1ccc(cc1)OC(CF)CF)OC(N(C1CCN(C)CC1)Cc1ccc(F)cc1F)=O,10.102372908709558
c1(ccc(C(=O)OCCN(C)C)cc1)NCCCC,6.010550182333308
CN(CCOC(c1ccc(NCCCC)cc1)=O)C,6.010550182333308
c1cc(ccc1NCCCC)C(=O)OCCN(C)C,6.010550182333308
c1(NCCCC)ccc(cc1)C(=O)OCCN(C)C,6.010550182333308
CN(C)CCOC(c1ccc(NCCCC)cc1)=O,6.010550182333308
C(CSc1nc(N)c(Cc2ccc(OC)cc2)c(n1)N)N1CCN(CC1)Cc1ccc(C)cc1,7.903089986991944
c1(ccc(cc1)C)CN1CCN(CCSc2nc(N)c(c(n2)N)Cc2ccc(cc2)OC)CC1,7.903089986991944
n1c(SCCN2CCN(Cc3ccc(C)cc3)CC2)nc(c(c1N)Cc1ccc(OC)cc1)N,7.903089986991944
c1(c(Cc2ccc(cc2)OC)c(nc(SCCN2CCN(CC2)Cc2ccc(C)cc2)n1)N)N,7.903089986991944
c1(nc(nc(N)c1Cc1ccc(OC)cc1)SCCN1CCN(Cc2ccc(C)cc2)CC1)N,7.903089986991944
FC(F)(c1c(cc2c(c1)N(CC2)C(Nc1cnc(cc1)Oc1cccnc1C)=O)Br)F,6.900008766455316
c1(c(Oc2ncc(NC(N3c4cc(c(Br)cc4CC3)C(F)(F)F)=O)cc2)cccn1)C,6.900008766455316
c1(Br)cc2c(N(C(Nc3ccc(Oc4c(nccc4)C)nc3)=O)CC2)cc1C(F)(F)F,6.900008766455316
c1cc(cnc1Oc1c(C)nccc1)NC(N1c2c(cc(c(c2)C(F)(F)F)Br)CC1)=O,6.900008766455316
c1ccc(Oc2ncc(NC(N3CCc4cc(c(cc34)C(F)(F)F)Br)=O)cc2)c(C)n1,6.900008766455316
c12ccccc1C1C(c3ccccc3C2)CC(O1)CN(C)C,7.707743928643524
c1ccc2C3C(OC(C3)CN(C)C)c3c(Cc2c1)cccc3,7.707743928643524
c12c(cccc1)Cc1ccccc1C1OC(CN(C)C)CC21,7.707743928643524
C1C2c3ccccc3Cc3ccccc3C2OC1CN(C)C,7.707743928643524
c12c(cccc2)Cc2ccccc2C2C1OC(C2)CN(C)C,7.707743928643524
c12c(c(C3CCN(CCC4CCC(NC(=O)c5ccc(OC)cc5)CC4)CC3)no1)ccc(F)c2,8.437231456983481
C1C(NC(c2ccc(cc2)OC)=O)CCC(C1)CCN1CCC(c2noc3cc(F)ccc23)CC1,8.437231456983481
c1c(OC)ccc(C(NC2CCC(CC2)CCN2CCC(c3c4ccc(cc4on3)F)CC2)=O)c1,8.437231456983481
c1(C(NC2CCC(CC2)CCN2CCC(c3c4c(cc(F)cc4)on3)CC2)=O)ccc(OC)cc1,8.437231456983481
C(N1CCC(CC1)c1noc2c1ccc(F)c2)CC1CCC(NC(=O)c2ccc(cc2)OC)CC1,8.437231456983481
c1cc(C(F)(F)F)c2C(N(C)C3CNCC3c2c1)=O,7.102372908709558
c1c2C3CNCC3N(C)C(c2c(cc1)C(F)(F)F)=O,7.102372908709558
N1(C)C2C(c3c(C1=O)c(C(F)(F)F)ccc3)CNC2,7.102372908709558
c1c(C(F)(F)F)c2C(=O)N(C3CNCC3c2cc1)C,7.102372908709558
FC(c1c2c(C3CNCC3N(C2=O)C)ccc1)(F)F,7.102372908709558
c1c(c(cc(c1CCNCc1c(c(ccc1)OC)F)OC)Br)OC,8.480040819247932
C(NCCc1c(cc(Br)c(c1)OC)OC)c1cccc(c1F)OC,8.480040819247932
COc1c(F)c(CNCCc2c(cc(Br)c(c2)OC)OC)ccc1,8.480040819247932
c1(cccc(CNCCc2cc(OC)c(Br)cc2OC)c1F)OC,8.480040819247932
COc1cccc(CNCCc2cc(c(Br)cc2OC)OC)c1F,8.480040819247932
C1CC(CCN2CCN(c3c4c(sn3)cccc4)CC2)CCC1NS(=O)(c1c2c(cccc2)[nH]c1)=O,8.71783122169536
N(S(=O)(=O)c1c[nH]c2c1cccc2)C1CCC(CCN2CCN(CC2)c2nsc3ccccc32)CC1,8.71783122169536
[nH]1cc(c2ccccc12)S(=O)(NC1CCC(CCN2CCN(c3c4c(cccc4)sn3)CC2)CC1)=O,8.71783122169536
S(NC1CCC(CCN2CCN(c3nsc4ccccc43)CC2)CC1)(c1c2c([nH]c1)cccc2)(=O)=O,8.71783122169536
c1c(c2ccccc2[nH]1)S(=O)(=O)NC1CCC(CCN2CCN(c3c4ccccc4sn3)CC2)CC1,8.71783122169536
c1c(Cn2nc3ccccn3c2=O)ccc(CN2CCN(c3cccc(Cl)c3)CC2)c1,5.97183558057553
n1c2ccccn2c(n1Cc1ccc(CN2CCN(c3cccc(c3)Cl)CC2)cc1)=O,5.97183558057553
C1N(CCN(Cc2ccc(Cn3c(n4ccccc4n3)=O)cc2)C1)c1cc(ccc1)Cl,5.97183558057553
c1(cc(N2CCN(CC2)Cc2ccc(cc2)Cn2c(=O)n3ccccc3n2)ccc1)Cl,5.97183558057553
c1(Cn2nc3n(cccc3)c2=O)ccc(CN2CCN(c3cccc(c3)Cl)CC2)cc1,5.97183558057553
CC1CN(c2ccc(Cl)cc2)C(=O)C=1c1ccc(c(c1)OCCN1CCCCC1)OC,6.399996913372259
C1(=O)C(c2ccc(OC)c(c2)OCCN2CCCCC2)=C(C)CN1c1ccc(cc1)Cl,6.399996913372259
C1CN(CCOc2c(OC)ccc(C3C(=O)N(CC=3C)c3ccc(Cl)cc3)c2)CCC1,6.399996913372259
c1cc(ccc1N1CC(C)=C(c2cc(OCCN3CCCCC3)c(cc2)OC)C1=O)Cl,6.399996913372259
CC1CN(C(=O)C=1c1ccc(OC)c(c1)OCCN1CCCCC1)c1ccc(Cl)cc1,6.399996913372259
C1Cc2c(O1)ccnc2N1CCN(CC1)CCC1CCC(CC1)NC(C1CCC1)=O,7.995678626217358
C1(CCC1)C(=O)NC1CCC(CC1)CCN1CCN(c2nccc3c2CCO3)CC1,7.995678626217358
C(CC1CCC(NC(C2CCC2)=O)CC1)N1CCN(c2nccc3c2CCO3)CC1,7.995678626217358
C1C(CCC(C1)NC(=O)C1CCC1)CCN1CCN(CC1)c1nccc2OCCc12,7.995678626217358
c12CCOc1ccnc2N1CCN(CC1)CCC1CCC(NC(=O)C2CCC2)CC1,7.995678626217358
C1N(CCN(CCCOc2ccc3c(C(NC3)=O)c2)C1)c1cccc2c1cc(F)cc2,8.47237009912866
C1c2c(C(=O)N1)cc(cc2)OCCCN1CCN(c2c3cc(F)ccc3ccc2)CC1,8.47237009912866
c1(ccc2c(c1)C(=O)NC2)OCCCN1CCN(CC1)c1cccc2c1cc(cc2)F,8.47237009912866
c1(OCCCN2CCN(c3c4cc(F)ccc4ccc3)CC2)ccc2CNC(=O)c2c1,8.47237009912866
C1(=O)NCc2ccc(OCCCN3CCN(c4cccc5c4cc(cc5)F)CC3)cc21,8.47237009912866
c1c(CCN(CCc2ccc3c(OCO3)c2)CCCc2cccc(F)c2)cc(c(OC)c1)OC,6.732828271596986
COc1c(OC)ccc(CCN(CCc2cc3c(cc2)OCO3)CCCc2cc(F)ccc2)c1,6.732828271596986
c1c(CCN(CCc2ccc(OC)c(c2)OC)CCCc2cccc(c2)F)cc2OCOc2c1,6.732828271596986
N(CCCc1cc(F)ccc1)(CCc1ccc(OC)c(c1)OC)CCc1ccc2OCOc2c1,6.732828271596986
c1(cc(CCN(CCCc2cc(F)ccc2)CCc2cc3c(cc2)OCO3)ccc1OC)OC,6.732828271596986
O=c1n(C)c(=O)c2c(n1C)nc1n(CCCN3CCN(CC3)c3cc(ccc3)Cl)c(=O)ccn21,5.966998680643533
n1(c2n(ccc1=O)c1c(n(C)c(=O)n(c1n2)C)=O)CCCN1CCN(CC1)c1cccc(c1)Cl,5.966998680643533
c1cc(=O)n(c2nc3n(c(=O)n(c(c3n21)=O)C)C)CCCN1CCN(c2cc(ccc2)Cl)CC1,5.966998680643533
C1CN(c2cc(Cl)ccc2)CCN1CCCn1c(ccn2c3c(n(c(=O)n(c3=O)C)C)nc12)=O,5.966998680643533
C(CCn1c(ccn2c3c(=O)n(C)c(n(c3nc21)C)=O)=O)N1CCN(c2cc(Cl)ccc2)CC1,5.966998680643533
C(C)(Nc1ccc(OCCCN2CCN(c3ccccn3)CC2)cc1)=O,5.630598586303376
O(CCCN1CCN(c2ccccn2)CC1)c1ccc(cc1)NC(C)=O,5.630598586303376
c1(ccc(NC(=O)C)cc1)OCCCN1CCN(CC1)c1ncccc1,5.630598586303376
C(COc1ccc(cc1)NC(C)=O)CN1CCN(CC1)c1ccccn1,5.630598586303376
O(CCCN1CCN(CC1)c1ccccn1)c1ccc(cc1)NC(C)=O,5.630598586303376
c1(c(F)cc(cc1)F)CCN1CCC(S(c2ccc(cc2)Cl)(=O)=O)(F)CC1,9.193820026016112
c1(Cl)ccc(cc1)S(=O)(C1(CCN(CC1)CCc1c(cc(F)cc1)F)F)=O,9.193820026016112
C1(CCN(CC1)CCc1ccc(cc1F)F)(F)S(=O)(=O)c1ccc(cc1)Cl,9.193820026016112
S(c1ccc(cc1)Cl)(C1(CCN(CC1)CCc1ccc(F)cc1F)F)(=O)=O,9.193820026016112
c1(ccc(S(=O)(C2(CCN(CC2)CCc2c(F)cc(cc2)F)F)=O)cc1)Cl,9.193820026016112
c12c(c3c(OCCC3)cc2)c(c[nH]1)CC(N)C,8.443697499232712
C1COc2c(C1)c1c([nH]cc1CC(C)N)cc2,8.443697499232712
C1CCOc2ccc3[nH]cc(c3c21)CC(N)C,8.443697499232712
c12[nH]cc(CC(C)N)c1c1CCCOc1cc2,8.443697499232712
c1(CC(C)N)c2c3c(ccc2[nH]c1)OCCC3,8.443697499232712
c1c(-c2cc(CCNCCCC)ccc2Cl)c(OC)ccc1,6.2441251443275085
c1cc(Cl)c(-c2ccccc2OC)cc1CCNCCCC,6.2441251443275085
c1(c(-c2ccccc2OC)cc(cc1)CCNCCCC)Cl,6.2441251443275085
c1c(-c2c(ccc(c2)CCNCCCC)Cl)c(OC)ccc1,6.2441251443275085
CCCCNCCc1cc(c(Cl)cc1)-c1ccccc1OC,6.2441251443275085
c1(O)c(O)ccc2c1-c1cccc3CCN(C(C2)c31)C,6.920818753952375
c12-c3c(ccc(O)c3O)CC3N(C)CCc(c13)ccc2,6.920818753952375
c12CC3c4c(-c1c(c(O)cc2)O)cccc4CCN3C,6.920818753952375
C1Cc2c3C(N1C)Cc1ccc(O)c(O)c1-c3ccc2,6.920818753952375
c1(ccc2c(-c3cccc4c3C(C2)N(CC4)C)c1O)O,6.920818753952375
C1N(CCN(c2ccccc2OC)C1)CCCCNC(=O)c1nn2c(c1)cccc2,6.42021640338319
c1cc2n(cc1)nc(C(=O)NCCCCN1CCN(c3c(cccc3)OC)CC1)c2,6.42021640338319
C(c1nn2ccccc2c1)(=O)NCCCCN1CCN(CC1)c1ccccc1OC,6.42021640338319
N1(CCCCNC(=O)c2cc3n(n2)cccc3)CCN(c2c(cccc2)OC)CC1,6.42021640338319
c1c2cc(nn2ccc1)C(=O)NCCCCN1CCN(CC1)c1ccccc1OC,6.42021640338319
c1c(N2CCN(c3ccc(Cl)c(Cl)c3)C2=O)cc(OCCN(C)C)c(OC)c1,6.299997602857746
CN(CCOc1cc(ccc1OC)N1C(N(CC1)c1ccc(Cl)c(Cl)c1)=O)C,6.299997602857746
c1(c(cc(N2CCN(c3ccc(Cl)c(Cl)c3)C2=O)cc1)OCCN(C)C)OC,6.299997602857746
Clc1cc(ccc1Cl)N1C(=O)N(CC1)c1ccc(c(c1)OCCN(C)C)OC,6.299997602857746
C1N(c2ccc(OC)c(c2)OCCN(C)C)C(=O)N(C1)c1ccc(c(c1)Cl)Cl,6.299997602857746
Cc1oc2C(N(CCN3CCN(c4c5c(sn4)cccc5)CC3)CCCc2n1)=O,8.55284196865778
C1N(CCN(c2nsc3c2cccc3)C1)CCN1CCCc2c(C1=O)oc(C)n2,8.55284196865778
C1N(C(=O)c2c(CC1)nc(o2)C)CCN1CCN(c2nsc3c2cccc3)CC1,8.55284196865778
c1cc2c(N3CCN(CC3)CCN3CCCc4c(oc(n4)C)C3=O)nsc2cc1,8.55284196865778
c12c(C(=O)N(CCC1)CCN1CCN(c3nsc4c3cccc4)CC1)oc(n2)C,8.55284196865778
c1c(F)cc(c(c1)CN(C(OCc1ccc(OC(C)C)cc1)=O)C1CCNCC1)F,9.600326278518962
c1c(OC(C)C)ccc(c1)COC(=O)N(Cc1ccc(F)cc1F)C1CCNCC1,9.600326278518962
C1CC(CCN1)N(Cc1c(cc(cc1)F)F)C(=O)OCc1ccc(OC(C)C)cc1,9.600326278518962
c1c(F)c(CN(C2CCNCC2)C(=O)OCc2ccc(cc2)OC(C)C)ccc1F,9.600326278518962
c1cc(ccc1COC(N(C1CCNCC1)Cc1c(cc(F)cc1)F)=O)OC(C)C,9.600326278518962
c1cc(Cl)cc2c1N=C(c1ccc(C)cc1O2)N1CCN(CC1)CC1(CC1)C(=O)O,7.886056647693163
C1N(CC2(CC2)C(O)=O)CCN(C2=Nc3c(cc(cc3)Cl)Oc3c2ccc(c3)C)C1,7.886056647693163
c12cc(C)ccc2C(=Nc2c(O1)cc(Cl)cc2)N1CCN(CC1)CC1(C(=O)O)CC1,7.886056647693163
c1cc2c(Oc3cc(ccc3C(=N2)N2CCN(CC2)CC2(C(=O)O)CC2)C)cc1Cl,7.886056647693163
c1cc(Cl)cc2c1N=C(N1CCN(CC1)CC1(CC1)C(O)=O)c1ccc(C)cc1O2,7.886056647693163
n1(c2c3ccccc3nc(c2cc1)N1CCNCC1)S(c1cccc(c1)C)(=O)=O,5.334325219006106
C1CNCCN1c1c2ccn(c2c2c(cccc2)n1)S(c1cccc(C)c1)(=O)=O,5.334325219006106
c1ccc(cc1S(n1ccc2c(N3CCNCC3)nc3c(c12)cccc3)(=O)=O)C,5.334325219006106
N1CCN(CC1)c1nc2ccccc2c2c1ccn2S(=O)(=O)c1cccc(c1)C,5.334325219006106
c12ccccc1nc(c1ccn(c12)S(=O)(=O)c1cc(ccc1)C)N1CCNCC1,5.334325219006106
c1ccoc1C(=O)NCC1CCC(CN2CCN(c3nsc4cc(Cl)ccc34)CC2)CC1,9.494850021680094
C1N(CCN(c2nsc3c2ccc(Cl)c3)C1)CC1CCC(CNC(c2ccco2)=O)CC1,9.494850021680094
c1(occc1)C(=O)NCC1CCC(CC1)CN1CCN(c2nsc3cc(Cl)ccc32)CC1,9.494850021680094
N1(CCN(CC1)c1c2ccc(cc2sn1)Cl)CC1CCC(CNC(c2ccco2)=O)CC1,9.494850021680094
c1coc(c1)C(NCC1CCC(CC1)CN1CCN(c2c3c(sn2)cc(Cl)cc3)CC1)=O,9.494850021680094
c1oc2ccnc(c2c1)N1CCN(CCC2CCC(CC2)NC(CC2CCC(OC)CC2)=O)CC1,8.2518119729938
N1(c2c3ccoc3ccn2)CCN(CCC2CCC(NC(=O)CC3CCC(OC)CC3)CC2)CC1,8.2518119729938
N1(CCC2CCC(NC(CC3CCC(OC)CC3)=O)CC2)CCN(CC1)c1c2ccoc2ccn1,8.2518119729938
C(C(NC1CCC(CCN2CCN(c3nccc4occc43)CC2)CC1)=O)C1CCC(CC1)OC,8.2518119729938
COC1CCC(CC1)CC(NC1CCC(CC1)CCN1CCN(c2nccc3c2cco3)CC1)=O,8.2518119729938
c1cc(c(OCCN2CCCCC2)cc1N1CC=C(c2cccc(F)c2)C1=O)OC,6.199998172182031
C(CN1CCCCC1)Oc1c(OC)ccc(N2CC=C(c3cccc(F)c3)C2=O)c1,6.199998172182031
N1(CCOc2c(ccc(c2)N2C(C(=CC2)c2cc(ccc2)F)=O)OC)CCCCC1,6.199998172182031
C(Oc1cc(ccc1OC)N1C(=O)C(=CC1)c1cccc(c1)F)CN1CCCCC1,6.199998172182031
C1(=O)C(c2cccc(c2)F)=CCN1c1ccc(OC)c(OCCN2CCCCC2)c1,6.199998172182031
c1ccc(OC)c(N2CCN(Cc3c[nH]c4ncccc34)CC2)c1,5.636087314205654
c1c(OC)c(N2CCN(CC2)Cc2c[nH]c3c2cccn3)ccc1,5.636087314205654
c12c(c[nH]c1nccc2)CN1CCN(c2ccccc2OC)CC1,5.636087314205654
c1ccc2c([nH]cc2CN2CCN(c3c(OC)cccc3)CC2)n1,5.636087314205654
c1(c[nH]c2ncccc21)CN1CCN(c2c(OC)cccc2)CC1,5.636087314205654
C(C)c1c2CCC3N(c2ncc1COC(C)C)CCNC3,6.329754146925876
c12ncc(COC(C)C)c(CC)c2CCC2CNCCN12,6.329754146925876
c1c(c(c2c(N3C(CNCC3)CC2)n1)CC)COC(C)C,6.329754146925876
C1C2CNCCN2c2ncc(COC(C)C)c(CC)c2C1,6.329754146925876
C1CC2N(c3c1c(c(COC(C)C)cn3)CC)CCNC2,6.329754146925876
c1c(OC)cc(CNCCc2cc(OC)c(Br)cc2OC)c(OC)c1,7.510041520575165
c1c(OC)cc(CNCCc2c(OC)cc(Br)c(OC)c2)c(OC)c1,7.510041520575165
O(C)c1ccc(OC)cc1CNCCc1cc(OC)c(cc1OC)Br,7.510041520575165
C(CNCc1c(OC)ccc(c1)OC)c1cc(c(Br)cc1OC)OC,7.510041520575165
C(NCCc1cc(c(cc1OC)Br)OC)c1cc(OC)ccc1OC,7.510041520575165
Fc1ccc2c(c1)onc2C1CCN(CC2CC(c3c(n(C)nc3)C2)=O)CC1,7.7599502278873524
c12ccc(cc1onc2C1CCN(CC2CC(c3c(C2)n(C)nc3)=O)CC1)F,7.7599502278873524
C1(Cc2n(C)ncc2C(C1)=O)CN1CCC(c2noc3c2ccc(F)c3)CC1,7.7599502278873524
c12C(CC(Cc2n(nc1)C)CN1CCC(c2c3ccc(cc3on2)F)CC1)=O,7.7599502278873524
C1(Cc2n(ncc2C(=O)C1)C)CN1CCC(CC1)c1c2c(on1)cc(F)cc2,7.7599502278873524
C1C(CC(=O)c2c1nc(nc2)NC)CN1CCC(CC1)c1c2c(on1)cc(F)cc2,8.61996975203217
C1CC(c2noc3cc(F)ccc32)CCN1CC1CC(=O)c2cnc(nc2C1)NC,8.61996975203217
c1(NC)nc2c(cn1)C(CC(CN1CCC(c3noc4c3ccc(c4)F)CC1)C2)=O,8.61996975203217
c12nc(NC)ncc1C(CC(CN1CCC(c3noc4cc(F)ccc43)CC1)C2)=O,8.61996975203217
c12C(CC(CN3CCC(c4c5c(cc(F)cc5)on4)CC3)Cc1nc(nc2)NC)=O,8.61996975203217
C(N1CCN(c2ccccc2C(F)(F)F)CC1)CCOc1ccc2c(cc(=O)oc2c1C(=O)C)C,7.698970004336019
c1ccc(N2CCN(CCCOc3ccc4c(oc(cc4C)=O)c3C(C)=O)CC2)c(C(F)(F)F)c1,7.698970004336019
N1(c2ccccc2C(F)(F)F)CCN(CC1)CCCOc1c(C(C)=O)c2c(cc1)c(C)cc(o2)=O,7.698970004336019
c1(ccccc1C(F)(F)F)N1CCN(CCCOc2c(C(=O)C)c3c(cc2)c(cc(o3)=O)C)CC1,7.698970004336019
C(=O)(c1c2oc(cc(c2ccc1OCCCN1CCN(c2ccccc2C(F)(F)F)CC1)C)=O)C,7.698970004336019
C(CC(Nc1ccn2ncc(c2c1)C=O)=O)CN1CCN(CC1)c1ccccc1OC,6.522878745280337
C1N(CCN(c2ccccc2OC)C1)CCCC(Nc1cc2c(cnn2cc1)C=O)=O,6.522878745280337
C1N(CCN(C1)CCCC(Nc1ccn2c(c1)c(cn2)C=O)=O)c1c(OC)cccc1,6.522878745280337
O(c1c(cccc1)N1CCN(CCCC(=O)Nc2cc3n(cc2)ncc3C=O)CC1)C,6.522878745280337
N1(CCN(CC1)CCCC(Nc1ccn2ncc(c2c1)C=O)=O)c1ccccc1OC,6.522878745280337
n1n(cc2C(=O)N(CCc21)CCN1CCN(CC1)c1nsc2c1cccc2)C1CC1,8.958607314841775
O=C1c2cn(C3CC3)nc2CCN1CCN1CCN(c2nsc3c2cccc3)CC1,8.958607314841775
c1(nsc2c1cccc2)N1CCN(CC1)CCN1CCc2nn(cc2C1=O)C1CC1,8.958607314841775
c1cc2snc(N3CCN(CCN4C(=O)c5cn(C6CC6)nc5CC4)CC3)c2cc1,8.958607314841775
N1(CCN(CCN2C(c3cn(C4CC4)nc3CC2)=O)CC1)c1c2c(cccc2)sn1,8.958607314841775
C1CCCCC(CC1)C1CC(Cc2c1cccc2)N(C)C,7.522878745280337
C1(C2c3ccccc3CC(C2)N(C)C)CCCCCCC1,7.522878745280337
C1CC(CCCCC1)C1CC(Cc2c1cccc2)N(C)C,7.522878745280337
C1(CC(N(C)C)Cc2c1cccc2)C1CCCCCCC1,7.522878745280337
C1C(CCCCCC1)C1c2c(cccc2)CC(C1)N(C)C,7.522878745280337
c1(c(cc(C2=CCN(C2=O)c2ccc(OC)c(OCCN3CCCCC3)c2)cc1)Cl)Cl,6.199998172182031
COc1ccc(N2CC=C(C2=O)c2cc(c(Cl)cc2)Cl)cc1OCCN1CCCCC1,6.199998172182031
C1=C(c2ccc(Cl)c(Cl)c2)C(N(C1)c1ccc(c(c1)OCCN1CCCCC1)OC)=O,6.199998172182031
N1(c2cc(OCCN3CCCCC3)c(OC)cc2)C(=O)C(c2cc(Cl)c(cc2)Cl)=CC1,6.199998172182031
c1c(N2C(=O)C(c3ccc(Cl)c(c3)Cl)=CC2)ccc(OC)c1OCCN1CCCCC1,6.199998172182031
c1c(-c2c(n(c(=O)n3CCCCc23)CCCCN2CCCC(C2)c2c[nH]c3ccc(F)cc32)=O)ccc(c1)F,6.315154638355588
N1(CCCC(C1)c1c2c(ccc(F)c2)[nH]c1)CCCCn1c(=O)c(c2CCCCn2c1=O)-c1ccc(F)cc1,6.315154638355588
c1c(ccc2[nH]cc(c21)C1CN(CCCCn2c(n3c(c(c2=O)-c2ccc(cc2)F)CCCC3)=O)CCC1)F,6.315154638355588
c1c2[nH]cc(C3CN(CCCCn4c(n5CCCCc5c(c4=O)-c4ccc(cc4)F)=O)CCC3)c2cc(F)c1,6.315154638355588
C1n2c(n(c(c(c2CCC1)-c1ccc(F)cc1)=O)CCCCN1CC(c2c[nH]c3ccc(F)cc32)CCC1)=O,6.315154638355588
C(CN1CCC2(CC1)NC(NC2=O)=O)CCC(=O)c1cc(c(OC)cc1OC)NS(=O)(c1ccccc1)=O,5.499999678657065
c1cccc(S(=O)(=O)Nc2c(OC)cc(OC)c(C(=O)CCCCN3CCC4(CC3)NC(=O)NC4=O)c2)c1,5.499999678657065
COc1cc(OC)c(cc1C(=O)CCCCN1CCC2(CC1)NC(NC2=O)=O)NS(c1ccccc1)(=O)=O,5.499999678657065
O=S(c1ccccc1)(=O)Nc1c(OC)cc(c(c1)C(CCCCN1CCC2(CC1)C(NC(N2)=O)=O)=O)OC,5.499999678657065
c1(c(OC)cc(OC)c(c1)NS(c1ccccc1)(=O)=O)C(CCCCN1CCC2(CC1)NC(NC2=O)=O)=O,5.499999678657065
O=C(N1c2c(c(Cl)c(SC)cc2)CC1)Nc1cnccc1,5.300000202445418
N(C(N1c2ccc(SC)c(c2CC1)Cl)=O)c1cccnc1,5.300000202445418
C1N(c2ccc(c(c2C1)Cl)SC)C(=O)Nc1cnccc1,5.300000202445418
O=C(Nc1cnccc1)N1CCc2c1ccc(SC)c2Cl,5.300000202445418
N1(CCc2c(c(SC)ccc21)Cl)C(Nc1cnccc1)=O,5.300000202445418
c1cccc2c1onc2C1CCN(CCN2C(c3c(nn(c3CCC2)C)C)=O)CC1,8.79860287567955
c1ccc2onc(c2c1)C1CCN(CCN2C(c3c(CCC2)n(C)nc3C)=O)CC1,8.79860287567955
C1(c2noc3c2cccc3)CCN(CCN2C(c3c(n(C)nc3C)CCC2)=O)CC1,8.79860287567955
c12ccccc2onc1C1CCN(CC1)CCN1C(c2c(n(C)nc2C)CCC1)=O,8.79860287567955
c1(C)c2C(N(CCCc2n(n1)C)CCN1CCC(c2c3ccccc3on2)CC1)=O,8.79860287567955
C1(CCC(NC(=O)C)CC1)CCN1CCC(c2noc3ccc(F)cc23)CC1,7.32910504647979
C1CC(c2noc3ccc(F)cc32)CCN1CCC1CCC(CC1)NC(=O)C,7.32910504647979
o1c2ccc(F)cc2c(n1)C1CCN(CC1)CCC1CCC(NC(=O)C)CC1,7.32910504647979
C(CN1CCC(c2c3c(on2)ccc(F)c3)CC1)C1CCC(NC(=O)C)CC1,7.32910504647979
Fc1ccc2c(c1)c(C1CCN(CCC3CCC(CC3)NC(=O)C)CC1)no2,7.32910504647979
C1C(S(=O)(c2ccc(cc2)F)=O)CCN(C1)CCc1c(cc(F)cc1)F,9.3767507096021
c1c(ccc(c1)F)S(C1CCN(CCc2c(F)cc(F)cc2)CC1)(=O)=O,9.3767507096021
c1(F)cc(F)c(CCN2CCC(CC2)S(c2ccc(F)cc2)(=O)=O)cc1,9.3767507096021
C1N(CCc2c(F)cc(cc2)F)CCC(C1)S(=O)(=O)c1ccc(cc1)F,9.3767507096021
O=S(C1CCN(CC1)CCc1ccc(F)cc1F)(c1ccc(cc1)F)=O,9.3767507096021
c12CNCCc1nc(CC(C)C)nc2-c1ccc(F)cc1,7.5376020021010435
CC(C)Cc1nc2c(CNCC2)c(n1)-c1ccc(cc1)F,7.5376020021010435
c12CCNCc1c(nc(CC(C)C)n2)-c1ccc(cc1)F,7.5376020021010435
c1(-c2ccc(cc2)F)nc(CC(C)C)nc2c1CNCC2,7.5376020021010435
c1(ccc(F)cc1)-c1nc(nc2CCNCc21)CC(C)C,7.5376020021010435
C1C(CCC1)c1nc2CCNCCc2c(-c2ccc(F)cc2)n1,7.886056647693163
c1(C2CCCC2)nc(c2CCNCCc2n1)-c1ccc(cc1)F,7.886056647693163
c1(-c2ccc(cc2)F)nc(nc2CCNCCc12)C1CCCC1,7.886056647693163
n1c(nc(-c2ccc(F)cc2)c2c1CCNCC2)C1CCCC1,7.886056647693163
c1(ccc(cc1)F)-c1c2c(CCNCC2)nc(C2CCCC2)n1,7.886056647693163
FC(F)(c1cccc(C(Nc2ccc(OCCN3CCN(CC3)C(C)=O)c(c2)-c2ccnn2C)=O)c1)F,8.366531544420413
n1n(C)c(cc1)-c1cc(NC(c2cc(C(F)(F)F)ccc2)=O)ccc1OCCN1CCN(CC1)C(=O)C,8.366531544420413
O=C(C)N1CCN(CCOc2ccc(cc2-c2ccnn2C)NC(=O)c2cccc(C(F)(F)F)c2)CC1,8.366531544420413
C(CN1CCN(C(C)=O)CC1)Oc1ccc(NC(c2cc(ccc2)C(F)(F)F)=O)cc1-c1ccnn1C,8.366531544420413
n1(nccc1-c1c(ccc(c1)NC(c1cccc(c1)C(F)(F)F)=O)OCCN1CCN(C(=O)C)CC1)C,8.366531544420413
O1COc2c1c(ccc2)C1CCN(CCC2CCC(NC(CC#N)=O)CC2)CC1,7.648783654660658
C1CC(CCC1NC(CC#N)=O)CCN1CCC(c2cccc3c2OCO3)CC1,7.648783654660658
C1CC(NC(=O)CC#N)CCC1CCN1CCC(CC1)c1cccc2OCOc21,7.648783654660658
C1(NC(=O)CC#N)CCC(CCN2CCC(CC2)c2c3c(ccc2)OCO3)CC1,7.648783654660658
C1Oc2c(c(ccc2)C2CCN(CCC3CCC(NC(CC#N)=O)CC3)CC2)O1,7.648783654660658
c12cccc3c2N(CC(=O)N3)C2C1CN(CCCOc1ccc(F)cc1)CC2,8.080921907623926
c1c(OCCCN2CC3C(N4c5c(NC(=O)C4)cccc35)CC2)ccc(F)c1,8.080921907623926
O(CCCN1CCC2C(c3c4c(NC(CN42)=O)ccc3)C1)c1ccc(F)cc1,8.080921907623926
C12CN(CCC2N2c3c1cccc3NC(C2)=O)CCCOc1ccc(cc1)F,8.080921907623926
C(Oc1ccc(cc1)F)CCN1CC2C(N3c4c2cccc4NC(=O)C3)CC1,8.080921907623926
c1cccc2c1onc2CCCN1CCC(NS(c2sc3c(c2)cc(C)cc3)(=O)=O)C1,9.230032198670557
C(CN1CC(NS(=O)(c2sc3c(cc(cc3)C)c2)=O)CC1)Cc1noc2ccccc21,9.230032198670557
C1(CN(CC1)CCCc1c2c(on1)cccc2)NS(=O)(c1sc2c(c1)cc(cc2)C)=O,9.230032198670557
c1ccc2c(c(CCCN3CC(NS(=O)(=O)c4cc5cc(ccc5s4)C)CC3)no2)c1,9.230032198670557
C1C(CCN1CCCc1noc2c1cccc2)NS(=O)(=O)c1cc2cc(C)ccc2s1,9.230032198670557
C(O)CS(N(CC)CCN1CCC(CC1)n1ncc2c1ccc(F)c2)(=O)=O,8.508638306165727
c12cc(ccc2n(C2CCN(CC2)CCN(S(CCO)(=O)=O)CC)nc1)F,8.508638306165727
S(CCO)(N(CC)CCN1CCC(n2c3c(cn2)cc(cc3)F)CC1)(=O)=O,8.508638306165727
C1C(n2c3ccc(F)cc3cn2)CCN(C1)CCN(CC)S(CCO)(=O)=O,8.508638306165727
Fc1cc2cnn(C3CCN(CC3)CCN(CC)S(=O)(CCO)=O)c2cc1,8.508638306165727
c12CCCCN3c2c(ccc1)C1CN(CCCC(c2ccc(F)cc2N)=O)CCC31,9.045757490560675
C1CCCc2c3N1C1C(CN(CCCC(=O)c4ccc(F)cc4N)CC1)c3ccc2,9.045757490560675
C(C(=O)c1ccc(cc1N)F)CCN1CC2C(N3c4c2cccc4CCCC3)CC1,9.045757490560675
c1(cc(F)ccc1C(CCCN1CC2C(N3c4c(cccc24)CCCC3)CC1)=O)N,9.045757490560675
c1(N)c(C(CCCN2CCC3C(c4cccc5CCCCN3c45)C2)=O)ccc(F)c1,9.045757490560675
CC1CN(CC(O1)C)c1ccc(cc1)C(NC1CCC(CCN2CCC(CC2)c2noc3cc(F)ccc23)CC1)=O,7.673254620434678
C1C(CCN(C1)CCC1CCC(NC(c2ccc(cc2)N2CC(C)OC(C)C2)=O)CC1)c1c2c(cc(F)cc2)on1,7.673254620434678
c1cc(ccc1C(NC1CCC(CCN2CCC(CC2)c2noc3c2ccc(c3)F)CC1)=O)N1CC(OC(C)C1)C,7.673254620434678
C(N1CCC(c2c3ccc(cc3on2)F)CC1)CC1CCC(CC1)NC(=O)c1ccc(N2CC(OC(C2)C)C)cc1,7.673254620434678
N(C1CCC(CC1)CCN1CCC(CC1)c1c2ccc(F)cc2on1)C(c1ccc(cc1)N1CC(OC(C)C1)C)=O,7.673254620434678
O=C1c2c(c(C)ccc2)CC2N1CCNC2,5.995678626217358
c1ccc2c(c1C)CC1CNCCN1C2=O,5.995678626217358
N12C(Cc3c(C1=O)cccc3C)CNCC2,5.995678626217358
N12CCNCC2Cc2c(cccc2C1=O)C,5.995678626217358
c1c(C)c2CC3CNCCN3C(=O)c2cc1,5.995678626217358
C1N(CCC2CCN(CC2)S(=O)(c2c3c(cnc2)cccc3)=O)CCN(c2ccccc2)C1,6.3872161432802645
c1c2c(cncc2S(=O)(N2CCC(CCN3CCN(CC3)c3ccccc3)CC2)=O)ccc1,6.3872161432802645
c1c2c(cncc2ccc1)S(=O)(N1CCC(CC1)CCN1CCN(CC1)c1ccccc1)=O,6.3872161432802645
c1cc2cncc(c2cc1)S(=O)(N1CCC(CCN2CCN(c3ccccc3)CC2)CC1)=O,6.3872161432802645
c1c2c(cncc2S(=O)(=O)N2CCC(CC2)CCN2CCN(CC2)c2ccccc2)ccc1,6.3872161432802645
N(C(=O)CCCCCN1CCN(c2ccccc2-c2ccccc2)CC1)Cc1ccc(C#N)cc1,6.20342566678957
C(CCCCC(NCc1ccc(cc1)C#N)=O)N1CCN(c2c(cccc2)-c2ccccc2)CC1,6.20342566678957
C1N(CCCCCC(NCc2ccc(cc2)C#N)=O)CCN(C1)c1c(-c2ccccc2)cccc1,6.20342566678957
c1(ccc(C#N)cc1)CNC(CCCCCN1CCN(c2ccccc2-c2ccccc2)CC1)=O,6.20342566678957
C1N(CCN(C1)CCCCCC(=O)NCc1ccc(cc1)C#N)c1c(cccc1)-c1ccccc1,6.20342566678957
c1c(NC(Nc2ccc(OC)cc2)=O)cc(c(c1)OCCN1CCCCC1)-c1ccnn1C,9.267606240177031
C(COc1ccc(cc1-c1n(ncc1)C)NC(=O)Nc1ccc(OC)cc1)N1CCCCC1,9.267606240177031
C1CCCCN1CCOc1c(-c2n(C)ncc2)cc(cc1)NC(=O)Nc1ccc(OC)cc1,9.267606240177031
C1CCCCN1CCOc1ccc(cc1-c1ccnn1C)NC(Nc1ccc(OC)cc1)=O,9.267606240177031
c1(ccc(OC)cc1)NC(Nc1ccc(c(c1)-c1n(C)ncc1)OCCN1CCCCC1)=O,9.267606240177031
C(c1c(cc(SSC(C)(C)C)c(OC)c1)OC)CN,7.2295898684860935
c1(OC)cc(c(cc1CCN)OC)SSC(C)(C)C,7.2295898684860935
c1(c(cc(CCN)c(OC)c1)OC)SSC(C)(C)C,7.2295898684860935
c1c(OC)c(SSC(C)(C)C)cc(c1CCN)OC,7.2295898684860935
O(C)c1c(SSC(C)(C)C)cc(OC)c(c1)CCN,7.2295898684860935
C1C(c2cc(ccc2CCN1CCC1CCC(CC1)NC(N(C)C)=O)Cl)C,7.59176003468815
c12ccc(Cl)cc1C(C)CN(CC2)CCC1CCC(CC1)NC(=O)N(C)C,7.59176003468815
c1c(cc2c(c1)CCN(CCC1CCC(NC(N(C)C)=O)CC1)CC2C)Cl,7.59176003468815
Clc1ccc2c(c1)C(CN(CC2)CCC1CCC(NC(=O)N(C)C)CC1)C,7.59176003468815
CC1CN(CCC2CCC(CC2)NC(=O)N(C)C)CCc2ccc(cc21)Cl,7.59176003468815
c12cc(c(cc2N(CC(C)N)CC1)C(F)(F)F)F,6.364516253185088
c1(c(C(F)(F)F)cc2N(CC(N)C)CCc2c1)F,6.364516253185088
FC(c1cc2N(CC(N)C)CCc2cc1F)(F)F,6.364516253185088
c1(F)c(C(F)(F)F)cc2N(CC(N)C)CCc2c1,6.364516253185088
c12c(cc(C(F)(F)F)c(F)c2)N(CC(N)C)CC1,6.364516253185088
N1(CCN(c2ccc(C=C)cc2)CC1)Cc1c2cccnc2[nH]c1,6.293282217663241
C(c1c[nH]c2ncccc12)N1CCN(c2ccc(C=C)cc2)CC1,6.293282217663241
[nH]1c2ncccc2c(CN2CCN(CC2)c2ccc(C=C)cc2)c1,6.293282217663241
c1[nH]c2c(c1CN1CCN(c3ccc(C=C)cc3)CC1)cccn2,6.293282217663241
c1c(ccc(c1)N1CCN(Cc2c[nH]c3ncccc23)CC1)C=C,6.293282217663241
Clc1cc(c(F)cc1)COc1n(nc(CNC)c1)CC(C)(C)C,8.1249387366083
c1(n(CC(C)(C)C)nc(c1)CNC)OCc1c(ccc(Cl)c1)F,8.1249387366083
c1(n(nc(CNC)c1)CC(C)(C)C)OCc1cc(Cl)ccc1F,8.1249387366083
c1c(F)c(cc(c1)Cl)COc1n(CC(C)(C)C)nc(CNC)c1,8.1249387366083
C(c1cc(ccc1F)Cl)Oc1cc(CNC)nn1CC(C)(C)C,8.1249387366083
C1CC(CCC1NC(CCOC)=O)CCN1CCC(CC1)c1c2OCOc2ccc1,7.4179366370882915
COCCC(=O)NC1CCC(CC1)CCN1CCC(c2c3OCOc3ccc2)CC1,7.4179366370882915
N1(CCC2CCC(NC(CCOC)=O)CC2)CCC(CC1)c1cccc2c1OCO2,7.4179366370882915
C1CC(CCC1CCN1CCC(c2cccc3c2OCO3)CC1)NC(CCOC)=O,7.4179366370882915
c12cccc(C3CCN(CCC4CCC(NC(CCOC)=O)CC4)CC3)c2OCO1,7.4179366370882915
c12cc(ccc1NC(N)=NC2)Cl,5.879383299473933
C1(N)Nc2c(CN=1)cc(cc2)Cl,5.879383299473933
c1(Cl)ccc2c(CN=C(N2)N)c1,5.879383299473933
c1c2NC(=NCc2cc(c1)Cl)N,5.879383299473933
c1c2c(ccc1Cl)NC(N)=NC2,5.879383299473933
c1ccc(c(C(=O)CN2CCN(C(=O)c3c(cn(n3)C)Br)CC2)c1)F,6.568636235841013
C(c1nn(C)cc1Br)(=O)N1CCN(CC(=O)c2ccccc2F)CC1,6.568636235841013
c1(C(=O)N2CCN(CC(=O)c3c(cccc3)F)CC2)nn(C)cc1Br,6.568636235841013
C1N(CC(c2ccccc2F)=O)CCN(C1)C(c1c(Br)cn(C)n1)=O,6.568636235841013
n1c(C(N2CCN(CC(c3ccccc3F)=O)CC2)=O)c(cn1C)Br,6.568636235841013
c1cc2CCC(Nc2c(c1)CCN1CCN(c2nsc3c2cccc3)CC1)=O,9.55284196865778
N1(CCN(CC1)CCc1c2NC(=O)CCc2ccc1)c1c2c(cccc2)sn1,9.55284196865778
N1(c2c3c(cccc3)sn2)CCN(CCc2cccc3c2NC(=O)CC3)CC1,9.55284196865778
c12c(c(ns1)N1CCN(CCc3cccc4CCC(Nc43)=O)CC1)cccc2,9.55284196865778
c1(nsc2ccccc12)N1CCN(CC1)CCc1c2NC(CCc2ccc1)=O,9.55284196865778
c12OCCCc2c2c([nH]cc2CCN(C)C)cc1,7.769551078621726
CN(C)CCc1c2c3CCCOc3ccc2[nH]c1,7.769551078621726
c12c(OCCC2)ccc2c1c(CCN(C)C)c[nH]2,7.769551078621726
C(N(C)C)Cc1c2c(ccc3OCCCc23)[nH]c1,7.769551078621726
CN(CCc1c[nH]c2ccc3c(c21)CCCO3)C,7.769551078621726
Fc1ccc(cc1)CN(C(=O)OCc1ccc(cc1)OC(C)C)C1CCNCC1F,10.0
CC(C)Oc1ccc(COC(N(C2C(CNCC2)F)Cc2ccc(F)cc2)=O)cc1,10.0
Fc1ccc(cc1)CN(C(=O)OCc1ccc(OC(C)C)cc1)C1C(CNCC1)F,10.0
c1(F)ccc(CN(C(OCc2ccc(cc2)OC(C)C)=O)C2CCNCC2F)cc1,10.0
c1(ccc(cc1)OC(C)C)COC(=O)N(Cc1ccc(cc1)F)C1C(F)CNCC1,10.0
O=C1N2C(Cc3c1cccc3)CNCC2C,7.0915149811213505
C1C2CNCC(C)N2C(c2ccccc12)=O,7.0915149811213505
C1(C)CNCC2Cc3ccccc3C(=O)N12,7.0915149811213505
N1CC2Cc3ccccc3C(N2C(C1)C)=O,7.0915149811213505
C1(=O)N2C(CNCC2Cc2ccccc21)C,7.0915149811213505
N1(C(=O)c2c(Br)cn(C)n2)CCN(CC(=O)c2c(F)cc(F)cc2)CC1,7.154901959985743
C1N(CC(c2ccc(cc2F)F)=O)CCN(C1)C(=O)c1c(Br)cn(C)n1,7.154901959985743
Fc1cc(ccc1C(=O)CN1CCN(C(c2c(Br)cn(n2)C)=O)CC1)F,7.154901959985743
c1c(cc(c(c1)C(=O)CN1CCN(C(=O)c2nn(C)cc2Br)CC1)F)F,7.154901959985743
C1N(C(c2c(cn(C)n2)Br)=O)CCN(C1)CC(=O)c1ccc(cc1F)F,7.154901959985743
C1(CCN(CCC2CCC(CC2)NC(C2CC2(F)F)=O)CC1)c1cccc2OCOc21,7.573976984310124
C1C(F)(C1C(NC1CCC(CCN2CCC(CC2)c2c3OCOc3ccc2)CC1)=O)F,7.573976984310124
C1C(CCC(C1)CCN1CCC(CC1)c1c2c(OCO2)ccc1)NC(C1CC1(F)F)=O,7.573976984310124
c1(c2c(OCO2)ccc1)C1CCN(CC1)CCC1CCC(NC(=O)C2C(F)(F)C2)CC1,7.573976984310124
C1CC(c2cccc3OCOc23)CCN1CCC1CCC(NC(=O)C2CC2(F)F)CC1,7.573976984310124
c12c(C(N3CCN(CC4(CC4)C(O)=O)CC3)=Nc3ccc(F)cc3O1)ccc(c2)F,7.886056647693163
c12c(ccc(c1)F)C(N1CCN(CC3(CC3)C(O)=O)CC1)=Nc1ccc(cc1O2)F,7.886056647693163
OC(C1(CN2CCN(C3c4ccc(cc4Oc4cc(ccc4N=3)F)F)CC2)CC1)=O,7.886056647693163
C1CN(C2c3c(Oc4c(ccc(F)c4)N=2)cc(F)cc3)CCN1CC1(C(O)=O)CC1,7.886056647693163
c1c2N=C(c3c(Oc2cc(F)c1)cc(F)cc3)N1CCN(CC1)CC1(CC1)C(O)=O,7.886056647693163
C1NCCN(c2nc(nc(C(CC)Oc3cccc(c3Cl)Cl)n2)N)C1,6.928117992693875
n1c(nc(C(CC)Oc2cccc(c2Cl)Cl)nc1N1CCNCC1)N,6.928117992693875
n1c(N)nc(nc1N1CCNCC1)C(Oc1c(Cl)c(ccc1)Cl)CC,6.928117992693875
n1c(N)nc(nc1N1CCNCC1)C(Oc1cccc(c1Cl)Cl)CC,6.928117992693875
n1c(nc(nc1C(CC)Oc1c(Cl)c(Cl)ccc1)N)N1CCNCC1,6.928117992693875
c12cc(ccc2C(=Nc2c(O1)cc(cc2)F)N1CCN(CC1)CC(C)(C)C(=O)O)C,7.886056647693163
O1c2cc(C)ccc2C(N2CCN(CC(C(O)=O)(C)C)CC2)=Nc2c1cc(F)cc2,7.886056647693163
C(C(O)=O)(C)(CN1CCN(C2c3ccc(C)cc3Oc3cc(ccc3N=2)F)CC1)C,7.886056647693163
c1cc(F)cc2Oc3cc(C)ccc3C(N3CCN(CC3)CC(C)(C(O)=O)C)=Nc12,7.886056647693163
c1c2Oc3c(ccc(F)c3)N=C(N3CCN(CC(C)(C(O)=O)C)CC3)c2ccc1C,7.886056647693163
c1cccc2c3cccc(I)c3nc(OCC3CCN(CCC)CC3)c21,5.991825815993574
c1c2c3cccc(I)c3nc(c2ccc1)OCC1CCN(CCC)CC1,5.991825815993574
C(N1CCC(CC1)COc1c2c(cccc2)c2c(c(ccc2)I)n1)CC,5.991825815993574
C(CC)N1CCC(CC1)COc1nc2c(cccc2I)c2ccccc12,5.991825815993574
C1CN(CCC)CCC1COc1nc2c(c3c1cccc3)cccc2I,5.991825815993574
COCC(O)C(N(CCN1CCC(C2c3c(ON2)cc(F)cc3)CC1)CC)=O,8.602059991327963
C(C(N(CC)CCN1CCC(C2c3c(ON2)cc(cc3)F)CC1)=O)(O)COC,8.602059991327963
C(C(O)COC)(=O)N(CCN1CCC(C2c3c(ON2)cc(F)cc3)CC1)CC,8.602059991327963
C(COC)(O)C(N(CC)CCN1CCC(C2c3c(ON2)cc(F)cc3)CC1)=O,8.602059991327963
C(C)N(C(=O)C(O)COC)CCN1CCC(C2NOc3cc(F)ccc23)CC1,8.602059991327963
C(N1CCC(c2c3c(on2)cccc3)CC1)CN1C(=O)c2c(nc(C3CC3)o2)CC1,8.397940008672037
C1C(C1)c1nc2c(o1)C(N(CC2)CCN1CCC(c2c3c(on2)cccc3)CC1)=O,8.397940008672037
c1c2c(noc2ccc1)C1CCN(CCN2CCc3c(oc(n3)C3CC3)C2=O)CC1,8.397940008672037
O=C1c2c(CCN1CCN1CCC(c3noc4ccccc43)CC1)nc(o2)C1CC1,8.397940008672037
c1cc2c(C3CCN(CC3)CCN3C(c4oc(nc4CC3)C3CC3)=O)noc2cc1,8.397940008672037
c1cc(c2C(=O)NC3CNCC3c2c1)C(F)(F)F,5.745693667668714
c1ccc2c(C(=O)NC3CNCC32)c1C(F)(F)F,5.745693667668714
C1(c2c(cccc2C2C(CNC2)N1)C(F)(F)F)=O,5.745693667668714
N1C(=O)c2c(C(F)(F)F)cccc2C2C1CNC2,5.745693667668714
C12NC(c3c(C(F)(F)F)cccc3C2CNC1)=O,5.745693667668714
C12C3CC4C2C2C5N(C(O)(C3C45)C21)CCc1cc(OC)ccc1,5.646083769079637
c1c(cccc1CCN1C2C3C4C5C6CC4C2C6C1(O)C53)OC,5.646083769079637
C(c1cccc(OC)c1)CN1C2(C3C4C5C6C(C2C6C3C5)C41)O,5.646083769079637
C12C3C4C5C(C1C1CC2C4C51)(N3CCc1cc(ccc1)OC)O,5.646083769079637
C1C2C3C4C5(O)C6C(C2C6C14)C3N5CCc1cccc(c1)OC,5.646083769079637
c1c(F)ccc(c1C)CN(C1CCN(C)CC1)C(=O)OCc1ccc(OC(C)C)cc1,7.801342913045577
O(c1ccc(COC(=O)N(C2CCN(C)CC2)Cc2ccc(F)cc2C)cc1)C(C)C,7.801342913045577
O=C(N(Cc1ccc(F)cc1C)C1CCN(C)CC1)OCc1ccc(OC(C)C)cc1,7.801342913045577
CC(C)Oc1ccc(COC(N(C2CCN(C)CC2)Cc2ccc(cc2C)F)=O)cc1,7.801342913045577
C1(CCN(C)CC1)N(Cc1c(cc(F)cc1)C)C(OCc1ccc(OC(C)C)cc1)=O,7.801342913045577
Clc1ccc2c(C3CCN(CC3)CCC3CCC(CC3)NC(=O)CCOC)noc2c1,7.781202001888262
C1(CCN2CCC(c3noc4c3ccc(Cl)c4)CC2)CCC(NC(CCOC)=O)CC1,7.781202001888262
n1c(c2c(cc(Cl)cc2)o1)C1CCN(CC1)CCC1CCC(CC1)NC(=O)CCOC,7.781202001888262
O=C(CCOC)NC1CCC(CCN2CCC(c3c4ccc(Cl)cc4on3)CC2)CC1,7.781202001888262
C(=O)(CCOC)NC1CCC(CCN2CCC(c3c4c(cc(cc4)Cl)on3)CC2)CC1,7.781202001888262
Cc1c2c(ccn1)CCN(CCN1CCC(c3c4ccccc4on3)CC1)C2=O,8.795880017344075
C1(CCN(CC1)CCN1CCc2ccnc(c2C1=O)C)c1c2c(cccc2)on1,8.795880017344075
C1Cc2c(C(N1CCN1CCC(c3noc4ccccc34)CC1)=O)c(ncc2)C,8.795880017344075
O=C1c2c(C)nccc2CCN1CCN1CCC(CC1)c1c2c(cccc2)on1,8.795880017344075
c12c(cccc2)c(no1)C1CCN(CCN2CCc3c(C2=O)c(C)ncc3)CC1,8.795880017344075
c1c(C)c(ccc1)C1CC(N(C)C)Cc2c1cccc2,6.0
CN(C1Cc2c(cccc2)C(c2c(cccc2)C)C1)C,6.0
c1ccc2C(CC(Cc2c1)N(C)C)c1ccccc1C,6.0
C1c2ccccc2C(c2ccccc2C)CC1N(C)C,6.0
c1cc(c(C2CC(Cc3ccccc23)N(C)C)cc1)C,6.0
O=C(NC1CCC(CCN2CCC(c3c4c(on3)cc(Cl)cc4)CC2)CC1)CC#N,7.807432546663454
n1oc2cc(Cl)ccc2c1C1CCN(CC1)CCC1CCC(NC(=O)CC#N)CC1,7.807432546663454
C1CC(c2noc3c2ccc(c3)Cl)CCN1CCC1CCC(CC1)NC(CC#N)=O,7.807432546663454
C1CC(CCC1NC(=O)CC#N)CCN1CCC(c2c3c(on2)cc(cc3)Cl)CC1,7.807432546663454
C(N1CCC(c2c3ccc(Cl)cc3on2)CC1)CC1CCC(NC(CC#N)=O)CC1,7.807432546663454
C1C(c2c3OCOc3ccc2)CCN(CCC2CCC(CC2)NC(=O)CC(OC)C)C1,7.473273132685365
O1c2cccc(c2OC1)C1CCN(CC1)CCC1CCC(NC(CC(OC)C)=O)CC1,7.473273132685365
C1Oc2c(O1)c(ccc2)C1CCN(CCC2CCC(NC(CC(C)OC)=O)CC2)CC1,7.473273132685365
C(CC1CCC(CC1)NC(=O)CC(C)OC)N1CCC(CC1)c1cccc2c1OCO2,7.473273132685365
c12OCOc1c(C1CCN(CC1)CCC1CCC(NC(=O)CC(OC)C)CC1)ccc2,7.473273132685365
C1(CCC(CC1)CCN1CCC(CC1)c1cccc2c1CCO2)NC(=O)CC(O)CC,6.910801633194851
OC(CC(NC1CCC(CC1)CCN1CCC(CC1)c1c2c(OCC2)ccc1)=O)CC,6.910801633194851
C1CC(CCC1CCN1CCC(CC1)c1cccc2OCCc21)NC(=O)CC(O)CC,6.910801633194851
C1COc2cccc(c12)C1CCN(CCC2CCC(NC(=O)CC(O)CC)CC2)CC1,6.910801633194851
C1CC(CCN2CCC(c3c4c(ccc3)OCC4)CC2)CCC1NC(CC(CC)O)=O,6.910801633194851
c12C(CC(c3ccccc3)c1ccc(c2)Cl)N1CC(NCC1)(C)C,9.075720713938118
CC1(C)NCCN(C1)C1c2c(ccc(Cl)c2)C(c2ccccc2)C1,9.075720713938118
c12c(cc(Cl)cc2)C(CC1c1ccccc1)N1CC(NCC1)(C)C,9.075720713938118
CC1(CN(CCN1)C1c2c(C(c3ccccc3)C1)ccc(c2)Cl)C,9.075720713938118
c1ccccc1C1c2ccc(Cl)cc2C(N2CC(C)(NCC2)C)C1,9.075720713938118
C(CN1Cc2c(CC1)c(Cl)ccc2)CCc1nc2cc(ccc2s1)Cl,6.307951047653262
c1c(Cl)c2c(cc1)CN(CC2)CCCCc1nc2cc(Cl)ccc2s1,6.307951047653262
c1ccc(c2CCN(CCCCc3nc4c(ccc(c4)Cl)s3)Cc21)Cl,6.307951047653262
c12c(CCN(CCCCc3sc4c(cc(Cl)cc4)n3)C2)c(Cl)ccc1,6.307951047653262
N1(CCCCc2nc3cc(ccc3s2)Cl)CCc2c(cccc2C1)Cl,6.307951047653262
n1oc2c(ccc(c2)F)c1C1CCN(CC1)CCN(CC)C(C1C(O)CCN(C(=O)C)C1)=O,8.619788758288394
C1(c2noc3c2ccc(c3)F)CCN(CC1)CCN(CC)C(C1CN(C(C)=O)CCC1O)=O,8.619788758288394
c1c(F)cc2c(c1)c(C1CCN(CCN(C(C3CN(C(=O)C)CCC3O)=O)CC)CC1)no2,8.619788758288394
C1CN(C(C)=O)CC(C(=O)N(CCN2CCC(CC2)c2c3ccc(cc3on2)F)CC)C1O,8.619788758288394
C1CN(CCC1c1c2ccc(cc2on1)F)CCN(C(=O)C1CN(C(C)=O)CCC1O)CC,8.619788758288394
c1c2c(ccc1)C(c1ccccc1C2)C(N)C,6.714442690992226
c12C(C(C)N)c3c(Cc1cccc2)cccc3,6.714442690992226
C1c2c(cccc2)C(C(N)C)c2ccccc21,6.714442690992226
c12c(C(C(N)C)c3ccccc3C1)cccc2,6.714442690992226
c12c(Cc3ccccc3C2C(C)N)cccc1,6.714442690992226
c1c(c(ccc1NC(=O)Nc1ccc(cc1)Cl)O)-c1n(C)ncc1Br,9.400007822415901
c1(-c2n(C)ncc2Br)cc(ccc1O)NC(=O)Nc1ccc(cc1)Cl,9.400007822415901
Brc1c(n(C)nc1)-c1c(ccc(c1)NC(=O)Nc1ccc(cc1)Cl)O,9.400007822415901
c1cc(O)c(-c2c(cnn2C)Br)cc1NC(Nc1ccc(Cl)cc1)=O,9.400007822415901
N(c1ccc(Cl)cc1)C(Nc1cc(c(O)cc1)-c1c(Br)cnn1C)=O,9.400007822415901
c12ccccc1-c1ccc(cc1C2)C(=O)NC(N)=N,6.0
c1cc2-c3c(cc(cc3)C(=O)NC(=N)N)Cc2cc1,6.0
NC(NC(=O)c1ccc2-c3ccccc3Cc2c1)=N,6.0
c1cc2c(-c3ccc(cc3C2)C(NC(N)=N)=O)cc1,6.0
c1c(C(=O)NC(=N)N)ccc2-c3ccccc3Cc21,6.0
C(N1CCN(CC1)CCSc1nc(c(c(N)n1)Cc1cc(c(c(OC)c1)OC)OC)N)c1ccccc1Cl,8.366531544420413
n1c(c(Cc2cc(OC)c(c(OC)c2)OC)c(nc1SCCN1CCN(CC1)Cc1ccccc1Cl)N)N,8.366531544420413
c1(c(nc(SCCN2CCN(CC2)Cc2ccccc2Cl)nc1N)N)Cc1cc(OC)c(c(OC)c1)OC,8.366531544420413
c1(N)nc(nc(c1Cc1cc(OC)c(OC)c(c1)OC)N)SCCN1CCN(CC1)Cc1ccccc1Cl,8.366531544420413
c1(cc(cc(c1OC)OC)Cc1c(nc(SCCN2CCN(Cc3c(cccc3)Cl)CC2)nc1N)N)OC,8.366531544420413
O=C(N1CCN(CC1)c1cccc(c1)Cl)NCCCCCCn1nc2n(cccc2)c1=O,6.275724130399211
c1cc(Cl)cc(N2CCN(C(=O)NCCCCCCn3nc4n(c3=O)cccc4)CC2)c1,6.275724130399211
C(CCCNC(=O)N1CCN(CC1)c1cc(Cl)ccc1)CCn1c(=O)n2c(n1)cccc2,6.275724130399211
N1(CCN(c2cc(ccc2)Cl)CC1)C(NCCCCCCn1c(n2ccccc2n1)=O)=O,6.275724130399211
C1CN(C(NCCCCCCn2nc3ccccn3c2=O)=O)CCN1c1cccc(Cl)c1,6.275724130399211
c1ncc(NC(=O)N2CCc3c2cc(c(C(C)C)c3)Cl)cc1,5.700000503883016
CC(c1c(cc2N(CCc2c1)C(Nc1cnccc1)=O)Cl)C,5.700000503883016
N1(C(Nc2cnccc2)=O)c2c(cc(c(Cl)c2)C(C)C)CC1,5.700000503883016
N(C(N1CCc2c1cc(Cl)c(c2)C(C)C)=O)c1cccnc1,5.700000503883016
C(C)(c1cc2CCN(C(=O)Nc3cnccc3)c2cc1Cl)C,5.700000503883016
c1(cc2c(c[nH]c2cc1)CCNCc1ccc(o1)-c1ccc(OC)cc1)OC,7.455931955649724
o1c(ccc1-c1ccc(OC)cc1)CNCCc1c[nH]c2ccc(cc12)OC,7.455931955649724
COc1cc2c([nH]cc2CCNCc2oc(cc2)-c2ccc(OC)cc2)cc1,7.455931955649724
c1cc(ccc1OC)-c1oc(cc1)CNCCc1c[nH]c2ccc(OC)cc21,7.455931955649724
c1(ccc(cc1)OC)-c1oc(cc1)CNCCc1c2cc(ccc2[nH]c1)OC,7.455931955649724
N(CCc1c2c(cccc2)[nH]c1)c1nc(nc(n1)N)N1CCN(CC1)c1cccc(Cl)c1Cl,5.101823516502323
Clc1c(cccc1N1CCN(c2nc(nc(NCCc3c[nH]c4c3cccc4)n2)N)CC1)Cl,5.101823516502323
c1(c(cccc1N1CCN(CC1)c1nc(nc(n1)NCCc1c2c(cccc2)[nH]c1)N)Cl)Cl,5.101823516502323
c1(nc(nc(n1)N1CCN(c2c(c(Cl)ccc2)Cl)CC1)NCCc1c[nH]c2ccccc21)N,5.101823516502323
c1(nc(nc(N2CCN(CC2)c2cccc(c2Cl)Cl)n1)N)NCCc1c2c(cccc2)[nH]c1,5.101823516502323
[nH]1c2cc(ccc2c2CCN=C(c12)C)OC,5.301029995663981
[nH]1c2c(c3c1C(=NCC3)C)ccc(OC)c2,5.301029995663981
[nH]1c2cc(OC)ccc2c2c1C(C)=NCC2,5.301029995663981
C1N=C(C)c2c(c3ccc(cc3[nH]2)OC)C1,5.301029995663981
c1c2c3c(C(=NCC3)C)[nH]c2cc(OC)c1,5.301029995663981
c1c2c(ccc1)nc(N1CCN(CC1)CCO)nc2Nc1ccccc1OC,6.836719329738094
c1(N2CCN(CC2)CCO)nc2c(cccc2)c(Nc2c(OC)cccc2)n1,6.836719329738094
C1CN(c2nc(Nc3c(cccc3)OC)c3c(cccc3)n2)CCN1CCO,6.836719329738094
c1(nc2c(c(Nc3c(cccc3)OC)n1)cccc2)N1CCN(CC1)CCO,6.836719329738094
c1c(c(ccc1)OC)Nc1nc(N2CCN(CC2)CCO)nc2ccccc12,6.836719329738094
c1ccc(cc1)-c1n(CC)nc2CCNCCc12,7.221848749616356
N1CCc2c(nn(CC)c2-c2ccccc2)CC1,7.221848749616356
c12CCNCCc2c(n(n1)CC)-c1ccccc1,7.221848749616356
c1ccccc1-c1c2c(nn1CC)CCNCC2,7.221848749616356
c1cccc(c1)-c1n(nc2c1CCNCC2)CC,7.221848749616356
c1(c2c(CC3CNCCN3C2=O)ccc1)CC,7.619788758288394
C1c2c(c(CC)ccc2)C(=O)N2CCNCC21,7.619788758288394
C1c2cccc(CC)c2C(N2C1CNCC2)=O,7.619788758288394
C12N(CCNC1)C(=O)c1c(C2)cccc1CC,7.619788758288394
c1cc(c2c(c1)CC1CNCCN1C2=O)CC,7.619788758288394
C(CCCc1ccc(F)cc1)N1C2CCC1CC(C2)(O)c1ccc(cc1)Cl,6.498940737782249
c1c(F)ccc(c1)CCCCN1C2CC(CC1CC2)(c1ccc(cc1)Cl)O,6.498940737782249
N1(C2CCC1CC(C2)(c1ccc(Cl)cc1)O)CCCCc1ccc(F)cc1,6.498940737782249
c1cc(Cl)ccc1C1(CC2CCC(C1)N2CCCCc1ccc(cc1)F)O,6.498940737782249
c1cc(ccc1CCCCN1C2CCC1CC(C2)(c1ccc(cc1)Cl)O)F,6.498940737782249
C(CC1CCC(NC(CC2CCOCC2)=O)CC1)N1CCN(CC1)c1nccc2c1CCO2,7.696803942579511
C(C1CCC(CC1)NC(CC1CCOCC1)=O)CN1CCN(CC1)c1c2c(OCC2)ccn1,7.696803942579511
C1C(NC(=O)CC2CCOCC2)CCC(CCN2CCN(CC2)c2nccc3c2CCO3)C1,7.696803942579511
O1CCC(CC1)CC(NC1CCC(CC1)CCN1CCN(CC1)c1nccc2OCCc12)=O,7.696803942579511
c1(nccc2OCCc21)N1CCN(CCC2CCC(CC2)NC(=O)CC2CCOCC2)CC1,7.696803942579511
C1(c2coc3ccccc32)CCN(CC1)CCC1CCC(NC(c2ccc(C(C)C)cc2)=O)CC1,8.585026652029182
CC(C)c1ccc(C(=O)NC2CCC(CCN3CCC(CC3)c3c4ccccc4oc3)CC2)cc1,8.585026652029182
c1(ccc(C(NC2CCC(CCN3CCC(CC3)c3c4c(oc3)cccc4)CC2)=O)cc1)C(C)C,8.585026652029182
C(CN1CCC(CC1)c1c2ccccc2oc1)C1CCC(CC1)NC(=O)c1ccc(cc1)C(C)C,8.585026652029182
C1C(CCN2CCC(CC2)c2coc3ccccc23)CCC(NC(=O)c2ccc(C(C)C)cc2)C1,8.585026652029182
FC(c1nc2N3C(Cc2cc1)CNCC3C)(F)F,7.366531544420414
FC(F)(F)c1nc2N3C(CNCC3Cc2cc1)C,7.366531544420414
FC(F)(F)c1nc2c(CC3N2C(C)CNC3)cc1,7.366531544420414
c12nc(ccc1CC1CNCC(N12)C)C(F)(F)F,7.366531544420414
CC1CNCC2Cc3c(N21)nc(cc3)C(F)(F)F,7.366531544420414
C1(c2c(CN1)ccc(c2)OCCCN1CCN(CC1)c1cccc2c1cccc2)=O,7.826813731587726
C1N(CCN(C1)CCCOc1ccc2CNC(c2c1)=O)c1c2c(ccc1)cccc2,7.826813731587726
C(COc1ccc2c(C(NC2)=O)c1)CN1CCN(CC1)c1c2ccccc2ccc1,7.826813731587726
c12C(=O)NCc2ccc(OCCCN2CCN(c3c4ccccc4ccc3)CC2)c1,7.826813731587726
c1cc2c(c(N3CCN(CCCOc4ccc5CNC(=O)c5c4)CC3)c1)cccc2,7.826813731587726
Fc1cc(ccc1-c1ccc(CN2CC(C)OC2=O)cc1)F,6.490797477668897
N1(Cc2ccc(-c3c(cc(F)cc3)F)cc2)CC(OC1=O)C,6.490797477668897
c1cc(CN2CC(OC2=O)C)ccc1-c1ccc(F)cc1F,6.490797477668897
c1(c(F)cc(F)cc1)-c1ccc(CN2C(=O)OC(C2)C)cc1,6.490797477668897
Fc1ccc(c(c1)F)-c1ccc(cc1)CN1CC(C)OC1=O,6.490797477668897
c1cc(COC(=O)N(Cc2ccc(cc2)F)C2C(CN(CC2)C)F)ccc1OC(C)C,10.0
c1cc(ccc1OC(C)C)COC(=O)N(C1CCN(C)CC1F)Cc1ccc(cc1)F,10.0
C1CC(C(CN1C)F)N(C(OCc1ccc(cc1)OC(C)C)=O)Cc1ccc(cc1)F,10.0
c1cc(ccc1OC(C)C)COC(N(Cc1ccc(cc1)F)C1C(CN(CC1)C)F)=O,10.0
N(C1CCN(CC1F)C)(C(=O)OCc1ccc(cc1)OC(C)C)Cc1ccc(F)cc1,10.0
c1c(ccc2C(=O)C(CCN3CCN(c4ccc(Cl)cn4)CCC3)Cc12)F,7.8830603534492445
N1(CCN(CCC2Cc3c(ccc(c3)F)C2=O)CCC1)c1ccc(Cl)cn1,7.8830603534492445
c12c(C(C(CCN3CCN(CCC3)c3ccc(Cl)cn3)C2)=O)ccc(c1)F,7.8830603534492445
N1(CCC2C(=O)c3ccc(cc3C2)F)CCN(c2ccc(cn2)Cl)CCC1,7.8830603534492445
O=C1C(Cc2cc(F)ccc12)CCN1CCCN(c2ccc(Cl)cn2)CC1,7.8830603534492445
O(C)CCC(NC1CCC(CCN2CCN(CC2)c2ncc(c3c2CCO3)C)CC1)=O,7.431798275933005
c12CCOc1c(cnc2N1CCN(CCC2CCC(NC(=O)CCOC)CC2)CC1)C,7.431798275933005
Cc1cnc(N2CCN(CCC3CCC(CC3)NC(=O)CCOC)CC2)c2CCOc21,7.431798275933005
c1c(C)c2OCCc2c(N2CCN(CC2)CCC2CCC(CC2)NC(CCOC)=O)n1,7.431798275933005
c12c(OCC2)c(C)cnc1N1CCN(CCC2CCC(NC(CCOC)=O)CC2)CC1,7.431798275933005
N1(CC(CCC1)c1c2cc(OC)ccc2[nH]c1)CCCCn1c(=O)c(-c2ccc(OC)cc2)c2n(cccc2)c1=O,6.503070351926785
c1c(ccc2c1c(c[nH]2)C1CCCN(CCCCn2c(=O)n3c(c(c2=O)-c2ccc(cc2)OC)cccc3)C1)OC,6.503070351926785
COc1ccc2c(c1)c(c[nH]2)C1CCCN(CCCCn2c(=O)n3c(cccc3)c(-c3ccc(OC)cc3)c2=O)C1,6.503070351926785
O=c1n2c(cccc2)c(-c2ccc(OC)cc2)c(n1CCCCN1CCCC(c2c3cc(OC)ccc3[nH]c2)C1)=O,6.503070351926785
C1C(CCCN1CCCCn1c(=O)c(c2ccccn2c1=O)-c1ccc(OC)cc1)c1c[nH]c2ccc(OC)cc12,6.503070351926785
C1(CCN2CCN(CCCC(=O)c3ccc(F)cc3)CC2)Cc2ccccc2C1=O,7.169989064063882
C1(=O)c2ccccc2CC1CCN1CCN(CCCC(c2ccc(cc2)F)=O)CC1,7.169989064063882
C1(c2c(CC1CCN1CCN(CC1)CCCC(c1ccc(cc1)F)=O)cccc2)=O,7.169989064063882
C(N1CCN(CCC2C(c3ccccc3C2)=O)CC1)CCC(c1ccc(F)cc1)=O,7.169989064063882
O=C(CCCN1CCN(CCC2Cc3ccccc3C2=O)CC1)c1ccc(cc1)F,7.169989064063882
c1(N2CCN(CCN3CCc4ncccc4C3=O)CC2)c2c(cccc2)on1,7.920818753952375
c1(N2CCN(CCN3C(=O)c4cccnc4CC3)CC2)c2c(on1)cccc2,7.920818753952375
c1cc2c(noc2cc1)N1CCN(CC1)CCN1C(c2c(nccc2)CC1)=O,7.920818753952375
C1N(CCN(c2c3ccccc3on2)C1)CCN1C(c2cccnc2CC1)=O,7.920818753952375
c12CCN(CCN3CCN(CC3)c3c4ccccc4on3)C(=O)c1cccn2,7.920818753952375
c1cc(c(c(Cl)c1)Cl)N1CCN(CC(F)CCNC(c2cc3Cc4ccccc4-c3cc2)=O)CC1,5.318758762624412
C1CN(CC(CCNC(=O)c2cc3c(cc2)-c2ccccc2C3)F)CCN1c1c(Cl)c(ccc1)Cl,5.318758762624412
O=C(NCCC(CN1CCN(c2c(c(Cl)ccc2)Cl)CC1)F)c1cc2Cc3c(-c2cc1)cccc3,5.318758762624412
c1c(N2CCN(CC2)CC(CCNC(=O)c2cc3c(-c4ccccc4C3)cc2)F)c(Cl)c(cc1)Cl,5.318758762624412
c1c(N2CCN(CC(F)CCNC(c3cc4Cc5ccccc5-c4cc3)=O)CC2)c(c(cc1)Cl)Cl,5.318758762624412
CC1(C)CN2c3c1c(ccc3CNCC2)F,6.455931955649724
c12C(C)(CN3c2c(ccc1F)CNCC3)C,6.455931955649724
c1cc2CNCCN3CC(c(c23)c1F)(C)C,6.455931955649724
Fc1c2c3c(cc1)CNCCN3CC2(C)C,6.455931955649724
C1N2c3c(C1(C)C)c(F)ccc3CNCC2,6.455931955649724
c1(Cl)c(CN(C2CCN(C)CC2)C(OCc2ccc(cc2)OC(C)C)=O)ccc(c1)OC,7.801342913045577
c1cc(ccc1COC(=O)N(Cc1ccc(cc1Cl)OC)C1CCN(CC1)C)OC(C)C,7.801342913045577
c1(c(CN(C(=O)OCc2ccc(OC(C)C)cc2)C2CCN(C)CC2)ccc(OC)c1)Cl,7.801342913045577
C1N(C)CCC(C1)N(C(=O)OCc1ccc(cc1)OC(C)C)Cc1c(cc(OC)cc1)Cl,7.801342913045577
C1CC(CCN1C)N(C(OCc1ccc(OC(C)C)cc1)=O)Cc1ccc(OC)cc1Cl,7.801342913045577
c1(ccc(cc1)I)Nc1nc(nc2c1cccc2)N1CCNCC1,6.30430823184309
C1CNCCN1c1nc(Nc2ccc(I)cc2)c2ccccc2n1,6.30430823184309
c1(Nc2ccc(cc2)I)nc(nc2c1cccc2)N1CCNCC1,6.30430823184309
c1(ccc(cc1)I)Nc1c2ccccc2nc(N2CCNCC2)n1,6.30430823184309
C1NCCN(c2nc(Nc3ccc(cc3)I)c3c(n2)cccc3)C1,6.30430823184309
c1(Cl)c2c(ccc1)c1ccccc1c(n2)OCC1CCN(CC1)CCC,5.749579997691106
C1CC(COc2nc3c(Cl)cccc3c3c2cccc3)CCN1CCC,5.749579997691106
c1ccc2c(nc(c3c2cccc3)OCC2CCN(CCC)CC2)c1Cl,5.749579997691106
C(Oc1c2c(cccc2)c2cccc(c2n1)Cl)C1CCN(CC1)CCC,5.749579997691106
c1(Cl)cccc2c1nc(OCC1CCN(CCC)CC1)c1ccccc21,5.749579997691106
c1cc(F)cc(N2CCN(CC2)CCC2CCN(S(c3cccc4ncccc34)(=O)=O)CC2)c1,6.1771783546968955
c1ccc(S(=O)(=O)N2CCC(CCN3CCN(c4cc(ccc4)F)CC3)CC2)c2cccnc21,6.1771783546968955
C1CC(CCN1S(=O)(c1c2c(ccc1)nccc2)=O)CCN1CCN(c2cc(ccc2)F)CC1,6.1771783546968955
O=S(=O)(c1cccc2c1cccn2)N1CCC(CC1)CCN1CCN(c2cc(ccc2)F)CC1,6.1771783546968955
c1cc2c(nc1)cccc2S(N1CCC(CCN2CCN(c3cc(F)ccc3)CC2)CC1)(=O)=O,6.1771783546968955
n1n(c(cc1CNC)OCc1ccc(cc1)F)CC1CCCC1,8.886056647693163
C1CC(Cn2nc(cc2OCc2ccc(F)cc2)CNC)CC1,8.886056647693163
c1c(ccc(F)c1)COc1cc(nn1CC1CCCC1)CNC,8.886056647693163
C1CC(Cn2c(OCc3ccc(cc3)F)cc(CNC)n2)CC1,8.886056647693163
c1(CNC)cc(OCc2ccc(F)cc2)n(n1)CC1CCCC1,8.886056647693163
N1(CCCNS(c2sc3cc(ccc3c2)Cl)(=O)=O)CCN(CC1)c1nsc2ccccc12,8.022276394711152
N1(CCCNS(c2sc3c(c2)ccc(c3)Cl)(=O)=O)CCN(CC1)c1c2ccccc2sn1,8.022276394711152
c1(cc2c(cc(s2)S(NCCCN2CCN(CC2)c2c3ccccc3sn2)(=O)=O)cc1)Cl,8.022276394711152
c12c(N3CCN(CCCNS(=O)(=O)c4cc5ccc(Cl)cc5s4)CC3)nsc1cccc2,8.022276394711152
n1sc2c(c1N1CCN(CC1)CCCNS(=O)(c1sc3c(ccc(Cl)c3)c1)=O)cccc2,8.022276394711152
n12nc(cc2cc(cc1)OCCCCN1CCN(CC1)c1c(c(Cl)ccc1)Cl)C=O,7.251811972993799
n12ccc(cc2cc(n1)C=O)OCCCCN1CCN(CC1)c1cccc(Cl)c1Cl,7.251811972993799
c1c(ccn2c1cc(C=O)n2)OCCCCN1CCN(CC1)c1cccc(Cl)c1Cl,7.251811972993799
c1(c(cccc1Cl)N1CCN(CCCCOc2cc3cc(nn3cc2)C=O)CC1)Cl,7.251811972993799
O=Cc1cc2cc(ccn2n1)OCCCCN1CCN(c2cccc(Cl)c2Cl)CC1,7.251811972993799
NC(C)Cn1ncc2ccc(c(F)c21)O,8.236572006437063
C(C)(Cn1ncc2c1c(c(O)cc2)F)N,8.236572006437063
C(Cn1ncc2c1c(F)c(O)cc2)(C)N,8.236572006437063
c12c(c(c(cc1)O)F)n(CC(N)C)nc2,8.236572006437063
NC(Cn1c2c(ccc(O)c2F)cn1)C,8.236572006437063
C1N(CCN2C(c3cnc(cc3CC2)OC2COC2)=O)CCN(C1)c1nsc2ccccc12,8.721246399047171
n1c(N2CCN(CC2)CCN2CCc3c(cnc(OC4COC4)c3)C2=O)c2c(cccc2)s1,8.721246399047171
c1ccc2c(snc2N2CCN(CC2)CCN2CCc3cc(OC4COC4)ncc3C2=O)c1,8.721246399047171
O(C1COC1)c1cc2c(cn1)C(N(CC2)CCN1CCN(c2nsc3c2cccc3)CC1)=O,8.721246399047171
C1c2cc(OC3COC3)ncc2C(N(CCN2CCN(c3nsc4ccccc34)CC2)C1)=O,8.721246399047171
N(C(=O)c1c2ccccc2n[nH]1)CCCCN1CCN(c2ccc(OC)cc2)CC1,6.151195298948196
c1cc2c(cc1)c(C(=O)NCCCCN1CCN(CC1)c1ccc(cc1)OC)[nH]n2,6.151195298948196
COc1ccc(cc1)N1CCN(CC1)CCCCNC(c1c2c(n[nH]1)cccc2)=O,6.151195298948196
C1N(c2ccc(OC)cc2)CCN(C1)CCCCNC(c1[nH]nc2ccccc12)=O,6.151195298948196
N(C(c1[nH]nc2c1cccc2)=O)CCCCN1CCN(CC1)c1ccc(cc1)OC,6.151195298948196
C1N(C)c2cccc3C4CN(CCC4N(c32)C1(C)C)CCCC(=O)c1ccc(F)cc1,8.2839966563652
c1(ccc(C(CCCN2CC3C(N4c5c3cccc5N(CC4(C)C)C)CC2)=O)cc1)F,8.2839966563652
CN1c2c3c(ccc2)C2CN(CCCC(=O)c4ccc(F)cc4)CCC2N3C(C1)(C)C,8.2839966563652
C1N(CC2c3c4N(C2C1)C(CN(c4ccc3)C)(C)C)CCCC(c1ccc(cc1)F)=O,8.2839966563652
C12CN(CCCC(=O)c3ccc(cc3)F)CCC1N1c3c(N(CC1(C)C)C)cccc23,8.2839966563652
C1COC(CC(NC2CCC(CCN3CCC(CC3)c3noc4c3ccc(Cl)c4)CC2)=O)CC1,7.815308569182402
C1CC(CCN2CCC(CC2)c2noc3c2ccc(Cl)c3)CCC1NC(CC1CCCCO1)=O,7.815308569182402
C1C(CCN(C1)CCC1CCC(CC1)NC(CC1OCCCC1)=O)c1noc2cc(ccc12)Cl,7.815308569182402
n1c(C2CCN(CC2)CCC2CCC(CC2)NC(=O)CC2OCCCC2)c2c(cc(Cl)cc2)o1,7.815308569182402
O=C(CC1CCCCO1)NC1CCC(CC1)CCN1CCC(c2c3ccc(cc3on2)Cl)CC1,7.815308569182402
c1c(O)ccc(-c2cc3c(C(c4ccccc4)CN(CC3)C)cc2O)c1,6.083019952679618
CN1CCc2cc(-c3ccc(cc3)O)c(O)cc2C(c2ccccc2)C1,6.083019952679618
c1ccccc1C1CN(CCc2c1cc(c(-c1ccc(cc1)O)c2)O)C,6.083019952679618
Oc1ccc(cc1)-c1cc2c(C(c3ccccc3)CN(CC2)C)cc1O,6.083019952679618
c1c(cccc1)C1c2cc(c(cc2CCN(C)C1)-c1ccc(O)cc1)O,6.083019952679618
c1c2cc([nH]c2ccc1)C(NCCC(CN1CCN(CC1)c1cccc(c1Cl)Cl)O)=O,7.318758762624412
c1(Cl)c(Cl)c(ccc1)N1CCN(CC(CCNC(=O)c2[nH]c3c(c2)cccc3)O)CC1,7.318758762624412
c1(C(NCCC(O)CN2CCN(CC2)c2cccc(Cl)c2Cl)=O)[nH]c2c(c1)cccc2,7.318758762624412
c12[nH]c(C(NCCC(CN3CCN(CC3)c3cccc(Cl)c3Cl)O)=O)cc1cccc2,7.318758762624412
C1CN(c2c(Cl)c(Cl)ccc2)CCN1CC(CCNC(c1cc2c([nH]1)cccc2)=O)O,7.318758762624412
c1cc2Sc3ccccc3C3C(OC(C3)CN(C)C)c2cc1F,8.795880017344075
O1C(CN(C)C)CC2C1c1cc(ccc1Sc1ccccc12)F,8.795880017344075
c1c(cc2c(Sc3ccccc3C3CC(OC32)CN(C)C)c1)F,8.795880017344075
C12c3c(Sc4c(cccc4)C1CC(O2)CN(C)C)ccc(F)c3,8.795880017344075
c12ccccc2C2CC(CN(C)C)OC2c2c(ccc(F)c2)S1,8.795880017344075
C(CC(=O)NC1CCC(CC1)CCN1CCC(CC1)c1c2ccccc2oc1)CC,7.884722408604099
N(C1CCC(CCN2CCC(c3c4ccccc4oc3)CC2)CC1)C(=O)CCCC,7.884722408604099
CCCCC(=O)NC1CCC(CC1)CCN1CCC(c2coc3c2cccc3)CC1,7.884722408604099
C1CC(CCN1CCC1CCC(NC(=O)CCCC)CC1)c1c2c(oc1)cccc2,7.884722408604099
C(CN1CCC(CC1)c1c2ccccc2oc1)C1CCC(NC(CCCC)=O)CC1,7.884722408604099
c1c2c(C3(c4ccccc4CC2)CCNC3)ccc1,6.958607314841775
c12ccccc1CCc1ccccc1C12CNCC1,6.958607314841775
c1ccc2c(c1)CCc1ccccc1C12CNCC1,6.958607314841775
c1cc2c(C3(CNCC3)c3c(CC2)cccc3)cc1,6.958607314841775
c1cccc2c1C1(CCNC1)c1c(cccc1)CC2,6.958607314841775
C1CN(c2c3c(ccc2)OCO3)CCN1CCC1CCC(NC(=O)CC2OCCOC2)CC1,7.928854709548917
C(CC1CCC(NC(=O)CC2OCCOC2)CC1)N1CCN(CC1)c1c2c(OCO2)ccc1,7.928854709548917
O=C(CC1OCCOC1)NC1CCC(CC1)CCN1CCN(CC1)c1c2OCOc2ccc1,7.928854709548917
C1CC(NC(CC2COCCO2)=O)CCC1CCN1CCN(c2cccc3OCOc32)CC1,7.928854709548917
c1(cccc2c1OCO2)N1CCN(CCC2CCC(CC2)NC(=O)CC2OCCOC2)CC1,7.928854709548917
c1c2-c3c4c(CCN(C)C4Cc2cc(c1OC)OC)cc(c3OC)OCCCCCC,6.671620396561262
c1(c(OC)cc2-c3c(OC)c(OCCCCCC)cc4CCN(C(Cc2c1)c34)C)OC,6.671620396561262
CN1CCc2c3C1Cc1c(cc(c(c1)OC)OC)-c3c(OC)c(OCCCCCC)c2,6.671620396561262
c1(c(cc2CC3c4c(c(OC)c(cc4CCN3C)OCCCCCC)-c2c1)OC)OC,6.671620396561262
c1c2CCN(C3c2c(-c2cc(OC)c(OC)cc2C3)c(c1OCCCCCC)OC)C,6.671620396561262
c1c(NC(=O)C)ccc(c1)C(=O)CCCN1CCN(c2ncccc2)CC1,6.968288645245407
c1nc(ccc1)N1CCN(CC1)CCCC(c1ccc(cc1)NC(=O)C)=O,6.968288645245407
C1CN(CCN1c1ccccn1)CCCC(=O)c1ccc(NC(=O)C)cc1,6.968288645245407
C(CN1CCN(CC1)c1ncccc1)CC(=O)c1ccc(NC(C)=O)cc1,6.968288645245407
N(c1ccc(cc1)C(CCCN1CCN(CC1)c1ncccc1)=O)C(C)=O,6.968288645245407
C1c2c(N(C(=O)Nc3cc(F)cc(c3)-c3cccnc3)C1)cc(c(OC)c2)C(F)(F)F,6.900008766455316
c1(OC)cc2CCN(C(=O)Nc3cc(cc(-c4cccnc4)c3)F)c2cc1C(F)(F)F,6.900008766455316
c1(F)cc(-c2cccnc2)cc(c1)NC(N1CCc2c1cc(c(OC)c2)C(F)(F)F)=O,6.900008766455316
c1(-c2cccnc2)cc(cc(c1)F)NC(N1CCc2cc(OC)c(C(F)(F)F)cc12)=O,6.900008766455316
c1(cc(cc(c1)NC(N1CCc2c1cc(C(F)(F)F)c(c2)OC)=O)F)-c1cnccc1,6.900008766455316
N(CC1CC1)(C1CCN(CCOc2c(C(C)(C)C)cccc2)CC1)S(=O)(c1cnn(C)c1)=O,5.830031826003108
c1cccc(c1C(C)(C)C)OCCN1CCC(N(CC2CC2)S(=O)(c2cn(C)nc2)=O)CC1,5.830031826003108
c1cc(c(cc1)OCCN1CCC(N(CC2CC2)S(c2cn(nc2)C)(=O)=O)CC1)C(C)(C)C,5.830031826003108
c1cc(C(C)(C)C)c(OCCN2CCC(N(CC3CC3)S(=O)(=O)c3cn(nc3)C)CC2)cc1,5.830031826003108
c1(S(N(C2CCN(CCOc3ccccc3C(C)(C)C)CC2)CC2CC2)(=O)=O)cnn(c1)C,5.830031826003108
c1cc(CC2CCN(CC2)CCOc2c3c(cc(c2)Cl)nc(cc3)C)c(F)c2c1OCC(=O)N2,5.40000018605658
c1(c2c(OCC(N2)=O)ccc1CC1CCN(CC1)CCOc1c2c(nc(cc2)C)cc(c1)Cl)F,5.40000018605658
C1CN(CCOc2c3c(nc(cc3)C)cc(Cl)c2)CCC1Cc1c(c2NC(=O)COc2cc1)F,5.40000018605658
c1cc2c(nc1C)cc(cc2OCCN1CCC(CC1)Cc1ccc2c(NC(=O)CO2)c1F)Cl,5.40000018605658
c1(ccc2c(c1F)NC(CO2)=O)CC1CCN(CC1)CCOc1c2c(nc(C)cc2)cc(Cl)c1,5.40000018605658
c1cc(ccc1C(=O)CCCN1CC2c3cccc4c3N(C2CC1)CCN4C)F,9.267606240177031
N1(c2cccc3C4C(N(CC1)c23)CCN(C4)CCCC(=O)c1ccc(cc1)F)C,9.267606240177031
c1(ccc(cc1)F)C(CCCN1CCC2C(C1)c1c3N2CCN(c3ccc1)C)=O,9.267606240177031
c1cc(ccc1C(CCCN1CC2C(CC1)N1c3c2cccc3N(C)CC1)=O)F,9.267606240177031
Fc1ccc(C(=O)CCCN2CC3C(N4CCN(c5cccc3c45)C)CC2)cc1,9.267606240177031
c12c(cccc2OCO1)N1CCN(CC1)CCC1CCC(CC1)NC(=O)c1ccc(C#N)cc1,7.656000930942839
C1(CCC(CCN2CCN(CC2)c2c3OCOc3ccc2)CC1)NC(=O)c1ccc(cc1)C#N,7.656000930942839
c1cc(ccc1C#N)C(NC1CCC(CC1)CCN1CCN(CC1)c1cccc2OCOc12)=O,7.656000930942839
C1N(CCC2CCC(CC2)NC(c2ccc(C#N)cc2)=O)CCN(C1)c1c2OCOc2ccc1,7.656000930942839
c1c(ccc(c1)C#N)C(=O)NC1CCC(CC1)CCN1CCN(CC1)c1cccc2OCOc12,7.656000930942839
C12NC(c3c(ccc(c3Cl)C)C1CNC2)=O,7.886056647693163
C1C2C(CN1)c1ccc(C)c(c1C(N2)=O)Cl,7.886056647693163
N1C(=O)c2c(ccc(C)c2Cl)C2CNCC21,7.886056647693163
Clc1c(ccc2C3CNCC3NC(c21)=O)C,7.886056647693163
Cc1c(Cl)c2C(=O)NC3C(CNC3)c2cc1,7.886056647693163
N1(c2c(Cl)c(ccc2)CC)CCN(CC1)CCCCNC(=O)c1cc2ccccc2o1,8.61798295742513
c1ccc2c(c1)oc(C(NCCCCN1CCN(c3cccc(CC)c3Cl)CC1)=O)c2,8.61798295742513
C(CN1CCN(CC1)c1c(c(ccc1)CC)Cl)CCNC(c1cc2c(cccc2)o1)=O,8.61798295742513
CCc1c(c(N2CCN(CC2)CCCCNC(c2cc3c(cccc3)o2)=O)ccc1)Cl,8.61798295742513
c1(C(NCCCCN2CCN(c3c(Cl)c(ccc3)CC)CC2)=O)oc2c(cccc2)c1,8.61798295742513
C1(NC(c2ccc(N3CCCCC3)cc2)=O)CCC(CCN2CCC(c3c4c(ccc(c4)F)on3)CC2)CC1,8.154653862588592
C1CCCN(c2ccc(C(=O)NC3CCC(CCN4CCC(c5c6cc(ccc6on5)F)CC4)CC3)cc2)C1,8.154653862588592
C(N1CCC(CC1)c1noc2c1cc(cc2)F)CC1CCC(NC(c2ccc(N3CCCCC3)cc2)=O)CC1,8.154653862588592
C(=O)(NC1CCC(CCN2CCC(CC2)c2noc3c2cc(F)cc3)CC1)c1ccc(N2CCCCC2)cc1,8.154653862588592
C1CCCCN1c1ccc(cc1)C(NC1CCC(CCN2CCC(CC2)c2noc3c2cc(cc3)F)CC1)=O,8.154653862588592
C(C)CC(Nc1ccc2CC3c4c(cc(OC)c(c4-c2c1)OCC=C)CCN3C)=O,6.3535962737769305
O=C(Nc1ccc2CC3N(C)CCc4cc(OC)c(c(c34)-c2c1)OCC=C)CCC,6.3535962737769305
C(Oc1c2-c3c(CC4c2c(cc1OC)CCN4C)ccc(NC(CCC)=O)c3)C=C,6.3535962737769305
C(=O)(CCC)Nc1ccc2CC3N(CCc4c3c(c(OCC=C)c(OC)c4)-c2c1)C,6.3535962737769305
c1c2c3C(N(C)CC2)Cc2ccc(NC(CCC)=O)cc2-c3c(OCC=C)c1OC,6.3535962737769305
c1nc(-c2ccc(cc2)C(NCC2CC2CN2CCN(CC2)c2c(c(ccc2)Cl)Cl)=O)ccc1,6.054039296422431
c1(c(N2CCN(CC2)CC2C(C2)CNC(=O)c2ccc(-c3ccccn3)cc2)cccc1Cl)Cl,6.054039296422431
C(NC(=O)c1ccc(cc1)-c1ncccc1)C1C(C1)CN1CCN(CC1)c1cccc(c1Cl)Cl,6.054039296422431
C1C(C1CNC(c1ccc(-c2ncccc2)cc1)=O)CN1CCN(c2cccc(c2Cl)Cl)CC1,6.054039296422431
C1C(CN2CCN(c3c(c(ccc3)Cl)Cl)CC2)C1CNC(c1ccc(-c2ccccn2)cc1)=O,6.054039296422431
c1c(ccc(OCC=C)c1)COC(N(C1CCN(CC1)C)Cc1ccc(cc1F)F)=O,9.300162274132754
C1(N(C(OCc2ccc(OCC=C)cc2)=O)Cc2ccc(cc2F)F)CCN(CC1)C,9.300162274132754
Fc1cc(ccc1CN(C1CCN(C)CC1)C(OCc1ccc(cc1)OCC=C)=O)F,9.300162274132754
C(c1ccc(OCC=C)cc1)OC(N(C1CCN(C)CC1)Cc1c(F)cc(F)cc1)=O,9.300162274132754
C1CN(CCC1N(Cc1c(cc(F)cc1)F)C(OCc1ccc(OCC=C)cc1)=O)C,9.300162274132754
C1C(=CCCN1)c1n[nH]c2c(ccc(c21)F)Cl,7.323306390375134
N1CC(c2n[nH]c3c2c(ccc3Cl)F)=CCC1,7.323306390375134
Clc1ccc(F)c2c1[nH]nc2C1=CCCNC1,7.323306390375134
c1(c2c(c(F)cc1)c(C1CNCCC=1)n[nH]2)Cl,7.323306390375134
c1c(F)c2c(n[nH]c2c(Cl)c1)C1=CCCNC1,7.323306390375134
C1CC(CCC1CCN1CCN(CC1)c1nsc2c1cccc2)NS(=O)(=O)c1sccc1,9.231608586905512
c1ccc2c(snc2N2CCN(CC2)CCC2CCC(NS(c3cccs3)(=O)=O)CC2)c1,9.231608586905512
c1(S(=O)(NC2CCC(CC2)CCN2CCN(CC2)c2c3c(cccc3)sn2)=O)sccc1,9.231608586905512
C1N(CCN(C1)CCC1CCC(CC1)NS(=O)(c1cccs1)=O)c1c2ccccc2sn1,9.231608586905512
C1CN(CCN1c1nsc2ccccc12)CCC1CCC(NS(=O)(c2sccc2)=O)CC1,9.231608586905512
c1(ccc2c(nccc2)c1)S(=O)(=O)n1cc(C2CCNCC=2)c2cc(OC)ccc12,5.998699066979582
c1(C2CCNCC=2)cn(S(c2cc3ncccc3cc2)(=O)=O)c2c1cc(OC)cc2,5.998699066979582
c1c2cccnc2cc(S(=O)(n2c3c(cc(OC)cc3)c(C3=CCNCC3)c2)=O)c1,5.998699066979582
n1(cc(C2CCNCC=2)c2c1ccc(c2)OC)S(=O)(=O)c1cc2ncccc2cc1,5.998699066979582
C1CNCCC=1c1cn(S(=O)(=O)c2cc3c(cc2)cccn3)c2ccc(OC)cc12,5.998699066979582
c1(Cl)cc(c2N3CCNCCC3Cc2c1)-c1ccc(OCC)cc1,6.739928612014925
Clc1cc2c(N3C(CCNCC3)C2)c(-c2ccc(cc2)OCC)c1,6.739928612014925
C1CNCCN2C1Cc1c2c(-c2ccc(cc2)OCC)cc(Cl)c1,6.739928612014925
c1c2c(N3CCNCCC3C2)c(-c2ccc(OCC)cc2)cc1Cl,6.739928612014925
c1(cc2CC3CCNCCN3c2c(c1)-c1ccc(OCC)cc1)Cl,6.739928612014925
C1C(CN2CCN(CC2)c2c(OC)cccc2)CC(=O)c2ccccc21,6.2900011719748115
C1N(CCN(C1)CC1CC(=O)c2c(C1)cccc2)c1c(OC)cccc1,6.2900011719748115
c1cccc2c1CC(CC2=O)CN1CCN(CC1)c1c(cccc1)OC,6.2900011719748115
O=C1c2c(cccc2)CC(CN2CCN(c3c(cccc3)OC)CC2)C1,6.2900011719748115
C1CN(CCN1c1c(OC)cccc1)CC1CC(=O)c2ccccc2C1,6.2900011719748115
C(C(=O)NC1C2CCN(C1)CC2)(c1cn(C)c2c1cccc2)=O,4.600000074606178
C1C2C(CN(C1)CC2)NC(C(=O)c1cn(c2c1cccc2)C)=O,4.600000074606178
c1(C(=O)C(=O)NC2CN3CCC2CC3)c2c(n(C)c1)cccc2,4.600000074606178
c12c(n(cc1C(C(=O)NC1CN3CCC1CC3)=O)C)cccc2,4.600000074606178
c1cccc2n(cc(c21)C(C(NC1CN2CCC1CC2)=O)=O)C,4.600000074606178
c1c(ccc(-c2ccc(cc2)S(=O)(Nc2cc3c(cc2Cl)CCN(CC3)C)=O)c1)Cl,7.50003813440381
c1(c(Cl)cc2c(CCN(C)CC2)c1)NS(=O)(=O)c1ccc(cc1)-c1ccc(Cl)cc1,7.50003813440381
c12CCN(CCc1cc(NS(c1ccc(cc1)-c1ccc(Cl)cc1)(=O)=O)c(c2)Cl)C,7.50003813440381
c1c2CCN(C)CCc2cc(NS(c2ccc(cc2)-c2ccc(Cl)cc2)(=O)=O)c1Cl,7.50003813440381
N1(CCc2cc(c(cc2CC1)Cl)NS(=O)(=O)c1ccc(cc1)-c1ccc(Cl)cc1)C,7.50003813440381
c1cc2c(n1CC(C)N)c1cccnc1c(Cl)c2,7.5376020021010435
c1(cc2c(c3c1nccc3)n(cc2)CC(N)C)Cl,7.5376020021010435
c12ccn(CC(C)N)c1c1c(c(Cl)c2)nccc1,7.5376020021010435
c12c(c(Cl)cc3ccn(CC(C)N)c31)nccc2,7.5376020021010435
c12n(CC(N)C)ccc1cc(Cl)c1ncccc12,7.5376020021010435
C(=O)(CCCN1CC2C(CC1)N1c3c(SCCC1)cccc32)c1cccc(F)c1N,8.119186407719209
C1C2C(c3c4c(SCCCN42)ccc3)CN(CCCC(=O)c2c(c(ccc2)F)N)C1,8.119186407719209
c1cc2c3N(CCCS2)C2C(CN(CC2)CCCC(=O)c2cccc(F)c2N)c3c1,8.119186407719209
N1(CCC2N3CCCSc4cccc(c34)C2C1)CCCC(=O)c1cccc(F)c1N,8.119186407719209
N12CCCSc3c2c(C2CN(CCC21)CCCC(=O)c1cccc(c1N)F)ccc3,8.119186407719209
c1c2c(CCO2)c(C2CCN(CCC3CCC(NC(C=C(C)C)=O)CC3)CC2)cc1,7.223298816011589
C1CN(CCC2CCC(CC2)NC(=O)C=C(C)C)CCC1c1c2c(ccc1)OCC2,7.223298816011589
C(CC1CCC(CC1)NC(=O)C=C(C)C)N1CCC(c2cccc3OCCc23)CC1,7.223298816011589
C1CC(CCN2CCC(CC2)c2cccc3OCCc32)CCC1NC(C=C(C)C)=O,7.223298816011589
C(C)(C)=CC(=O)NC1CCC(CC1)CCN1CCC(c2c3CCOc3ccc2)CC1,7.223298816011589
c1(F)ccc2c(c1)onc2C1CCN(CCN(C(=O)C(O)C)C(C)C)CC1,8.337242168318426
c1(F)ccc2c(C3CCN(CCN(C(=O)C(C)O)C(C)C)CC3)noc2c1,8.337242168318426
C1CC(CCN1CCN(C(C)C)C(C(O)C)=O)c1c2c(cc(F)cc2)on1,8.337242168318426
n1c(c2ccc(cc2o1)F)C1CCN(CC1)CCN(C(C(O)C)=O)C(C)C,8.337242168318426
C1N(CCN(C(C)C)C(C(O)C)=O)CCC(c2c3ccc(cc3on2)F)C1,8.337242168318426
c1ccc2c(c1N1CCN(CC1)CCCOc1ccc3CNC(=O)c3c1F)c(F)ccc2,8.462180904926726
O(c1ccc2c(c1F)C(NC2)=O)CCCN1CCN(CC1)c1cccc2cccc(c21)F,8.462180904926726
C1CN(CCCOc2ccc3c(C(NC3)=O)c2F)CCN1c1c2c(cccc2F)ccc1,8.462180904926726
c1(N2CCN(CC2)CCCOc2ccc3CNC(=O)c3c2F)cccc2c1c(ccc2)F,8.462180904926726
c12cccc(c1c(ccc2)F)N1CCN(CCCOc2ccc3CNC(c3c2F)=O)CC1,8.462180904926726
c1cccc2occ(C3CCN(CCC4CCC(CC4)NC(c4ccc(Cl)cc4Cl)=O)CC3)c12,7.911509529817604
C1(NC(c2c(Cl)cc(cc2)Cl)=O)CCC(CC1)CCN1CCC(c2coc3ccccc32)CC1,7.911509529817604
c12ccccc1c(co2)C1CCN(CCC2CCC(CC2)NC(c2ccc(Cl)cc2Cl)=O)CC1,7.911509529817604
Clc1ccc(c(c1)Cl)C(NC1CCC(CC1)CCN1CCC(c2c3ccccc3oc2)CC1)=O,7.911509529817604
Clc1cc(c(cc1)C(NC1CCC(CC1)CCN1CCC(CC1)c1coc2c1cccc2)=O)Cl,7.911509529817604
c1cc(ccc1-c1ccc(cc1)S(Nc1c(cc2c(CCN(CC2)C)c1)C(C)C)(=O)=O)Cl,8.299988937677888
CC(C)c1cc2c(CCN(CC2)C)cc1NS(c1ccc(-c2ccc(cc2)Cl)cc1)(=O)=O,8.299988937677888
c1(ccc(cc1)Cl)-c1ccc(S(Nc2c(C(C)C)cc3CCN(CCc3c2)C)(=O)=O)cc1,8.299988937677888
c12c(CCN(C)CC1)cc(c(c2)NS(=O)(c1ccc(cc1)-c1ccc(cc1)Cl)=O)C(C)C,8.299988937677888
c1c(NS(c2ccc(-c3ccc(Cl)cc3)cc2)(=O)=O)c(cc2c1CCN(C)CC2)C(C)C,8.299988937677888
O=C(N(CCN1CCC(c2c3c(cc(cc3)F)on2)CC1)CC)C(O)CC,8.958607314841775
o1c2cc(ccc2c(C2CCN(CCN(C(=O)C(CC)O)CC)CC2)n1)F,8.958607314841775
OC(C(N(CC)CCN1CCC(CC1)c1c2ccc(cc2on1)F)=O)CC,8.958607314841775
N(C(=O)C(O)CC)(CCN1CCC(CC1)c1noc2c1ccc(F)c2)CC,8.958607314841775
c1c2c(noc2cc(F)c1)C1CCN(CCN(CC)C(C(CC)O)=O)CC1,8.958607314841775
n1oc2c(c1C1CCN(CC1)CCC1CCC(CC1)NC(CCOC)=O)ccc(F)c2,8.742561433140187
C(CN1CCC(c2c3ccc(cc3on2)F)CC1)C1CCC(CC1)NC(=O)CCOC,8.742561433140187
O=C(NC1CCC(CC1)CCN1CCC(c2c3ccc(F)cc3on2)CC1)CCOC,8.742561433140187
C1C(c2c3ccc(cc3on2)F)CCN(C1)CCC1CCC(CC1)NC(CCOC)=O,8.742561433140187
c1(F)ccc2c(noc2c1)C1CCN(CC1)CCC1CCC(CC1)NC(=O)CCOC,8.742561433140187
C1CC(NC(CC2OCCC2)=O)CCC1CCN1CCN(c2c3c(ccn2)OCC3)CC1,7.835647144215563
C1CC(CCC1CCN1CCN(CC1)c1nccc2OCCc12)NC(CC1OCCC1)=O,7.835647144215563
O1C(CC(NC2CCC(CC2)CCN2CCN(CC2)c2nccc3c2CCO3)=O)CCC1,7.835647144215563
n1c(c2CCOc2cc1)N1CCN(CCC2CCC(CC2)NC(CC2OCCC2)=O)CC1,7.835647144215563
C1(CCC(CC1)NC(=O)CC1OCCC1)CCN1CCN(c2c3c(OCC3)ccn2)CC1,7.835647144215563
C(CN1CCc2ccc(cc12)Cl)(N)C,6.438898616350944
c12cc(Cl)ccc2CCN1CC(C)N,6.438898616350944
c1c2N(CCc2ccc1Cl)CC(N)C,6.438898616350944
C(C)(CN1c2cc(ccc2CC1)Cl)N,6.438898616350944
c1c(ccc2c1N(CC2)CC(C)N)Cl,6.438898616350944
c12CCCCCCc1n1c3c(CNCC1)cccc23,7.443697499232712
C1n2c3c(c4c2CCCCCC4)cccc3CNC1,7.443697499232712
C1CCc2c(CCC1)n1c3c2cccc3CNCC1,7.443697499232712
c12n3c4c(CNCC3)cccc4c1CCCCCC2,7.443697499232712
C1Cc2c(n3c4c2cccc4CNCC3)CCCC1,7.443697499232712
O(CCN1CCN(C(=O)C)CC1)c1c(cc(cc1)NC(c1cccc(F)c1)=O)-c1n(ncc1)C,7.823908740944319
C(COc1c(cc(cc1)NC(c1cccc(c1)F)=O)-c1n(ncc1)C)N1CCN(C(C)=O)CC1,7.823908740944319
C1N(CCOc2ccc(cc2-c2n(C)ncc2)NC(c2cc(ccc2)F)=O)CCN(C(C)=O)C1,7.823908740944319
c1(cc(NC(c2cccc(F)c2)=O)ccc1OCCN1CCN(CC1)C(=O)C)-c1ccnn1C,7.823908740944319
Cn1nccc1-c1cc(NC(c2cc(ccc2)F)=O)ccc1OCCN1CCN(C(C)=O)CC1,7.823908740944319
c12N(CCCCCCN3CCN(CC3)c3cccc(Cl)c3)S(=O)(c3cccc(ccc2)c13)=O,6.492144128304169
Clc1cc(N2CCN(CC2)CCCCCCN2c3c4c(ccc3)cccc4S2(=O)=O)ccc1,6.492144128304169
C(CCCCCN1CCN(CC1)c1cccc(Cl)c1)N1S(=O)(=O)c2c3c(ccc2)cccc13,6.492144128304169
c1ccc2c3c(ccc2)S(=O)(N(c13)CCCCCCN1CCN(c2cc(Cl)ccc2)CC1)=O,6.492144128304169
c12c3cccc1cccc2S(=O)(=O)N3CCCCCCN1CCN(CC1)c1cc(Cl)ccc1,6.492144128304169
c1(Cc2c3CCC4CNCCN4c3ccc2)ccccc1,8.79997073344623
C1C2N(c3c(c(Cc4ccccc4)ccc3)C1)CCNC2,8.79997073344623
c12N3C(CCc1c(ccc2)Cc1ccccc1)CNCC3,8.79997073344623
c1c(Cc2cccc3N4CCNCC4CCc32)cccc1,8.79997073344623
c1ccc(Cc2cccc3N4CCNCC4CCc23)cc1,8.79997073344623
Clc1c(Cl)cc(CN2CC(CC2)NC(c2ccc(cc2)-c2sccc2)=O)cc1,7.657577319177793
O=C(c1ccc(-c2cccs2)cc1)NC1CN(CC1)Cc1ccc(c(Cl)c1)Cl,7.657577319177793
c1cc(C(=O)NC2CCN(Cc3ccc(c(c3)Cl)Cl)C2)ccc1-c1sccc1,7.657577319177793
c1cc(-c2ccc(cc2)C(=O)NC2CN(CC2)Cc2cc(c(Cl)cc2)Cl)sc1,7.657577319177793
c1(-c2ccc(cc2)C(=O)NC2CCN(C2)Cc2ccc(Cl)c(c2)Cl)cccs1,7.657577319177793
C1CNCCN1c1ccnc2c1nc(CC)n2Cc1cccc(c1)F,6.355561410532162
c1(cc(ccc1)Cn1c2nccc(c2nc1CC)N1CCNCC1)F,6.355561410532162
n1c2n(Cc3cccc(c3)F)c(nc2c(cc1)N1CCNCC1)CC,6.355561410532162
C1CNCCN1c1ccnc2c1nc(n2Cc1cc(ccc1)F)CC,6.355561410532162
n1c(CC)n(c2nccc(N3CCNCC3)c12)Cc1cc(ccc1)F,6.355561410532162
C1CC(NC(N(C)C)=O)CCC1CCN1CCN(c2c3ccccc3sn2)CC1,9.221848749616356
N1(CCN(CCC2CCC(CC2)NC(N(C)C)=O)CC1)c1nsc2c1cccc2,9.221848749616356
CN(C)C(=O)NC1CCC(CCN2CCN(c3nsc4ccccc43)CC2)CC1,9.221848749616356
N1(CCC2CCC(CC2)NC(=O)N(C)C)CCN(c2nsc3ccccc23)CC1,9.221848749616356
C1C(NC(N(C)C)=O)CCC(C1)CCN1CCN(c2c3c(sn2)cccc3)CC1,9.221848749616356
c1c2cccc3N(CCCCCCN4CCN(c5ccc(OC)cc5)CC4)C(=O)c(cc1)c32,5.7151182853445475
C1CN(CCCCCCN2c3cccc4c3c(ccc4)C2=O)CCN1c1ccc(cc1)OC,5.7151182853445475
C1CN(CCN1c1ccc(OC)cc1)CCCCCCN1C(=O)c2c3c1cccc3ccc2,5.7151182853445475
C1CN(c2ccc(cc2)OC)CCN1CCCCCCN1c2c3c(cccc3ccc2)C1=O,5.7151182853445475
c1c2cccc3C(N(CCCCCCN4CCN(CC4)c4ccc(OC)cc4)c(c32)cc1)=O,5.7151182853445475
C1CN(CCN1c1nsc2ccccc12)CCN1C(=O)c2cn(nc2CC1)C,9.207608310501746
c1c2snc(c2ccc1)N1CCN(CC1)CCN1C(=O)c2cn(C)nc2CC1,9.207608310501746
C1(c2cn(nc2CCN1CCN1CCN(c2nsc3c2cccc3)CC1)C)=O,9.207608310501746
C1N(CCN2C(c3c(nn(c3)C)CC2)=O)CCN(C1)c1c2ccccc2sn1,9.207608310501746
C(N1C(c2cn(nc2CC1)C)=O)CN1CCN(CC1)c1c2c(sn1)cccc2,9.207608310501746
C1CC(CCN1CCN1CCc2cccnc2C1=O)c1c2cc(ccc2on1)OC,6.785156151952302
C1Cc2cccnc2C(N1CCN1CCC(c2c3cc(OC)ccc3on2)CC1)=O,6.785156151952302
c1cc2c(c(no2)C2CCN(CC2)CCN2C(c3ncccc3CC2)=O)cc1OC,6.785156151952302
C1Cc2cccnc2C(=O)N1CCN1CCC(CC1)c1c2c(on1)ccc(OC)c2,6.785156151952302
C1N(CCN2C(c3c(cccn3)CC2)=O)CCC(c2c3cc(ccc3on2)OC)C1,6.785156151952302
c1(coc2ccccc12)C1CCN(CC1)CCC1CCC(CC1)NS(=O)(CC)=O,8.294992040666664
c12occ(C3CCN(CC3)CCC3CCC(NS(CC)(=O)=O)CC3)c1cccc2,8.294992040666664
C1C(CCC(CCN2CCC(CC2)c2c3ccccc3oc2)C1)NS(=O)(=O)CC,8.294992040666664
C1C(CCC(CCN2CCC(c3coc4ccccc43)CC2)C1)NS(=O)(=O)CC,8.294992040666664
C1C(c2c3c(oc2)cccc3)CCN(C1)CCC1CCC(NS(=O)(=O)CC)CC1,8.294992040666664
c1cccc2C3OC(CN(C)C)CC3c3c(cccc3)Oc21,7.795880017344075
O1c2c(C3C(CC(CN(C)C)O3)c3c1cccc3)cccc2,7.795880017344075
c1c2C3C(c4ccccc4Oc2ccc1)OC(C3)CN(C)C,7.795880017344075
CN(CC1CC2C(O1)c1c(Oc3ccccc32)cccc1)C,7.795880017344075
C12c3c(cccc3)Oc3c(C2OC(CN(C)C)C1)cccc3,7.795880017344075
CC(Cn1ccc2Cc3ccc(C)cc3-c21)N,7.199970640755866
C1c2c(-c3n(CC(N)C)ccc31)cc(cc2)C,7.199970640755866
C(C)(Cn1ccc2Cc3c(cc(cc3)C)-c21)N,7.199970640755866
C(Cn1ccc2Cc3c(-c12)cc(C)cc3)(N)C,7.199970640755866
c1cc2c(-c3c(C2)ccn3CC(C)N)cc1C,7.199970640755866
C1N(c2c(C1)cc(C)cc2)C(=O)Nc1cccnc1,5.300000202445418
c1cc2N(C(Nc3cccnc3)=O)CCc2cc1C,5.300000202445418
c12CCN(C(=O)Nc3cnccc3)c1ccc(C)c2,5.300000202445418
c1ncc(NC(N2c3ccc(cc3CC2)C)=O)cc1,5.300000202445418
Cc1cc2CCN(c2cc1)C(=O)Nc1cnccc1,5.300000202445418
c1cc(C(CCCN2CC3C(N4CCSc5cccc3c45)CC2)=O)c(N)cc1,8.18045606445813
C12CN(CCC2N2c3c1cccc3SCC2)CCCC(=O)c1ccccc1N,8.18045606445813
S1c2c3c(ccc2)C2C(N3CC1)CCN(C2)CCCC(=O)c1c(N)cccc1,8.18045606445813
c1ccc(N)c(c1)C(=O)CCCN1CCC2N3CCSc4cccc(C2C1)c34,8.18045606445813
C12C(CN(CC1)CCCC(=O)c1ccccc1N)c1cccc3c1N2CCS3,8.18045606445813
c1ccc(cc1OC)N1CCN(CCCCn2ncc(n(c2=O)C)=O)CC1,5.6777807052660805
c1(OC)cccc(c1)N1CCN(CC1)CCCCn1ncc(=O)n(C)c1=O,5.6777807052660805
c1(cc(OC)ccc1)N1CCN(CC1)CCCCn1ncc(n(C)c1=O)=O,5.6777807052660805
C(CCCn1ncc(n(c1=O)C)=O)N1CCN(c2cc(ccc2)OC)CC1,5.6777807052660805
c1c(OC)cc(N2CCN(CC2)CCCCn2ncc(=O)n(C)c2=O)cc1,5.6777807052660805
C1Oc2c(cccc2O1)C1CCN(CC1)CCC1CCC(NC(C2CC(Cl)C2)=O)CC1,7.729787145103757
C1N(CCC(C1)c1cccc2OCOc12)CCC1CCC(CC1)NC(=O)C1CC(Cl)C1,7.729787145103757
C1CN(CCC2CCC(NC(C3CC(Cl)C3)=O)CC2)CCC1c1c2OCOc2ccc1,7.729787145103757
C1N(CCC2CCC(NC(C3CC(Cl)C3)=O)CC2)CCC(c2cccc3c2OCO3)C1,7.729787145103757
c1cc2OCOc2c(c1)C1CCN(CC1)CCC1CCC(CC1)NC(C1CC(C1)Cl)=O,7.729787145103757
n1c(N2CCN(CC2)c2c(cccc2)OC)nc(nc1NCCc1c[nH]c2ccccc12)N,4.558147824226708
c12c(cccc2)c(c[nH]1)CCNc1nc(nc(n1)N1CCN(CC1)c1c(OC)cccc1)N,4.558147824226708
N(CCc1c2ccccc2[nH]c1)c1nc(N2CCN(CC2)c2ccccc2OC)nc(n1)N,4.558147824226708
n1c(N2CCN(CC2)c2c(cccc2)OC)nc(nc1N)NCCc1c2c([nH]c1)cccc2,4.558147824226708
COc1c(cccc1)N1CCN(c2nc(NCCc3c4c(cccc4)[nH]c3)nc(N)n2)CC1,4.558147824226708
c1cc(Cl)c(F)c(c1)N1CCN(CC1)CCCCOc1nc2c(cc1)CCC(N2)=O,7.982966660701219
C(CCOc1nc2c(CCC(=O)N2)cc1)CN1CCN(c2c(F)c(ccc2)Cl)CC1,7.982966660701219
C(CCCOc1ccc2c(n1)NC(CC2)=O)N1CCN(CC1)c1c(c(ccc1)Cl)F,7.982966660701219
N1(c2cccc(Cl)c2F)CCN(CCCCOc2ccc3CCC(=O)Nc3n2)CC1,7.982966660701219
c1cc2c(nc1OCCCCN1CCN(CC1)c1c(F)c(ccc1)Cl)NC(CC2)=O,7.982966660701219
C(C(O)CN1CCN(c2cccc(CC)c2Cl)CC1)CNC(=O)c1[nH]c2c(cccc2)c1,7.55129368009492
O=C(NCCC(CN1CCN(c2cccc(CC)c2Cl)CC1)O)c1cc2ccccc2[nH]1,7.55129368009492
c1(C(=O)NCCC(CN2CCN(CC2)c2cccc(CC)c2Cl)O)cc2c(cccc2)[nH]1,7.55129368009492
C1N(CC(CCNC(c2cc3c(cccc3)[nH]2)=O)O)CCN(c2cccc(c2Cl)CC)C1,7.55129368009492
c1c2c(ccc1)[nH]c(C(NCCC(CN1CCN(CC1)c1cccc(c1Cl)CC)O)=O)c2,7.55129368009492
FC(F)(c1ccc2c(c1)N(C(Nc1ccc(nc1)Oc1c(nccc1)C)=O)CC2)F,6.799998134593398
c1ccnc(c1Oc1ccc(NC(N2c3c(ccc(c3)C(F)(F)F)CC2)=O)cn1)C,6.799998134593398
n1c(ccc(NC(=O)N2CCc3c2cc(cc3)C(F)(F)F)c1)Oc1c(C)nccc1,6.799998134593398
c1c(cnc(Oc2cccnc2C)c1)NC(=O)N1c2c(ccc(C(F)(F)F)c2)CC1,6.799998134593398
c1c(ccc2c1N(CC2)C(=O)Nc1ccc(nc1)Oc1c(nccc1)C)C(F)(F)F,6.799998134593398
C1C(CCC(C1)NC(=O)CC1(CCC1)O)CCN1CCN(c2c3c(OCO3)ccc2)CC1,7.592949185195749
C1N(CCN(c2cccc3OCOc23)C1)CCC1CCC(CC1)NC(CC1(O)CCC1)=O,7.592949185195749
c1ccc2c(OCO2)c1N1CCN(CC1)CCC1CCC(CC1)NC(=O)CC1(CCC1)O,7.592949185195749
C1C(CCC(C1)CCN1CCN(c2c3c(ccc2)OCO3)CC1)NC(CC1(CCC1)O)=O,7.592949185195749
C1CN(CCN1c1cccc2c1OCO2)CCC1CCC(NC(CC2(O)CCC2)=O)CC1,7.592949185195749
n1c(OCC2CCN(CCc3ccc(cc3)CO)CC2)c2cn(cc2c2c1cccc2)C,7.50003813440381
c1(CCN2CCC(COc3c4c(cn(C)c4)c4ccccc4n3)CC2)ccc(CO)cc1,7.50003813440381
c1(OCC2CCN(CC2)CCc2ccc(cc2)CO)nc2ccccc2c2cn(C)cc21,7.50003813440381
c1c2c(cn1C)c(nc1c2cccc1)OCC1CCN(CCc2ccc(cc2)CO)CC1,7.50003813440381
c1cc(CO)ccc1CCN1CCC(CC1)COc1nc2c(cccc2)c2cn(C)cc21,7.50003813440381
N1(c2c3oc([nH]c3ccc2)=O)CC2N(CC1C2)CC1CCc2[nH]c3ccc(cc3c2C1)F,5.7447274948966935
C1C2N(c3cccc4c3oc([nH]4)=O)CC(N1CC1CCc3c(c4c(ccc(c4)F)[nH]3)C1)C2,5.7447274948966935
C1(CCc2c(c3cc(ccc3[nH]2)F)C1)CN1C2CN(C(C1)C2)c1cccc2c1oc(=O)[nH]2,5.7447274948966935
c1(c2oc(=O)[nH]c2ccc1)N1CC2CC1CN2CC1CCc2c(C1)c1cc(F)ccc1[nH]2,5.7447274948966935
c1(F)ccc2c(c1)c1CC(CN3CC4CC3CN4c3c4oc([nH]c4ccc3)=O)CCc1[nH]2,5.7447274948966935
C1CN(CCN1CCCCN1CCCc2c(C1=O)cccc2)c1c(c(Cl)ccc1)Cl,7.989912153001476
Clc1c(Cl)c(ccc1)N1CCN(CC1)CCCCN1C(=O)c2c(CCC1)cccc2,7.989912153001476
C1CN(CCN1CCCCN1CCCc2c(cccc2)C1=O)c1c(Cl)c(Cl)ccc1,7.989912153001476
C1CN(CCCCN2CCCc3c(cccc3)C2=O)CCN1c1cccc(Cl)c1Cl,7.989912153001476
Clc1c(cccc1Cl)N1CCN(CC1)CCCCN1CCCc2ccccc2C1=O,7.989912153001476
C1(c2c3c(on2)cc(F)cc3)CCN(CC1)CCN(C(=O)C(O)C#C)CC,8.657577319177793
C#CC(O)C(=O)N(CCN1CCC(c2noc3c2ccc(c3)F)CC1)CC,8.657577319177793
c1(cc2onc(c2cc1)C1CCN(CC1)CCN(CC)C(=O)C(C#C)O)F,8.657577319177793
C#CC(C(N(CC)CCN1CCC(c2noc3c2ccc(F)c3)CC1)=O)O,8.657577319177793
C(CN1CCC(CC1)c1noc2cc(ccc21)F)N(C(=O)C(O)C#C)CC,8.657577319177793
C1N(CCN(C1)c1cccc(Cl)c1Cl)CCCCN1S(=O)(=O)c2c(C1=O)cccc2,5.58838029403677
C1(=O)c2c(S(=O)(N1CCCCN1CCN(c3c(c(ccc3)Cl)Cl)CC1)=O)cccc2,5.58838029403677
c1(Cl)cccc(N2CCN(CCCCN3S(=O)(c4c(cccc4)C3=O)=O)CC2)c1Cl,5.58838029403677
Clc1c(Cl)c(ccc1)N1CCN(CCCCN2S(=O)(c3c(cccc3)C2=O)=O)CC1,5.58838029403677
C(CN1CCN(c2c(Cl)c(ccc2)Cl)CC1)CCN1S(=O)(c2ccccc2C1=O)=O,5.58838029403677
C1COCCN1CCOc1c(cc(NC(Nc2ccc(Cl)cc2)=O)cc1)-c1c(cnn1C)Cl,9.214670164989233
N1(CCOCC1)CCOc1c(-c2c(Cl)cnn2C)cc(NC(=O)Nc2ccc(Cl)cc2)cc1,9.214670164989233
C1CN(CCOc2c(-c3n(C)ncc3Cl)cc(cc2)NC(=O)Nc2ccc(cc2)Cl)CCO1,9.214670164989233
c1cc(c(cc1NC(Nc1ccc(cc1)Cl)=O)-c1n(C)ncc1Cl)OCCN1CCOCC1,9.214670164989233
n1(C)c(c(cn1)Cl)-c1c(OCCN2CCOCC2)ccc(c1)NC(=O)Nc1ccc(cc1)Cl,9.214670164989233
c12ccc(cc1onc2C1CCN(CC1)CCN(CC)C(C(C)O)=O)F,8.602059991327963
N(CCN1CCC(CC1)c1noc2cc(ccc21)F)(CC)C(C(C)O)=O,8.602059991327963
c1(F)ccc2c(C3CCN(CC3)CCN(CC)C(=O)C(C)O)noc2c1,8.602059991327963
C1(c2noc3c2ccc(c3)F)CCN(CC1)CCN(C(=O)C(C)O)CC,8.602059991327963
c12c(c(C3CCN(CCN(CC)C(C(C)O)=O)CC3)no2)ccc(c1)F,8.602059991327963
c1(ccc(cc1)F)C(CCCN1CC2c3c4N(C2CC1)CCN(c4ccc3)C)=O,9.267606240177031
C(N1CC2c3c4c(ccc3)N(C)CCN4C2CC1)CCC(=O)c1ccc(cc1)F,9.267606240177031
c1cc(F)ccc1C(CCCN1CC2C(N3CCN(C)c4c3c2ccc4)CC1)=O,9.267606240177031
c1c2c3N(CCN(c3cc1)C)C1C2CN(CCCC(c2ccc(F)cc2)=O)CC1,9.267606240177031
c12cccc3N(C)CCN(c32)C2C1CN(CC2)CCCC(=O)c1ccc(F)cc1,9.267606240177031
Fc1ccc(-c2nc(Cc3ccc(F)cc3)nc3CCNCCc23)cc1,9.154901959985743
n1c2c(c(nc1Cc1ccc(F)cc1)-c1ccc(cc1)F)CCNCC2,9.154901959985743
n1c2CCNCCc2c(-c2ccc(cc2)F)nc1Cc1ccc(F)cc1,9.154901959985743
c1c(-c2nc(nc3c2CCNCC3)Cc2ccc(F)cc2)ccc(F)c1,9.154901959985743
c1c(Cc2nc3CCNCCc3c(n2)-c2ccc(cc2)F)ccc(F)c1,9.154901959985743
FC(F)(c1c2c(N3CCNCC3NC2=O)ccc1)F,6.735182176990463
O=C1c2c(cccc2N2CCNCC2N1)C(F)(F)F,6.735182176990463
c12c(N3CCNCC3NC1=O)cccc2C(F)(F)F,6.735182176990463
FC(c1cccc2c1C(NC1CNCCN12)=O)(F)F,6.735182176990463
c1c(C(F)(F)F)c2c(cc1)N1CCNCC1NC2=O,6.735182176990463
c1(c(Br)cc(c(CCNCc2cccc(c2O)OC)c1)OC)OC,9.700057099977233
Oc1c(cccc1OC)CNCCc1c(cc(c(OC)c1)Br)OC,9.700057099977233
c1(cc(CCNCc2c(c(ccc2)OC)O)c(OC)cc1Br)OC,9.700057099977233
c1ccc(c(O)c1CNCCc1c(OC)cc(Br)c(OC)c1)OC,9.700057099977233
C(NCc1cccc(c1O)OC)Cc1cc(c(Br)cc1OC)OC,9.700057099977233
c1(cc(c2c(CC3N(CCNC3)C2=O)c1)C)C,6.486782399932061
c1(cc2c(c(c1)C)C(N1CCNCC1C2)=O)C,6.486782399932061
c1c(cc2CC3N(CCNC3)C(c2c1C)=O)C,6.486782399932061
N1CC2N(CC1)C(c1c(cc(cc1C)C)C2)=O,6.486782399932061
N12CCNCC1Cc1cc(C)cc(C)c1C2=O,6.486782399932061
C12C(=CC(C(=O)N(C)CC(F)(F)F)CN2C)c2cccc3[nH]cc(C1)c32,9.585026652029182
c12cccc3c1c(c[nH]2)CC1N(C)CC(C(=O)N(C)CC(F)(F)F)C=C31,9.585026652029182
C1N(C)C2C(c3cccc4c3c(c[nH]4)C2)=CC1C(=O)N(C)CC(F)(F)F,9.585026652029182
C1c2c[nH]c3c2c(C2C1N(C)CC(C(=O)N(C)CC(F)(F)F)C=2)ccc3,9.585026652029182
CN(CC(F)(F)F)C(C1C=C2C(N(C)C1)Cc1c[nH]c3c1c2ccc3)=O,9.585026652029182
N12C(CNCC1)CCc1c2nccc1Cc1ccccc1F,8.576754126063193
c1cccc(Cc2ccnc3c2CCC2CNCCN32)c1F,8.576754126063193
c1(F)c(Cc2ccnc3c2CCC2CNCCN23)cccc1,8.576754126063193
n1ccc(c2CCC3N(c21)CCNC3)Cc1ccccc1F,8.576754126063193
C1NCC2CCc3c(Cc4c(cccc4)F)ccnc3N2C1,8.576754126063193
c1cccc2c1c(C1CCN(CCC3CCC(NC(=O)c4ccc(Cl)cc4)CC3)CC1)co2,8.045275209020938
c1c2c(coc2ccc1)C1CCN(CCC2CCC(CC2)NC(=O)c2ccc(cc2)Cl)CC1,8.045275209020938
C1C(CCC(CCN2CCC(c3coc4ccccc43)CC2)C1)NC(c1ccc(cc1)Cl)=O,8.045275209020938
C1CC(NC(c2ccc(cc2)Cl)=O)CCC1CCN1CCC(CC1)c1c2ccccc2oc1,8.045275209020938
c1c2c(occ2C2CCN(CC2)CCC2CCC(NC(=O)c3ccc(cc3)Cl)CC2)ccc1,8.045275209020938
CC(c1ccc2N(CCc2c1Cl)C(Nc1cnccc1)=O)(C)C,6.199998172182031
c12c(c(C(C)(C)C)ccc1N(CC2)C(=O)Nc1cnccc1)Cl,6.199998172182031
CC(C)(C)c1c(c2CCN(C(Nc3cccnc3)=O)c2cc1)Cl,6.199998172182031
C1Cc2c(N1C(Nc1cnccc1)=O)ccc(C(C)(C)C)c2Cl,6.199998172182031
C(C)(c1c(Cl)c2c(N(C(Nc3cnccc3)=O)CC2)cc1)(C)C,6.199998172182031
C(C(C)C)Oc1ccc(cc1)CC(=O)N(Cc1ccc(C(F)(F)F)cc1F)C1CCN(CC1)C,7.698970004336019
c1c(C(F)(F)F)cc(c(CN(C(=O)Cc2ccc(OCC(C)C)cc2)C2CCN(C)CC2)c1)F,7.698970004336019
CC(COc1ccc(cc1)CC(=O)N(Cc1ccc(cc1F)C(F)(F)F)C1CCN(C)CC1)C,7.698970004336019
CN1CCC(N(C(Cc2ccc(OCC(C)C)cc2)=O)Cc2ccc(cc2F)C(F)(F)F)CC1,7.698970004336019
C(c1ccc(cc1F)C(F)(F)F)N(C(=O)Cc1ccc(OCC(C)C)cc1)C1CCN(C)CC1,7.698970004336019
c12c(ccc(c2)F)[nH]cc1-c1c(O)n(c(O)c1)CCCCN1CCC(c2c3c(ccc(F)c3)[nH]c2)CC1,5.711303739409744
C1(c2c[nH]c3ccc(cc32)F)CCN(CC1)CCCCn1c(O)cc(-c2c[nH]c3ccc(F)cc32)c1O,5.711303739409744
c12c(ccc(c2)F)[nH]cc1-c1c(n(c(c1)O)CCCCN1CCC(c2c3cc(F)ccc3[nH]c2)CC1)O,5.711303739409744
c1(cc(n(c1O)CCCCN1CCC(CC1)c1c2c(ccc(c2)F)[nH]c1)O)-c1c[nH]c2ccc(F)cc21,5.711303739409744
C1CC(CCN1CCCCn1c(O)cc(c1O)-c1c2c([nH]c1)ccc(c2)F)c1c[nH]c2ccc(cc21)F,5.711303739409744
c1(CCN2CCN(c3nsc4c3cccc4)CC2)cccc2c1N(CCC2C)C(C)=O,9.522878745280337
C1N(c2c3ccccc3sn2)CCN(C1)CCc1cccc2C(C)CCN(C(C)=O)c12,9.522878745280337
c12N(C(C)=O)CCC(C)c1cccc2CCN1CCN(c2nsc3ccccc32)CC1,9.522878745280337
c12C(CCN(c1c(ccc2)CCN1CCN(CC1)c1c2ccccc2sn1)C(=O)C)C,9.522878745280337
c1ccc2c(c(ns2)N2CCN(CCc3c4N(C(=O)C)CCC(c4ccc3)C)CC2)c1,9.522878745280337
c1c(Cl)ccc(c1)NC(Nc1cc(c(OC)cc1)-c1ccnn1C)=O,8.79997073344623
c1(OC)ccc(cc1-c1n(ncc1)C)NC(=O)Nc1ccc(cc1)Cl,8.79997073344623
Clc1ccc(cc1)NC(=O)Nc1cc(-c2ccnn2C)c(OC)cc1,8.79997073344623
O=C(Nc1ccc(cc1)Cl)Nc1cc(-c2ccnn2C)c(cc1)OC,8.79997073344623
c1cc(-c2c(ccc(c2)NC(=O)Nc2ccc(Cl)cc2)OC)n(n1)C,8.79997073344623
c12c(cccc2)Cc2ccccc2C1CCN(C)C,7.075720713938118
c1ccc2c(c1)Cc1ccccc1C2CCN(C)C,7.075720713938118
C(CN(C)C)C1c2ccccc2Cc2c1cccc2,7.075720713938118
c1c2c(ccc1)C(CCN(C)C)c1c(C2)cccc1,7.075720713938118
c1ccc2c(C(c3c(C2)cccc3)CCN(C)C)c1,7.075720713938118
N1(CCc2cc(ccc21)I)C(Nc1ccc(nc1)Oc1c(C)nccc1)=O,5.799985803863229
c12ccc(I)cc2CCN1C(=O)Nc1cnc(Oc2c(C)nccc2)cc1,5.799985803863229
c1ccc(Oc2ccc(cn2)NC(N2CCc3cc(ccc32)I)=O)c(n1)C,5.799985803863229
N1(CCc2cc(I)ccc12)C(=O)Nc1ccc(Oc2cccnc2C)nc1,5.799985803863229
c1(c(C)nccc1)Oc1ccc(NC(=O)N2CCc3c2ccc(I)c3)cn1,5.799985803863229
C1CC(N(CCc2c3c([nH]c2-c2ccccc2)cccc3)C1)COC,9.585026652029182
c1cc2c([nH]c(c2CCN2C(CCC2)COC)-c2ccccc2)cc1,9.585026652029182
C1CCC(N1CCc1c2c(cccc2)[nH]c1-c1ccccc1)COC,9.585026652029182
c1c2c(CCN3CCCC3COC)c([nH]c2ccc1)-c1ccccc1,9.585026652029182
C(N1C(COC)CCC1)Cc1c2ccccc2[nH]c1-c1ccccc1,9.585026652029182
C1C(N(CC1NS(=O)(=O)c1cc2ccc(Cl)cc2s1)CCCc1c2ccc(cc2on1)F)C,8.379968104873702
c12cc(ccc2cc(S(NC2CN(CCCc3noc4c3ccc(F)c4)C(C)C2)(=O)=O)s1)Cl,8.379968104873702
C1C(CC(N1CCCc1noc2cc(F)ccc12)C)NS(c1sc2c(c1)ccc(Cl)c2)(=O)=O,8.379968104873702
C1C(CC(N1CCCc1c2c(on1)cc(F)cc2)C)NS(c1sc2c(ccc(c2)Cl)c1)(=O)=O,8.379968104873702
c12sc(cc1ccc(Cl)c2)S(=O)(=O)NC1CN(CCCc2noc3cc(F)ccc23)C(C1)C,8.379968104873702
C(C)(C)(CC(=O)NC1CCC(CCN2CCN(c3nccc4OCCc43)CC2)CC1)C,7.790484985457369
C1C(CCC(C1)CCN1CCN(c2nccc3OCCc23)CC1)NC(=O)CC(C)(C)C,7.790484985457369
C1CN(CCN1CCC1CCC(CC1)NC(=O)CC(C)(C)C)c1c2c(OCC2)ccn1,7.790484985457369
CC(C)(C)CC(NC1CCC(CCN2CCN(c3c4c(OCC4)ccn3)CC2)CC1)=O,7.790484985457369
C1c2c(N3CCN(CC3)CCC3CCC(NC(CC(C)(C)C)=O)CC3)nccc2OC1,7.790484985457369
C1(NC(CCOC)=O)CCC(CCN2CCN(c3c4CCOc4cc(C)n3)CC2)CC1,6.5934598195660445
N1(CCN(CC1)c1nc(C)cc2OCCc12)CCC1CCC(CC1)NC(=O)CCOC,6.5934598195660445
Cc1cc2c(CCO2)c(n1)N1CCN(CC1)CCC1CCC(NC(=O)CCOC)CC1,6.5934598195660445
C1C(NC(=O)CCOC)CCC(C1)CCN1CCN(c2nc(C)cc3OCCc23)CC1,6.5934598195660445
C1c2c(cc(nc2N2CCN(CCC3CCC(NC(CCOC)=O)CC3)CC2)C)OC1,6.5934598195660445
N1(C2c3c(cc(cc3)CC)Oc3c(N=2)ccc(c3)C)CCN(CC2(CC2)C(O)=O)CC1,7.886056647693163
N1(CCN(CC2(CC2)C(=O)O)CC1)C1c2ccc(CC)cc2Oc2cc(C)ccc2N=1,7.886056647693163
c1(ccc2c(c1)Oc1c(ccc(c1)C)N=C2N1CCN(CC2(C(O)=O)CC2)CC1)CC,7.886056647693163
c1c2c(Oc3c(N=C2N2CCN(CC2)CC2(CC2)C(O)=O)ccc(c3)C)cc(CC)c1,7.886056647693163
O=C(C1(CN2CCN(CC2)C2=Nc3c(Oc4cc(CC)ccc24)cc(cc3)C)CC1)O,7.886056647693163
N1(CCC2CCC(CC2)NC(=O)CCOC)CCC(CC1)c1c2c(ccc(c2)F)on1,7.432385557269155
C1CN(CCC2CCC(NC(=O)CCOC)CC2)CCC1c1noc2c1cc(cc2)F,7.432385557269155
C1(CCC(CC1)CCN1CCC(c2c3c(ccc(c3)F)on2)CC1)NC(CCOC)=O,7.432385557269155
C1(c2noc3ccc(F)cc32)CCN(CC1)CCC1CCC(NC(=O)CCOC)CC1,7.432385557269155
C(C(=O)NC1CCC(CCN2CCC(CC2)c2noc3c2cc(F)cc3)CC1)COC,7.432385557269155
c1(ccc(OC)c(N2CCNCC2)c1)NS(=O)(c1sc2ccc(cc2c1C)Cl)=O,5.7594507517174005
Clc1cc2c(sc(c2C)S(=O)(Nc2cc(N3CCNCC3)c(OC)cc2)=O)cc1,5.7594507517174005
c1(sc2ccc(Cl)cc2c1C)S(=O)(=O)Nc1cc(c(cc1)OC)N1CCNCC1,5.7594507517174005
c1c(NS(c2c(c3c(ccc(Cl)c3)s2)C)(=O)=O)cc(c(OC)c1)N1CCNCC1,5.7594507517174005
c1cc2sc(c(C)c2cc1Cl)S(Nc1cc(c(OC)cc1)N1CCNCC1)(=O)=O,5.7594507517174005
c1c2Sc3ccccc3C3OC(CC3c2ccc1)CN(C)C,7.512861624522813
O1C(CN(C)C)CC2c3c(cccc3)Sc3ccccc3C21,7.512861624522813
c1cc2C3C(CC(O3)CN(C)C)c3ccccc3Sc2cc1,7.512861624522813
c1cc2C3OC(CC3c3ccccc3Sc2cc1)CN(C)C,7.512861624522813
O1C2c3c(Sc4c(cccc4)C2CC1CN(C)C)cccc3,7.512861624522813
c1cc(c(OCCN2CCC(C)CC2)cc1N1C(C(c2ccc(cc2)C(F)(F)F)=CC1)=O)OC,5.800000874803203
c1c(N2CC=C(c3ccc(cc3)C(F)(F)F)C2=O)cc(c(OC)c1)OCCN1CCC(C)CC1,5.800000874803203
c1c(ccc(c1)C1=CCN(C1=O)c1ccc(c(c1)OCCN1CCC(C)CC1)OC)C(F)(F)F,5.800000874803203
FC(F)(F)c1ccc(C2C(N(c3ccc(OC)c(c3)OCCN3CCC(C)CC3)CC=2)=O)cc1,5.800000874803203
c1(ccc(cc1)C(F)(F)F)C1C(=O)N(CC=1)c1ccc(c(OCCN2CCC(CC2)C)c1)OC,5.800000874803203
c1cc2c(cc1)C(=O)N(CCN1CCC(CC1)Oc1ccc(Cl)cc1)CCC2,7.130005999878258
N1(CCN2CCC(CC2)Oc2ccc(Cl)cc2)CCCc2ccccc2C1=O,7.130005999878258
c1cc(ccc1OC1CCN(CC1)CCN1C(=O)c2c(CCC1)cccc2)Cl,7.130005999878258
C1(Oc2ccc(cc2)Cl)CCN(CCN2CCCc3ccccc3C2=O)CC1,7.130005999878258
N1(CCCc2c(cccc2)C1=O)CCN1CCC(CC1)Oc1ccc(Cl)cc1,7.130005999878258
c1c(OCCCCN(C2CCc3c(cccc3O)C2)CCC)ccn2nccc21,5.920818753952375
C(Oc1cc2ccnn2cc1)CCCN(C1CCc2c(cccc2O)C1)CCC,5.920818753952375
c1(cccc2c1CCC(N(CCCCOc1cc3n(ncc3)cc1)CCC)C2)O,5.920818753952375
C1c2c(CCC1N(CCCCOc1cc3ccnn3cc1)CCC)c(O)ccc2,5.920818753952375
c1ccc2CC(N(CCC)CCCCOc3ccn4c(c3)ccn4)CCc2c1O,5.920818753952375
C1CN(CCO1)CCc1ccc(cc1)OCCCN1CCC(CC1)c1c2c(cc(F)cc2)on1,8.075720713938118
C1(CCN(CC1)CCCOc1ccc(cc1)CCN1CCOCC1)c1noc2cc(F)ccc21,8.075720713938118
c1(C2CCN(CCCOc3ccc(CCN4CCOCC4)cc3)CC2)c2ccc(cc2on1)F,8.075720713938118
c1c(ccc(OCCCN2CCC(CC2)c2noc3c2ccc(c3)F)c1)CCN1CCOCC1,8.075720713938118
n1c(c2c(o1)cc(cc2)F)C1CCN(CCCOc2ccc(CCN3CCOCC3)cc2)CC1,8.075720713938118
C1CN(CCC2CCC(CC2)NC(C2(CC2)O)=O)CCC1c1cccc2OCOc12,8.087777943467584
O=C(C1(O)CC1)NC1CCC(CC1)CCN1CCC(CC1)c1cccc2c1OCO2,8.087777943467584
C1CC(CCN2CCC(CC2)c2cccc3c2OCO3)CCC1NC(=O)C1(O)CC1,8.087777943467584
C1CC(c2c3c(OCO3)ccc2)CCN1CCC1CCC(NC(C2(CC2)O)=O)CC1,8.087777943467584
C(CN1CCC(CC1)c1c2c(OCO2)ccc1)C1CCC(CC1)NC(=O)C1(CC1)O,8.087777943467584
C1(CC(=O)NC2CCC(CCN3CCC(c4c5c(OCC5)ccc4)CC3)CC2)CCCO1,7.447331783887806
O=C(NC1CCC(CC1)CCN1CCC(CC1)c1c2c(ccc1)OCC2)CC1CCCO1,7.447331783887806
C(C1OCCC1)C(=O)NC1CCC(CCN2CCC(CC2)c2c3CCOc3ccc2)CC1,7.447331783887806
C1Cc2c(cccc2O1)C1CCN(CC1)CCC1CCC(CC1)NC(=O)CC1OCCC1,7.447331783887806
C1(CC(=O)NC2CCC(CC2)CCN2CCC(c3cccc4c3CCO4)CC2)CCCO1,7.447331783887806
c1(ccc2c(n1)N1C(CNCC1C2)C)C(OCC)C,7.187086643357144
O(C(C)c1nc2N3C(Cc2cc1)CNCC3C)CC,7.187086643357144
c12ccc(C(C)OCC)nc1N1C(CNCC1C)C2,7.187086643357144
O(CC)C(c1ccc2c(n1)N1C(C2)CNCC1C)C,7.187086643357144
C1C(N2c3nc(ccc3CC2CN1)C(OCC)C)C,7.187086643357144
c12c3c(C4CN(CCC4N3CCS1)CCCC(c1c(N)cc(F)cc1)=O)ccc2,9.522878745280337
N1(CCC2N3c4c(cccc4C2C1)SCC3)CCCC(c1c(cc(F)cc1)N)=O,9.522878745280337
S1CCN2c3c1cccc3C1CN(CCCC(c3c(cc(cc3)F)N)=O)CCC12,9.522878745280337
N12C3CCN(CCCC(c4c(N)cc(cc4)F)=O)CC3c3cccc(SCC2)c31,9.522878745280337
C(CN1CC2C(N3c4c(cccc24)SCC3)CC1)CC(c1c(cc(cc1)F)N)=O,9.522878745280337
c12c(n(C)cc2CCN)ccc2c1CCCO2,8.086186147616283
NCCc1cn(C)c2c1c1CCCOc1cc2,8.086186147616283
c1c2OCCCc2c2c(n(cc2CCN)C)c1,8.086186147616283
C1Cc2c3c(n(cc3CCN)C)ccc2OC1,8.086186147616283
c12n(cc(c2c2CCCOc2cc1)CCN)C,8.086186147616283
c12S(=O)(N(C(=O)c2cccc1)CCCCCN1CCN(c2ncccn2)CC1)=O,5.200246033588114
n1cccnc1N1CCN(CCCCCN2C(c3c(S2(=O)=O)cccc3)=O)CC1,5.200246033588114
O=S1(c2c(cccc2)C(=O)N1CCCCCN1CCN(CC1)c1ncccn1)=O,5.200246033588114
S1(N(C(c2c1cccc2)=O)CCCCCN1CCN(CC1)c1ncccn1)(=O)=O,5.200246033588114
c12C(=O)N(S(c2cccc1)(=O)=O)CCCCCN1CCN(CC1)c1ncccn1,5.200246033588114
c1c(cccc1)N1CCN(CC1)CCCCn1c(O)c2c(c1O)C1C(=O)CC2(CC1C)C,6.741159264217037
c1(N2CCN(CC2)CCCCn2c(c3C4(CC(C)C(C(C4)=O)c3c2O)C)O)ccccc1,6.741159264217037
c1(N2CCN(CCCCn3c(O)c4c(C5C(C)CC4(C)CC5=O)c3O)CC2)ccccc1,6.741159264217037
c12c(O)n(CCCCN3CCN(CC3)c3ccccc3)c(O)c1C1C(CC2(C)CC1C)=O,6.741159264217037
c1(n(CCCCN2CCN(CC2)c2ccccc2)c(O)c2c1C1C(=O)CC2(C)CC1C)O,6.741159264217037
c12c([nH]c(c1C1CCCNC1)-c1ccccc1)cccc2,9.00436480540245
c1cc(-c2c(c3ccccc3[nH]2)C2CNCCC2)ccc1,9.00436480540245
[nH]1c(c(C2CNCCC2)c2ccccc21)-c1ccccc1,9.00436480540245
c1ccc2c(C3CNCCC3)c(-c3ccccc3)[nH]c2c1,9.00436480540245
[nH]1c2ccccc2c(c1-c1ccccc1)C1CCCNC1,9.00436480540245
C1(CCC(NC(Nc2cc3c(s2)cccc3)=O)CC1)CCN1CCN(c2c3c(cccc3)sn2)CC1,8.049148541111453
O=C(Nc1cc2c(cccc2)s1)NC1CCC(CC1)CCN1CCN(CC1)c1c2ccccc2sn1,8.049148541111453
C(=O)(NC1CCC(CC1)CCN1CCN(c2nsc3c2cccc3)CC1)Nc1cc2ccccc2s1,8.049148541111453
c12c(N3CCN(CCC4CCC(NC(Nc5cc6ccccc6s5)=O)CC4)CC3)nsc1cccc2,8.049148541111453
C(NC1CCC(CCN2CCN(CC2)c2nsc3c2cccc3)CC1)(=O)Nc1sc2ccccc2c1,8.049148541111453
C(CC)(Oc1cc(Cl)cc(Cl)c1)c1nc(Nc2ccccc2)nc(N2CCN(C)CC2)n1,5.774690718274137
O(c1cc(cc(c1)Cl)Cl)C(CC)c1nc(N2CCN(CC2)C)nc(n1)Nc1ccccc1,5.774690718274137
C1CN(c2nc(C(CC)Oc3cc(Cl)cc(Cl)c3)nc(n2)Nc2ccccc2)CCN1C,5.774690718274137
n1c(nc(nc1C(Oc1cc(Cl)cc(Cl)c1)CC)N1CCN(C)CC1)Nc1ccccc1,5.774690718274137
c1c(Cl)cc(cc1Cl)OC(c1nc(N2CCN(C)CC2)nc(n1)Nc1ccccc1)CC,5.774690718274137
c1c2C=C(c3nc(C)cn3Cc2ccc1)N1CCN(CC(C)(C(O)=O)C)CC1,6.900008766455316
N1(CCN(CC(C)(C)C(=O)O)CC1)C1c2nc(cn2Cc2ccccc2C=1)C,6.900008766455316
N1(C2c3n(cc(C)n3)Cc3ccccc3C=2)CCN(CC1)CC(C)(C(=O)O)C,6.900008766455316
c1c(C)nc2n1Cc1c(C=C2N2CCN(CC(C)(C)C(O)=O)CC2)cccc1,6.900008766455316
O=C(C(CN1CCN(C2=Cc3ccccc3Cn3c2nc(c3)C)CC1)(C)C)O,6.900008766455316
C12CNCCN2C(c2cc(ccc2C1)C)=O,6.492144128304169
C1NCCN2C(c3cc(C)ccc3CC12)=O,6.492144128304169
C1CNCC2Cc3c(C(=O)N21)cc(C)cc3,6.492144128304169
Cc1cc2c(cc1)CC1CNCCN1C2=O,6.492144128304169
c12C(N3C(Cc1ccc(C)c2)CNCC3)=O,6.492144128304169
C1N(CCC(C)C1)CCOc1c(ccc(c1)N1C(=O)C(c2cccc(Cl)c2)=CC1)OC,6.0999990348465305
C1C=C(c2cccc(Cl)c2)C(N1c1ccc(c(OCCN2CCC(C)CC2)c1)OC)=O,6.0999990348465305
c1(cc(C2=CCN(c3cc(OCCN4CCC(C)CC4)c(cc3)OC)C2=O)ccc1)Cl,6.0999990348465305
O=C1C(c2cccc(c2)Cl)=CCN1c1ccc(c(c1)OCCN1CCC(C)CC1)OC,6.0999990348465305
Clc1cccc(C2C(N(c3cc(OCCN4CCC(CC4)C)c(cc3)OC)CC=2)=O)c1,6.0999990348465305
C(C(NC1CCC(CCN2CCN(CC2)c2nccc3occc32)CC1)=O)OCC,8.130768280269024
C(OCC(=O)NC1CCC(CCN2CCN(CC2)c2nccc3occc32)CC1)C,8.130768280269024
O=C(COCC)NC1CCC(CC1)CCN1CCN(c2nccc3occc23)CC1,8.130768280269024
C1N(c2nccc3occc32)CCN(CCC2CCC(NC(COCC)=O)CC2)C1,8.130768280269024
C1C(CCC(C1)NC(=O)COCC)CCN1CCN(CC1)c1c2c(ccn1)occ2,8.130768280269024
N1(c2ccc(cc2)O)CCN(CCCCNC(c2cc3ccccc3cn2)=O)CC1,7.769551078621726
O=C(c1ncc2ccccc2c1)NCCCCN1CCN(CC1)c1ccc(O)cc1,7.769551078621726
C1CN(CCN1CCCCNC(c1ncc2ccccc2c1)=O)c1ccc(cc1)O,7.769551078621726
c1(O)ccc(N2CCN(CCCCNC(c3ncc4ccccc4c3)=O)CC2)cc1,7.769551078621726
c1ccc2cc(C(=O)NCCCCN3CCN(CC3)c3ccc(cc3)O)ncc2c1,7.769551078621726
c1cc2n(c(n(CCCCN3CCCC(C3)c3c4ccccc4[nH]c3)c(c2-c2ccccc2)=O)=O)cc1,6.363512103646634
[nH]1c2c(c(C3CN(CCCCn4c(=O)c(-c5ccccc5)c5ccccn5c4=O)CCC3)c1)cccc2,6.363512103646634
C(N1CC(c2c3c(cccc3)[nH]c2)CCC1)CCCn1c(c(c2n(c1=O)cccc2)-c1ccccc1)=O,6.363512103646634
c1(-c2ccccc2)c(=O)n(c(n2ccccc12)=O)CCCCN1CCCC(C1)c1c2ccccc2[nH]c1,6.363512103646634
c1cccc2c1c(c[nH]2)C1CN(CCC1)CCCCn1c(c(-c2ccccc2)c2ccccn2c1=O)=O,6.363512103646634
C1N(CCC2CCC(CC2)NC(Oc2ccccc2)=O)CCN(C1)c1c2c(cccc2)sn1,9.18045606445813
C1N(CCN(CCC2CCC(CC2)NC(=O)Oc2ccccc2)C1)c1nsc2ccccc21,9.18045606445813
C1CC(CCC1CCN1CCN(c2nsc3ccccc23)CC1)NC(Oc1ccccc1)=O,9.18045606445813
c1(c2ccccc2sn1)N1CCN(CCC2CCC(CC2)NC(Oc2ccccc2)=O)CC1,9.18045606445813
O(c1ccccc1)C(=O)NC1CCC(CC1)CCN1CCN(c2nsc3c2cccc3)CC1,9.18045606445813
O(c1ccc2cc(ccc2c1)S(=O)(=O)NC1CCN(C1)CCCc1c2ccccc2on1)C,9.029978734171634
S(=O)(=O)(c1cc2c(cc1)cc(OC)cc2)NC1CCN(C1)CCCc1noc2c1cccc2,9.029978734171634
C(CN1CC(NS(c2ccc3c(ccc(c3)OC)c2)(=O)=O)CC1)Cc1c2c(on1)cccc2,9.029978734171634
C1CN(CC1NS(=O)(c1cc2c(cc(OC)cc2)cc1)=O)CCCc1noc2c1cccc2,9.029978734171634
C1CN(CCCc2noc3c2cccc3)CC1NS(=O)(=O)c1cc2c(cc(cc2)OC)cc1,9.029978734171634
N1(CCC2CCC(NS(=O)(=O)c3ccc(OC)cc3)CC2)CCC(c2c3c(cc(F)cc3)on2)CC1,8.357139947415508
O=S(=O)(NC1CCC(CC1)CCN1CCC(CC1)c1noc2c1ccc(c2)F)c1ccc(cc1)OC,8.357139947415508
c1cc(ccc1S(=O)(NC1CCC(CC1)CCN1CCC(CC1)c1noc2cc(F)ccc21)=O)OC,8.357139947415508
o1c2c(ccc(c2)F)c(C2CCN(CCC3CCC(NS(=O)(c4ccc(cc4)OC)=O)CC3)CC2)n1,8.357139947415508
C1N(CCC(c2c3ccc(F)cc3on2)C1)CCC1CCC(CC1)NS(=O)(c1ccc(cc1)OC)=O,8.357139947415508
c1(C)c(c(N2CCN(CCCCOc3nc4NC(=O)CCc4cc3)CC2)ccc1)Cl,9.301029995663981
C(CN1CCN(CC1)c1c(Cl)c(ccc1)C)CCOc1nc2NC(=O)CCc2cc1,9.301029995663981
c1(c(N2CCN(CC2)CCCCOc2nc3NC(CCc3cc2)=O)cccc1C)Cl,9.301029995663981
O=C1Nc2nc(OCCCCN3CCN(CC3)c3cccc(C)c3Cl)ccc2CC1,9.301029995663981
c12c(nc(OCCCCN3CCN(CC3)c3cccc(c3Cl)C)cc1)NC(CC2)=O,9.301029995663981
c1(=O)n(C)c(c2c(nc3N(CCCN4CCN(c5ccccc5)CC4)CCCn23)n1C)=O,6.374996398985137
O=c1n(c(=O)c2c(nc3N(CCCN4CCN(c5ccccc5)CC4)CCCn23)n1C)C,6.374996398985137
Cn1c2nc3n(CCCN3CCCN3CCN(c4ccccc4)CC3)c2c(n(c1=O)C)=O,6.374996398985137
C1CN(c2ccccc2)CCN1CCCN1CCCn2c3c(n(c(=O)n(C)c3nc21)C)=O,6.374996398985137
O=c1n(c(c2c(nc3n2CCCN3CCCN2CCN(CC2)c2ccccc2)n1C)=O)C,6.374996398985137
C1CC(c2noc3ccccc23)CCN1CCN1C(c2c(ocn2)CC1)=O,7.289036881004725
c1(C2CCN(CCN3C(c4c(ocn4)CC3)=O)CC2)c2ccccc2on1,7.289036881004725
C(CN1C(c2c(CC1)ocn2)=O)N1CCC(CC1)c1noc2ccccc12,7.289036881004725
C(N1CCc2ocnc2C1=O)CN1CCC(c2c3c(on2)cccc3)CC1,7.289036881004725
C1(N(CCc2ocnc21)CCN1CCC(c2c3c(on2)cccc3)CC1)=O,7.289036881004725
C1CN(CCN2CCc3c(C2=O)cnc(C)c3)CC=C1c1c2c(cccc2)on1,7.943095148663527
C(N1CCc2c(C1=O)cnc(C)c2)CN1CCC(=CC1)c1noc2c1cccc2,7.943095148663527
C1CN(CCN2C(=O)c3cnc(cc3CC2)C)CC=C1c1noc2c1cccc2,7.943095148663527
c12c(c(no2)C2=CCN(CCN3CCc4cc(C)ncc4C3=O)CC2)cccc1,7.943095148663527
c12ccccc1onc2C1=CCN(CCN2CCc3c(C2=O)cnc(c3)C)CC1,7.943095148663527
c1(N2CCN(CCCCc3ccc(F)cc3)CC2)cccnc1,6.485299540656841
c1(CCCCN2CCN(CC2)c2cnccc2)ccc(cc1)F,6.485299540656841
c1c(ccc(CCCCN2CCN(c3cnccc3)CC2)c1)F,6.485299540656841
n1cc(ccc1)N1CCN(CCCCc2ccc(F)cc2)CC1,6.485299540656841
n1cccc(N2CCN(CCCCc3ccc(cc3)F)CC2)c1,6.485299540656841
c1(OC)cc2CCN(c2cc1C(F)(F)F)C(=O)Nc1cncc(c1)-c1cc(F)cc(F)c1,5.899998417198648
c1(cc(cc(F)c1)F)-c1cncc(c1)NC(=O)N1c2cc(C(F)(F)F)c(OC)cc2CC1,5.899998417198648
FC(F)(F)c1cc2N(CCc2cc1OC)C(=O)Nc1cncc(c1)-c1cc(F)cc(c1)F,5.899998417198648
c1(-c2cc(cc(F)c2)F)cncc(NC(N2CCc3cc(OC)c(cc32)C(F)(F)F)=O)c1,5.899998417198648
c12cc(c(cc2N(C(Nc2cncc(-c3cc(F)cc(c3)F)c2)=O)CC1)C(F)(F)F)OC,5.899998417198648
n1c(c2c(cccc2)nc1N1CCN(CC1)CCO)Nc1ccc(I)cc1,6.416778548060463
c1cc2c(cc1)c(Nc1ccc(I)cc1)nc(N1CCN(CC1)CCO)n2,6.416778548060463
c1cc(ccc1I)Nc1nc(nc2c1cccc2)N1CCN(CC1)CCO,6.416778548060463
c12nc(N3CCN(CC3)CCO)nc(c2cccc1)Nc1ccc(cc1)I,6.416778548060463
c1(Nc2ccc(cc2)I)nc(nc2c1cccc2)N1CCN(CCO)CC1,6.416778548060463
N1(CCN(CC1)C(=O)c1cccn2c1nc(c2)C#N)CCc1c(F)cc(cc1)F,8.55284196865778
c1c(cc(F)c(CCN2CCN(C(=O)c3c4nc(cn4ccc3)C#N)CC2)c1)F,8.55284196865778
c1n2c(c(C(=O)N3CCN(CCc4ccc(cc4F)F)CC3)cc1)nc(c2)C#N,8.55284196865778
c1ccc(C(N2CCN(CC2)CCc2ccc(cc2F)F)=O)c2n1cc(C#N)n2,8.55284196865778
N1(C(c2c3nc(cn3ccc2)C#N)=O)CCN(CCc2c(cc(F)cc2)F)CC1,8.55284196865778
C(C)C(=O)NC1CCC(CC1)CCN1CCN(CC1)c1c2c(scc2)ccn1,8.585026652029182
N1(c2c3c(ccn2)scc3)CCN(CCC2CCC(NC(CC)=O)CC2)CC1,8.585026652029182
c1(N2CCN(CC2)CCC2CCC(NC(=O)CC)CC2)nccc2sccc21,8.585026652029182
C1CC(NC(=O)CC)CCC1CCN1CCN(c2nccc3c2ccs3)CC1,8.585026652029182
C1CN(CCN1CCC1CCC(CC1)NC(=O)CC)c1nccc2c1ccs2,8.585026652029182
C1CC(CC(NC2CCC(CCN3CCC(CC3)c3noc4cc(ccc34)Cl)CC2)=O)CCC1(OC)C,7.853871964321762
c1c2c(c(C3CCN(CCC4CCC(CC4)NC(CC4CCC(OC)(C)CC4)=O)CC3)no2)ccc1Cl,7.853871964321762
C1CC(CC(NC2CCC(CCN3CCC(CC3)c3c4c(on3)cc(Cl)cc4)CC2)=O)CCC1(OC)C,7.853871964321762
C1CC(CCC1CCN1CCC(CC1)c1noc2c1ccc(Cl)c2)NC(=O)CC1CCC(OC)(CC1)C,7.853871964321762
C1CC(CC(NC2CCC(CC2)CCN2CCC(c3noc4cc(Cl)ccc34)CC2)=O)CCC1(OC)C,7.853871964321762
N1(CC(CC1)NS(=O)(c1oc2ccccc2c1)=O)CCCc1noc2ccccc21,9.460046158343603
c1c2c(onc2CCCN2CCC(NS(c3oc4ccccc4c3)(=O)=O)C2)ccc1,9.460046158343603
O=S(=O)(c1cc2c(o1)cccc2)NC1CN(CCCc2noc3ccccc32)CC1,9.460046158343603
c12ccccc1cc(S(=O)(NC1CN(CCCc3c4ccccc4on3)CC1)=O)o2,9.460046158343603
c1ccc2c(oc(S(=O)(=O)NC3CN(CC3)CCCc3noc4c3cccc4)c2)c1,9.460046158343603
c1ccc(C(N)=O)cc1S(=O)(=O)c1ccc(cc1)C=Cc1ccc(F)cc1F,9.698970004336019
c1c(C(=O)N)cccc1S(=O)(c1ccc(cc1)C=Cc1ccc(F)cc1F)=O,9.698970004336019
Fc1ccc(C=Cc2ccc(S(=O)(=O)c3cc(C(=O)N)ccc3)cc2)c(F)c1,9.698970004336019
Fc1cc(ccc1C=Cc1ccc(cc1)S(c1cccc(c1)C(=O)N)(=O)=O)F,9.698970004336019
c1c(ccc(S(=O)(=O)c2cc(C(N)=O)ccc2)c1)C=Cc1ccc(cc1F)F,9.698970004336019
c12C3CC(CN(C)C)OC3c3cc(Br)ccc3Oc1cccc2,7.823908740944319
c12c(C3OC(CN(C)C)CC3c3ccccc3O2)cc(cc1)Br,7.823908740944319
c1c(Br)ccc2c1C1OC(CN(C)C)CC1c1c(cccc1)O2,7.823908740944319
c12Oc3c(cc(cc3)Br)C3C(CC(O3)CN(C)C)c2cccc1,7.823908740944319
c1c2Oc3c(cccc3)C3C(c2cc(Br)c1)OC(CN(C)C)C3,7.823908740944319
O=S(=O)(C)Nc1cc(CC2CCN(CCOc3cccc4nc(ccc43)C)CC2)ccc1,5.59999938302362
S(C)(=O)(Nc1cccc(CC2CCN(CC2)CCOc2c3c(ccc2)nc(cc3)C)c1)=O,5.59999938302362
c1c(NS(C)(=O)=O)cccc1CC1CCN(CCOc2c3c(ccc2)nc(cc3)C)CC1,5.59999938302362
c12c(nc(C)cc2)cccc1OCCN1CCC(Cc2cc(ccc2)NS(C)(=O)=O)CC1,5.59999938302362
n1c2cccc(c2ccc1C)OCCN1CCC(Cc2cc(NS(C)(=O)=O)ccc2)CC1,5.59999938302362
FC(c1c(Cl)cc2CCN(c2c1)C(Nc1cccnc1)=O)(F)F,6.799998134593398
c1(C(F)(F)F)cc2c(cc1Cl)CCN2C(Nc1cccnc1)=O,6.799998134593398
c1c(NC(N2CCc3cc(Cl)c(cc23)C(F)(F)F)=O)cccn1,6.799998134593398
c1c(cncc1)NC(N1CCc2cc(Cl)c(cc21)C(F)(F)F)=O,6.799998134593398
c1cncc(NC(=O)N2c3cc(c(cc3CC2)Cl)C(F)(F)F)c1,6.799998134593398
C1(CCC(CC(=O)NC2CCC(CC2)CCN2CCC(CC2)c2noc3c2ccc(Cl)c3)CC1)COC,7.721246399047171
C1CC(CCC1CCN1CCC(CC1)c1c2ccc(cc2on1)Cl)NC(=O)CC1CCC(COC)CC1,7.721246399047171
c12c(cc(cc2)Cl)onc1C1CCN(CCC2CCC(NC(=O)CC3CCC(CC3)COC)CC2)CC1,7.721246399047171
c1(noc2c1ccc(c2)Cl)C1CCN(CCC2CCC(CC2)NC(CC2CCC(CC2)COC)=O)CC1,7.721246399047171
C1(CCC(CC1)COC)CC(NC1CCC(CC1)CCN1CCC(CC1)c1c2c(cc(Cl)cc2)on1)=O,7.721246399047171
C1CN(CCC1)CCOc1c(ccc(N2C(=O)C(=CC2)c2cc(C(F)(F)F)ccc2)c1)OC,6.0999990348465305
c1c(C(F)(F)F)cc(cc1)C1=CCN(C1=O)c1cc(c(OC)cc1)OCCN1CCCCC1,6.0999990348465305
C1CN(CCOc2cc(ccc2OC)N2CC=C(C2=O)c2cc(ccc2)C(F)(F)F)CCC1,6.0999990348465305
C1CCN(CCOc2cc(N3C(=O)C(c4cc(C(F)(F)F)ccc4)=CC3)ccc2OC)CC1,6.0999990348465305
FC(c1cc(C2C(N(CC=2)c2cc(OCCN3CCCCC3)c(OC)cc2)=O)ccc1)(F)F,6.0999990348465305
c1cccc(c1)C(c1ccc(cc1)OCCN(C)C)=C(CC)c1ccccc1,5.862645888629267
c1(ccccc1)C(=C(c1ccccc1)CC)c1ccc(OCCN(C)C)cc1,5.862645888629267
CN(CCOc1ccc(C(=C(CC)c2ccccc2)c2ccccc2)cc1)C,5.862645888629267
c1cc(C(=C(c2ccccc2)c2ccc(OCCN(C)C)cc2)CC)ccc1,5.862645888629267
c1(ccc(cc1)OCCN(C)C)C(c1ccccc1)=C(CC)c1ccccc1,5.862645888629267
N12C(=O)c3c(CC2CNCC1)ccc(c3)Cl,7.070581074285707
C1NCC2N(C(=O)c3c(C2)ccc(Cl)c3)C1,7.070581074285707
Clc1ccc2CC3N(C(=O)c2c1)CCNC3,7.070581074285707
C1C2CNCCN2C(=O)c2c1ccc(Cl)c2,7.070581074285707
C1N2C(c3cc(Cl)ccc3CC2CNC1)=O,7.070581074285707
Fc1cc2c(cc1)c(no2)C1CCN(CC1)CCN(CC)C(=O)C1(CCNC1)O,8.698970004336019
c1cc2c(C3CCN(CCN(CC)C(C4(CCNC4)O)=O)CC3)noc2cc1F,8.698970004336019
C1C(c2noc3c2ccc(F)c3)CCN(CCN(C(C2(CCNC2)O)=O)CC)C1,8.698970004336019
C1NCCC1(O)C(N(CC)CCN1CCC(c2noc3cc(F)ccc32)CC1)=O,8.698970004336019
c1c2c(cc(F)c1)onc2C1CCN(CC1)CCN(CC)C(C1(CNCC1)O)=O,8.698970004336019
c12ccccc1C(CC(N(C)C)C2)c1ccc(Cl)cc1,7.301029995663981
c1c2c(ccc1)C(c1ccc(cc1)Cl)CC(C2)N(C)C,7.301029995663981
C1C(N(C)C)CC(c2ccccc21)c1ccc(Cl)cc1,7.301029995663981
N(C)(C1CC(c2ccccc2C1)c1ccc(cc1)Cl)C,7.301029995663981
c1cc(ccc1Cl)C1c2ccccc2CC(N(C)C)C1,7.301029995663981
c1oc2ccccc2c1C1CCN(CCC2CCC(NC(=O)c3ccc(cc3)CC)CC2)CC1,8.596879478824182
C1CC(CCC1NC(c1ccc(cc1)CC)=O)CCN1CCC(CC1)c1c2ccccc2oc1,8.596879478824182
C1CC(CCN2CCC(CC2)c2c3c(oc2)cccc3)CCC1NC(c1ccc(cc1)CC)=O,8.596879478824182
c1cc(C(NC2CCC(CC2)CCN2CCC(CC2)c2c3c(cccc3)oc2)=O)ccc1CC,8.596879478824182
c1(ccc(CC)cc1)C(NC1CCC(CCN2CCC(CC2)c2coc3c2cccc3)CC1)=O,8.596879478824182
c1c(ccc(Cl)c1Cl)C1(C)C(=O)N(CC1)c1ccc(OC)c(c1)OCCN1CCCCC1,6.199998172182031
C1CCN(CCOc2cc(N3CCC(c4cc(c(Cl)cc4)Cl)(C)C3=O)ccc2OC)CC1,6.199998172182031
CC1(C(=O)N(CC1)c1cc(c(OC)cc1)OCCN1CCCCC1)c1ccc(Cl)c(c1)Cl,6.199998172182031
O(CCN1CCCCC1)c1c(OC)ccc(N2C(C(c3cc(Cl)c(Cl)cc3)(C)CC2)=O)c1,6.199998172182031
C1CN(CCOc2c(OC)ccc(N3C(C(CC3)(C)c3ccc(Cl)c(Cl)c3)=O)c2)CCC1,6.199998172182031
Fc1ccc(CCN2CCN(CC2)C(c2cccn3cc(Br)nc23)=O)c(F)c1,8.769551078621726
C1N(CCc2ccc(cc2F)F)CCN(C1)C(=O)c1c2nc(Br)cn2ccc1,8.769551078621726
O=C(c1cccn2cc(Br)nc21)N1CCN(CC1)CCc1ccc(cc1F)F,8.769551078621726
c1(F)cc(F)ccc1CCN1CCN(C(c2cccn3c2nc(c3)Br)=O)CC1,8.769551078621726
n1c2c(cccn2cc1Br)C(=O)N1CCN(CC1)CCc1ccc(cc1F)F,8.769551078621726
N1(CCN2CC(C)c3c(C2=O)ccn3C)CCN(c2c3ccccc3on2)CC1,8.397940008672037
c1c2c(C(CN(C2=O)CCN2CCN(c3c4ccccc4on3)CC2)C)n(c1)C,8.397940008672037
c12ccccc2c(no1)N1CCN(CCN2C(=O)c3c(C(C)C2)n(C)cc3)CC1,8.397940008672037
C(N1CCN(c2c3ccccc3on2)CC1)CN1CC(C)c2n(C)ccc2C1=O,8.397940008672037
C1N(CCN2CC(C)c3c(ccn3C)C2=O)CCN(c2noc3ccccc32)C1,8.397940008672037
c12c(ccc(OCCCCN3CCN(c4cccc5c4c(ccc5)F)CC3)n1)CCC(N2)=O,9.173925197299173
c1(F)cccc2cccc(N3CCN(CC3)CCCCOc3ccc4c(NC(CC4)=O)n3)c12,9.173925197299173
c1c(N2CCN(CCCCOc3ccc4CCC(=O)Nc4n3)CC2)c2c(cc1)cccc2F,9.173925197299173
C(CCCOc1ccc2c(n1)NC(=O)CC2)N1CCN(c2cccc3c2c(F)ccc3)CC1,9.173925197299173
n1c(ccc2CCC(Nc12)=O)OCCCCN1CCN(c2cccc3cccc(c23)F)CC1,9.173925197299173
c1(n(C)ncc1)-c1c(OCCN2CCN(CC2)C)ccc(c1)NC(Nc1ccc(Cl)cc1)=O,8.67778070526608
C(CN1CCN(C)CC1)Oc1ccc(NC(=O)Nc2ccc(Cl)cc2)cc1-c1ccnn1C,8.67778070526608
N1(CCN(CCOc2ccc(cc2-c2n(ncc2)C)NC(=O)Nc2ccc(cc2)Cl)CC1)C,8.67778070526608
C(=O)(Nc1ccc(Cl)cc1)Nc1cc(c(cc1)OCCN1CCN(C)CC1)-c1n(ncc1)C,8.67778070526608
c1cc(NC(=O)Nc2ccc(Cl)cc2)cc(c1OCCN1CCN(C)CC1)-c1ccnn1C,8.67778070526608
N1CCN2C(=O)c3cc(c(CC)cc3C2C1)OC,6.229884705212898
c12c(cc(c(c1)OC)CC)C1CNCCN1C2=O,6.229884705212898
c12c(cc(c(c2)OC)CC)C2CNCCN2C1=O,6.229884705212898
O=C1N2C(CNCC2)c2c1cc(OC)c(CC)c2,6.229884705212898
C12CNCCN2C(=O)c2c1cc(c(OC)c2)CC,6.229884705212898
Clc1ccc2c(C(C(C2)CCN2CCN(c3ccccn3)CC2)=O)c1,6.911810735638883
C1CN(CCN1CCC1Cc2c(cc(Cl)cc2)C1=O)c1ccccn1,6.911810735638883
c1cccnc1N1CCN(CC1)CCC1C(c2c(ccc(c2)Cl)C1)=O,6.911810735638883
N1(CCN(CC1)CCC1C(c2c(C1)ccc(c2)Cl)=O)c1ccccn1,6.911810735638883
c12c(ccc(Cl)c1)CC(CCN1CCN(c3ncccc3)CC1)C2=O,6.911810735638883
O=C(Nc1cccc(c1)C#N)NCCCN1CCC(CC1)Cc1ccc(cc1)F,6.777283528852417
C(CN1CCC(Cc2ccc(cc2)F)CC1)CNC(Nc1cc(C#N)ccc1)=O,6.777283528852417
c1c(ccc(F)c1)CC1CCN(CCCNC(Nc2cc(C#N)ccc2)=O)CC1,6.777283528852417
C(N1CCC(Cc2ccc(F)cc2)CC1)CCNC(Nc1cc(ccc1)C#N)=O,6.777283528852417
c1c(ccc(c1)CC1CCN(CC1)CCCNC(Nc1cccc(C#N)c1)=O)F,6.777283528852417
c1cccc2onc(c21)C1CCN(CC1)CCn1c(=O)c2c(ccnc2)cc1,8.075720713938118
c1c2c(ccn1)ccn(CCN1CCC(CC1)c1c3c(cccc3)on1)c2=O,8.075720713938118
c1ncc2c(ccn(CCN3CCC(c4c5ccccc5on4)CC3)c2=O)c1,8.075720713938118
C1N(CCn2c(=O)c3cnccc3cc2)CCC(c2c3ccccc3on2)C1,8.075720713938118
c1c2c(ccn1)ccn(c2=O)CCN1CCC(CC1)c1c2ccccc2on1,8.075720713938118
c1cc2c3c(c[nH]2)CC2N(C)CC(C(N(CC)CC)=O)C=C2c3c1,8.485133616010746
N1(C2Cc3c4c(cccc4C2=CC(C(=O)N(CC)CC)C1)[nH]c3)C,8.485133616010746
c12C3=CC(C(N(CC)CC)=O)CN(C3Cc3c[nH]c(ccc1)c32)C,8.485133616010746
CCN(CC)C(=O)C1C=C2C(N(C1)C)Cc1c3c2cccc3[nH]c1,8.485133616010746
c12C3=CC(C(=O)N(CC)CC)CN(C)C3Cc3c1c(ccc2)[nH]c3,8.485133616010746
c1cc(-c2cc(cc3CC4N(CCNCC4)c32)Cl)c(cc1Cl)Cl,6.370590400897281
c1c(Cl)c(-c2c3N4CCNCCC4Cc3cc(Cl)c2)ccc1Cl,6.370590400897281
N1CCC2N(CC1)c1c(C2)cc(Cl)cc1-c1c(cc(cc1)Cl)Cl,6.370590400897281
c1(-c2c3N4CCNCCC4Cc3cc(Cl)c2)ccc(cc1Cl)Cl,6.370590400897281
c1c(Cl)c(-c2cc(Cl)cc3CC4CCNCCN4c32)ccc1Cl,6.370590400897281
C1CC(CS(=O)(c2cc(Cl)c(Cl)cc2)=O)CN1CCCc1noc2cc(F)ccc12,8.770062314092065
C(S(=O)(=O)c1cc(Cl)c(cc1)Cl)C1CN(CC1)CCCc1noc2cc(F)ccc12,8.770062314092065
c1cc(cc(Cl)c1Cl)S(=O)(CC1CCN(CCCc2noc3c2ccc(c3)F)C1)=O,8.770062314092065
c1(c(Cl)cc(S(=O)(=O)CC2CN(CC2)CCCc2c3c(cc(cc3)F)on2)cc1)Cl,8.770062314092065
Clc1cc(ccc1Cl)S(CC1CCN(CCCc2noc3c2ccc(F)c3)C1)(=O)=O,8.770062314092065
c1c2-c3c(O)c(cc4c3C(N(C)CC4)Cc2ccc1N)OC,6.070581074285707
COc1cc2c3c(-c4cc(ccc4CC3N(CC2)C)N)c1O,6.070581074285707
C1CN(C)C2Cc3c(-c4c2c1cc(c4O)OC)cc(N)cc3,6.070581074285707
c1cc2c(cc1N)-c1c3C(N(C)CCc3cc(c1O)OC)C2,6.070581074285707
C1CN(C2c3c1cc(c(O)c3-c1c(C2)ccc(c1)N)OC)C,6.070581074285707
O=C(CCCCC)Oc1cccc2CC3N(CCC)CCc4cccc(-c21)c34,6.962573502059376
CCCN1C2Cc3c(-c4cccc(c24)CC1)c(ccc3)OC(=O)CCCCC,6.962573502059376
O=C(CCCCC)Oc1cccc2c1-c1cccc3CCN(CCC)C(C2)c13,6.962573502059376
O=C(Oc1cccc2c1-c1c3C(N(CCc3ccc1)CCC)C2)CCCCC,6.962573502059376
c1(cccc2CC3c4c(cccc4-c21)CCN3CCC)OC(CCCCC)=O,6.962573502059376
c12ccnc(c2CCO1)N1CCN(CCC2CCC(CC2)NC(C2C(F)(C2)F)=O)CC1,7.761953896871205
c1cc2OCCc2c(n1)N1CCN(CCC2CCC(NC(C3C(F)(F)C3)=O)CC2)CC1,7.761953896871205
C1(CCC(CC1)CCN1CCN(CC1)c1c2CCOc2ccn1)NC(=O)C1C(F)(C1)F,7.761953896871205
C1(C(=O)NC2CCC(CCN3CCN(CC3)c3nccc4c3CCO4)CC2)CC1(F)F,7.761953896871205
C1N(CCN(CCC2CCC(CC2)NC(=O)C2CC2(F)F)C1)c1nccc2c1CCO2,7.761953896871205
Brc1cc(OC)c2c3c1OCC3CCCC2CN,6.769551078621726
C(C1CCCC2c3c(OC2)c(Br)cc(c13)OC)N,6.769551078621726
C1(CN)CCCC2c3c1c(OC)cc(Br)c3OC2,6.769551078621726
C12CCCC(CN)c3c(cc(Br)c(OC1)c23)OC,6.769551078621726
C(C1c2c3c(c(cc2OC)Br)OCC3CCC1)N,6.769551078621726
C1(CCN2CCN(c3c4c(OCC4)ccn3)CC2)CCC(NC(=O)CC)CC1,7.876148359032914
C1c2c(N3CCN(CCC4CCC(CC4)NC(CC)=O)CC3)nccc2OC1,7.876148359032914
C1C(CCN2CCN(CC2)c2nccc3c2CCO3)CCC(NC(=O)CC)C1,7.876148359032914
C1(NC(=O)CC)CCC(CCN2CCN(c3nccc4c3CCO4)CC2)CC1,7.876148359032914
C(NC1CCC(CC1)CCN1CCN(c2nccc3c2CCO3)CC1)(=O)CC,7.876148359032914
c1(c2ccccc2ccc1)S(NC1CN(CC1)CCCc1c2ccccc2on1)(=O)=O,9.349984047528162
c1c2ccccc2c(S(NC2CCN(CCCc3noc4c3cccc4)C2)(=O)=O)cc1,9.349984047528162
n1c(CCCN2CCC(NS(=O)(c3c4ccccc4ccc3)=O)C2)c2c(cccc2)o1,9.349984047528162
c1ccc2c(cccc2)c1S(NC1CN(CCCc2c3c(on2)cccc3)CC1)(=O)=O,9.349984047528162
c1cc(c2ccccc2c1)S(=O)(=O)NC1CN(CCCc2c3ccccc3on2)CC1,9.349984047528162
c1(-c2ccc(Cl)cc2)c2c(CCNCC2)nc(n1)C,5.920818753952375
c1(ccc(Cl)cc1)-c1nc(nc2CCNCCc21)C,5.920818753952375
c12CCNCCc2c(-c2ccc(cc2)Cl)nc(C)n1,5.920818753952375
c1(-c2ccc(cc2)Cl)c2CCNCCc2nc(n1)C,5.920818753952375
c12nc(C)nc(c2CCNCC1)-c1ccc(cc1)Cl,5.920818753952375
Cn1c2c(c(n(c1=O)C)=O)n1CCCN(c1n2)CCCCN1CCN(c2ccccc2)CC1,6.614000715861032
c1ccc(N2CCN(CCCCN3CCCn4c5c(=O)n(c(n(C)c5nc43)=O)C)CC2)cc1,6.614000715861032
O=c1n(C)c(c2c(n1C)nc1N(CCCn21)CCCCN1CCN(c2ccccc2)CC1)=O,6.614000715861032
C1N(CCN(CCCCN2CCCn3c2nc2n(c(=O)n(C)c(c23)=O)C)C1)c1ccccc1,6.614000715861032
C(CN1CCN(CC1)c1ccccc1)CCN1CCCn2c3c(n(c(n(c3=O)C)=O)C)nc12,6.614000715861032
C(C(=O)NC1CCC(CC1)CCN1CCN(CC1)c1c2CCOc2ccn1)CC(C)C,7.609064892896621
CC(CCC(NC1CCC(CCN2CCN(CC2)c2c3c(ccn2)OCC3)CC1)=O)C,7.609064892896621
C(CC(=O)NC1CCC(CCN2CCN(CC2)c2c3c(ccn2)OCC3)CC1)C(C)C,7.609064892896621
N(C(=O)CCC(C)C)C1CCC(CC1)CCN1CCN(CC1)c1c2CCOc2ccn1,7.609064892896621
O1c2c(c(N3CCN(CCC4CCC(CC4)NC(CCC(C)C)=O)CC3)ncc2)CC1,7.609064892896621
c1cc2c(snc2N2CCN(CCN3CCCc4oc(nc4C3=O)C)CC2)cc1,8.327902142064282
c1cc2snc(N3CCN(CCN4CCCc5c(nc(C)o5)C4=O)CC3)c2cc1,8.327902142064282
Cc1nc2c(o1)CCCN(CCN1CCN(CC1)c1nsc3ccccc31)C2=O,8.327902142064282
C1c2c(nc(o2)C)C(N(CC1)CCN1CCN(c2nsc3ccccc32)CC1)=O,8.327902142064282
C1N(CCN(C1)CCN1CCCc2c(nc(C)o2)C1=O)c1c2ccccc2sn1,8.327902142064282
c1c2CCC(Nc2nc(OCCCCN2CCN(CC2)c2c(c(Cl)ccc2)C)c1)=O,8.823908740944319
c1ccc(N2CCN(CCCCOc3ccc4CCC(Nc4n3)=O)CC2)c(C)c1Cl,8.823908740944319
O=C1Nc2c(CC1)ccc(OCCCCN1CCN(CC1)c1cccc(Cl)c1C)n2,8.823908740944319
C1(Nc2nc(OCCCCN3CCN(c4c(c(Cl)ccc4)C)CC3)ccc2CC1)=O,8.823908740944319
c12NC(CCc1ccc(n2)OCCCCN1CCN(c2c(c(ccc2)Cl)C)CC1)=O,8.823908740944319
C12CNCC(C)N2c2c(ccc(C#N)c2)C1,6.958607314841775
CC1N2C(CNC1)Cc1ccc(C#N)cc12,6.958607314841775
C1c2ccc(cc2N2C1CNCC2C)C#N,6.958607314841775
N1CC(C)N2C(C1)Cc1ccc(cc21)C#N,6.958607314841775
C1(C)CNCC2N1c1c(ccc(c1)C#N)C2,6.958607314841775
c1c(cc(F)c(c1)CCN1CCN(CC1)C(c1cn2c(n1)c(ccc2)N)=O)F,8.568636235841012
c1(c2nc(cn2ccc1)C(=O)N1CCN(CC1)CCc1ccc(F)cc1F)N,8.568636235841012
c1n2c(nc(C(N3CCN(CCc4c(cc(F)cc4)F)CC3)=O)c2)c(cc1)N,8.568636235841012
c1(CCN2CCN(C(=O)c3cn4c(c(N)ccc4)n3)CC2)ccc(F)cc1F,8.568636235841012
c1(cc(c(CCN2CCN(CC2)C(c2nc3c(cccn3c2)N)=O)cc1)F)F,8.568636235841012
CC1CCN(CC1)CCOc1c(ccc(N2C(=O)c3c(C2)n(c2cc(F)ccc23)C)c1)OC,6.599997654072044
C1C(CCN(CCOc2cc(ccc2OC)N2C(c3c(n(C)c4cc(ccc34)F)C2)=O)C1)C,6.599997654072044
c1(N2Cc3n(c4c(ccc(F)c4)c3C2=O)C)cc(c(cc1)OC)OCCN1CCC(CC1)C,6.599997654072044
COc1ccc(cc1OCCN1CCC(CC1)C)N1C(c2c3ccc(F)cc3n(c2C1)C)=O,6.599997654072044
O(c1ccc(cc1OCCN1CCC(C)CC1)N1C(=O)c2c(C1)n(C)c1cc(F)ccc21)C,6.599997654072044
COc1ccc(CCN(CCc2cc3OCOc3cc2)CCCc2ccc(Cl)cc2)cc1OC,6.437707135543525
O1c2ccc(cc2OC1)CCN(CCc1ccc(OC)c(OC)c1)CCCc1ccc(cc1)Cl,6.437707135543525
c1(OC)c(OC)cc(cc1)CCN(CCCc1ccc(cc1)Cl)CCc1ccc2c(c1)OCO2,6.437707135543525
c1cc2c(OCO2)cc1CCN(CCc1cc(OC)c(OC)cc1)CCCc1ccc(Cl)cc1,6.437707135543525
c1(ccc(cc1)Cl)CCCN(CCc1cc(OC)c(cc1)OC)CCc1ccc2c(c1)OCO2,6.437707135543525
c1cccc2c1Cc1ccccc1CC12CC(CC1)N1CC2(C(=O)O)C(C2)C1,7.50003813440381
c1cccc2Cc3c(CC4(CCC(C4)N4CC5(C(C4)C5)C(=O)O)c12)cccc3,7.50003813440381
c1c2C3(CCC(N4CC5CC5(C(=O)O)C4)C3)Cc3ccccc3Cc2ccc1,7.50003813440381
c1cc2Cc3c(C4(Cc2cc1)CCC(N1CC2C(C(=O)O)(C1)C2)C4)cccc3,7.50003813440381
c1cc2CC3(CCC(N4CC5C(C(O)=O)(C5)C4)C3)c3c(Cc2cc1)cccc3,7.50003813440381
c12ccccc1n1c(c2)CCN(CC1)CC,7.522878745280337
C1Cc2n(CCN1CC)c1ccccc1c2,7.522878745280337
n12c3ccccc3cc2CCN(CC)CC1,7.522878745280337
c12c(cccc2)cc2CCN(CCn12)CC,7.522878745280337
c1c2c(cc3n2CCN(CC)CC3)ccc1,7.522878745280337
c1ccc(S(c2c3c([nH]c2)cccc3CCN2CCCC2)(=O)=O)cc1,6.931814138253839
c1ccc(cc1)S(=O)(=O)c1c2c(cccc2[nH]c1)CCN1CCCC1,6.931814138253839
c1cc2c(c(CCN3CCCC3)c1)c(S(c1ccccc1)(=O)=O)c[nH]2,6.931814138253839
O=S(=O)(c1c2c(cccc2CCN2CCCC2)[nH]c1)c1ccccc1,6.931814138253839
c1c(c2c([nH]1)cccc2CCN1CCCC1)S(=O)(c1ccccc1)=O,6.931814138253839
c1c(c(cc2c1C(=O)NC2)Cl)OCCCCN1CCN(c2c3c(cccc3)ccc2)CC1,7.607303046740334
c1c(c(cc2c1CNC2=O)OCCCCN1CCN(CC1)c1cccc2c1cccc2)Cl,7.607303046740334
c1(cc2C(=O)NCc2cc1Cl)OCCCCN1CCN(CC1)c1c2ccccc2ccc1,7.607303046740334
O=C1c2cc(OCCCCN3CCN(CC3)c3c4c(ccc3)cccc4)c(cc2CN1)Cl,7.607303046740334
c1ccc(N2CCN(CCCCOc3c(Cl)cc4c(c3)C(NC4)=O)CC2)c2ccccc12,7.607303046740334
c12c(cccc1)c1c(c(n2)OCC2CCN(CCc3c(cccc3)C(O)=O)CC2)cn(C)c1,6.0999990348465305
C1(CCN(CCc2ccccc2C(O)=O)CC1)COc1nc2c(c3c1cn(c3)C)cccc2,6.0999990348465305
C(N1CCC(CC1)COc1c2cn(cc2c2c(n1)cccc2)C)Cc1c(C(O)=O)cccc1,6.0999990348465305
c1ccc2c(c1)c1c(cn(c1)C)c(OCC1CCN(CC1)CCc1c(cccc1)C(=O)O)n2,6.0999990348465305
c1(OCC2CCN(CCc3ccccc3C(O)=O)CC2)nc2ccccc2c2cn(C)cc21,6.0999990348465305
C(CC)Cc1oc2c(c1C(=O)c1cc(I)c(c(c1)I)OCCN(CC)CC)cccc2,5.988852639224203
O=C(c1c(oc2c1cccc2)CCCC)c1cc(c(OCCN(CC)CC)c(I)c1)I,5.988852639224203
c1cc2c(oc(c2C(c2cc(c(OCCN(CC)CC)c(I)c2)I)=O)CCCC)cc1,5.988852639224203
C(Cc1oc2ccccc2c1C(=O)c1cc(c(OCCN(CC)CC)c(I)c1)I)CC,5.988852639224203
Ic1cc(cc(c1OCCN(CC)CC)I)C(=O)c1c2c(cccc2)oc1CCCC,5.988852639224203
c12ccccc1onc2CCCN1CCC(NS(=O)(c2c3ccn(C)c3ccc2)=O)C1,8.040005161671584
c12c(cccc2S(NC2CCN(CCCc3c4c(cccc4)on3)C2)(=O)=O)n(C)cc1,8.040005161671584
c1c2c(c(cc1)S(=O)(=O)NC1CCN(C1)CCCc1noc3c1cccc3)ccn2C,8.040005161671584
C(CCN1CC(CC1)NS(c1c2c(ccc1)n(C)cc2)(=O)=O)c1c2ccccc2on1,8.040005161671584
c12c(ccn2C)c(S(NC2CN(CC2)CCCc2noc3c2cccc3)(=O)=O)ccc1,8.040005161671584
c1(c(F)cc(cc1)F)CN(C1CCN(CC1)C)C(=O)OCc1ccc(cc1)OCCCF,9.801342913045577
C(OCc1ccc(OCCCF)cc1)(=O)N(C1CCN(C)CC1)Cc1c(F)cc(cc1)F,9.801342913045577
Fc1ccc(CN(C2CCN(CC2)C)C(OCc2ccc(cc2)OCCCF)=O)c(F)c1,9.801342913045577
c1(ccc(c(F)c1)CN(C(=O)OCc1ccc(OCCCF)cc1)C1CCN(CC1)C)F,9.801342913045577
C(OC(=O)N(Cc1ccc(F)cc1F)C1CCN(CC1)C)c1ccc(cc1)OCCCF,9.801342913045577
N1(CCN(CC1)CCC1CCC(NS(=O)(=O)c2[nH]c3c(cccc3)c2)CC1)c1c2c(sn1)cccc2,8.401209493236886
O=S(NC1CCC(CCN2CCN(CC2)c2c3ccccc3sn2)CC1)(c1cc2ccccc2[nH]1)=O,8.401209493236886
C(CC1CCC(NS(=O)(=O)c2cc3ccccc3[nH]2)CC1)N1CCN(c2c3ccccc3sn2)CC1,8.401209493236886
C1CC(CCC1CCN1CCN(c2c3c(cccc3)sn2)CC1)NS(=O)(c1cc2ccccc2[nH]1)=O,8.401209493236886
c1cccc2c1c(ns2)N1CCN(CC1)CCC1CCC(NS(=O)(=O)c2[nH]c3ccccc3c2)CC1,8.401209493236886
C1CN(c2nccc3c2CCO3)CCN1CCC1CCC(CC1)NS(=O)(=O)C,7.663540266151471
N1(c2nccc3OCCc32)CCN(CCC2CCC(CC2)NS(=O)(C)=O)CC1,7.663540266151471
C1(CCC(CC1)CCN1CCN(CC1)c1c2CCOc2ccn1)NS(C)(=O)=O,7.663540266151471
c1nc(N2CCN(CC2)CCC2CCC(CC2)NS(C)(=O)=O)c2c(c1)OCC2,7.663540266151471
C1C(CCC(CCN2CCN(CC2)c2c3CCOc3ccn2)C1)NS(=O)(C)=O,7.663540266151471
O=S(NCCCCN1CCN(c2noc3c2cccc3)CC1)(=O)c1ccc2c(cccc2)c1,9.154901959985743
c12ccccc1cc(cc2)S(=O)(=O)NCCCCN1CCN(CC1)c1c2ccccc2on1,9.154901959985743
n1oc2ccccc2c1N1CCN(CC1)CCCCNS(=O)(=O)c1cc2c(cc1)cccc2,9.154901959985743
C1CN(CCCCNS(c2cc3ccccc3cc2)(=O)=O)CCN1c1noc2ccccc21,9.154901959985743
C1N(CCN(C1)CCCCNS(=O)(=O)c1cc2ccccc2cc1)c1noc2c1cccc2,9.154901959985743
c1c(nc2c(c1)CCC(N2)=O)OCCCCN1CCN(CC1)c1cccc(C)c1C,9.455931955649724
c1ccc(C)c(C)c1N1CCN(CC1)CCCCOc1ccc2CCC(Nc2n1)=O,9.455931955649724
C1CN(CCN1CCCCOc1nc2c(cc1)CCC(=O)N2)c1cccc(C)c1C,9.455931955649724
N1C(=O)CCc2ccc(OCCCCN3CCN(CC3)c3cccc(c3C)C)nc21,9.455931955649724
c1c2c(nc(c1)OCCCCN1CCN(CC1)c1cccc(C)c1C)NC(=O)CC2,9.455931955649724
C1(NC(=O)CC(F)(F)F)CCC(CCN2CCN(CC2)c2c3OCOc3ccc2)CC1,7.588548657862063
C1(CCC(CC1)NC(=O)CC(F)(F)F)CCN1CCN(CC1)c1c2c(ccc1)OCO2,7.588548657862063
C(=O)(CC(F)(F)F)NC1CCC(CCN2CCN(CC2)c2cccc3OCOc32)CC1,7.588548657862063
FC(F)(CC(=O)NC1CCC(CC1)CCN1CCN(CC1)c1cccc2c1OCO2)F,7.588548657862063
C1CC(CCN2CCN(c3c4OCOc4ccc3)CC2)CCC1NC(CC(F)(F)F)=O,7.588548657862063
C(COc1c(cc(c(OC)c1)CCN)OC)C(F)F,6.411140292415389
O(c1c(cc(c(OCCC(F)F)c1)OC)CCN)C,6.411140292415389
C(CN)c1c(cc(c(OC)c1)OCCC(F)F)OC,6.411140292415389
O(c1cc(CCN)c(OC)cc1OCCC(F)F)C,6.411140292415389
c1(CCN)cc(OC)c(cc1OC)OCCC(F)F,6.411140292415389
c1(N2CCN(CCN3C(c4ncccc4CC3)=O)CC2)c2ccccc2sn1,8.580044251510243
C1c2c(C(=O)N(CCN3CCN(CC3)c3c4ccccc4sn3)C1)nccc2,8.580044251510243
c1ccc2c(c1)snc2N1CCN(CC1)CCN1C(=O)c2c(CC1)cccn2,8.580044251510243
C1CN(c2nsc3c2cccc3)CCN1CCN1C(=O)c2c(cccn2)CC1,8.580044251510243
c1ccc2snc(c2c1)N1CCN(CCN2CCc3c(nccc3)C2=O)CC1,8.580044251510243
C(=O)(CC1CCC(C)(OC)CC1)NC1CCC(CCN2CCC(c3noc4c3ccc(c4)Cl)CC2)CC1,7.721246399047171
C1(CCC(NC(CC2CCC(CC2)(C)OC)=O)CC1)CCN1CCC(CC1)c1noc2c1ccc(c2)Cl,7.721246399047171
C(CC1CCC(C)(CC1)OC)(NC1CCC(CCN2CCC(CC2)c2noc3cc(ccc32)Cl)CC1)=O,7.721246399047171
c12ccc(cc2onc1C1CCN(CCC2CCC(NC(=O)CC3CCC(C)(CC3)OC)CC2)CC1)Cl,7.721246399047171
O(C1(CCC(CC1)CC(NC1CCC(CCN2CCC(CC2)c2c3ccc(cc3on2)Cl)CC1)=O)C)C,7.721246399047171
OC(CC(=O)NC1CCC(CCN2CCC(CC2)c2c3OCOc3ccc2)CC1)(C)C,7.583193128177055
C1(CCN2CCC(CC2)c2c3c(OCO3)ccc2)CCC(CC1)NC(=O)CC(C)(O)C,7.583193128177055
C1C(CCN(C1)CCC1CCC(CC1)NC(=O)CC(C)(C)O)c1c2c(OCO2)ccc1,7.583193128177055
C1CC(CCN2CCC(CC2)c2c3OCOc3ccc2)CCC1NC(=O)CC(O)(C)C,7.583193128177055
O=C(NC1CCC(CC1)CCN1CCC(c2c3OCOc3ccc2)CC1)CC(C)(O)C,7.583193128177055
N1(C2Cc3c(-c4c(OC)c(cc(c24)CC1)OCCCCC)cc(c(c3)OC)OC)C,6.860120913598763
c12CCN(C3c2c(-c2cc(c(OC)cc2C3)OC)c(c(OCCCCC)c1)OC)C,6.860120913598763
CN1C2Cc3cc(c(OC)cc3-c3c(OC)c(OCCCCC)cc(c32)CC1)OC,6.860120913598763
c1(OC)cc2c(cc1OC)CC1c3c-2c(OC)c(OCCCCC)cc3CCN1C,6.860120913598763
c1c(c(cc2-c3c4c(cc(c3OC)OCCCCC)CCN(C)C4Cc12)OC)OC,6.860120913598763
C1CC(c2c3ccccc3[nH]c2)CN(CCCCn2c(=O)n3c(c(c2=O)-c2ccc(cc2)F)CCCC3)C1,5.893809102736585
c1(=O)n2c(CCCC2)c(c(n1CCCCN1CCCC(c2c[nH]c3ccccc32)C1)=O)-c1ccc(F)cc1,5.893809102736585
c1cc(ccc1F)-c1c2n(CCCC2)c(=O)n(c1=O)CCCCN1CC(CCC1)c1c[nH]c2c1cccc2,5.893809102736585
c1(=O)n(c(=O)n2c(CCCC2)c1-c1ccc(F)cc1)CCCCN1CCCC(C1)c1c[nH]c2ccccc21,5.893809102736585
c1c2c(c(c[nH]2)C2CCCN(C2)CCCCn2c(n3CCCCc3c(-c3ccc(F)cc3)c2=O)=O)ccc1,5.893809102736585
c1cc(C(CCCN2CCC3N4c5c(cccc5SCCC4)C3C2)=O)c(cc1Br)N,7.102372908709558
C1CSc2c3c(ccc2)C2C(CCN(CCCC(c4c(cc(cc4)Br)N)=O)C2)N3C1,7.102372908709558
c1(ccc(c(N)c1)C(CCCN1CCC2N3c4c(C2C1)cccc4SCCC3)=O)Br,7.102372908709558
S1CCCN2C3C(CN(CC3)CCCC(=O)c3ccc(Br)cc3N)c3c2c1ccc3,7.102372908709558
c1c(c(ccc1Br)C(=O)CCCN1CCC2N3c4c(C2C1)cccc4SCCC3)N,7.102372908709558
C1Cc2n(C)ncc2C(=O)C(CCN2CCC(CC2)c2c3ccccc3on2)C1,9.119186407719209
N1(CCC2C(c3c(CCC2)n(nc3)C)=O)CCC(c2c3c(cccc3)on2)CC1,9.119186407719209
C1(CCN(CC1)CCC1CCCc2c(cnn2C)C1=O)c1c2c(cccc2)on1,9.119186407719209
C1C(C(=O)c2c(CC1)n(nc2)C)CCN1CCC(c2c3ccccc3on2)CC1,9.119186407719209
C1c2c(C(C(CC1)CCN1CCC(c3noc4c3cccc4)CC1)=O)cnn2C,9.119186407719209
C1CC(CCN2CCC(CC2)c2coc3ccccc32)CCC1NC(=O)C1CCC(C(F)(F)F)CC1,7.951558196449596
C1C(CCN2CCC(CC2)c2c3ccccc3oc2)CCC(NC(=O)C2CCC(C(F)(F)F)CC2)C1,7.951558196449596
C1CC(C(F)(F)F)CCC1C(=O)NC1CCC(CCN2CCC(c3c4ccccc4oc3)CC2)CC1,7.951558196449596
FC(C1CCC(C(=O)NC2CCC(CC2)CCN2CCC(CC2)c2c3c(cccc3)oc2)CC1)(F)F,7.951558196449596
C1C(CCC(C(=O)NC2CCC(CC2)CCN2CCC(c3coc4c3cccc4)CC2)C1)C(F)(F)F,7.951558196449596
C1c2c3c(-c4cc(c(cc4CC3N(C)C1)OC)OC)c(c(c2)OCc1ccc(Br)cc1)OC,7.698970004336019
C1N(C)C2c3c(-c4c(cc(c(c4)OC)OC)C2)c(OC)c(OCc2ccc(cc2)Br)cc3C1,7.698970004336019
c1(OC)c(OC)cc2c(CC3c4c-2c(OC)c(cc4CCN3C)OCc2ccc(cc2)Br)c1,7.698970004336019
O(C)c1c(cc2c(c1)CC1N(CCc3cc(OCc4ccc(cc4)Br)c(c-2c31)OC)C)OC,7.698970004336019
c1(cc2-c3c(c(OCc4ccc(cc4)Br)cc4CCN(C)C(c43)Cc2cc1OC)OC)OC,7.698970004336019
c1ccc(-c2ccc(S(=O)(=O)Nc3cc4c(nccc4N4CCNCC4)cc3)cc2)cc1,6.299997602857746
c1(S(=O)(=O)Nc2ccc3nccc(N4CCNCC4)c3c2)ccc(-c2ccccc2)cc1,6.299997602857746
N(S(=O)(=O)c1ccc(-c2ccccc2)cc1)c1ccc2nccc(c2c1)N1CCNCC1,6.299997602857746
c1c(S(=O)(Nc2ccc3nccc(c3c2)N2CCNCC2)=O)ccc(c1)-c1ccccc1,6.299997602857746
n1ccc(N2CCNCC2)c2c1ccc(c2)NS(=O)(=O)c1ccc(-c2ccccc2)cc1,6.299997602857746
C1CC(C(=O)c2ccc(F)cc2)CCN1Cc1ccc(I)cc1,6.6439741428068775
c1cc(CN2CCC(CC2)C(=O)c2ccc(cc2)F)ccc1I,6.6439741428068775
c1(CN2CCC(C(c3ccc(F)cc3)=O)CC2)ccc(cc1)I,6.6439741428068775
Fc1ccc(C(C2CCN(Cc3ccc(I)cc3)CC2)=O)cc1,6.6439741428068775
c1cc(C(=O)C2CCN(CC2)Cc2ccc(cc2)I)ccc1F,6.6439741428068775
c12c(CCN(C2)CCCCc2nc3c(s2)cccc3)cccc1,5.418847108033711
c12c(cccc2)CN(CC1)CCCCc1sc2c(cccc2)n1,5.418847108033711
C1c2ccccc2CN(CCCCc2sc3c(cccc3)n2)C1,5.418847108033711
c12ccccc2CCN(C1)CCCCc1sc2ccccc2n1,5.418847108033711
c12c(cccc2)nc(CCCCN2CCc3c(C2)cccc3)s1,5.418847108033711
n1cc(ccc1)NC(=O)N1c2ccc(C)c(c2CC1)I,5.599989873875129
O=C(N1CCc2c1ccc(C)c2I)Nc1cnccc1,5.599989873875129
O=C(N1CCc2c(c(ccc12)C)I)Nc1cccnc1,5.599989873875129
C(Nc1cnccc1)(=O)N1c2ccc(c(c2CC1)I)C,5.599989873875129
c1c(c(c2CCN(C(Nc3cccnc3)=O)c2c1)I)C,5.599989873875129
N1(C2CN(CC1CC2)c1ncc(Cl)cc1)CCCC(c1ccc(cc1)F)=O,7.291196817055418
n1c(N2CC3N(CCCC(=O)c4ccc(F)cc4)C(C2)CC3)ccc(c1)Cl,7.291196817055418
N1(C2CCC1CN(c1ccc(Cl)cn1)C2)CCCC(=O)c1ccc(cc1)F,7.291196817055418
C(CC(c1ccc(cc1)F)=O)CN1C2CN(c3ccc(Cl)cn3)CC1CC2,7.291196817055418
Clc1cnc(cc1)N1CC2N(CCCC(=O)c3ccc(F)cc3)C(CC2)C1,7.291196817055418
c1(OC)ccc(NC(=O)Nc2cc(F)c(cc2)F)cc1-c1n(ncc1F)C,8.899974269892137
N(C(=O)Nc1cc(-c2n(C)ncc2F)c(OC)cc1)c1cc(c(F)cc1)F,8.899974269892137
Fc1cnn(c1-c1cc(ccc1OC)NC(=O)Nc1ccc(F)c(c1)F)C,8.899974269892137
c1(F)c(n(nc1)C)-c1cc(ccc1OC)NC(Nc1ccc(c(F)c1)F)=O,8.899974269892137
C(=O)(Nc1cc(c(cc1)OC)-c1c(cnn1C)F)Nc1ccc(F)c(c1)F,8.899974269892137
FC(F)(F)CC(=O)NC1CCC(CCN2CCC(c3c4c(OCC4)ccc3)CC2)CC1,7.465973893943865
O1c2cccc(c2CC1)C1CCN(CC1)CCC1CCC(NC(=O)CC(F)(F)F)CC1,7.465973893943865
c1ccc(C2CCN(CC2)CCC2CCC(NC(=O)CC(F)(F)F)CC2)c2c1OCC2,7.465973893943865
C1(CCN2CCC(c3cccc4OCCc34)CC2)CCC(NC(=O)CC(F)(F)F)CC1,7.465973893943865
C1CC(CCN1CCC1CCC(NC(CC(F)(F)F)=O)CC1)c1c2c(ccc1)OCC2,7.465973893943865
c1cc(COC)c2CCC3CNCCN3c2n1,6.987162775294828
C12CCc3c(ccnc3N1CCNC2)COC,6.987162775294828
C1N2c3nccc(c3CCC2CNC1)COC,6.987162775294828
C1C2N(c3c(c(ccn3)COC)CC2)CCN1,6.987162775294828
C1N2c3nccc(COC)c3CCC2CNC1,6.987162775294828
O=C1Cc2c(C(c3ccsc31)=C1CCN(C)CC1)cccc2,7.906105751427994
c1sc2C(=O)Cc3ccccc3C(c2c1)=C1CCN(CC1)C,7.906105751427994
C1CN(CCC1=C1c2ccccc2CC(=O)c2c1ccs2)C,7.906105751427994
C1N(C)CCC(=C2c3ccsc3C(=O)Cc3ccccc23)C1,7.906105751427994
c12c(C(=C3CCN(CC3)C)c3c(cccc3)CC1=O)ccs2,7.906105751427994
C1(c2c3c(cc(cc3)F)n[nH]2)CCN(CCN(C(C(O)C)=O)CC)CC1,8.886056647693163
O=C(C(O)C)N(CC)CCN1CCC(CC1)c1c2ccc(F)cc2n[nH]1,8.886056647693163
c1(ccc2c([nH]nc2c1)C1CCN(CC1)CCN(CC)C(=O)C(C)O)F,8.886056647693163
O=C(C(C)O)N(CCN1CCC(c2[nH]nc3cc(ccc32)F)CC1)CC,8.886056647693163
C(CN1CCC(c2c3c(cc(F)cc3)n[nH]2)CC1)N(CC)C(=O)C(C)O,8.886056647693163
Oc1cc2ccccc2n1C1CCN(CC1)CCN1CCCc2c(C1=O)cccc2,6.650004100737144
C1Cc2ccccc2C(N(CCN2CCC(CC2)n2c(cc3c2cccc3)O)C1)=O,6.650004100737144
C1(=O)N(CCCc2ccccc12)CCN1CCC(CC1)n1c2c(cc1O)cccc2,6.650004100737144
C1(CCN(CCN2CCCc3ccccc3C2=O)CC1)n1c(cc2c1cccc2)O,6.650004100737144
c1cccc2c1n(c(c2)O)C1CCN(CCN2CCCc3ccccc3C2=O)CC1,6.650004100737144
c1nn(CC(C)N)c2c(Cl)c(Cl)ccc21,8.040958607678906
c1c(c(c2c(c1)cnn2CC(N)C)Cl)Cl,8.040958607678906
c1c2ccc(c(c2n(n1)CC(C)N)Cl)Cl,8.040958607678906
c1nn(c2c(c(ccc12)Cl)Cl)CC(C)N,8.040958607678906
c12ccc(c(Cl)c1n(CC(C)N)nc2)Cl,8.040958607678906
C(CN1CCC(c2c3c(cccc3)on2)CC1)n1ccc2c(cncn2)c1=O,7.698970004336019
n1cc2c(=O)n(ccc2nc1)CCN1CCC(c2noc3ccccc32)CC1,7.698970004336019
C(Cn1c(c2cncnc2cc1)=O)N1CCC(c2noc3ccccc23)CC1,7.698970004336019
O=c1n(CCN2CCC(CC2)c2c3ccccc3on2)ccc2c1cncn2,7.698970004336019
n1c(c2c(o1)cccc2)C1CCN(CCn2c(c3cncnc3cc2)=O)CC1,7.698970004336019
n1c(-c2ccc(cc2)C#N)c2c(nc1C1CCCC1)CCNCC2,7.468521082957745
n1c2CCNCCc2c(-c2ccc(C#N)cc2)nc1C1CCCC1,7.468521082957745
n1c(c2c(CCNCC2)nc1C1CCCC1)-c1ccc(cc1)C#N,7.468521082957745
c12c(CCNCC1)c(nc(C1CCCC1)n2)-c1ccc(cc1)C#N,7.468521082957745
C1NCCc2c(c(nc(C3CCCC3)n2)-c2ccc(C#N)cc2)C1,7.468521082957745
c12c(n[nH]c1-c1ccc(Cl)cc1)CCNCC2,6.728158393463501
c1c(-c2[nH]nc3c2CCNCC3)ccc(c1)Cl,6.728158393463501
n1c2c(c(-c3ccc(Cl)cc3)[nH]1)CCNCC2,6.728158393463501
c1(Cl)ccc(-c2[nH]nc3CCNCCc32)cc1,6.728158393463501
C1CNCCc2n[nH]c(-c3ccc(Cl)cc3)c12,6.728158393463501
c1c(F)c(ccc1)N1CCN(CC1)CCCNc1cncc(Cl)n1,7.00436480540245
C(N1CCN(c2c(cccc2)F)CC1)CCNc1nc(cnc1)Cl,7.00436480540245
C1CN(CCN1c1c(F)cccc1)CCCNc1nc(Cl)cnc1,7.00436480540245
C(CCNc1nc(Cl)cnc1)N1CCN(c2ccccc2F)CC1,7.00436480540245
c1cccc(N2CCN(CC2)CCCNc2cncc(n2)Cl)c1F,7.00436480540245
c1c(c(cc2C(CN(CCc12)C)c1ccccc1)O)NCc1cc(C)ccc1,8.002176919254275
c1(O)cc2C(c3ccccc3)CN(CCc2cc1NCc1cc(C)ccc1)C,8.002176919254275
c1(cc2c(C(CN(C)CC2)c2ccccc2)cc1O)NCc1cccc(C)c1,8.002176919254275
c1(cc(C)ccc1)CNc1c(O)cc2c(c1)CCN(C)CC2c1ccccc1,8.002176919254275
c1(CNc2cc3CCN(CC(c3cc2O)c2ccccc2)C)cc(ccc1)C,8.002176919254275
FC(F)(F)CCCN1CCC(COc2nc3c(c4c2cccn4)cccc3F)CC1,5.060480747381382
C1CN(CCC1COc1c2cccnc2c2cccc(c2n1)F)CCCC(F)(F)F,5.060480747381382
Fc1cccc2c1nc(OCC1CCN(CC1)CCCC(F)(F)F)c1c2nccc1,5.060480747381382
O(c1nc2c(c3c1cccn3)cccc2F)CC1CCN(CC1)CCCC(F)(F)F,5.060480747381382
O(CC1CCN(CCCC(F)(F)F)CC1)c1c2c(c3cccc(c3n1)F)nccc2,5.060480747381382
n1c(C(NCCCCN2CCN(c3ccccc3)CC2)=O)ccc2c1cccc2,7.008773924307505
n1c2ccccc2ccc1C(=O)NCCCCN1CCN(CC1)c1ccccc1,7.008773924307505
c12ccccc2nc(cc1)C(NCCCCN1CCN(CC1)c1ccccc1)=O,7.008773924307505
c1ccc(cc1)N1CCN(CC1)CCCCNC(=O)c1nc2c(cc1)cccc2,7.008773924307505
C(NC(c1nc2ccccc2cc1)=O)CCCN1CCN(c2ccccc2)CC1,7.008773924307505
C1CN(CCN1CC(F)CCNC(c1cc2c(cccc2)o1)=O)c1c(cccc1)OC,5.318758762624412
c1ccc(c(c1)N1CCN(CC1)CC(F)CCNC(=O)c1oc2ccccc2c1)OC,5.318758762624412
COc1c(cccc1)N1CCN(CC1)CC(F)CCNC(c1oc2c(c1)cccc2)=O,5.318758762624412
c1cc(c(cc1)OC)N1CCN(CC(F)CCNC(c2cc3ccccc3o2)=O)CC1,5.318758762624412
FC(CCNC(c1oc2ccccc2c1)=O)CN1CCN(CC1)c1ccccc1OC,5.318758762624412
c1cc(Cc2c(nc(nc2N)SCCN2CCN(Cc3ccccc3Cl)CC2)N)ccc1OC,8.244125144327509
c1cccc(c1CN1CCN(CCSc2nc(c(Cc3ccc(cc3)OC)c(n2)N)N)CC1)Cl,8.244125144327509
S(c1nc(c(c(N)n1)Cc1ccc(cc1)OC)N)CCN1CCN(CC1)Cc1c(Cl)cccc1,8.244125144327509
C1N(Cc2ccccc2Cl)CCN(C1)CCSc1nc(N)c(c(n1)N)Cc1ccc(OC)cc1,8.244125144327509
c1(OC)ccc(cc1)Cc1c(nc(SCCN2CCN(Cc3ccccc3Cl)CC2)nc1N)N,8.244125144327509
C1CN(CCN1c1ncccc1)CCC1C(c2c(cc(cc2)F)C1)O,6.236572006437063
C1N(CCN(CCC2Cc3cc(ccc3C2O)F)C1)c1ccccn1,6.236572006437063
c1c(nccc1)N1CCN(CC1)CCC1C(c2c(C1)cc(F)cc2)O,6.236572006437063
C1CN(CCC2Cc3cc(F)ccc3C2O)CCN1c1ccccn1,6.236572006437063
Fc1ccc2c(CC(C2O)CCN2CCN(CC2)c2ncccc2)c1,6.236572006437063
c1cc2cc(cnc2c(c1)N1CCNCC1)S(c1ccccc1)(=O)=O,7.592609095529268
N1CCN(c2c3c(ccc2)cc(cn3)S(=O)(=O)c2ccccc2)CC1,7.592609095529268
c1cc2c(ncc(S(c3ccccc3)(=O)=O)c2)c(c1)N1CCNCC1,7.592609095529268
S(=O)(c1cc2c(nc1)c(N1CCNCC1)ccc2)(c1ccccc1)=O,7.592609095529268
c1ccc2c(c1N1CCNCC1)ncc(c2)S(c1ccccc1)(=O)=O,7.592609095529268
N1(CCN2CCc3c(cnc(n3)OC)C2=O)CCN(c2c3ccccc3sn2)CC1,8.313363730737706
c1ccc2c(c1)c(N1CCN(CCN3CCc4nc(ncc4C3=O)OC)CC1)ns2,8.313363730737706
c12ccccc2snc1N1CCN(CCN2CCc3c(C2=O)cnc(OC)n3)CC1,8.313363730737706
s1c2ccccc2c(n1)N1CCN(CC1)CCN1CCc2nc(ncc2C1=O)OC,8.313363730737706
C1c2nc(ncc2C(=O)N(CCN2CCN(CC2)c2c3c(sn2)cccc3)C1)OC,8.313363730737706
c1(OCCN2CCOCCC2)ccc(NC(=O)Nc2ccc(Cl)cc2)cc1-c1ccnn1C,9.657577319177793
C1N(CCOCC1)CCOc1ccc(NC(Nc2ccc(cc2)Cl)=O)cc1-c1ccnn1C,9.657577319177793
c1c(c(OCCN2CCOCCC2)ccc1NC(=O)Nc1ccc(Cl)cc1)-c1ccnn1C,9.657577319177793
N(C(Nc1ccc(cc1)Cl)=O)c1ccc(OCCN2CCOCCC2)c(c1)-c1ccnn1C,9.657577319177793
C(CN1CCOCCC1)Oc1ccc(cc1-c1n(ncc1)C)NC(=O)Nc1ccc(Cl)cc1,9.657577319177793
N1C(C(C)SC=1c1ccc(cc1)-c1ccccc1)Cc1nc[nH]c1,6.508638306165727
N1C(C(SC=1c1ccc(-c2ccccc2)cc1)C)Cc1c[nH]cn1,6.508638306165727
c1cc(ccc1)-c1ccc(cc1)C1SC(C)C(N=1)Cc1nc[nH]c1,6.508638306165727
c1(nc[nH]c1)CC1N=C(c2ccc(-c3ccccc3)cc2)SC1C,6.508638306165727
c1c(ccc(-c2ccccc2)c1)C1=NC(Cc2c[nH]cn2)C(C)S1,6.508638306165727
c1cc2c(N3CCN(CC3)CCCOc3ccc4CNCc4c3)cccc2cc1,8.75448733218585
c1ccc2c(c(ccc2)N2CCN(CCCOc3ccc4CNCc4c3)CC2)c1,8.75448733218585
c1cc2c(cc1)cccc2N1CCN(CC1)CCCOc1ccc2c(c1)CNC2,8.75448733218585
N1(CCCOc2cc3c(CNC3)cc2)CCN(c2c3ccccc3ccc2)CC1,8.75448733218585
C1NCc2c1cc(cc2)OCCCN1CCN(c2c3c(ccc2)cccc3)CC1,8.75448733218585
C1N(c2c(cccc2CCN2CCN(c3c4c(sn3)cccc4)CC2)C(C)C1)C(Cc1cc(OC)ccc1)=O,8.97061622231479
c1cc2c(nsc2cc1)N1CCN(CC1)CCc1cccc2C(CCN(c21)C(=O)Cc1cccc(OC)c1)C,8.97061622231479
c1cccc2c1snc2N1CCN(CCc2cccc3c2N(C(Cc2cc(ccc2)OC)=O)CCC3C)CC1,8.97061622231479
CC1c2cccc(c2N(C(=O)Cc2cc(OC)ccc2)CC1)CCN1CCN(CC1)c1nsc2ccccc21,8.97061622231479
C1N(CCc2cccc3C(C)CCN(C(Cc4cccc(OC)c4)=O)c32)CCN(c2nsc3c2cccc3)C1,8.97061622231479
c1cc(nc2c1CCN(CCN1CCC(CC1)c1noc3c1cccc3)C2=O)OC,7.838631997765025
O=C1N(CCN2CCC(c3noc4ccccc43)CC2)CCc2ccc(nc12)OC,7.838631997765025
c12onc(c2cccc1)C1CCN(CC1)CCN1C(=O)c2nc(ccc2CC1)OC,7.838631997765025
C(N1CCC(CC1)c1c2ccccc2on1)CN1C(=O)c2c(CC1)ccc(n2)OC,7.838631997765025
c1cccc2c1c(C1CCN(CC1)CCN1C(c3c(ccc(n3)OC)CC1)=O)no2,7.838631997765025
N(c1ccc(cc1F)F)C(Nc1ccc(c(-c2n(ncc2Cl)C)c1)OCCN1CCCC1)=O,9.55284196865778
c1c(c(OCCN2CCCC2)ccc1NC(Nc1c(F)cc(F)cc1)=O)-c1n(ncc1Cl)C,9.55284196865778
Fc1cc(c(cc1)NC(=O)Nc1ccc(OCCN2CCCC2)c(-c2c(Cl)cnn2C)c1)F,9.55284196865778
C1CCCN1CCOc1c(cc(NC(=O)Nc2ccc(cc2F)F)cc1)-c1n(ncc1Cl)C,9.55284196865778
c1(NC(=O)Nc2ccc(cc2F)F)cc(c(cc1)OCCN1CCCC1)-c1c(cnn1C)Cl,9.55284196865778
c1cc(C#N)c2c(CC3N(CCNC3)C2=O)c1,5.567030709125595
c1(cccc2CC3CNCCN3C(=O)c12)C#N,5.567030709125595
c1c2CC3N(C(=O)c2c(C#N)cc1)CCNC3,5.567030709125595
N1CC2Cc3c(c(ccc3)C#N)C(=O)N2CC1,5.567030709125595
C1NCCN2C(=O)c3c(cccc3CC12)C#N,5.567030709125595
c1c(ccc(F)c1)-c1n(nc2CCNCCc12)C1CCC1,9.0
c1c(ccc(c1)F)-c1n(C2CCC2)nc2c1CCNCC2,9.0
C1CNCCc2c(n(C3CCC3)nc12)-c1ccc(F)cc1,9.0
C1CC(n2nc3CCNCCc3c2-c2ccc(F)cc2)C1,9.0
c1(ccc(cc1)F)-c1n(C2CCC2)nc2CCNCCc12,9.0
c12c(C3C(C)CC1(C=C3C)OC(=O)C)c(O)n(c2O)CCCCN1CCN(CC1)c1ccccc1OC,6.131264480974331
N1(CCN(CC1)CCCCn1c(c2c(C3C(=CC2(CC3C)OC(C)=O)C)c1O)O)c1c(OC)cccc1,6.131264480974331
O=C(OC12C=C(C)C(c3c(n(c(c13)O)CCCCN1CCN(c3c(cccc3)OC)CC1)O)C(C2)C)C,6.131264480974331
C1(C2C(C)=CC(C1)(OC(C)=O)c1c(n(CCCCN3CCN(c4ccccc4OC)CC3)c(O)c12)O)C,6.131264480974331
O(C12c3c(C(C(=C1)C)C(C)C2)c(O)n(c3O)CCCCN1CCN(c2ccccc2OC)CC1)C(=O)C,6.131264480974331
N1(CCN(C2c3c(cc(cc3)C)Oc3cc(Cl)ccc3N=2)CC1)CC(C)(C(=O)O)C,7.886056647693163
c1(cc2Oc3cc(C)ccc3C(N3CCN(CC3)CC(C)(C(O)=O)C)=Nc2cc1)Cl,7.886056647693163
OC(C(C)(C)CN1CCN(CC1)C1=Nc2c(cc(cc2)Cl)Oc2cc(C)ccc21)=O,7.886056647693163
C1N(CCN(CC(C)(C(O)=O)C)C1)C1=Nc2c(cc(Cl)cc2)Oc2cc(ccc21)C,7.886056647693163
c1c(C)ccc2c1Oc1cc(Cl)ccc1N=C2N1CCN(CC(C)(C)C(=O)O)CC1,7.886056647693163
c1c2c(coc2ccc1)C1CCN(CCC2CCC(NC(=O)CC(OC)OC)CC2)CC1,8.226213555018806
C1(NC(CC(OC)OC)=O)CCC(CC1)CCN1CCC(c2c3c(cccc3)oc2)CC1,8.226213555018806
C1C(CCN(C1)CCC1CCC(CC1)NC(=O)CC(OC)OC)c1coc2c1cccc2,8.226213555018806
C1C(CCC(NC(CC(OC)OC)=O)C1)CCN1CCC(CC1)c1coc2c1cccc2,8.226213555018806
c1(C2CCN(CCC3CCC(CC3)NC(CC(OC)OC)=O)CC2)c2c(cccc2)oc1,8.226213555018806
c12c(c[nH]c2ccc2OCCCc12)CCN,8.309803919971486
C1CCc2c(ccc3[nH]cc(c32)CCN)O1,8.309803919971486
C1Oc2c(CC1)c1c(cc2)[nH]cc1CCN,8.309803919971486
c1(CCN)c2c3c(OCCC3)ccc2[nH]c1,8.309803919971486
c12CCCOc2ccc2c1c(c[nH]2)CCN,8.309803919971486
c1c(cc(C(F)(F)F)c2C(=O)N3C(c12)CNCC3)C(=O)C,5.2839966563652006
N1CC2N(C(c3c2cc(C(=O)C)cc3C(F)(F)F)=O)CC1,5.2839966563652006
N12C(c3cc(cc(C(F)(F)F)c3C2=O)C(=O)C)CNCC1,5.2839966563652006
O=C1c2c(C3N1CCNC3)cc(cc2C(F)(F)F)C(C)=O,5.2839966563652006
FC(c1cc(cc2c1C(=O)N1CCNCC12)C(C)=O)(F)F,5.2839966563652006
Cc1cc2c(cc1Cl)N(C(=O)Nc1cc(c(Oc3c(nccc3)C)nc1)C)CC2,6.900008766455316
Cc1c(Cl)cc2c(c1)CCN2C(Nc1cc(c(Oc2cccnc2C)nc1)C)=O,6.900008766455316
C1N(c2cc(c(cc2C1)C)Cl)C(Nc1cnc(c(c1)C)Oc1cccnc1C)=O,6.900008766455316
C1CN(C(Nc2cc(c(nc2)Oc2cccnc2C)C)=O)c2cc(c(cc12)C)Cl,6.900008766455316
c12cc(c(cc2CCN1C(Nc1cc(c(nc1)Oc1cccnc1C)C)=O)C)Cl,6.900008766455316
c12ccccc1snc2N1CCN(CCN2C(=O)c3c(n(C)cc3)CC2)CC1,9.638272163982407
C1N(CCN2CCc3c(C2=O)ccn3C)CCN(C1)c1c2ccccc2sn1,9.638272163982407
C1c2c(C(N(CCN3CCN(CC3)c3nsc4c3cccc4)C1)=O)ccn2C,9.638272163982407
c1ccc2c(c1)snc2N1CCN(CCN2CCc3c(ccn3C)C2=O)CC1,9.638272163982407
C1CN(CCN1c1nsc2ccccc12)CCN1C(=O)c2c(CC1)n(cc2)C,9.638272163982407
C(NS(=O)(=O)c1ccc(Cl)c(Cl)c1)CCCN1CCN(c2noc3c2cccc3)CC1,8.0
Clc1c(Cl)cc(cc1)S(=O)(=O)NCCCCN1CCN(c2c3ccccc3on2)CC1,8.0
c12ccccc1c(N1CCN(CCCCNS(c3cc(Cl)c(cc3)Cl)(=O)=O)CC1)no2,8.0
c12ccccc1onc2N1CCN(CCCCNS(=O)(=O)c2cc(c(cc2)Cl)Cl)CC1,8.0
c1c2onc(N3CCN(CC3)CCCCNS(=O)(c3ccc(Cl)c(Cl)c3)=O)c2ccc1,8.0
CC(C)COc1ccc(CC(N(Cc2ccc(cc2Cl)F)C2CCN(CC2)C)=O)cc1,6.698970004336019
C(C(C)C)Oc1ccc(cc1)CC(=O)N(Cc1ccc(cc1Cl)F)C1CCN(CC1)C,6.698970004336019
C(=O)(N(Cc1ccc(cc1Cl)F)C1CCN(CC1)C)Cc1ccc(cc1)OCC(C)C,6.698970004336019
C(C(=O)N(C1CCN(CC1)C)Cc1ccc(cc1Cl)F)c1ccc(cc1)OCC(C)C,6.698970004336019
C(c1ccc(OCC(C)C)cc1)C(=O)N(C1CCN(C)CC1)Cc1ccc(F)cc1Cl,6.698970004336019
C(CN1CCC(c2c3ccc(cc3on2)F)CC1)N(C(=O)C1(O)CNCCC1)CC,9.221848749616356
N1(CCN(C(=O)C2(O)CNCCC2)CC)CCC(c2noc3cc(ccc23)F)CC1,9.221848749616356
o1nc(c2ccc(cc21)F)C1CCN(CCN(CC)C(C2(O)CNCCC2)=O)CC1,9.221848749616356
c1cc2c(cc1F)onc2C1CCN(CCN(C(C2(CNCCC2)O)=O)CC)CC1,9.221848749616356
C1CC(c2noc3c2ccc(F)c3)CCN1CCN(C(=O)C1(O)CCCNC1)CC,9.221848749616356
COc1c(cc(CC)cc1N1CCN(CCC2CCC(NC(CCOC)=O)CC2)CC1)Cl,6.801342913045577
Clc1cc(cc(c1OC)N1CCN(CC1)CCC1CCC(CC1)NC(=O)CCOC)CC,6.801342913045577
C(C(=O)NC1CCC(CCN2CCN(c3c(OC)c(cc(c3)CC)Cl)CC2)CC1)COC,6.801342913045577
C1CN(c2c(OC)c(cc(c2)CC)Cl)CCN1CCC1CCC(NC(=O)CCOC)CC1,6.801342913045577
O(c1c(N2CCN(CCC3CCC(CC3)NC(=O)CCOC)CC2)cc(CC)cc1Cl)C,6.801342913045577
c1c(C#N)cc2C(=O)N3CCNCC3Cc2c1,5.3979400086720375
C1N2C(=O)c3c(CC2CNC1)ccc(C#N)c3,5.3979400086720375
O=C1c2cc(C#N)ccc2CC2CNCCN21,5.3979400086720375
O=C1N2CCNCC2Cc2ccc(C#N)cc21,5.3979400086720375
O=C1N2CCNCC2Cc2ccc(cc21)C#N,5.3979400086720375
C1c2ccccc2CC2(c3c1cccc3)CC(CC2)N1CC2C(C2C(O)=O)C1,6.199998172182031
c12Cc3c(C4(CC(CC4)N4CC5C(C5C(O)=O)C4)Cc1cccc2)cccc3,6.199998172182031
O=C(C1C2CN(CC12)C1CC2(c3c(Cc4ccccc4C2)cccc3)CC1)O,6.199998172182031
O=C(O)C1C2C1CN(C2)C1CC2(CC1)Cc1ccccc1Cc1c2cccc1,6.199998172182031
C12CN(CC2C1C(=O)O)C1CC2(c3ccccc3Cc3c(C2)cccc3)CC1,6.199998172182031
C(CN1CCC(CC1)c1noc2c1cccc2)n1ccc2onc(C)c2c1=O,8.00788851221305
c1cn(CCN2CCC(c3c4c(cccc4)on3)CC2)c(c2c1onc2C)=O,8.00788851221305
c1cc2c(noc2cc1)C1CCN(CCn2c(=O)c3c(C)noc3cc2)CC1,8.00788851221305
c1c2onc(C)c2c(n(CCN2CCC(c3c4ccccc4on3)CC2)c1)=O,8.00788851221305
C1N(CCn2c(c3c(cc2)onc3C)=O)CCC(c2noc3c2cccc3)C1,8.00788851221305
N1(CCN(CC1)CCCN1CCN(CC1)c1c(Cl)c(Cl)ccc1)C(=O)c1ccccc1,5.769551078621726
c1(Cl)c(cccc1N1CCN(CC1)CCCN1CCN(CC1)C(=O)c1ccccc1)Cl,5.769551078621726
c1cc(ccc1)C(N1CCN(CC1)CCCN1CCN(c2cccc(Cl)c2Cl)CC1)=O,5.769551078621726
N1(CCCN2CCN(CC2)C(c2ccccc2)=O)CCN(c2c(Cl)c(ccc2)Cl)CC1,5.769551078621726
c1c(C(N2CCN(CC2)CCCN2CCN(c3cccc(c3Cl)Cl)CC2)=O)cccc1,5.769551078621726
n1cccc(c1C)Oc1ncc(cc1)NC(=O)N1CCc2c1ccc(c2)Br,5.400007822415902
O(c1ccc(NC(=O)N2CCc3c2ccc(c3)Br)cn1)c1cccnc1C,5.400007822415902
c1c2N(CCc2cc(c1)Br)C(Nc1cnc(cc1)Oc1c(C)nccc1)=O,5.400007822415902
Brc1cc2CCN(c2cc1)C(=O)Nc1ccc(nc1)Oc1cccnc1C,5.400007822415902
C1c2c(N(C1)C(=O)Nc1ccc(Oc3cccnc3C)nc1)ccc(c2)Br,5.400007822415902
C1N(c2nc(N)nc(C(Oc3c(ccc(c3)F)C(F)(F)F)CC)n2)CCN(C)C1,6.55129368009492
O(C(c1nc(N2CCN(CC2)C)nc(N)n1)CC)c1cc(ccc1C(F)(F)F)F,6.55129368009492
c1(F)cc(c(C(F)(F)F)cc1)OC(CC)c1nc(nc(N)n1)N1CCN(CC1)C,6.55129368009492
n1c(nc(N2CCN(CC2)C)nc1C(CC)Oc1cc(F)ccc1C(F)(F)F)N,6.55129368009492
c1(C(F)(F)F)ccc(F)cc1OC(c1nc(N2CCN(CC2)C)nc(n1)N)CC,6.55129368009492
C1(c2c3c(N1CCCCCCN1CCN(c4ccc(Cl)cc4)CC1)cccc3ccc2)=O,6.373659632624958
c12c3c(C(=O)N(CCCCCCN4CCN(CC4)c4ccc(cc4)Cl)c3ccc1)ccc2,6.373659632624958
C(CCCCN1C(=O)c2c3c(cccc31)ccc2)CN1CCN(CC1)c1ccc(Cl)cc1,6.373659632624958
C1N(c2ccc(Cl)cc2)CCN(CCCCCCN2c3c4c(C2=O)cccc4ccc3)C1,6.373659632624958
O=C1c2cccc3c2c(N1CCCCCCN1CCN(c2ccc(cc2)Cl)CC1)ccc3,6.373659632624958
N1CCN2C(Cc3cc(Cl)cc(-c4c(ccc(Cl)c4)OC)c32)CC1,6.121478204498794
c1cc(c(-c2c3N4C(CCNCC4)Cc3cc(c2)Cl)cc1Cl)OC,6.121478204498794
C1NCCC2Cc3c(c(-c4c(OC)ccc(c4)Cl)cc(c3)Cl)N2C1,6.121478204498794
c1(Cl)ccc(OC)c(-c2c3N4CCNCCC4Cc3cc(Cl)c2)c1,6.121478204498794
c1cc(c(cc1Cl)-c1cc(cc2CC3CCNCCN3c12)Cl)OC,6.121478204498794
n1c(N2CCN(CCC3CCC(CC3)NC(=O)C(OC)C)CC2)c2CCOc2cc1,7.696803942579511
C1Oc2c(C1)c(N1CCN(CC1)CCC1CCC(CC1)NC(C(C)OC)=O)ncc2,7.696803942579511
n1c(c2CCOc2cc1)N1CCN(CC1)CCC1CCC(NC(=O)C(C)OC)CC1,7.696803942579511
N1(c2nccc3c2CCO3)CCN(CC1)CCC1CCC(NC(=O)C(C)OC)CC1,7.696803942579511
N1(CCN(CCC2CCC(CC2)NC(=O)C(OC)C)CC1)c1nccc2OCCc21,7.696803942579511
O=C(NCCCN1CCN(c2cccc(c2)C(F)(F)F)CC1)c1c2c(cccc2)n[nH]1,6.82102305270683
c1ccc(C(F)(F)F)cc1N1CCN(CCCNC(c2c3c(cccc3)n[nH]2)=O)CC1,6.82102305270683
N1(CCN(CCCNC(c2c3c(cccc3)n[nH]2)=O)CC1)c1cc(C(F)(F)F)ccc1,6.82102305270683
[nH]1c(C(=O)NCCCN2CCN(c3cccc(C(F)(F)F)c3)CC2)c2c(n1)cccc2,6.82102305270683
C1CN(CCN1CCCNC(=O)c1c2ccccc2n[nH]1)c1cccc(C(F)(F)F)c1,6.82102305270683
c1cccc(N2CCN(CC2)CCCCNC(c2oc3c(c2)cccc3)=O)c1F,7.7447274948966935
O=C(NCCCCN1CCN(c2c(cccc2)F)CC1)c1oc2c(cccc2)c1,7.7447274948966935
N1(CCCCNC(c2oc3c(cccc3)c2)=O)CCN(c2ccccc2F)CC1,7.7447274948966935
o1c2ccccc2cc1C(=O)NCCCCN1CCN(c2c(F)cccc2)CC1,7.7447274948966935
N(C(=O)c1cc2ccccc2o1)CCCCN1CCN(CC1)c1c(F)cccc1,7.7447274948966935
C1N(CCC2CCC(CC2)NC(OCc2sccc2)=O)CCN(C1)c1nsc2c1cccc2,9.221848749616356
C(c1sccc1)OC(NC1CCC(CCN2CCN(c3c4c(sn3)cccc4)CC2)CC1)=O,9.221848749616356
c1c2snc(c2ccc1)N1CCN(CCC2CCC(NC(OCc3sccc3)=O)CC2)CC1,9.221848749616356
s1c2ccccc2c(n1)N1CCN(CCC2CCC(CC2)NC(=O)OCc2sccc2)CC1,9.221848749616356
c1(sccc1)COC(NC1CCC(CC1)CCN1CCN(CC1)c1c2c(cccc2)sn1)=O,9.221848749616356
c1(NC(=O)N2CCc3c4c(c(cc32)C(F)(F)F)OCC4)ccc(Oc2c(nccc2)C)nc1,6.299997602857746
N(C(=O)N1c2cc(c3OCCc3c2CC1)C(F)(F)F)c1ccc(nc1)Oc1c(nccc1)C,6.299997602857746
c1(C)c(Oc2ncc(cc2)NC(=O)N2c3c(c4c(OCC4)c(c3)C(F)(F)F)CC2)cccn1,6.299997602857746
C1Cc2c3CCN(c3cc(C(F)(F)F)c2O1)C(Nc1ccc(Oc2c(nccc2)C)nc1)=O,6.299997602857746
n1c(Oc2c(C)nccc2)ccc(NC(=O)N2CCc3c4CCOc4c(cc32)C(F)(F)F)c1,6.299997602857746
c1c(F)c(CCN2CCC(S(=O)(c3ccc(cc3)F)=O)(F)CC2)ccc1F,9.4089353929735
C1CN(CCc2ccc(cc2F)F)CCC1(F)S(=O)(=O)c1ccc(F)cc1,9.4089353929735
c1(ccc(cc1)F)S(=O)(C1(CCN(CC1)CCc1c(F)cc(cc1)F)F)=O,9.4089353929735
c1cc(S(=O)(C2(CCN(CCc3c(F)cc(cc3)F)CC2)F)=O)ccc1F,9.4089353929735
C(CN1CCC(CC1)(F)S(=O)(c1ccc(F)cc1)=O)c1ccc(cc1F)F,9.4089353929735
Fc1ccc(c(c1)F)CN(C(=O)OCc1ccc(cc1)OC(C)C)C1CCN(CC(C)(C(=O)OC)C)CC1,8.0
CC(C(=O)OC)(CN1CCC(N(C(=O)OCc2ccc(OC(C)C)cc2)Cc2ccc(cc2F)F)CC1)C,8.0
COC(=O)C(CN1CCC(N(Cc2c(F)cc(F)cc2)C(=O)OCc2ccc(cc2)OC(C)C)CC1)(C)C,8.0
c1(F)cc(c(cc1)CN(C(OCc1ccc(OC(C)C)cc1)=O)C1CCN(CC(C)(C(=O)OC)C)CC1)F,8.0
c1c(ccc(OC(C)C)c1)COC(=O)N(C1CCN(CC(C(=O)OC)(C)C)CC1)Cc1c(cc(cc1)F)F,8.0
N(Cc1nn(c(OCc2ccccc2)c1)C(C1CCCCC1)CF)C,8.55284196865778
c1(COc2n(nc(c2)CNC)C(CF)C2CCCCC2)ccccc1,8.55284196865778
C(F)C(n1c(OCc2ccccc2)cc(CNC)n1)C1CCCCC1,8.55284196865778
C1C(CCCC1)C(CF)n1nc(cc1OCc1ccccc1)CNC,8.55284196865778
c1ccccc1COc1n(C(CF)C2CCCCC2)nc(CNC)c1,8.55284196865778
Clc1ccc2CC3N(c2n1)C(CNC3)C,7.376750709602099
c12CC3CNCC(N3c1nc(cc2)Cl)C,7.376750709602099
c1cc2CC3CNCC(C)N3c2nc1Cl,7.376750709602099
N1CC2Cc3c(N2C(C)C1)nc(Cl)cc3,7.376750709602099
N1CC2N(c3nc(ccc3C2)Cl)C(C1)C,7.376750709602099
C(C(N)C)n1ccc2c1-c1cc(C)ccc1C2(C)C,7.0
CC(N)Cn1ccc2C(c3ccc(cc3-c21)C)(C)C,7.0
Cc1ccc2C(C)(C)c3c(n(CC(C)N)cc3)-c2c1,7.0
c12-c3cc(ccc3C(C)(c2ccn1CC(C)N)C)C,7.0
NC(Cn1c2c(cc1)C(C)(c1ccc(cc1-2)C)C)C,7.0
c1c(ccc(c1OC)CNCCc1c(OC)cc(c(OC)c1)Br)OC,7.700057099977233
c1(OC)cc(ccc1CNCCc1c(OC)cc(c(OC)c1)Br)OC,7.700057099977233
COc1cc(Br)c(cc1CCNCc1ccc(OC)cc1OC)OC,7.700057099977233
c1c(c(cc(Br)c1OC)OC)CCNCc1ccc(OC)cc1OC,7.700057099977233
c1cc(c(OC)cc1OC)CNCCc1cc(c(Br)cc1OC)OC,7.700057099977233
C1C2CNCC(C)N2c2nc(ccc12)C(C)OCC,5.622511616623867
CCOC(C)c1ccc2c(N3C(C)CNCC3C2)n1,5.622511616623867
c1c2CC3N(C(CNC3)C)c2nc(C(OCC)C)c1,5.622511616623867
N12c3nc(C(OCC)C)ccc3CC1CNCC2C,5.622511616623867
CCOC(c1nc2N3C(C)CNCC3Cc2cc1)C,5.622511616623867
N1(CCC2CCC(NC(=O)C)CC2)CCN(CC1)c1ncc(C)c2OCCc21,7.170696227168975
c12c(ncc(c1OCC2)C)N1CCN(CCC2CCC(CC2)NC(C)=O)CC1,7.170696227168975
C1CC(NC(C)=O)CCC1CCN1CCN(CC1)c1c2c(c(cn1)C)OCC2,7.170696227168975
N(C(C)=O)C1CCC(CCN2CCN(CC2)c2c3CCOc3c(cn2)C)CC1,7.170696227168975
C1C(CCC(C1)CCN1CCN(c2c3c(c(cn2)C)OCC3)CC1)NC(=O)C,7.170696227168975
c12ccccc1Cc1c(ccc(c1)Br)C2CN,8.809668301829708
c1(Br)ccc2C(c3c(cccc3)Cc2c1)CN,8.809668301829708
c1c(ccc2C(c3c(Cc21)cccc3)CN)Br,8.809668301829708
c12C(c3ccc(cc3Cc1cccc2)Br)CN,8.809668301829708
c1ccc2Cc3cc(ccc3C(c2c1)CN)Br,8.809668301829708
C(CC1CCC(NC(=O)COC)CC1)N1CCC(c2c3c(cccc3)oc2)CC1,8.473660722610155
C(C(=O)NC1CCC(CC1)CCN1CCC(CC1)c1c2ccccc2oc1)OC,8.473660722610155
c1cccc2c(coc12)C1CCN(CCC2CCC(NC(COC)=O)CC2)CC1,8.473660722610155
C1C(CCC(C1)NC(COC)=O)CCN1CCC(c2coc3ccccc23)CC1,8.473660722610155
C1(c2coc3ccccc32)CCN(CCC2CCC(CC2)NC(COC)=O)CC1,8.473660722610155
c1cc(ccc1)N1CCN(CCCCn2c(c3c(c2O)C2(C=C(C3C(C)C2)C)OC(C)=O)O)CC1,6.541815564429737
CC1C2C(=CC(c3c2c(n(CCCCN2CCN(CC2)c2ccccc2)c3O)O)(C1)OC(=O)C)C,6.541815564429737
C1CN(CCN1c1ccccc1)CCCCn1c(O)c2c(c1O)C1C(C)CC2(C=C1C)OC(C)=O,6.541815564429737
C1N(CCN(CCCCn2c(c3c(C4(OC(=O)C)CC(C3C(=C4)C)C)c2O)O)C1)c1ccccc1,6.541815564429737
N1(c2ccccc2)CCN(CCCCn2c(O)c3c(C4C(C)=CC3(CC4C)OC(C)=O)c2O)CC1,6.541815564429737
CC(Cn1c(cc(CNC)n1)OCc1cc(ccc1F)F)(C)C,8.1249387366083
CC(C)(Cn1c(cc(CNC)n1)OCc1c(ccc(F)c1)F)C,8.1249387366083
c1(cc(ccc1F)F)COc1cc(nn1CC(C)(C)C)CNC,8.1249387366083
c1cc(F)cc(c1F)COc1cc(nn1CC(C)(C)C)CNC,8.1249387366083
O(c1n(nc(c1)CNC)CC(C)(C)C)Cc1cc(ccc1F)F,8.1249387366083
c12onc(N3CCN(CC3)CCN3C(c4cnc(cc4CC3)OC)=O)c1cccc2,8.619788758288394
C1CN(c2noc3ccccc23)CCN1CCN1CCc2cc(OC)ncc2C1=O,8.619788758288394
C1CN(CCN2C(c3c(CC2)cc(OC)nc3)=O)CCN1c1c2ccccc2on1,8.619788758288394
COc1ncc2C(=O)N(CCN3CCN(c4noc5c4cccc5)CC3)CCc2c1,8.619788758288394
C(CN1CCN(c2c3c(cccc3)on2)CC1)N1CCc2cc(ncc2C1=O)OC,8.619788758288394
N(C1CCC(CC1)CCN1CCN(CC1)c1cccc2OCOc12)S(=O)(=O)C,7.4780777551165
c1c(c2c(cc1)OCO2)N1CCN(CCC2CCC(CC2)NS(=O)(=O)C)CC1,7.4780777551165
C1CC(CCN2CCN(c3cccc4c3OCO4)CC2)CCC1NS(=O)(C)=O,7.4780777551165
C(CN1CCN(CC1)c1c2OCOc2ccc1)C1CCC(CC1)NS(C)(=O)=O,7.4780777551165
C1Oc2cccc(c2O1)N1CCN(CCC2CCC(CC2)NS(=O)(=O)C)CC1,7.4780777551165
c1c(ccc2c1ccc(c2)Cl)S(NCCCCN1CCC(CC1)c1c2c(on1)cc(F)cc2)(=O)=O,9.221848749616356
c12cc(Cl)ccc1cc(cc2)S(=O)(=O)NCCCCN1CCC(CC1)c1c2c(cc(F)cc2)on1,9.221848749616356
c1c2onc(c2ccc1F)C1CCN(CCCCNS(=O)(c2ccc3cc(Cl)ccc3c2)=O)CC1,9.221848749616356
c12cc(ccc1cc(cc2)Cl)S(=O)(=O)NCCCCN1CCC(c2c3ccc(F)cc3on2)CC1,9.221848749616356
c1cc2cc(Cl)ccc2cc1S(NCCCCN1CCC(c2noc3c2ccc(c3)F)CC1)(=O)=O,9.221848749616356
O=C1N(Cc2c1c(cc(Cl)c2)Cl)c1cc(c(OC)cc1)OCCN1C(C)CCCC1C,6.499996931948306
O(c1c(OC)ccc(N2C(=O)c3c(cc(Cl)cc3C2)Cl)c1)CCN1C(C)CCCC1C,6.499996931948306
C1CC(C)N(C(C1)C)CCOc1c(ccc(N2Cc3cc(Cl)cc(c3C2=O)Cl)c1)OC,6.499996931948306
N1(C(C)CCCC1C)CCOc1cc(N2Cc3cc(cc(Cl)c3C2=O)Cl)ccc1OC,6.499996931948306
O(c1ccc(N2C(c3c(cc(Cl)cc3Cl)C2)=O)cc1OCCN1C(C)CCCC1C)C,6.499996931948306
c1(cnc(cc1)Oc1c(nccc1)C)NC(=O)N1CCc2ccc(Cl)cc12,6.500154895926735
c1c(Oc2c(C)nccc2)ncc(NC(=O)N2CCc3ccc(Cl)cc23)c1,6.500154895926735
c1cc(cnc1Oc1c(C)nccc1)NC(=O)N1CCc2c1cc(cc2)Cl,6.500154895926735
c1(ncc(NC(=O)N2CCc3c2cc(cc3)Cl)cc1)Oc1c(C)nccc1,6.500154895926735
N(c1ccc(Oc2cccnc2C)nc1)C(=O)N1CCc2c1cc(Cl)cc2,6.500154895926735
C12OC(CC1c1ccccc1Cc1c2cccc1)CN(C)C,6.982966660701219
c12Cc3c(cccc3)C3C(c2cccc1)OC(C3)CN(C)C,6.982966660701219
c12ccccc2Cc2ccccc2C2OC(CC12)CN(C)C,6.982966660701219
C12c3ccccc3Cc3ccccc3C2OC(C1)CN(C)C,6.982966660701219
c1cc2c(cc1)Cc1c(cccc1)C1C2OC(CN(C)C)C1,6.982966660701219
C1C(CCCC1)Cn1c(cc(CNC)n1)OCc1c(Cl)ccc(c1)Cl,8.494850021680094
n1n(CC2CCCCC2)c(OCc2c(ccc(c2)Cl)Cl)cc1CNC,8.494850021680094
c1c(c(cc(Cl)c1)COc1n(CC2CCCCC2)nc(CNC)c1)Cl,8.494850021680094
c1(Cl)ccc(Cl)c(COc2n(CC3CCCCC3)nc(c2)CNC)c1,8.494850021680094
O(Cc1c(ccc(c1)Cl)Cl)c1cc(nn1CC1CCCCC1)CNC,8.494850021680094
C1(c2c3c(ccc2)OCO3)CCN(CC1)CCC1CCC(NC(=O)C(C)O)CC1,7.97061622231479
C(N1CCC(CC1)c1c2OCOc2ccc1)CC1CCC(NC(=O)C(C)O)CC1,7.97061622231479
O1c2c(c(ccc2)C2CCN(CCC3CCC(NC(=O)C(C)O)CC3)CC2)OC1,7.97061622231479
N(C1CCC(CCN2CCC(CC2)c2cccc3c2OCO3)CC1)C(C(C)O)=O,7.97061622231479
C1C(c2cccc3OCOc23)CCN(CCC2CCC(CC2)NC(C(O)C)=O)C1,7.97061622231479
c1(C)cc2C3C(CNC3)NC(c2c(C)c1)=O,6.267606240177032
O=C1NC2C(CNC2)c2c1c(cc(c2)C)C,6.267606240177032
c12c(cc(C)cc1C)C1CNCC1NC2=O,6.267606240177032
N1CC2NC(=O)c3c(cc(C)cc3C2C1)C,6.267606240177032
Cc1cc(c2c(c1)C1CNCC1NC2=O)C,6.267606240177032
C1CC(CCN2CCN(CC2)c2c3c(ccn2)occ3)CCC1NC(C)=O,8.040958607678906
n1ccc2c(c1N1CCN(CC1)CCC1CCC(NC(C)=O)CC1)cco2,8.040958607678906
c1nc(c2ccoc2c1)N1CCN(CCC2CCC(CC2)NC(=O)C)CC1,8.040958607678906
C1CN(CCN1CCC1CCC(CC1)NC(C)=O)c1c2c(ccn1)occ2,8.040958607678906
C1(NC(C)=O)CCC(CCN2CCN(c3c4ccoc4ccn3)CC2)CC1,8.040958607678906
O(C)c1ccc(CN2C3C4C5C2(C2C3C3C4CC5C23)O)cc1OC,5.380697924124392
C12C3C4CC5C6C(C2C46)C(O)(C35)N1Cc1ccc(c(OC)c1)OC,5.380697924124392
C12C3(O)N(C4C2C2CC1C1C2C4C13)Cc1cc(OC)c(OC)cc1,5.380697924124392
C1C2C3C4C1C1C2C2C3N(Cc3ccc(OC)c(OC)c3)C4(O)C12,5.380697924124392
C(c1ccc(c(OC)c1)OC)N1C2C3C4CC5C6C(C2C64)C1(C35)O,5.380697924124392
N(Cc1nn(C)cc1)(C1CCN(CC21CC2)C)C(NCc1ccc(cc1)OCCC)=O,9.0268721464003
c1cc(nn1C)CN(C1C2(CC2)CN(C)CC1)C(=O)NCc1ccc(OCCC)cc1,9.0268721464003
n1(C)ccc(n1)CN(C(NCc1ccc(cc1)OCCC)=O)C1CCN(C)CC21CC2,9.0268721464003
c1c(OCCC)ccc(CNC(N(Cc2nn(C)cc2)C2C3(CC3)CN(CC2)C)=O)c1,9.0268721464003
C(c1ccn(C)n1)N(C(=O)NCc1ccc(OCCC)cc1)C1CCN(CC21CC2)C,9.0268721464003
CSc1ccc2c(Oc3c(ccc(c3)Cl)N=C2N2CCN(CC2)CC(C)(C)C(O)=O)c1,7.886056647693163
c12C(N3CCN(CC(C(O)=O)(C)C)CC3)=Nc3c(Oc1cc(cc2)SC)cc(Cl)cc3,7.886056647693163
Clc1ccc2N=C(c3c(cc(cc3)SC)Oc2c1)N1CCN(CC1)CC(C)(C(O)=O)C,7.886056647693163
c12N=C(N3CCN(CC3)CC(C)(C)C(=O)O)c3c(Oc1cc(Cl)cc2)cc(cc3)SC,7.886056647693163
c1(SC)cc2Oc3c(N=C(N4CCN(CC4)CC(C)(C)C(=O)O)c2cc1)ccc(c3)Cl,7.886056647693163
N1(C)CCC(CC1)N(C(NCc1ccc2c(c1)CC(O2)(C)C)=O)Cc1ccc(F)cc1,10.259163792942688
C1N(C)CCC(C1)N(Cc1ccc(F)cc1)C(=O)NCc1cc2c(OC(C2)(C)C)cc1,10.259163792942688
O=C(NCc1ccc2OC(Cc2c1)(C)C)N(C1CCN(CC1)C)Cc1ccc(F)cc1,10.259163792942688
c1c2c(cc(CNC(N(C3CCN(C)CC3)Cc3ccc(F)cc3)=O)c1)CC(C)(C)O2,10.259163792942688
c1c2c(CC(C)(O2)C)cc(CNC(N(C2CCN(C)CC2)Cc2ccc(F)cc2)=O)c1,10.259163792942688
[nH]1c(c(cn1)N1CCNCCC1)-c1cccc(Cl)c1,6.048662481204082
c1(N2CCCNCC2)cn[nH]c1-c1cccc(Cl)c1,6.048662481204082
C1CCNCCN1c1cn[nH]c1-c1cc(ccc1)Cl,6.048662481204082
c1c(N2CCCNCC2)c(-c2cccc(c2)Cl)[nH]n1,6.048662481204082
c1(cccc(c1)-c1c(N2CCCNCC2)cn[nH]1)Cl,6.048662481204082
c1(C2CCN(CC2)CCC2CCC(NC(=O)CCOCC)CC2)cccc2OCOc12,7.25979526449255
O1COc2c1c(C1CCN(CC1)CCC1CCC(CC1)NC(=O)CCOCC)ccc2,7.25979526449255
N(C1CCC(CC1)CCN1CCC(CC1)c1c2OCOc2ccc1)C(CCOCC)=O,7.25979526449255
C1Oc2c(O1)c(C1CCN(CC1)CCC1CCC(NC(CCOCC)=O)CC1)ccc2,7.25979526449255
C(C1CCC(NC(CCOCC)=O)CC1)CN1CCC(c2c3c(OCO3)ccc2)CC1,7.25979526449255
FC(c1cccc2C3CN(C)CCN3C(=O)c21)(F)F,5.3851027839668655
FC(F)(c1cccc2c1C(N1C2CN(C)CC1)=O)F,5.3851027839668655
O=C1N2CCN(CC2c2cccc(c21)C(F)(F)F)C,5.3851027839668655
N12C(=O)c3c(C2CN(CC1)C)cccc3C(F)(F)F,5.3851027839668655
c1(cccc2C3CN(C)CCN3C(=O)c12)C(F)(F)F,5.3851027839668655
C1N(CCSc2nc(c(Cc3ccccc3Cl)c(n2)N)N)CCN(C1)Cc1c(cccc1)Cl,7.928117992693875
c1(ccccc1Cc1c(nc(nc1N)SCCN1CCN(CC1)Cc1ccccc1Cl)N)Cl,7.928117992693875
c1(ccccc1Cl)Cc1c(N)nc(nc1N)SCCN1CCN(CC1)Cc1ccccc1Cl,7.928117992693875
n1c(N)c(c(N)nc1SCCN1CCN(Cc2c(Cl)cccc2)CC1)Cc1c(cccc1)Cl,7.928117992693875
S(c1nc(c(c(n1)N)Cc1c(cccc1)Cl)N)CCN1CCN(Cc2ccccc2Cl)CC1,7.928117992693875
C1N(CCN(c2nsc3c2cccc3)C1)CCc1cc2c(cc1)C(CC2)NC(=O)CC,9.602059991327963
C1N(CCN(C1)c1c2ccccc2sn1)CCc1ccc2C(NC(=O)CC)CCc2c1,9.602059991327963
O=C(NC1CCc2c1ccc(c2)CCN1CCN(c2c3ccccc3sn2)CC1)CC,9.602059991327963
C1(NC(CC)=O)CCc2cc(CCN3CCN(CC3)c3nsc4ccccc43)ccc12,9.602059991327963
c12c(ccc(CCN3CCN(CC3)c3nsc4ccccc34)c1)C(CC2)NC(CC)=O,9.602059991327963
C1CN(C)CCC1N(Cc1c(cc(cc1F)Cl)F)C(=O)OCc1ccc(cc1)OC(C)C,9.100179497572904
N(C(OCc1ccc(cc1)OC(C)C)=O)(C1CCN(CC1)C)Cc1c(F)cc(Cl)cc1F,9.100179497572904
Clc1cc(c(c(F)c1)CN(C1CCN(C)CC1)C(OCc1ccc(OC(C)C)cc1)=O)F,9.100179497572904
O=C(N(Cc1c(cc(cc1F)Cl)F)C1CCN(C)CC1)OCc1ccc(cc1)OC(C)C,9.100179497572904
c1cc(COC(=O)N(Cc2c(cc(cc2F)Cl)F)C2CCN(CC2)C)ccc1OC(C)C,9.100179497572904
c1cccc2snc(c12)N1CCN(CC1)CCn1ccc2c(c1=O)nccc2,8.782516055786093
O=c1n(ccc2c1nccc2)CCN1CCN(CC1)c1nsc2c1cccc2,8.782516055786093
C1N(CCn2c(c3c(cc2)cccn3)=O)CCN(c2nsc3c2cccc3)C1,8.782516055786093
c1cccc2c1snc2N1CCN(CCn2ccc3cccnc3c2=O)CC1,8.782516055786093
n1cccc2c1c(=O)n(cc2)CCN1CCN(c2nsc3c2cccc3)CC1,8.782516055786093
c1(ncccc1)N1CCN(CC1)CCCCc1ccc2NC(=O)CCc2c1,6.2591125261878995
c1cnc(N2CCN(CC2)CCCCc2cc3CCC(=O)Nc3cc2)cc1,6.2591125261878995
C1CN(CCN1CCCCc1cc2CCC(Nc2cc1)=O)c1ccccn1,6.2591125261878995
N1(CCCCc2ccc3NC(=O)CCc3c2)CCN(c2ncccc2)CC1,6.2591125261878995
c1(N2CCN(CCCCc3ccc4c(CCC(=O)N4)c3)CC2)ccccn1,6.2591125261878995
c1[nH]c2ccc(cc2c1CC(N)C)F,7.199970640755866
c12cc(F)ccc2[nH]cc1CC(C)N,7.199970640755866
Fc1cc2c(CC(C)N)c[nH]c2cc1,7.199970640755866
c1c2c(c(c[nH]2)CC(C)N)cc(F)c1,7.199970640755866
C(C)(Cc1c[nH]c2ccc(cc12)F)N,7.199970640755866
C1(OC2c3cc(Cl)ccc3Oc3ccccc3C2C1)CN(C)C,7.657577319177793
N(CC1OC2c3c(ccc(Cl)c3)Oc3ccccc3C2C1)(C)C,7.657577319177793
c1cc2Oc3c(cccc3)C3C(c2cc1Cl)OC(C3)CN(C)C,7.657577319177793
O1C(CC2C1c1c(ccc(c1)Cl)Oc1ccccc21)CN(C)C,7.657577319177793
c12ccc(cc1C1OC(CC1c1ccccc1O2)CN(C)C)Cl,7.657577319177793
c12c(C3(CC(C1C(C)=C3)C)OC(=O)C)c(O)n(CCCN1CCN(c3ccccc3)CC1)c2O,6.240166022245071
c1(ccccc1)N1CCN(CCCn2c(c3c(C4(OC(=O)C)CC(C3C(C)=C4)C)c2O)O)CC1,6.240166022245071
c1(ccccc1)N1CCN(CC1)CCCn1c(O)c2C3(OC(=O)C)CC(C)C(c2c1O)C(C)=C3,6.240166022245071
O=C(OC12C=C(C)C(C(C)C1)c1c2c(n(CCCN2CCN(c3ccccc3)CC2)c1O)O)C,6.240166022245071
C12(C=C(C(c3c2c(O)n(c3O)CCCN2CCN(c3ccccc3)CC2)C(C1)C)C)OC(C)=O,6.240166022245071
N(CC)(CCN1CCC(c2c3c(cc(F)cc3)on2)CC1)C(C1CNCC1O)=O,9.096910013008056
O=C(C1C(O)CNC1)N(CC)CCN1CCC(c2noc3c2ccc(F)c3)CC1,9.096910013008056
n1oc2c(c1C1CCN(CC1)CCN(C(=O)C1C(O)CNC1)CC)ccc(F)c2,9.096910013008056
o1c2cc(ccc2c(n1)C1CCN(CCN(CC)C(=O)C2C(O)CNC2)CC1)F,9.096910013008056
c1cc2c(C3CCN(CC3)CCN(CC)C(C3CNCC3O)=O)noc2cc1F,9.096910013008056
C1N(CCOc2c(cc(NC(c3ccc(cc3)F)=O)cc2)-c2ccnn2C)CCOC1,7.7447274948966935
O1CCN(CC1)CCOc1ccc(cc1-c1n(ncc1)C)NC(c1ccc(cc1)F)=O,7.7447274948966935
C(Oc1ccc(NC(c2ccc(cc2)F)=O)cc1-c1n(ncc1)C)CN1CCOCC1,7.7447274948966935
c1cnn(c1-c1cc(NC(=O)c2ccc(cc2)F)ccc1OCCN1CCOCC1)C,7.7447274948966935
c1cc(-c2cc(NC(c3ccc(cc3)F)=O)ccc2OCCN2CCOCC2)n(C)n1,7.7447274948966935
C1(NC(=O)COC)CCC(CCN2CCN(c3nccc4c3cco4)CC2)CC1,8.356547323513812
C1CN(c2c3ccoc3ccn2)CCN1CCC1CCC(NC(=O)COC)CC1,8.356547323513812
C1CN(CCC2CCC(NC(=O)COC)CC2)CCN1c1nccc2c1cco2,8.356547323513812
C(COC)(NC1CCC(CC1)CCN1CCN(CC1)c1nccc2occc21)=O,8.356547323513812
O=C(COC)NC1CCC(CCN2CCN(c3nccc4occc43)CC2)CC1,8.356547323513812
C(CN1CCCCC1)Oc1cc(N2C(N(CC2)c2cc(Cl)c(Cl)cc2)=O)ccc1OC,6.199998172182031
Clc1c(cc(cc1)N1C(N(CC1)c1cc(OCCN2CCCCC2)c(cc1)OC)=O)Cl,6.199998172182031
Clc1c(cc(N2CCN(c3cc(c(cc3)OC)OCCN3CCCCC3)C2=O)cc1)Cl,6.199998172182031
COc1ccc(cc1OCCN1CCCCC1)N1CCN(c2ccc(Cl)c(c2)Cl)C1=O,6.199998172182031
C1(N(CCN1c1cc(Cl)c(Cl)cc1)c1ccc(OC)c(c1)OCCN1CCCCC1)=O,6.199998172182031
O(c1ccc(-c2ccc(C(=O)Nc3cccc(Cn4ncc(cc4=O)N4CCNCC4)c3C)cc2)cn1)C,8.199970640755867
c1c(-c2ccc(nc2)OC)ccc(C(=O)Nc2cccc(Cn3c(=O)cc(cn3)N3CCNCC3)c2C)c1,8.199970640755867
N1CCN(CC1)c1cnn(c(=O)c1)Cc1c(C)c(NC(=O)c2ccc(-c3cnc(OC)cc3)cc2)ccc1,8.199970640755867
n1cc(cc(n1Cc1c(C)c(NC(c2ccc(cc2)-c2cnc(cc2)OC)=O)ccc1)=O)N1CCNCC1,8.199970640755867
c1(OC)ncc(cc1)-c1ccc(cc1)C(Nc1cccc(c1C)Cn1ncc(cc1=O)N1CCNCC1)=O,8.199970640755867
C1(C(=O)O)(CN2CCN(CC2)C2=Nc3c(cc(cc3)C)Oc3c2ccc(C)c3)CC1,7.886056647693163
c1(ccc2C(N3CCN(CC4(C(O)=O)CC4)CC3)=Nc3c(cc(cc3)C)Oc2c1)C,7.886056647693163
O1c2c(N=C(N3CCN(CC4(C(O)=O)CC4)CC3)c3ccc(cc31)C)ccc(c2)C,7.886056647693163
O1c2cc(C)ccc2C(=Nc2ccc(cc12)C)N1CCN(CC1)CC1(CC1)C(O)=O,7.886056647693163
C1(CC1)(C(O)=O)CN1CCN(C2=Nc3c(Oc4cc(C)ccc24)cc(cc3)C)CC1,7.886056647693163
c1ccc(cc1)C=CCN1CCN(CC1)C(c1ccc(cc1)F)c1ccc(cc1)F,6.935542010773082
Fc1ccc(C(N2CCN(CC=Cc3ccccc3)CC2)c2ccc(cc2)F)cc1,6.935542010773082
c1(F)ccc(cc1)C(c1ccc(cc1)F)N1CCN(CC=Cc2ccccc2)CC1,6.935542010773082
C(CN1CCN(CC1)C(c1ccc(F)cc1)c1ccc(F)cc1)=Cc1ccccc1,6.935542010773082
C1N(CCN(CC=Cc2ccccc2)C1)C(c1ccc(F)cc1)c1ccc(cc1)F,6.935542010773082
C1Cc2c(CCN1C)cc(NS(c1ccc(-c3ccc(cc3)Cl)cc1)(=O)=O)c(c2)NC(C)C,8.79997073344623
c1(NS(=O)(c2ccc(cc2)-c2ccc(cc2)Cl)=O)cc2CCN(CCc2cc1NC(C)C)C,8.79997073344623
c1c2c(cc(c1NC(C)C)NS(=O)(c1ccc(-c3ccc(cc3)Cl)cc1)=O)CCN(C)CC2,8.79997073344623
C1CN(C)CCc2c1cc(NS(c1ccc(cc1)-c1ccc(cc1)Cl)(=O)=O)c(c2)NC(C)C,8.79997073344623
c1(Cl)ccc(-c2ccc(S(=O)(=O)Nc3cc4CCN(CCc4cc3NC(C)C)C)cc2)cc1,8.79997073344623
c1(cccc(c1)S(C1CCN(CC1)CCc1c(cc(cc1)F)F)(=O)=O)C(=O)N,9.301029995663981
c1(c(ccc(F)c1)CCN1CCC(S(=O)(=O)c2cccc(c2)C(=O)N)CC1)F,9.301029995663981
C(=O)(N)c1cc(S(=O)(=O)C2CCN(CCc3ccc(F)cc3F)CC2)ccc1,9.301029995663981
c1cc(cc(c1)S(=O)(C1CCN(CC1)CCc1c(cc(F)cc1)F)=O)C(=O)N,9.301029995663981
N1(CCC(CC1)S(=O)(=O)c1cccc(C(N)=O)c1)CCc1c(F)cc(cc1)F,9.301029995663981
C(CCOc1cc2ccnn2cc1)CN1CCN(CC1)c1c2ccc(=O)[nH]c2c(O)cc1,5.443697499232712
C(CCN1CCN(CC1)c1c2ccc([nH]c2c(cc1)O)=O)COc1ccn2nccc2c1,5.443697499232712
n1ccc2cc(ccn12)OCCCCN1CCN(CC1)c1ccc(O)c2[nH]c(=O)ccc12,5.443697499232712
c1cc(OCCCCN2CCN(c3c4c([nH]c(cc4)=O)c(cc3)O)CC2)cc2ccnn12,5.443697499232712
C1N(CCN(C1)CCCCOc1cc2ccnn2cc1)c1ccc(O)c2c1ccc(=O)[nH]2,5.443697499232712
c1(c2cc(ccc2[nH]c1)OC)CCNCCCCc1ccccc1,7.756961951313706
c1c(CCCCNCCc2c[nH]c3c2cc(cc3)OC)cccc1,7.756961951313706
[nH]1cc(CCNCCCCc2ccccc2)c2c1ccc(c2)OC,7.756961951313706
C(CCc1ccccc1)CNCCc1c[nH]c2c1cc(cc2)OC,7.756961951313706
C(CCCNCCc1c[nH]c2ccc(OC)cc21)c1ccccc1,7.756961951313706
c1cccc2[nH]cc(c12)CCNc1nc(N)nc(n1)NCCc1ccccc1OC,5.560825260156531
c1cc(c(CCNc2nc(nc(NCCc3c4c([nH]c3)cccc4)n2)N)cc1)OC,5.560825260156531
O(c1c(cccc1)CCNc1nc(N)nc(NCCc2c[nH]c3c2cccc3)n1)C,5.560825260156531
c1ccc(CCNc2nc(NCCc3c4ccccc4[nH]c3)nc(N)n2)c(c1)OC,5.560825260156531
c1(NCCc2c3c(cccc3)[nH]c2)nc(NCCc2c(cccc2)OC)nc(N)n1,5.560825260156531
N(C(=O)c1oc2ccccc2c1)CCCCN1CCN(CC1)c1cccc(C)c1,7.815308569182402
C(NC(=O)c1oc2ccccc2c1)CCCN1CCN(c2cc(C)ccc2)CC1,7.815308569182402
c1ccc2c(c1)oc(c2)C(NCCCCN1CCN(c2cccc(C)c2)CC1)=O,7.815308569182402
c1cccc2oc(C(=O)NCCCCN3CCN(CC3)c3cc(C)ccc3)cc21,7.815308569182402
o1c(C(=O)NCCCCN2CCN(c3cc(C)ccc3)CC2)cc2c1cccc2,7.815308569182402
c12C(N3CCNCC3Cc1ccc(c2)OC)=O,7.070581074285707
C1(=O)N2CCNCC2Cc2ccc(cc12)OC,7.070581074285707
c12cc(ccc1CC1N(CCNC1)C2=O)OC,7.070581074285707
c12c(cc(OC)cc1)C(=O)N1CCNCC1C2,7.070581074285707
c1cc(cc2C(=O)N3CCNCC3Cc12)OC,7.070581074285707
c1(cc(C#N)c(cc1)C=Cc1ccc(S(=O)(=O)c2ccccc2F)cn1)F,8.00436480540245
c1(C#N)c(C=Cc2ccc(S(=O)(=O)c3ccccc3F)cn2)ccc(F)c1,8.00436480540245
C(c1ccc(S(c2ccccc2F)(=O)=O)cn1)=Cc1ccc(cc1C#N)F,8.00436480540245
c1(ncc(cc1)S(=O)(=O)c1c(cccc1)F)C=Cc1ccc(cc1C#N)F,8.00436480540245
S(=O)(=O)(c1c(cccc1)F)c1ccc(nc1)C=Cc1c(cc(cc1)F)C#N,8.00436480540245
C1c2c(Cl)c(ccc2CCNC1)F,6.886056647693163
C1Cc2c(CCN1)ccc(F)c2Cl,6.886056647693163
Clc1c(F)ccc2c1CCNCC2,6.886056647693163
N1CCc2c(c(ccc2CC1)F)Cl,6.886056647693163
Clc1c2CCNCCc2ccc1F,6.886056647693163
C1C(CCC(CCN2CCC(c3c4c(cc(F)cc4)on3)CC2)C1)NC(=O)C1CCOCC1,8.759700417997287
c1cc(F)cc2onc(C3CCN(CCC4CCC(NC(=O)C5CCOCC5)CC4)CC3)c21,8.759700417997287
C1C(NC(C2CCOCC2)=O)CCC(C1)CCN1CCC(c2c3ccc(F)cc3on2)CC1,8.759700417997287
c12c(noc1cc(cc2)F)C1CCN(CCC2CCC(CC2)NC(C2CCOCC2)=O)CC1,8.759700417997287
C1CN(CCC2CCC(NC(=O)C3CCOCC3)CC2)CCC1c1c2ccc(cc2on1)F,8.759700417997287
N(CC)(CCOC(C(CC1CCCO1)Cc1cccc2c1cccc2)=O)CC,5.874455302659303
C(C(OCCN(CC)CC)=O)(CC1CCCO1)Cc1c2c(cccc2)ccc1,5.874455302659303
CCN(CCOC(C(CC1CCCO1)Cc1c2ccccc2ccc1)=O)CC,5.874455302659303
C1OC(CC1)CC(Cc1cccc2c1cccc2)C(=O)OCCN(CC)CC,5.874455302659303
C1COC(CC(C(OCCN(CC)CC)=O)Cc2cccc3c2cccc3)C1,5.874455302659303
C1N(CCN2CCN(CC2)c2noc3ccccc23)C(=O)c2nc(C)ccc2C1,7.070581074285707
C(CN1CCN(CC1)c1c2c(on1)cccc2)N1CCc2c(nc(cc2)C)C1=O,7.070581074285707
N1(CCN(CC1)c1c2ccccc2on1)CCN1CCc2c(nc(cc2)C)C1=O,7.070581074285707
c1(C)ccc2c(C(=O)N(CCN3CCN(c4c5ccccc5on4)CC3)CC2)n1,7.070581074285707
c12ccccc2c(N2CCN(CCN3CCc4c(nc(C)cc4)C3=O)CC2)no1,7.070581074285707
N1(CCC(c2c3CCOc3ccc2)CC1)CCC1CCC(CC1)NS(C)(=O)=O,7.453457336521869
C1CC(CCN1CCC1CCC(NS(C)(=O)=O)CC1)c1cccc2c1CCO2,7.453457336521869
C1CC(NS(C)(=O)=O)CCC1CCN1CCC(c2c3c(OCC3)ccc2)CC1,7.453457336521869
c1c(C2CCN(CC2)CCC2CCC(NS(C)(=O)=O)CC2)c2c(cc1)OCC2,7.453457336521869
S(NC1CCC(CC1)CCN1CCC(c2cccc3c2CCO3)CC1)(C)(=O)=O,7.453457336521869
C(COc1c(-c2n(C)ncc2)cc(cc1)NC(=O)Nc1ccc(cc1)Cl)N1CCC(OC)CC1,9.920818753952375
n1(C)c(ccn1)-c1cc(ccc1OCCN1CCC(CC1)OC)NC(=O)Nc1ccc(Cl)cc1,9.920818753952375
c1c(-c2n(ncc2)C)c(OCCN2CCC(CC2)OC)ccc1NC(Nc1ccc(cc1)Cl)=O,9.920818753952375
c1cc(NC(=O)Nc2cc(-c3n(ncc3)C)c(cc2)OCCN2CCC(CC2)OC)ccc1Cl,9.920818753952375
c1(OCCN2CCC(CC2)OC)c(cc(NC(=O)Nc2ccc(cc2)Cl)cc1)-c1n(C)ncc1,9.920818753952375
C1(CCN2CCN(c3nsc4ccccc34)CC2)CCC(CC1)NC(=O)Oc1ccc(Cl)cc1,8.096367483915762
Clc1ccc(OC(=O)NC2CCC(CC2)CCN2CCN(c3nsc4ccccc43)CC2)cc1,8.096367483915762
c1c2c(nsc2ccc1)N1CCN(CC1)CCC1CCC(NC(=O)Oc2ccc(cc2)Cl)CC1,8.096367483915762
C1CN(c2c3c(sn2)cccc3)CCN1CCC1CCC(CC1)NC(=O)Oc1ccc(cc1)Cl,8.096367483915762
O=C(Oc1ccc(cc1)Cl)NC1CCC(CCN2CCN(c3nsc4c3cccc4)CC2)CC1,8.096367483915762
C(CCOc1cc(cc2oc(cc(c21)C)=O)C)N1CCN(CC1)c1cccc(c1Cl)Cl,7.376750709602099
c1cc(N2CCN(CCCOc3cc(C)cc4oc(=O)cc(C)c34)CC2)c(c(c1)Cl)Cl,7.376750709602099
c1(Cl)c(Cl)cccc1N1CCN(CC1)CCCOc1c2c(cc(C)c1)oc(=O)cc2C,7.376750709602099
C(Oc1cc(cc2oc(=O)cc(C)c21)C)CCN1CCN(c2c(Cl)c(ccc2)Cl)CC1,7.376750709602099
O=c1cc(C)c2c(cc(C)cc2OCCCN2CCN(CC2)c2cccc(c2Cl)Cl)o1,7.376750709602099
N1CCc2n(CC1)c1c(c2C(N)=O)cccc1,7.337242168318426
C(=O)(N)c1c2CCNCCn2c2ccccc21,7.337242168318426
N1CCc2c(c3c(cccc3)n2CC1)C(=O)N,7.337242168318426
C(N)(=O)c1c2CCNCCn2c2ccccc12,7.337242168318426
c1cccc2c1c(c1n2CCNCC1)C(=O)N,7.337242168318426
c1(ccc(cc1NC(=O)NCC)F)C(=O)CCCN1CC2c3c4N(C2CC1)CCCSc4ccc3,7.958607314841775
c1ccc2c3c1C1CN(CCC1N3CCCS2)CCCC(c1c(cc(F)cc1)NC(=O)NCC)=O,7.958607314841775
N(C(=O)Nc1cc(F)ccc1C(CCCN1CC2C(N3c4c2cccc4SCCC3)CC1)=O)CC,7.958607314841775
c1cc(C(=O)CCCN2CC3c4c5N(C3CC2)CCCSc5ccc4)c(cc1F)NC(NCC)=O,7.958607314841775
CCNC(=O)Nc1cc(ccc1C(=O)CCCN1CCC2N3CCCSc4cccc(c43)C2C1)F,7.958607314841775
c12CN(c3cc(OCCN4CCC(CC4)C)c(cc3)OC)C(=O)c2c(C(F)(F)F)ccc1,6.199998172182031
O(c1ccc(N2C(=O)c3c(cccc3C2)C(F)(F)F)cc1OCCN1CCC(CC1)C)C,6.199998172182031
C1c2c(c(ccc2)C(F)(F)F)C(=O)N1c1ccc(OC)c(OCCN2CCC(CC2)C)c1,6.199998172182031
FC(F)(F)c1cccc2c1C(N(c1cc(OCCN3CCC(C)CC3)c(cc1)OC)C2)=O,6.199998172182031
C1C(C)CCN(C1)CCOc1cc(N2Cc3c(C2=O)c(C(F)(F)F)ccc3)ccc1OC,6.199998172182031
C1(C(n2nc(cc2OCc2ccc(F)cc2F)CNC)C)CCCCC1,9.244125144327509
c1(F)ccc(COc2n(C(C)C3CCCCC3)nc(c2)CNC)c(F)c1,9.244125144327509
CNCc1cc(n(n1)C(C)C1CCCCC1)OCc1ccc(cc1F)F,9.244125144327509
c1cc(F)cc(F)c1COc1cc(CNC)nn1C(C)C1CCCCC1,9.244125144327509
CC(C1CCCCC1)n1nc(cc1OCc1c(cc(cc1)F)F)CNC,9.244125144327509
C1(C(=O)c2ccc(cc2)F)CCN(CC1)CCN1CCCc2ccccc2C1=O,7.770062314092066
c1cc(ccc1F)C(C1CCN(CC1)CCN1CCCc2c(C1=O)cccc2)=O,7.770062314092066
C1CC(C(=O)c2ccc(cc2)F)CCN1CCN1C(=O)c2ccccc2CCC1,7.770062314092066
c1c(F)ccc(c1)C(C1CCN(CCN2C(c3c(cccc3)CCC2)=O)CC1)=O,7.770062314092066
N1(CCN2CCC(C(c3ccc(cc3)F)=O)CC2)C(=O)c2ccccc2CCC1,7.770062314092066
c12ccc(F)cc1c1c(CN(c3ccc(OC)c(c3)OCCN3CCC(C)CC3)C1=O)n2C,6.799998134593398
C1CN(CCC1C)CCOc1cc(ccc1OC)N1Cc2n(C)c3ccc(cc3c2C1=O)F,6.799998134593398
C1(c2c(CN1c1cc(c(OC)cc1)OCCN1CCC(CC1)C)n(C)c1ccc(F)cc12)=O,6.799998134593398
C1C(CCN(CCOc2cc(N3C(=O)c4c5cc(ccc5n(c4C3)C)F)ccc2OC)C1)C,6.799998134593398
c1c2c3c(CN(c4ccc(c(OCCN5CCC(CC5)C)c4)OC)C3=O)n(c2ccc1F)C,6.799998134593398
c12c(-c3cncn3CC)c[nH]c2c(F)cc(I)c1,5.070019409484485
c1c(n(cn1)CC)-c1c2c([nH]c1)c(F)cc(c2)I,5.070019409484485
c1(c2[nH]cc(-c3n(cnc3)CC)c2cc(c1)I)F,5.070019409484485
c12[nH]cc(c2cc(cc1F)I)-c1cncn1CC,5.070019409484485
[nH]1c2c(cc(I)cc2c(c1)-c1cncn1CC)F,5.070019409484485
n1c(N2CCN(C)CC2)nc(nc1COc1ccccc1)N,5.580374639112256
c1(OCc2nc(N3CCN(CC3)C)nc(n2)N)ccccc1,5.580374639112256
c1c(cccc1)OCc1nc(N)nc(n1)N1CCN(CC1)C,5.580374639112256
C1CN(CCN1c1nc(nc(N)n1)COc1ccccc1)C,5.580374639112256
N1(CCN(CC1)C)c1nc(COc2ccccc2)nc(N)n1,5.580374639112256
c1cc(-c2ccccc2)ccc1C(Nc1c(c(ccc1)Cn1ncc(N2CCNCC2)c(Cl)c1=O)C)=O,7.280006173632396
N(c1cccc(Cn2ncc(c(c2=O)Cl)N2CCNCC2)c1C)C(c1ccc(cc1)-c1ccccc1)=O,7.280006173632396
C1CNCCN1c1cnn(Cc2cccc(c2C)NC(=O)c2ccc(-c3ccccc3)cc2)c(=O)c1Cl,7.280006173632396
O=c1n(ncc(N2CCNCC2)c1Cl)Cc1c(C)c(ccc1)NC(c1ccc(cc1)-c1ccccc1)=O,7.280006173632396
c1nn(Cc2cccc(NC(c3ccc(cc3)-c3ccccc3)=O)c2C)c(=O)c(c1N1CCNCC1)Cl,7.280006173632396
N(S(c1oc2ccccc2c1)(=O)=O)C1CCC(CCN2CCN(c3nsc4c3cccc4)CC2)CC1,8.73754891026957
O=S(c1oc2c(c1)cccc2)(NC1CCC(CCN2CCN(c3c4c(cccc4)sn3)CC2)CC1)=O,8.73754891026957
c12cc(S(=O)(=O)NC3CCC(CC3)CCN3CCN(c4c5ccccc5sn4)CC3)oc2cccc1,8.73754891026957
c1(N2CCN(CC2)CCC2CCC(CC2)NS(c2oc3ccccc3c2)(=O)=O)nsc2ccccc21,8.73754891026957
c1(S(NC2CCC(CC2)CCN2CCN(CC2)c2c3c(sn2)cccc3)(=O)=O)oc2c(cccc2)c1,8.73754891026957
C1(CCC(CCN2CCN(c3nccc4c3ccs4)CC2)CC1)NC(CC1CCC(CC1)OC)=O,8.602059991327963
C1C(CCC(C1)CCN1CCN(CC1)c1c2c(scc2)ccn1)NC(=O)CC1CCC(OC)CC1,8.602059991327963
N(C(CC1CCC(OC)CC1)=O)C1CCC(CC1)CCN1CCN(c2nccc3c2ccs3)CC1,8.602059991327963
s1ccc2c1ccnc2N1CCN(CCC2CCC(NC(=O)CC3CCC(OC)CC3)CC2)CC1,8.602059991327963
c12c(N3CCN(CCC4CCC(NC(CC5CCC(OC)CC5)=O)CC4)CC3)nccc2scc1,8.602059991327963
n1c(nc(NCCc2c[nH]c3c2cccc3)nc1NCCOc1cccc(Cl)c1Cl)N,5.578889870206566
c1(Cl)c(Cl)c(ccc1)OCCNc1nc(nc(n1)N)NCCc1c2c([nH]c1)cccc2,5.578889870206566
Clc1c(Cl)c(OCCNc2nc(nc(N)n2)NCCc2c3c([nH]c2)cccc3)ccc1,5.578889870206566
O(c1c(Cl)c(Cl)ccc1)CCNc1nc(nc(n1)NCCc1c[nH]c2c1cccc2)N,5.578889870206566
c1ccc2[nH]cc(CCNc3nc(nc(NCCOc4cccc(Cl)c4Cl)n3)N)c2c1,5.578889870206566
C(Nc1cc(-c2c(cnn2C)Cl)c(cc1)OC)(=O)Nc1ccc(cc1)Cl,9.79997073344623
Cn1ncc(c1-c1cc(NC(=O)Nc2ccc(Cl)cc2)ccc1OC)Cl,9.79997073344623
c1(c(Cl)cnn1C)-c1c(ccc(c1)NC(=O)Nc1ccc(cc1)Cl)OC,9.79997073344623
Clc1c(n(nc1)C)-c1c(OC)ccc(c1)NC(=O)Nc1ccc(cc1)Cl,9.79997073344623
c1cc(OC)c(-c2n(ncc2Cl)C)cc1NC(=O)Nc1ccc(cc1)Cl,9.79997073344623
o1nc(CCCN2C(CC(C2)NS(c2cc(Cl)c(cc2)F)(=O)=O)C)c2ccc(F)cc21,8.45001638884031
c12onc(CCCN3C(C)CC(C3)NS(=O)(c3cc(Cl)c(F)cc3)=O)c2ccc(c1)F,8.45001638884031
n1c(c2c(o1)cc(F)cc2)CCCN1C(C)CC(C1)NS(=O)(c1cc(Cl)c(cc1)F)=O,8.45001638884031
c1(c2ccc(F)cc2on1)CCCN1C(C)CC(NS(=O)(=O)c2cc(c(cc2)F)Cl)C1,8.45001638884031
CC1N(CCCc2c3ccc(cc3on2)F)CC(NS(=O)(c2cc(c(cc2)F)Cl)=O)C1,8.45001638884031
c1n(CC(N)C)c2c3c(ccc2c1)cccc3,7.42021640338319
c1c2ccccc2c2n(CC(N)C)ccc2c1,7.42021640338319
c12c(cccc1)ccc1ccn(CC(N)C)c21,7.42021640338319
C(Cn1c2c(ccc3ccccc23)cc1)(C)N,7.42021640338319
C(C)(N)Cn1c2c(ccc3ccccc23)cc1,7.42021640338319
c1cc(C)c(cc1Cn1c(c(c(N2CCNCC2)cn1)Cl)=O)NC(=O)c1ccc(-c2ccccc2)cc1,8.669992299127241
C1CN(CCN1)c1cnn(Cc2cc(NC(=O)c3ccc(-c4ccccc4)cc3)c(cc2)C)c(=O)c1Cl,8.669992299127241
c1c(ccc(C(=O)Nc2c(ccc(c2)Cn2c(c(Cl)c(N3CCNCC3)cn2)=O)C)c1)-c1ccccc1,8.669992299127241
c1cccc(c1)-c1ccc(C(=O)Nc2c(ccc(c2)Cn2c(=O)c(c(cn2)N2CCNCC2)Cl)C)cc1,8.669992299127241
C1NCCN(c2cnn(Cc3cc(NC(c4ccc(-c5ccccc5)cc4)=O)c(cc3)C)c(=O)c2Cl)C1,8.669992299127241
C(C)N(CCN1CCC(CC1)c1c2ccc(cc2on1)F)C(=O)C1CN(CC1O)C(=O)C,8.244125144327509
CC(N1CC(C(=O)N(CCN2CCC(c3noc4cc(ccc43)F)CC2)CC)C(C1)O)=O,8.244125144327509
o1nc(c2c1cc(F)cc2)C1CCN(CCN(CC)C(=O)C2C(O)CN(C(=O)C)C2)CC1,8.244125144327509
Fc1cc2c(cc1)c(no2)C1CCN(CC1)CCN(CC)C(=O)C1CN(CC1O)C(=O)C,8.244125144327509
N(CCN1CCC(CC1)c1c2c(on1)cc(cc2)F)(C(C1C(O)CN(C1)C(=O)C)=O)CC,8.244125144327509
C(CN(C(C)C)C(C(C)O)=O)N1CCC(CC1)c1c2c(on1)cc(cc2)F,9.0
C1CN(CCN(C(C)C)C(=O)C(C)O)CCC1c1c2c(on1)cc(cc2)F,9.0
CC(C)N(CCN1CCC(c2noc3cc(ccc23)F)CC1)C(=O)C(O)C,9.0
C1(c2c3ccc(F)cc3on2)CCN(CCN(C(C)C)C(C(C)O)=O)CC1,9.0
c1(F)cc2onc(c2cc1)C1CCN(CCN(C(C)C)C(=O)C(C)O)CC1,9.0
C1CN2CC(c3c(C)ccc(c23)CN1)C,7.356547323513812
c12CNCCN3c1c(c(C)cc2)C(C3)C,7.356547323513812
c1cc(c2c3c1CNCCN3CC2C)C,7.356547323513812
C1C(C)c2c3c(ccc2C)CNCCN13,7.356547323513812
N1CCN2CC(C)c3c(C)ccc(c23)C1,7.356547323513812
Clc1cc(OC(CC)c2nc(N3CCN(CC3)C)nc(n2)N)cc(c1)Cl,6.334419008982047
n1c(N)nc(C(CC)Oc2cc(cc(Cl)c2)Cl)nc1N1CCN(CC1)C,6.334419008982047
N1(CCN(c2nc(N)nc(n2)C(CC)Oc2cc(cc(c2)Cl)Cl)CC1)C,6.334419008982047
C1CN(CCN1c1nc(N)nc(C(Oc2cc(cc(c2)Cl)Cl)CC)n1)C,6.334419008982047
n1c(C(Oc2cc(Cl)cc(Cl)c2)CC)nc(nc1N)N1CCN(C)CC1,6.334419008982047
C1Cc2c(C(=N1)C)[nH]c1ccccc12,6.00436480540245
C1c2c3ccccc3[nH]c2C(C)=NC1,6.00436480540245
c12c(CCN=C2C)c2c([nH]1)cccc2,6.00436480540245
c1cccc2c1c1CCN=C(C)c1[nH]2,6.00436480540245
c1cccc2c1c1CCN=C(c1[nH]2)C,6.00436480540245
C1CN(CCC2CCC(CC2)NC(=O)C(F)(F)F)CCC1c1cccc2c1OCO2,7.427360702957187
C1Oc2c(c(C3CCN(CC3)CCC3CCC(NC(=O)C(F)(F)F)CC3)ccc2)O1,7.427360702957187
c12c(c(ccc2)C2CCN(CC2)CCC2CCC(NC(=O)C(F)(F)F)CC2)OCO1,7.427360702957187
C1(CCC(CC1)CCN1CCC(c2cccc3c2OCO3)CC1)NC(=O)C(F)(F)F,7.427360702957187
O=C(NC1CCC(CCN2CCC(CC2)c2cccc3c2OCO3)CC1)C(F)(F)F,7.427360702957187
c1cnc2c(nc(CC)n2Cc2cc(ccc2)Cl)c1N1CCNCC1,6.347753658996677
N1CCN(c2c3c(ncc2)n(Cc2cccc(Cl)c2)c(CC)n3)CC1,6.347753658996677
n1c(CC)n(c2c1c(ccn2)N1CCNCC1)Cc1cc(Cl)ccc1,6.347753658996677
N1CCN(CC1)c1c2c(n(c(n2)CC)Cc2cc(Cl)ccc2)ncc1,6.347753658996677
c1nc2n(Cc3cc(Cl)ccc3)c(CC)nc2c(N2CCNCC2)c1,6.347753658996677
c1(c(cc(cc1)CC(=O)N(Cc1ccc(cc1)F)C1CCN(C)CC1)F)OCC(C)C,8.600326278518962
C1CC(CCN1C)N(Cc1ccc(cc1)F)C(Cc1ccc(c(c1)F)OCC(C)C)=O,8.600326278518962
N1(C)CCC(CC1)N(Cc1ccc(F)cc1)C(Cc1cc(c(cc1)OCC(C)C)F)=O,8.600326278518962
C1CC(N(Cc2ccc(cc2)F)C(Cc2ccc(OCC(C)C)c(F)c2)=O)CCN1C,8.600326278518962
C(c1ccc(OCC(C)C)c(c1)F)C(=O)N(Cc1ccc(cc1)F)C1CCN(CC1)C,8.600326278518962
c12n(ccc1ccc(F)c2)CC(C)N,6.600161935212324
c1(F)ccc2ccn(c2c1)CC(C)N,6.600161935212324
c12cc(F)ccc1ccn2CC(N)C,6.600161935212324
NC(Cn1c2c(ccc(F)c2)cc1)C,6.600161935212324
NC(Cn1ccc2ccc(cc12)F)C,6.600161935212324
c12cccc(N3CCN(CC3)CCCOc3c(F)c4c(CNC4=O)cc3)c1cc(cc2)F,9.043831569524636
C(CN1CCN(c2c3c(ccc2)ccc(F)c3)CC1)COc1c(F)c2c(cc1)CNC2=O,9.043831569524636
c1c2c(cc(F)cc2)c(N2CCN(CC2)CCCOc2c(F)c3C(=O)NCc3cc2)cc1,9.043831569524636
C1CN(CCCOc2c(c3c(CNC3=O)cc2)F)CCN1c1c2cc(ccc2ccc1)F,9.043831569524636
N1(c2c3c(ccc(c3)F)ccc2)CCN(CC1)CCCOc1ccc2CNC(=O)c2c1F,9.043831569524636
c1c(Cl)ccc(c1)C1CC(N(C)C)Cc2ccccc21,6.6020599913279625
C1(c2ccc(cc2)Cl)CC(N(C)C)Cc2ccccc21,6.6020599913279625
C1c2c(cccc2)C(CC1N(C)C)c1ccc(Cl)cc1,6.6020599913279625
C1C(c2ccc(cc2)Cl)c2ccccc2CC1N(C)C,6.6020599913279625
Clc1ccc(C2CC(Cc3ccccc23)N(C)C)cc1,6.6020599913279625
C(COc1c(C)c2C(NCc2cc1)=O)CN1CCN(CC1)c1c2c(ccc1)cccc2F,7.79317412396815
C1CN(CCCOc2c(c3C(=O)NCc3cc2)C)CCN1c1c2c(F)cccc2ccc1,7.79317412396815
N1(c2cccc3c2c(F)ccc3)CCN(CC1)CCCOc1ccc2c(C(NC2)=O)c1C,7.79317412396815
C1CN(CCCOc2ccc3CNC(=O)c3c2C)CCN1c1c2c(cccc2ccc1)F,7.79317412396815
Fc1cccc2c1c(N1CCN(CC1)CCCOc1c(c3C(=O)NCc3cc1)C)ccc2,7.79317412396815
n1c(c2ccccc2o1)CCCN1CC(NS(c2cc3c(n(C)cc3)cc2)(=O)=O)CC1,9.609948503541013
C(c1noc2c1cccc2)CCN1CCC(C1)NS(=O)(=O)c1ccc2n(C)ccc2c1,9.609948503541013
c1(CCCN2CCC(C2)NS(=O)(c2cc3c(n(C)cc3)cc2)=O)noc2c1cccc2,9.609948503541013
C1CN(CCCc2c3ccccc3on2)CC1NS(=O)(=O)c1ccc2n(ccc2c1)C,9.609948503541013
c1n(c2c(cc(S(=O)(=O)NC3CN(CC3)CCCc3noc4c3cccc4)cc2)c1)C,9.609948503541013
n1n(C)c(c(c1)Br)-c1cc(NC(Nc2ccccc2F)=O)ccc1OC,9.0
c1(ccccc1NC(=O)Nc1ccc(OC)c(-c2n(ncc2Br)C)c1)F,9.0
n1(C)c(c(cn1)Br)-c1c(ccc(c1)NC(Nc1ccccc1F)=O)OC,9.0
Fc1ccccc1NC(Nc1ccc(OC)c(c1)-c1c(cnn1C)Br)=O,9.0
Fc1ccccc1NC(=O)Nc1ccc(c(-c2n(C)ncc2Br)c1)OC,9.0
c1c(ccc(C(C2CCN(CCn3c(=O)c4CCCCc4nc3)CC2)=O)c1)F,8.119987161633228
C1Cc2c(=O)n(cnc2CC1)CCN1CCC(CC1)C(=O)c1ccc(F)cc1,8.119987161633228
C(CN1CCC(CC1)C(c1ccc(cc1)F)=O)n1cnc2CCCCc2c1=O,8.119987161633228
C1Cc2ncn(c(=O)c2CC1)CCN1CCC(C(=O)c2ccc(F)cc2)CC1,8.119987161633228
C1CCCc2c1ncn(CCN1CCC(CC1)C(c1ccc(F)cc1)=O)c2=O,8.119987161633228
c1c2cc(ccc2cc(Cl)c1)S(NC1CN(C(C)C1)CCCc1noc2c1ccc(F)c2)(=O)=O,7.890084136976206
C1C(CC(N1CCCc1noc2c1ccc(F)c2)C)NS(=O)(=O)c1cc2ccc(cc2cc1)Cl,7.890084136976206
c12c(cc(cc1)Cl)ccc(c2)S(=O)(NC1CC(N(C1)CCCc1c2ccc(F)cc2on1)C)=O,7.890084136976206
C1C(CC(N1CCCc1noc2c1ccc(F)c2)C)NS(=O)(=O)c1cc2c(cc(cc2)Cl)cc1,7.890084136976206
c1c2cc(ccc2cc(S(=O)(NC2CN(C(C2)C)CCCc2noc3c2ccc(F)c3)=O)c1)Cl,7.890084136976206
C1N(CCSc2nc(c(c(N)n2)Cc2ccccc2O)N)CCN(C1)Cc1c(Cl)cccc1,7.642065152999546
c1(ccccc1O)Cc1c(nc(nc1N)SCCN1CCN(CC1)Cc1ccccc1Cl)N,7.642065152999546
c1cccc(c1Cc1c(N)nc(nc1N)SCCN1CCN(Cc2ccccc2Cl)CC1)O,7.642065152999546
Clc1ccccc1CN1CCN(CCSc2nc(c(Cc3ccccc3O)c(n2)N)N)CC1,7.642065152999546
c1(c(c(N)nc(n1)SCCN1CCN(CC1)Cc1c(cccc1)Cl)Cc1ccccc1O)N,7.642065152999546
c12c(cccc1)nc(nc2Nc1c(cccc1)F)N1CCOCC1,6.734403976912408
c12c(c(Nc3ccccc3F)nc(n2)N2CCOCC2)cccc1,6.734403976912408
c1(c(F)cccc1)Nc1nc(N2CCOCC2)nc2ccccc12,6.734403976912408
c1c(c(ccc1)F)Nc1c2ccccc2nc(n1)N1CCOCC1,6.734403976912408
C1N(c2nc(c3c(n2)cccc3)Nc2c(cccc2)F)CCOC1,6.734403976912408
C1(CCCCC1)Oc1cc2c3C(N(CC2)C)Cc2cc(c(OC)cc2-c3c1OC)OC,6.272458742971444
c1(OC)c(cc2c(c1)-c1c3C(C2)N(C)CCc3cc(OC2CCCCC2)c1OC)OC,6.272458742971444
O(C)c1c(cc2c(-c3c(OC)c(OC4CCCCC4)cc4CCN(C)C(c43)C2)c1)OC,6.272458742971444
c12c3C(N(CCc3cc(c1OC)OC1CCCCC1)C)Cc1cc(OC)c(OC)cc-21,6.272458742971444
c1c(c(cc2c1-c1c(c(OC3CCCCC3)cc3CCN(C)C(C2)c13)OC)OC)OC,6.272458742971444
C1N(c2ccccc2)CCN(CCCOn2c(O)c3C4C(CC(CC4C)(C)c3c2O)=O)C1,6.521433504406157
Oc1c2C3C(CC(c2c(n1OCCCN1CCN(c2ccccc2)CC1)O)(CC3=O)C)C,6.521433504406157
c1cc(ccc1)N1CCN(CCCOn2c(c3c(C4(CC(C)C3C(C4)=O)C)c2O)O)CC1,6.521433504406157
C1CN(CCN1c1ccccc1)CCCOn1c(O)c2c(C3(C)CC(C2C(=O)C3)C)c1O,6.521433504406157
Oc1c2c(c(O)n1OCCCN1CCN(c3ccccc3)CC1)C1C(CC2(CC1=O)C)C,6.521433504406157
C(COC)(=O)NC1CCC(CC1)CCN1CCC(c2c3c(cc(F)c(F)c3)on2)CC1,7.9779842601822795
c1(C2CCN(CC2)CCC2CCC(CC2)NC(COC)=O)noc2c1cc(c(c2)F)F,7.9779842601822795
c12c(onc2C2CCN(CCC3CCC(NC(=O)COC)CC3)CC2)cc(c(F)c1)F,7.9779842601822795
n1oc2cc(F)c(F)cc2c1C1CCN(CC1)CCC1CCC(CC1)NC(=O)COC,7.9779842601822795
C1N(CCC2CCC(CC2)NC(COC)=O)CCC(c2c3cc(F)c(cc3on2)F)C1,7.9779842601822795
C12c3c(Sc4c(C1CC(CN(C)C)O2)cccc4)ccc(F)c3,7.886056647693163
C1(CN(C)C)CC2C(O1)c1cc(ccc1Sc1ccccc21)F,7.886056647693163
c1c2Sc3c(C4OC(CC4c2ccc1)CN(C)C)cc(cc3)F,7.886056647693163
C(C1OC2c3c(ccc(F)c3)Sc3ccccc3C2C1)N(C)C,7.886056647693163
c1cc(cc2c1Sc1ccccc1C1C2OC(C1)CN(C)C)F,7.886056647693163
c1(CCCC)cc2c(c(c1)C(F)(F)F)C(=O)N1CCNCC12,6.202732459169283
C(CCc1cc(C(F)(F)F)c2C(=O)N3CCNCC3c2c1)C,6.202732459169283
C1CN2C(c3cc(CCCC)cc(c3C2=O)C(F)(F)F)CN1,6.202732459169283
c12c(C(F)(F)F)cc(cc2C2N(C1=O)CCNC2)CCCC,6.202732459169283
C12CNCCN1C(c1c(cc(CCCC)cc21)C(F)(F)F)=O,6.202732459169283
C12c3cccc(SC)c3C(N1CCNC2)=O,6.665546248849069
c1cc(SC)c2c(c1)C1CNCCN1C2=O,6.665546248849069
N1CCN2C(=O)c3c(SC)cccc3C2C1,6.665546248849069
S(C)c1c2C(=O)N3C(c2ccc1)CNCC3,6.665546248849069
S(c1cccc2c1C(N1CCNCC21)=O)C,6.665546248849069
c12n[nH]cc1C(=O)N(CCN1CCC(c3noc4ccccc34)CC1)CCC2,8.570247719997592
N1(C(=O)c2c(CCC1)n[nH]c2)CCN1CCC(CC1)c1noc2c1cccc2,8.570247719997592
C(N1CCC(c2c3c(on2)cccc3)CC1)CN1CCCc2c(c[nH]n2)C1=O,8.570247719997592
c12c(C3CCN(CC3)CCN3CCCc4c(C3=O)c[nH]n4)noc1cccc2,8.570247719997592
c12ccccc1onc2C1CCN(CCN2CCCc3n[nH]cc3C2=O)CC1,8.570247719997592
n1cc(c([nH]1)C(N1CCN(CC(=O)c2ccc(F)cc2)CC1)=O)Cl,7.732828271596986
C1CN(CCN1CC(=O)c1ccc(cc1)F)C(=O)c1[nH]ncc1Cl,7.732828271596986
c1(F)ccc(cc1)C(=O)CN1CCN(CC1)C(=O)c1c(cn[nH]1)Cl,7.732828271596986
c1(C(=O)N2CCN(CC2)CC(c2ccc(F)cc2)=O)c(Cl)cn[nH]1,7.732828271596986
c1(ccc(cc1)F)C(=O)CN1CCN(C(c2c(Cl)cn[nH]2)=O)CC1,7.732828271596986
c1(cccc2c1n(c1c2C(=O)N(C1)c1cc(c(OC)cc1)OCCN1CCC(CC1)C)C)F,6.599997654072044
C1(=O)c2c3c(n(C)c2CN1c1cc(c(OC)cc1)OCCN1CCC(CC1)C)c(ccc3)F,6.599997654072044
CC1CCN(CC1)CCOc1c(OC)ccc(c1)N1C(=O)c2c(n(c3c2cccc3F)C)C1,6.599997654072044
c1c(N2C(=O)c3c4c(n(c3C2)C)c(F)ccc4)cc(OCCN2CCC(CC2)C)c(c1)OC,6.599997654072044
c1cc(c2n(C)c3CN(C(=O)c3c2c1)c1cc(c(OC)cc1)OCCN1CCC(CC1)C)F,6.599997654072044
C1CN(CCCCOc2cc(cc3c2c(cc(o3)=O)C)C)CCN1c1cccc(c1)OC,6.735182176990463
c12oc(cc(C)c2c(cc(C)c1)OCCCCN1CCN(c2cccc(c2)OC)CC1)=O,6.735182176990463
c1(cc(ccc1)N1CCN(CCCCOc2cc(C)cc3oc(=O)cc(c32)C)CC1)OC,6.735182176990463
o1c(cc(c2c(OCCCCN3CCN(c4cccc(OC)c4)CC3)cc(C)cc12)C)=O,6.735182176990463
c1c(oc2c(c1C)c(OCCCCN1CCN(CC1)c1cc(ccc1)OC)cc(c2)C)=O,6.735182176990463
C1N(CCN(C1)c1cccc(Cl)c1Cl)CCc1cn(nn1)-c1ccn2ncc(c2c1)C=O,7.301029995663981
C1CN(CCN1c1cccc(Cl)c1Cl)CCc1nnn(c1)-c1cc2n(ncc2C=O)cc1,7.301029995663981
c1(c(cccc1N1CCN(CC1)CCc1cn(-c2cc3c(C=O)cnn3cc2)nn1)Cl)Cl,7.301029995663981
n12ccc(-n3cc(CCN4CCN(CC4)c4cccc(Cl)c4Cl)nn3)cc2c(cn1)C=O,7.301029995663981
c1(cccc(c1Cl)Cl)N1CCN(CCc2nnn(c2)-c2ccn3c(c(cn3)C=O)c2)CC1,7.301029995663981
n1(cncc1)CC(OCc1ccc(Cl)cc1)c1ccc(cc1Cl)Cl,5.938547520912807
c1c(c(C(Cn2cncc2)OCc2ccc(Cl)cc2)ccc1Cl)Cl,5.938547520912807
c1cn(CC(OCc2ccc(cc2)Cl)c2c(Cl)cc(cc2)Cl)cn1,5.938547520912807
C(Cn1cncc1)(c1c(Cl)cc(cc1)Cl)OCc1ccc(cc1)Cl,5.938547520912807
c1cc(C(Cn2cncc2)OCc2ccc(Cl)cc2)c(cc1Cl)Cl,5.938547520912807
c1cc(OC)c2c(c1)[nH]c1c2CCN2CC(C(CC12)C(C(OC)=O)=COC)CC,5.87942606879415
c12C3N(CCc2c2c(cccc2[nH]1)OC)CC(C(C3)C(C(=O)OC)=COC)CC,5.87942606879415
C(=COC)(C(=O)OC)C1CC2c3[nH]c4cccc(c4c3CCN2CC1CC)OC,5.87942606879415
COC(C(C1CC2N(CC1CC)CCc1c3c(cccc3OC)[nH]c12)=COC)=O,5.87942606879415
c1(cccc2c1c1CCN3C(c1[nH]2)CC(C(C(OC)=O)=COC)C(C3)CC)OC,5.87942606879415
C(Nc1ccc(OCCN2CCSCC2)c(-c2n(C)ncc2)c1)(=O)Nc1ccc(Cl)cc1,9.236572006437063
C(Oc1ccc(cc1-c1ccnn1C)NC(Nc1ccc(cc1)Cl)=O)CN1CCSCC1,9.236572006437063
O=C(Nc1ccc(Cl)cc1)Nc1ccc(OCCN2CCSCC2)c(-c2n(ncc2)C)c1,9.236572006437063
c1(n(ncc1)C)-c1cc(ccc1OCCN1CCSCC1)NC(Nc1ccc(cc1)Cl)=O,9.236572006437063
c1(OCCN2CCSCC2)ccc(cc1-c1ccnn1C)NC(Nc1ccc(Cl)cc1)=O,9.236572006437063
c12ccccc2c(ns1)N1CCN(CCN2C(=O)c3c(CC2)ncn3C)CC1,9.958607314841775
O=C1N(CCN2CCN(c3nsc4ccccc43)CC2)CCc2ncn(c12)C,9.958607314841775
c1nc2c(C(=O)N(CCN3CCN(CC3)c3c4c(sn3)cccc4)CC2)n1C,9.958607314841775
c12snc(N3CCN(CCN4C(=O)c5n(cnc5CC4)C)CC3)c1cccc2,9.958607314841775
C1N(CCN(CCN2CCc3c(n(cn3)C)C2=O)C1)c1c2c(cccc2)sn1,9.958607314841775
CC(C)c1ncc2c(n1)CCN(CCN1CCN(c3c4c(cccc4)sn3)CC1)C2=O,8.368556230986828
C1CN(C(=O)c2cnc(nc12)C(C)C)CCN1CCN(CC1)c1nsc2c1cccc2,8.368556230986828
C1N(CCN2C(=O)c3cnc(nc3CC2)C(C)C)CCN(C1)c1c2ccccc2sn1,8.368556230986828
c12c(C(=O)N(CC2)CCN2CCN(c3nsc4ccccc43)CC2)cnc(n1)C(C)C,8.368556230986828
n1cc2c(CCN(C2=O)CCN2CCN(CC2)c2c3c(sn2)cccc3)nc1C(C)C,8.368556230986828
c1(NC(=O)N2c3cc(Cl)c(-c4ccccc4)cc3CC2)cnccc1,5.40000018605658
c12c(N(C(=O)Nc3cccnc3)CC1)cc(c(-c1ccccc1)c2)Cl,5.40000018605658
c1cc(ccc1)-c1c(cc2N(CCc2c1)C(Nc1cccnc1)=O)Cl,5.40000018605658
c1(Cl)c(-c2ccccc2)cc2CCN(C(=O)Nc3cnccc3)c2c1,5.40000018605658
c1cc(-c2cc3CCN(C(=O)Nc4cnccc4)c3cc2Cl)ccc1,5.40000018605658
CC1C=C(C2c3cc(OC(F)(F)F)ccc3Nc3ccc(cc3N=2)Cl)CCN1C,9.853871964321762
C1(=Nc2c(Nc3ccc(cc13)OC(F)(F)F)ccc(c2)Cl)C1=CC(N(C)CC1)C,9.853871964321762
CC1N(CCC(=C1)C1c2cc(OC(F)(F)F)ccc2Nc2c(cc(cc2)Cl)N=1)C,9.853871964321762
C1C(N(C)CCC=1C1=Nc2c(Nc3ccc(OC(F)(F)F)cc13)ccc(Cl)c2)C,9.853871964321762
FC(F)(Oc1ccc2c(C(C3CCN(C)C(C)C=3)=Nc3cc(Cl)ccc3N2)c1)F,9.853871964321762
Cn1c2C(C)CN(CCN3CCN(c4nsc5ccccc45)CC3)C(=O)c2cc1,9.09151498112135
CC1CN(CCN2CCN(CC2)c2c3c(sn2)cccc3)C(=O)c2ccn(c21)C,9.09151498112135
C1N(CCN2C(c3c(n(cc3)C)C(C)C2)=O)CCN(C1)c1c2ccccc2sn1,9.09151498112135
C1CN(CCN2C(c3ccn(C)c3C(C2)C)=O)CCN1c1nsc2c1cccc2,9.09151498112135
C1C(C)c2n(ccc2C(=O)N1CCN1CCN(c2nsc3c2cccc3)CC1)C,9.09151498112135
c1(C2CCN(CCC3CCC(CC3)NC(=O)CC(OC)C)CC2)noc2cc(ccc21)Cl,7.795880017344075
C1N(CCC(c2noc3cc(Cl)ccc23)C1)CCC1CCC(CC1)NC(=O)CC(C)OC,7.795880017344075
C1C(CCN(C1)CCC1CCC(NC(CC(OC)C)=O)CC1)c1noc2c1ccc(c2)Cl,7.795880017344075
C1C(CCC(C1)NC(CC(OC)C)=O)CCN1CCC(c2c3ccc(Cl)cc3on2)CC1,7.795880017344075
C(CC1CCC(NC(CC(OC)C)=O)CC1)N1CCC(c2noc3cc(ccc23)Cl)CC1,7.795880017344075
C1(c2c3c(ccc2)cccc3C(N1CCCCCCN1CCN(c2c(OCC)cccc2)CC1)=O)=O,6.336299074610352
C(CCCCCN1CCN(CC1)c1ccccc1OCC)N1C(c2cccc3c2c(ccc3)C1=O)=O,6.336299074610352
c1ccc2c3c(C(N(C(=O)c31)CCCCCCN1CCN(CC1)c1c(cccc1)OCC)=O)ccc2,6.336299074610352
N1(CCCCCCN2C(=O)c3cccc4cccc(c43)C2=O)CCN(c2c(cccc2)OCC)CC1,6.336299074610352
O=C1c2cccc3cccc(c23)C(=O)N1CCCCCCN1CCN(c2ccccc2OCC)CC1,6.336299074610352
C1(CC2N(C)C(C1)CC2)OC(c1ccc(F)cc1)c1ccc(F)cc1,7.7599502278873524
CN1C2CCC1CC(C2)OC(c1ccc(cc1)F)c1ccc(cc1)F,7.7599502278873524
O(C1CC2N(C)C(C1)CC2)C(c1ccc(cc1)F)c1ccc(F)cc1,7.7599502278873524
C1CC2CC(CC1N2C)OC(c1ccc(F)cc1)c1ccc(cc1)F,7.7599502278873524
c1c(F)ccc(C(c2ccc(cc2)F)OC2CC3N(C(C2)CC3)C)c1,7.7599502278873524
c1c(c(ccc1)OCCN1CCC(N(C)S(=O)(=O)c2cccc(c2)F)CC1)C(C)(C)C,5.714892970433188
CC(C)(c1ccccc1OCCN1CCC(N(C)S(=O)(=O)c2cccc(c2)F)CC1)C,5.714892970433188
c1cc(OCCN2CCC(CC2)N(S(=O)(c2cc(F)ccc2)=O)C)c(cc1)C(C)(C)C,5.714892970433188
c1ccc(c(C(C)(C)C)c1)OCCN1CCC(N(C)S(=O)(c2cccc(F)c2)=O)CC1,5.714892970433188
c1c(C(C)(C)C)c(ccc1)OCCN1CCC(N(S(=O)(c2cccc(F)c2)=O)C)CC1,5.714892970433188
C(c1c(F)ccc(c1F)F)N(C1CCN(CC1)C)C(=O)OCc1ccc(cc1)OC(C)C,8.400116927926312
O(Cc1ccc(OC(C)C)cc1)C(N(C1CCN(CC1)C)Cc1c(ccc(c1F)F)F)=O,8.400116927926312
c1(ccc(cc1)OC(C)C)COC(=O)N(Cc1c(F)ccc(c1F)F)C1CCN(CC1)C,8.400116927926312
c1cc(ccc1OC(C)C)COC(=O)N(Cc1c(c(F)ccc1F)F)C1CCN(C)CC1,8.400116927926312
c1(CN(C(=O)OCc2ccc(OC(C)C)cc2)C2CCN(C)CC2)c(ccc(c1F)F)F,8.400116927926312
Cc1cc(=O)oc2cc(cc(OCCCCN3CCN(c4ccccc4F)CC3)c21)C,6.920818753952375
c1(C)cc2oc(=O)cc(c2c(c1)OCCCCN1CCN(CC1)c1ccccc1F)C,6.920818753952375
C1N(CCCCOc2cc(C)cc3c2c(C)cc(o3)=O)CCN(C1)c1c(F)cccc1,6.920818753952375
c1c2oc(=O)cc(c2c(OCCCCN2CCN(CC2)c2c(F)cccc2)cc1C)C,6.920818753952375
N1(CCN(CC1)c1ccccc1F)CCCCOc1c2c(C)cc(=O)oc2cc(c1)C,6.920818753952375
O=C(c1nn(cc1Br)C)N1CCN(CC1)CC(c1ccc(cc1)F)O,6.434152181326482
C(N1CCN(CC(c2ccc(F)cc2)O)CC1)(c1c(Br)cn(n1)C)=O,6.434152181326482
C(C(c1ccc(F)cc1)O)N1CCN(C(=O)c2c(cn(C)n2)Br)CC1,6.434152181326482
c1cc(C(O)CN2CCN(CC2)C(=O)c2nn(C)cc2Br)ccc1F,6.434152181326482
Brc1c(nn(C)c1)C(=O)N1CCN(CC1)CC(c1ccc(cc1)F)O,6.434152181326482
c1cc(ccc1)CCCc1ccc(CCN)cc1,7.221848749616356
c1(ccccc1)CCCc1ccc(cc1)CCN,7.221848749616356
c1c(ccc(c1)CCN)CCCc1ccccc1,7.221848749616356
c1(ccc(CCN)cc1)CCCc1ccccc1,7.221848749616356
c1c(CCCc2ccccc2)ccc(CCN)c1,7.221848749616356
c1cc(ccc1)CC1C(=O)N2C(C3(OC(C(N13)=O)(NC(=O)C1CN(C)C3Cc4c[nH]c5cccc(c54)C3C1)C)O)CCC2,7.676747899828313
C1C2c3c4c(ccc3)[nH]cc4CC2N(C)CC1C(NC1(OC2(C3N(CCC3)C(=O)C(N2C1=O)Cc1ccccc1)O)C)=O,7.676747899828313
C1(NC(C2CN(C)C3Cc4c[nH]c5c4c(C3C2)ccc5)=O)(C)C(=O)N2C(C(N3C(CCC3)C2(O)O1)=O)Cc1ccccc1,7.676747899828313
C1CCC2C3(N(C(=O)C(NC(=O)C4CC5c6c7c(c[nH]c7ccc6)CC5N(C4)C)(C)O3)C(C(=O)N21)Cc1ccccc1)O,7.676747899828313
C12CC(CN(C2Cc2c3c([nH]c2)cccc13)C)C(NC1(C)OC2(N(C(Cc3ccccc3)C(=O)N3C2CCC3)C1=O)O)=O,7.676747899828313
Cc1ccc(OC2CCN(CC2)CCN2CCCc3c(C2=O)cccc3)cc1,7.26003230324049
c1cc(OC2CCN(CCN3CCCc4c(cccc4)C3=O)CC2)ccc1C,7.26003230324049
c1(ccc(cc1)OC1CCN(CC1)CCN1C(c2ccccc2CCC1)=O)C,7.26003230324049
c1c2CCCN(CCN3CCC(CC3)Oc3ccc(cc3)C)C(=O)c2ccc1,7.26003230324049
C(CN1C(c2c(cccc2)CCC1)=O)N1CCC(CC1)Oc1ccc(C)cc1,7.26003230324049
C1N(CCC(C1)c1c2ccccc2on1)CCN1CC(C)c2c(nccc2)C1=O,7.920818753952375
c1(c2ccccc2on1)C1CCN(CC1)CCN1CC(C)c2c(C1=O)nccc2,7.920818753952375
C1(CCN(CCN2C(c3c(cccn3)C(C2)C)=O)CC1)c1c2ccccc2on1,7.920818753952375
C1N(CCN2C(=O)c3ncccc3C(C)C2)CCC(C1)c1noc2c1cccc2,7.920818753952375
C1N(CCN2CC(C)c3c(C2=O)nccc3)CCC(C1)c1noc2ccccc21,7.920818753952375
CN1CCN(CC1)C1=Nc2c(Oc3c1cc(cc3)Cl)cccc2,8.616184634019568
N1c2c(cccc2)Oc2c(C=1N1CCN(CC1)C)cc(Cl)cc2,8.616184634019568
c1c(Cl)ccc2c1C(=Nc1c(cccc1)O2)N1CCN(C)CC1,8.616184634019568
c12ccccc1Oc1ccc(Cl)cc1C(N1CCN(CC1)C)=N2,8.616184634019568
c1c2C(=Nc3c(Oc2ccc1Cl)cccc3)N1CCN(CC1)C,8.616184634019568
c1c(C(CCCN(C)C)c2ccccc2)cccc1,5.938924676370208
C(CCC(c1ccccc1)c1ccccc1)N(C)C,5.938924676370208
c1ccccc1C(CCCN(C)C)c1ccccc1,5.938924676370208
c1cc(C(c2ccccc2)CCCN(C)C)ccc1,5.938924676370208
C(CCN(C)C)C(c1ccccc1)c1ccccc1,5.938924676370208
c12cccc3[nH]cc(c23)CC2N(C)CC(C=C12)C(N(C)CC#C)=O,9.267606240177031
C1C2C(c3c4c1c[nH]c4ccc3)=CC(C(=O)N(C)CC#C)CN2C,9.267606240177031
C(C#C)N(C(C1CN(C)C2C(c3c4c([nH]cc4C2)ccc3)=C1)=O)C,9.267606240177031
c12[nH]cc3CC4N(CC(C(=O)N(C)CC#C)C=C4c(ccc1)c32)C,9.267606240177031
CN(C(=O)C1CN(C2C(=C1)c1cccc3[nH]cc(c13)C2)C)CC#C,9.267606240177031
C1CC(c2c3c(cc(c(C)c3)F)on2)CCN1CCN1CCc2cccnc2C1=O,7.167491087293763
n1c2C(N(CCc2ccc1)CCN1CCC(CC1)c1c2c(cc(F)c(c2)C)on1)=O,7.167491087293763
C1N(CCC(c2noc3c2cc(C)c(F)c3)C1)CCN1C(c2c(CC1)cccn2)=O,7.167491087293763
c1c(c(C)cc2c(noc21)C1CCN(CCN2C(=O)c3ncccc3CC2)CC1)F,7.167491087293763
c1(noc2cc(c(cc12)C)F)C1CCN(CCN2C(c3c(CC2)cccn3)=O)CC1,7.167491087293763
s1c2c(c(N3CCN(CCC4CCC(NC(c5ccc(C#N)o5)=O)CC4)CC3)n1)cccc2,8.987162775294827
C(#N)c1ccc(o1)C(=O)NC1CCC(CC1)CCN1CCN(c2nsc3c2cccc3)CC1,8.987162775294827
n1sc2ccccc2c1N1CCN(CC1)CCC1CCC(CC1)NC(=O)c1ccc(o1)C#N,8.987162775294827
C1(CCC(NC(=O)c2oc(C#N)cc2)CC1)CCN1CCN(CC1)c1nsc2c1cccc2,8.987162775294827
C1C(CCC(NC(c2oc(cc2)C#N)=O)C1)CCN1CCN(CC1)c1nsc2c1cccc2,8.987162775294827
C1CC(CCN1CCN1C(=O)c2[nH]ncc2CC1)c1c2c(on1)cccc2,8.752026733638193
n1oc2c(c1C1CCN(CC1)CCN1C(c3[nH]ncc3CC1)=O)cccc2,8.752026733638193
N1(CCC(c2c3c(cccc3)on2)CC1)CCN1C(c2c(CC1)cn[nH]2)=O,8.752026733638193
C1Cc2c([nH]nc2)C(=O)N1CCN1CCC(c2c3c(on2)cccc3)CC1,8.752026733638193
[nH]1ncc2CCN(CCN3CCC(c4c5ccccc5on4)CC3)C(c12)=O,8.752026733638193
c1c(n(C)c2c1C(=O)N(CCC2)CCN1CCC(CC1)c1c2ccccc2on1)C,8.636388020107855
o1c2ccccc2c(C2CCN(CC2)CCN2C(=O)c3cc(C)n(C)c3CCC2)n1,8.636388020107855
C(CN1C(=O)c2c(CCC1)n(C)c(c2)C)N1CCC(c2c3c(cccc3)on2)CC1,8.636388020107855
n1c(c2ccccc2o1)C1CCN(CCN2CCCc3n(c(cc3C2=O)C)C)CC1,8.636388020107855
c12onc(c2cccc1)C1CCN(CC1)CCN1C(c2cc(C)n(c2CCC1)C)=O,8.636388020107855
c1c(-c2[nH]c3ccccc3c2C2CC3CCC(N3)C2)cccc1,8.744727494896694
c1c2c(c(c(-c3ccccc3)[nH]2)C2CC3NC(C2)CC3)ccc1,8.744727494896694
c1ccc(-c2c(c3ccccc3[nH]2)C2CC3CCC(C2)N3)cc1,8.744727494896694
c1cccc(c1)-c1[nH]c2ccccc2c1C1CC2NC(CC2)C1,8.744727494896694
c12c(c([nH]c2cccc1)-c1ccccc1)C1CC2CCC(N2)C1,8.744727494896694
n1cc(C#N)c2n1ccc(NC(=O)CCCN1CCN(CC1)c1c(OC)cccc1)c2,6.42021640338319
n1n2c(c(c1)C#N)cc(NC(=O)CCCN1CCN(CC1)c1c(cccc1)OC)cc2,6.42021640338319
c1n2c(c(C#N)cn2)cc(c1)NC(CCCN1CCN(c2ccccc2OC)CC1)=O,6.42021640338319
O=C(Nc1cc2n(ncc2C#N)cc1)CCCN1CCN(CC1)c1ccccc1OC,6.42021640338319
n1n2ccc(NC(=O)CCCN3CCN(c4ccccc4OC)CC3)cc2c(C#N)c1,6.42021640338319
C(CN1CCC(CC1)c1coc2ccccc21)C1CCC(NC(=O)CCC)CC1,8.257274868695301
C1(CCN(CC1)CCC1CCC(CC1)NC(CCC)=O)c1c2c(oc1)cccc2,8.257274868695301
C1(CCN2CCC(c3c4ccccc4oc3)CC2)CCC(NC(=O)CCC)CC1,8.257274868695301
c1(C2CCN(CCC3CCC(NC(=O)CCC)CC3)CC2)coc2ccccc21,8.257274868695301
c1cccc2c1occ2C1CCN(CCC2CCC(CC2)NC(CCC)=O)CC1,8.257274868695301
C(C)c1cc(Cl)c(c(c1)N1CCN(CC1)CCCCNC(=O)c1cc2ccccc2o1)OC,7.6020599913279625
c1(CC)cc(N2CCN(CCCCNC(=O)c3cc4c(cccc4)o3)CC2)c(c(c1)Cl)OC,7.6020599913279625
c1c2oc(C(=O)NCCCCN3CCN(c4cc(CC)cc(Cl)c4OC)CC3)cc2ccc1,7.6020599913279625
c1c2oc(cc2ccc1)C(NCCCCN1CCN(c2cc(cc(c2OC)Cl)CC)CC1)=O,7.6020599913279625
c12c(cccc2)oc(c1)C(=O)NCCCCN1CCN(c2cc(CC)cc(c2OC)Cl)CC1,7.6020599913279625
n1(c(cc(n1)CNC)OCc1ccccc1F)Cc1ccc(F)cc1,8.920818753952375
c1cc(ccc1F)Cn1nc(cc1OCc1c(cccc1)F)CNC,8.920818753952375
c1(ccccc1F)COc1n(nc(c1)CNC)Cc1ccc(cc1)F,8.920818753952375
c1c(c(COc2n(nc(CNC)c2)Cc2ccc(cc2)F)ccc1)F,8.920818753952375
Fc1c(COc2cc(CNC)nn2Cc2ccc(cc2)F)cccc1,8.920818753952375
NC(Cn1ncc2c1c1ccoc1cc2)C,9.10790539730952
C(n1c2c3c(occ3)ccc2cn1)C(C)N,9.10790539730952
n1(ncc2c1c1c(cc2)occ1)CC(N)C,9.10790539730952
n1(CC(C)N)ncc2c1c1ccoc1cc2,9.10790539730952
c1cc2c(o1)ccc1c2n(nc1)CC(C)N,9.10790539730952
FC(c1ccc(C(F)(F)F)c(OC(CC)c2nc(N)nc(N3CCN(C)CC3)n2)c1)(F)F,5.813043664534588
CN1CCN(CC1)c1nc(C(Oc2c(ccc(c2)C(F)(F)F)C(F)(F)F)CC)nc(n1)N,5.813043664534588
FC(F)(c1c(OC(c2nc(nc(N)n2)N2CCN(C)CC2)CC)cc(cc1)C(F)(F)F)F,5.813043664534588
n1c(nc(N)nc1C(Oc1cc(ccc1C(F)(F)F)C(F)(F)F)CC)N1CCN(C)CC1,5.813043664534588
N1(CCN(c2nc(C(Oc3c(ccc(C(F)(F)F)c3)C(F)(F)F)CC)nc(n2)N)CC1)C,5.813043664534588
C1C(CCN2CCC(CC2)c2cccc3OCCc23)CCC(NC(C2C(F)(F)C2)=O)C1,7.284832642151542
c1ccc2OCCc2c1C1CCN(CCC2CCC(CC2)NC(=O)C2C(C2)(F)F)CC1,7.284832642151542
c1(C2CCN(CCC3CCC(CC3)NC(C3CC3(F)F)=O)CC2)c2c(ccc1)OCC2,7.284832642151542
C1(CC1(F)F)C(=O)NC1CCC(CC1)CCN1CCC(CC1)c1c2c(ccc1)OCC2,7.284832642151542
C1(CCC(NC(=O)C2CC2(F)F)CC1)CCN1CCC(c2cccc3c2CCO3)CC1,7.284832642151542
c1ccccc1N1CCN(CCCCNC(=O)c2cc3c(cccc3)o2)CC1,6.406713932979542
O=C(NCCCCN1CCN(c2ccccc2)CC1)c1oc2c(c1)cccc2,6.406713932979542
N1(CCN(CC1)c1ccccc1)CCCCNC(=O)c1cc2c(o1)cccc2,6.406713932979542
O=C(NCCCCN1CCN(CC1)c1ccccc1)c1oc2c(cccc2)c1,6.406713932979542
c1(N2CCN(CCCCNC(=O)c3oc4ccccc4c3)CC2)ccccc1,6.406713932979542
c12cc(F)ccc1c(no2)C1CCN(CC2Cc3c(C(=O)C2)cco3)CC1,8.077923614735393
C1(CC(CN2CCC(c3noc4c3ccc(F)c4)CC2)Cc2occc21)=O,8.077923614735393
O=C1c2c(CC(C1)CN1CCC(CC1)c1noc3cc(F)ccc31)occ2,8.077923614735393
c1(F)ccc2c(noc2c1)C1CCN(CC2CC(=O)c3ccoc3C2)CC1,8.077923614735393
o1c2cc(F)ccc2c(C2CCN(CC3Cc4occc4C(=O)C3)CC2)n1,8.077923614735393
C1N(C(=O)c2cnc(cc2C21CC2)C)CCN1CCN(c2noc3ccccc32)CC1,8.657577319177793
C12(CC1)CN(C(=O)c1c2cc(nc1)C)CCN1CCN(c2c3c(cccc3)on2)CC1,8.657577319177793
c1c2c(cc(C)n1)C1(CC1)CN(C2=O)CCN1CCN(CC1)c1c2ccccc2on1,8.657577319177793
C1C2(CN(CCN3CCN(c4noc5c4cccc5)CC3)C(=O)c3c2cc(C)nc3)C1,8.657577319177793
c12onc(c1cccc2)N1CCN(CCN2CC3(CC3)c3cc(C)ncc3C2=O)CC1,8.657577319177793
N#Cc1cc(NC(=O)Nc2cc(c(OC)cc2)-c2n(ncc2Br)C)ccc1,9.299988937677888
n1(C)c(-c2cc(ccc2OC)NC(=O)Nc2cc(C#N)ccc2)c(cn1)Br,9.299988937677888
c1(NC(Nc2cccc(c2)C#N)=O)cc(c(cc1)OC)-c1c(cnn1C)Br,9.299988937677888
c1c(c(n(C)n1)-c1c(ccc(NC(Nc2cccc(c2)C#N)=O)c1)OC)Br,9.299988937677888
O(c1ccc(cc1-c1n(ncc1Br)C)NC(=O)Nc1cc(ccc1)C#N)C,9.299988937677888
C(CN1CCc2c1c1CCOc1cc2)(N)C,6.950781977329818
C(CN1CCc2ccc3c(CCO3)c21)(C)N,6.950781977329818
c12N(CC(N)C)CCc1ccc1OCCc21,6.950781977329818
N1(CCc2c1c1CCOc1cc2)CC(C)N,6.950781977329818
C1Cc2c3N(CCc3ccc2O1)CC(N)C,6.950781977329818
O=C(Nc1cc(-c2c(Br)cnn2C)c(OC)cc1)Nc1ccc(cc1)Br,9.599980364934842
c1c(Br)c(n(n1)C)-c1c(ccc(NC(=O)Nc2ccc(Br)cc2)c1)OC,9.599980364934842
n1cc(Br)c(-c2c(ccc(NC(Nc3ccc(Br)cc3)=O)c2)OC)n1C,9.599980364934842
c1c(OC)c(cc(NC(=O)Nc2ccc(Br)cc2)c1)-c1n(ncc1Br)C,9.599980364934842
c1c(ccc(c1)NC(Nc1ccc(c(-c2c(cnn2C)Br)c1)OC)=O)Br,9.599980364934842
c12c(onc1C1CCN(CC3Cc4c(C(C3)=O)cn[nH]4)CC1)cc(cc2)F,8.669992299127241
c12C(CC(Cc1[nH]nc2)CN1CCC(CC1)c1noc2cc(F)ccc21)=O,8.669992299127241
c1c2onc(c2ccc1F)C1CCN(CC1)CC1CC(c2c(C1)[nH]nc2)=O,8.669992299127241
c1c2c(c(C3CCN(CC4Cc5c(C(C4)=O)cn[nH]5)CC3)no2)ccc1F,8.669992299127241
[nH]1c2CC(CC(c2cn1)=O)CN1CCC(CC1)c1noc2c1ccc(c2)F,8.669992299127241
c1c(ccc(Cl)c1Cl)SC(c1nc(nc(N2CCN(CC2)C)n1)N)CC,6.262012673666569
C1N(CCN(C1)C)c1nc(C(CC)Sc2ccc(c(c2)Cl)Cl)nc(n1)N,6.262012673666569
C1N(CCN(C1)c1nc(nc(n1)C(Sc1cc(c(cc1)Cl)Cl)CC)N)C,6.262012673666569
C(C)C(Sc1ccc(c(Cl)c1)Cl)c1nc(nc(n1)N1CCN(C)CC1)N,6.262012673666569
c1(c(cc(SC(CC)c2nc(nc(n2)N)N2CCN(C)CC2)cc1)Cl)Cl,6.262012673666569
c1ccc(N2CCNCC2)c(c1CC)Cl,8.154901959985743
c1ccc(c(Cl)c1N1CCNCC1)CC,8.154901959985743
N1(c2cccc(CC)c2Cl)CCNCC1,8.154901959985743
c1cc(CC)c(c(c1)N1CCNCC1)Cl,8.154901959985743
c1ccc(N2CCNCC2)c(Cl)c1CC,8.154901959985743
c1(C2CCN(CCCOc3ccc(cc3)CCN3CCC(C)CC3)CC2)c2c(on1)cc(F)cc2,7.367542707815276
C1(CCN(CCCOc2ccc(CCN3CCC(C)CC3)cc2)CC1)c1c2ccc(cc2on1)F,7.367542707815276
C1(c2c3ccc(F)cc3on2)CCN(CCCOc2ccc(CCN3CCC(C)CC3)cc2)CC1,7.367542707815276
c1cc2c(C3CCN(CC3)CCCOc3ccc(cc3)CCN3CCC(CC3)C)noc2cc1F,7.367542707815276
C1CC(C)CCN1CCc1ccc(cc1)OCCCN1CCC(c2noc3cc(F)ccc23)CC1,7.367542707815276
C1(CC(=O)NC2CCC(CCN3CCN(CC3)c3c4ccoc4c(C)cn3)CC2)CCOCC1,7.931814138253839
N(C(CC1CCOCC1)=O)C1CCC(CCN2CCN(c3c4ccoc4c(C)cn3)CC2)CC1,7.931814138253839
C1C(CCOC1)CC(NC1CCC(CCN2CCN(CC2)c2ncc(c3occc23)C)CC1)=O,7.931814138253839
C1(CCC(NC(CC2CCOCC2)=O)CC1)CCN1CCN(CC1)c1ncc(c2occc21)C,7.931814138253839
C(N1CCN(c2c3ccoc3c(C)cn2)CC1)CC1CCC(NC(CC2CCOCC2)=O)CC1,7.931814138253839
C(N(CCC)CCc1ccc(Cl)c(-c2ccccc2OC)c1)CC,5.920818753952375
c1c(c(-c2cc(ccc2Cl)CCN(CCC)CCC)ccc1)OC,5.920818753952375
C(N(CCc1cc(c(cc1)Cl)-c1ccccc1OC)CCC)CC,5.920818753952375
c1(c(-c2c(cccc2)OC)cc(CCN(CCC)CCC)cc1)Cl,5.920818753952375
C(N(CCC)CCc1cc(-c2c(OC)cccc2)c(cc1)Cl)CC,5.920818753952375
O=C(NC1CCC(CC1)CCN1CCN(c2cccc3c2OCO3)CC1)CC1COCCO1,8.10902040301031
c1(N2CCN(CC2)CCC2CCC(CC2)NC(CC2OCCOC2)=O)c2c(OCO2)ccc1,8.10902040301031
N1(CCN(CCC2CCC(CC2)NC(=O)CC2OCCOC2)CC1)c1cccc2c1OCO2,8.10902040301031
C1N(CCC2CCC(NC(CC3OCCOC3)=O)CC2)CCN(c2c3c(ccc2)OCO3)C1,8.10902040301031
N(C1CCC(CCN2CCN(CC2)c2cccc3c2OCO3)CC1)C(=O)CC1COCCO1,8.10902040301031
O(c1c(ccc(F)c1)OC)C(CC)c1nc(N)nc(N2CCN(CC2)C)n1,6.086716098239582
C1N(CCN(C)C1)c1nc(nc(N)n1)C(CC)Oc1c(ccc(F)c1)OC,6.086716098239582
c1cc(cc(c1OC)OC(c1nc(nc(n1)N)N1CCN(C)CC1)CC)F,6.086716098239582
c1(OC(CC)c2nc(nc(N)n2)N2CCN(C)CC2)cc(ccc1OC)F,6.086716098239582
C1CN(c2nc(C(CC)Oc3cc(F)ccc3OC)nc(n2)N)CCN1C,6.086716098239582
C(N1CC2c3c4c(ccc3)N(CCCC)CCN4C2CC1)CCC(c1ccc(F)cc1)=O,7.853871964321762
C1N(CCCC)c2cccc3c2N(C1)C1C3CN(CCCC(c2ccc(F)cc2)=O)CC1,7.853871964321762
c1(ccc(cc1)C(CCCN1CC2C(CC1)N1CCN(CCCC)c3cccc2c31)=O)F,7.853871964321762
C(C)CCN1c2c3c(ccc2)C2C(N3CC1)CCN(CCCC(c1ccc(F)cc1)=O)C2,7.853871964321762
N12c3c(N(CCCC)CC1)cccc3C1CN(CCC12)CCCC(=O)c1ccc(cc1)F,7.853871964321762
C(OC1CC2N(C)C(C1)CC2)(c1ccccc1)c1ccccc1,8.156891858000392
c1ccccc1C(OC1CC2N(C(CC2)C1)C)c1ccccc1,8.156891858000392
c1cccc(c1)C(c1ccccc1)OC1CC2CCC(C1)N2C,8.156891858000392
c1cccc(c1)C(OC1CC2N(C)C(C1)CC2)c1ccccc1,8.156891858000392
C12CCC(N2C)CC(C1)OC(c1ccccc1)c1ccccc1,8.156891858000392
C1NCCC(N(C(Oc2ccc(OCC(C)C)cc2)=O)Cc2ccc(cc2)F)C1F,7.400116927926312
C1(N(C(=O)Oc2ccc(OCC(C)C)cc2)Cc2ccc(F)cc2)CCNCC1F,7.400116927926312
c1(OCC(C)C)ccc(cc1)OC(=O)N(Cc1ccc(F)cc1)C1C(F)CNCC1,7.400116927926312
O(C(N(C1C(F)CNCC1)Cc1ccc(F)cc1)=O)c1ccc(OCC(C)C)cc1,7.400116927926312
FC1CNCCC1N(C(=O)Oc1ccc(cc1)OCC(C)C)Cc1ccc(F)cc1,7.400116927926312
c1ccc2c(c1)Cc1ccccc1C1(CC(CC1)N1CCC(C(=O)O)CC1)C2,7.100015437450609
C1C(C(O)=O)CCN(C1)C1CCC2(c3ccccc3Cc3c(C2)cccc3)C1,7.100015437450609
C1c2ccccc2Cc2c(cccc2)C21CC(N1CCC(C(O)=O)CC1)CC2,7.100015437450609
C1CN(CCC1C(=O)O)C1CC2(CC1)Cc1ccccc1Cc1c2cccc1,7.100015437450609
C12(CC(N3CCC(CC3)C(O)=O)CC2)c2c(cccc2)Cc2c(cccc2)C1,7.100015437450609
O=C(C)N1CCN(CCOc2c(cc(NC(Nc3ccc(cc3)Cl)=O)cc2)-c2n(C)ncc2)CC1,9.017728766960431
c1c(OCCN2CCN(C(C)=O)CC2)c(-c2ccnn2C)cc(c1)NC(Nc1ccc(cc1)Cl)=O,9.017728766960431
c1c(ccc(OCCN2CCN(CC2)C(C)=O)c1-c1n(ncc1)C)NC(Nc1ccc(cc1)Cl)=O,9.017728766960431
Cn1c(-c2cc(ccc2OCCN2CCN(C(C)=O)CC2)NC(Nc2ccc(cc2)Cl)=O)ccn1,9.017728766960431
c1cc(Cl)ccc1NC(=O)Nc1ccc(c(c1)-c1ccnn1C)OCCN1CCN(C(C)=O)CC1,9.017728766960431
c12ccccc2Cc2c(CC31CCC(N1CC(C1)CC(=O)O)C3)cccc2,7.299988937677887
O=C(CC1CN(C2CCC3(c4ccccc4Cc4ccccc4C3)C2)C1)O,7.299988937677887
c1c2CC3(c4ccccc4Cc2ccc1)CC(N1CC(CC(=O)O)C1)CC3,7.299988937677887
c1c2Cc3ccccc3CC3(c2ccc1)CCC(C3)N1CC(C1)CC(O)=O,7.299988937677887
OC(=O)CC1CN(C2CCC3(C2)Cc2ccccc2Cc2c3cccc2)C1,7.299988937677887
c1ccc2c(c1)onc2N1CCN(CCN2CCc3c(C2=O)cnn3C)CC1,7.920818753952375
C1N(CCN2CCc3n(ncc3C2=O)C)CCN(C1)c1c2ccccc2on1,7.920818753952375
C1CN(CCN2C(c3cnn(c3CC2)C)=O)CCN1c1c2ccccc2on1,7.920818753952375
N1(CCN2C(c3c(CC2)n(C)nc3)=O)CCN(CC1)c1noc2c1cccc2,7.920818753952375
c1c2c(ccc1)c(N1CCN(CC1)CCN1C(c3c(CC1)n(nc3)C)=O)no2,7.920818753952375
C(C1c2ccccc2Cc2c1ccc(c2)OC)N,8.1249387366083
c12ccccc2Cc2c(C1CN)ccc(OC)c2,8.1249387366083
c1c(OC)cc2Cc3ccccc3C(c2c1)CN,8.1249387366083
c1cccc2c1C(c1c(C2)cc(OC)cc1)CN,8.1249387366083
c1cc2c(cc1)Cc1cc(OC)ccc1C2CN,8.1249387366083
C1C(NC(=O)c2cc3c(cccc3)o2)CCC(C1)CCN1CCN(c2c3c(cccc3)sn2)CC1,9.065501548756432
s1nc(N2CCN(CC2)CCC2CCC(NC(=O)c3cc4ccccc4o3)CC2)c2ccccc12,9.065501548756432
c1(N2CCN(CCC3CCC(CC3)NC(c3oc4c(c3)cccc4)=O)CC2)c2ccccc2sn1,9.065501548756432
O=C(c1cc2c(cccc2)o1)NC1CCC(CCN2CCN(c3c4c(sn3)cccc4)CC2)CC1,9.065501548756432
c1c2snc(N3CCN(CCC4CCC(CC4)NC(c4cc5ccccc5o4)=O)CC3)c2ccc1,9.065501548756432
C(Nc1cncc(c1)-c1ccccc1)(=O)N1CCc2cc(c(cc21)C(F)(F)F)OC,5.800000874803203
C1Cc2c(N1C(Nc1cncc(c1)-c1ccccc1)=O)cc(c(OC)c2)C(F)(F)F,5.800000874803203
C1Cc2c(cc(C(F)(F)F)c(OC)c2)N1C(=O)Nc1cc(-c2ccccc2)cnc1,5.800000874803203
FC(c1c(cc2CCN(c2c1)C(=O)Nc1cncc(-c2ccccc2)c1)OC)(F)F,5.800000874803203
C(Nc1cncc(-c2ccccc2)c1)(=O)N1CCc2c1cc(c(OC)c2)C(F)(F)F,5.800000874803203
O1CCOCC1CC(=O)NC1CCC(CCN2CCC(CC2)c2c3OCOc3ccc2)CC1,7.770318157682325
C1(NC(CC2OCCOC2)=O)CCC(CC1)CCN1CCC(c2c3c(OCO3)ccc2)CC1,7.770318157682325
c1cc(c2OCOc2c1)C1CCN(CCC2CCC(CC2)NC(CC2OCCOC2)=O)CC1,7.770318157682325
O1c2c(C3CCN(CCC4CCC(CC4)NC(=O)CC4COCCO4)CC3)cccc2OC1,7.770318157682325
C1OCCOC1CC(NC1CCC(CC1)CCN1CCC(CC1)c1c2OCOc2ccc1)=O,7.770318157682325
Brc1ccc(C2c3ccccc3CC(N(C)C)C2)cc1,7.221848749616356
N(C)(C1Cc2ccccc2C(C1)c1ccc(Br)cc1)C,7.221848749616356
C1(c2ccc(Br)cc2)CC(Cc2c1cccc2)N(C)C,7.221848749616356
C1C(CC(c2ccccc12)c1ccc(Br)cc1)N(C)C,7.221848749616356
C1c2c(cccc2)C(c2ccc(Br)cc2)CC1N(C)C,7.221848749616356
c1(n(CC2CCCC2)nc(CNC)c1)OCc1c(cccc1)Cl,7.958607314841775
C1CC(Cn2nc(CNC)cc2OCc2c(cccc2)Cl)CC1,7.958607314841775
c1cccc(Cl)c1COc1cc(CNC)nn1CC1CCCC1,7.958607314841775
C1CCCC1Cn1nc(cc1OCc1c(Cl)cccc1)CNC,7.958607314841775
c1cccc(c1Cl)COc1n(CC2CCCC2)nc(CNC)c1,7.958607314841775
o1ccc2c(nccc21)Oc1cc(C(F)(F)F)c(-c2c(ncc3n2ccn3)C)cc1,5.060480747381382
c1(Oc2ccc(-c3n4c(cnc3C)ncc4)c(c2)C(F)(F)F)nccc2c1cco2,5.060480747381382
FC(F)(c1cc(ccc1-c1n2c(ncc2)cnc1C)Oc1c2ccoc2ccn1)F,5.060480747381382
n1ccn2c1cnc(C)c2-c1ccc(Oc2nccc3c2cco3)cc1C(F)(F)F,5.060480747381382
c1(Oc2nccc3c2cco3)ccc(c(C(F)(F)F)c1)-c1c(C)ncc2nccn12,5.060480747381382
c1(ccc(cc1)S(=O)(=O)N(C1CCN(CCOc2ccccc2C(C)C)CC1)CC1CC1)F,6.384049948343599
C1C(N(CC2CC2)S(c2ccc(cc2)F)(=O)=O)CCN(CCOc2c(C(C)C)cccc2)C1,6.384049948343599
C1CC(N(CC2CC2)S(=O)(c2ccc(F)cc2)=O)CCN1CCOc1ccccc1C(C)C,6.384049948343599
c1cc(S(=O)(=O)N(CC2CC2)C2CCN(CC2)CCOc2c(cccc2)C(C)C)ccc1F,6.384049948343599
C1CC1CN(C1CCN(CC1)CCOc1c(cccc1)C(C)C)S(=O)(=O)c1ccc(cc1)F,6.384049948343599
c12ccn(c1ccc(Br)c2)CC(C)N,6.7992999448177605
Brc1ccc2n(CC(N)C)ccc2c1,6.7992999448177605
c12c(ccn1CC(N)C)cc(cc2)Br,6.7992999448177605
C(N)(C)Cn1ccc2c1ccc(c2)Br,6.7992999448177605
C(Cn1c2c(cc1)cc(cc2)Br)(N)C,6.7992999448177605
N(c1ccc(nc1)Oc1c(Cl)ccnc1)C(=O)N1c2cc(Cl)c(cc2CC1)C,7.79997073344623
c1c(c(Oc2ccc(NC(N3CCc4c3cc(Cl)c(c4)C)=O)cn2)cnc1)Cl,7.79997073344623
N(C(N1c2cc(c(C)cc2CC1)Cl)=O)c1cnc(cc1)Oc1cnccc1Cl,7.79997073344623
c1cc(c(Oc2ncc(NC(N3CCc4c3cc(Cl)c(C)c4)=O)cc2)cn1)Cl,7.79997073344623
c1c(ncc(NC(=O)N2c3c(CC2)cc(C)c(Cl)c3)c1)Oc1c(Cl)ccnc1,7.79997073344623
c1(c(cc2c(c(ccc2)N2CCN(CC2)CCCCOc2ccc3CNC(=O)c3c2)c1)F)F,8.101823516502323
c1cc(N2CCN(CCCCOc3cc4c(cc3)CNC4=O)CC2)c2c(c1)cc(F)c(F)c2,8.101823516502323
N1(CCN(CC1)c1cccc2c1cc(c(c2)F)F)CCCCOc1cc2c(cc1)CNC2=O,8.101823516502323
C1CN(CCN1c1c2c(cc(c(F)c2)F)ccc1)CCCCOc1cc2c(cc1)CNC2=O,8.101823516502323
c1cc2c(cc(F)c(F)c2)c(c1)N1CCN(CCCCOc2ccc3CNC(=O)c3c2)CC1,8.101823516502323
n1c(C2CCN(CCCN(CC)S(=O)(CCO)=O)CC2)c2ccc(F)cc2o1,8.958607314841775
O=S(N(CCCN1CCC(c2c3c(cc(cc3)F)on2)CC1)CC)(=O)CCO,8.958607314841775
Fc1ccc2c(onc2C2CCN(CCCN(CC)S(=O)(CCO)=O)CC2)c1,8.958607314841775
c12c(ccc(c1)F)c(no2)C1CCN(CC1)CCCN(S(=O)(=O)CCO)CC,8.958607314841775
c1c(cc2c(c1)c(no2)C1CCN(CC1)CCCN(CC)S(CCO)(=O)=O)F,8.958607314841775
C(CCN1CCN(CC1)c1c(OC)cccc1)CNC(c1nnn(c1C)Cc1ccccc1)=O,6.2076083105017466
c1(n(Cc2ccccc2)nnc1C(NCCCCN1CCN(CC1)c1c(OC)cccc1)=O)C,6.2076083105017466
C1N(CCCCNC(c2nnn(Cc3ccccc3)c2C)=O)CCN(c2ccccc2OC)C1,6.2076083105017466
N1(CCCCNC(=O)c2c(n(Cc3ccccc3)nn2)C)CCN(c2c(OC)cccc2)CC1,6.2076083105017466
C(CCCNC(=O)c1nnn(c1C)Cc1ccccc1)N1CCN(c2ccccc2OC)CC1,6.2076083105017466
C1CC(CCC1NS(=O)(=O)N(C)C)CCN1CCN(CC1)c1nccc2OCCc21,7.939302159646388
N(S(=O)(=O)NC1CCC(CC1)CCN1CCN(c2nccc3c2CCO3)CC1)(C)C,7.939302159646388
N1(CCN(CC1)c1nccc2OCCc21)CCC1CCC(CC1)NS(=O)(N(C)C)=O,7.939302159646388
O=S(=O)(NC1CCC(CC1)CCN1CCN(CC1)c1c2c(ccn1)OCC2)N(C)C,7.939302159646388
C(N1CCN(c2c3CCOc3ccn2)CC1)CC1CCC(CC1)NS(N(C)C)(=O)=O,7.939302159646388
n12c3c(cc2CNCC1)ccc(Cl)c3,7.161150909262744
c1c2cc3CNCCn3c2cc(c1)Cl,7.161150909262744
c1c(ccc2cc3n(CCNC3)c21)Cl,7.161150909262744
C1c2cc3c(n2CCN1)cc(cc3)Cl,7.161150909262744
n12c3c(ccc(Cl)c3)cc2CNCC1,7.161150909262744
N1(CCc2ccc(SCC)cc12)CC(C)N,6.735182176990463
C1c2ccc(cc2N(CC(C)N)C1)SCC,6.735182176990463
c12N(CCc1ccc(c2)SCC)CC(N)C,6.735182176990463
c1c(SCC)ccc2CCN(c21)CC(N)C,6.735182176990463
c1(SCC)ccc2CCN(CC(C)N)c2c1,6.735182176990463
c1c(F)cc2c(c(no2)C2CCN(CC2)CCCCOc2ccc(CN3CCN(C)CC3)cc2)c1,8.366531544420413
N1(CCC(c2c3ccc(F)cc3on2)CC1)CCCCOc1ccc(CN2CCN(CC2)C)cc1,8.366531544420413
c1(ccc(OCCCCN2CCC(CC2)c2noc3c2ccc(F)c3)cc1)CN1CCN(C)CC1,8.366531544420413
c1(OCCCCN2CCC(c3c4c(on3)cc(F)cc4)CC2)ccc(cc1)CN1CCN(C)CC1,8.366531544420413
N1(C)CCN(CC1)Cc1ccc(OCCCCN2CCC(c3c4c(on3)cc(F)cc4)CC2)cc1,8.366531544420413
C1C(CCC(CCN2CCN(CC2)c2c3c(OCC3)ccn2)C1)NC(COC)=O,7.958607314841775
c12c(nccc1OCC2)N1CCN(CC1)CCC1CCC(CC1)NC(COC)=O,7.958607314841775
O1c2c(CC1)c(ncc2)N1CCN(CC1)CCC1CCC(CC1)NC(COC)=O,7.958607314841775
COCC(NC1CCC(CCN2CCN(CC2)c2c3CCOc3ccn2)CC1)=O,7.958607314841775
C(CN1CCN(c2nccc3c2CCO3)CC1)C1CCC(CC1)NC(COC)=O,7.958607314841775
c1c2c3N(CCNc3cc1)C1CCN(CCCC(=O)c3ccc(cc3)F)CC12,9.0268721464003
C(CC(=O)c1ccc(cc1)F)CN1CC2C(N3CCNc4c3c2ccc4)CC1,9.0268721464003
O=C(CCCN1CC2c3c4N(CCNc4ccc3)C2CC1)c1ccc(cc1)F,9.0268721464003
c1(ccc(C(CCCN2CC3c4cccc5NCCN(C3CC2)c45)=O)cc1)F,9.0268721464003
c1cc2c3c(c1)NCCN3C1C2CN(CCCC(c2ccc(F)cc2)=O)CC1,9.0268721464003
c1(ccc(-c2ccc(CNCCc3c[nH]c4c3cccc4)o2)cc1)O,6.756961951313706
C(NCCc1c[nH]c2c1cccc2)c1ccc(o1)-c1ccc(O)cc1,6.756961951313706
c1(CNCCc2c3ccccc3[nH]c2)oc(cc1)-c1ccc(O)cc1,6.756961951313706
Oc1ccc(cc1)-c1ccc(o1)CNCCc1c[nH]c2c1cccc2,6.756961951313706
c1c(ccc(O)c1)-c1ccc(CNCCc2c3ccccc3[nH]c2)o1,6.756961951313706
n1(nccc1-c1c(ccc(c1)NC(=O)Nc1ccc(cc1)Cl)OCCN1CCCCC1C)C,9.075720713938118
C1CCC(C)N(CCOc2c(cc(cc2)NC(=O)Nc2ccc(cc2)Cl)-c2n(ncc2)C)C1,9.075720713938118
N(C(=O)Nc1ccc(OCCN2C(C)CCCC2)c(c1)-c1n(ncc1)C)c1ccc(cc1)Cl,9.075720713938118
C(N1C(CCCC1)C)COc1ccc(NC(=O)Nc2ccc(cc2)Cl)cc1-c1ccnn1C,9.075720713938118
C1CCC(C)N(CCOc2ccc(NC(=O)Nc3ccc(Cl)cc3)cc2-c2ccnn2C)C1,9.075720713938118
C1C(c2c(OC)cc(Br)c(OC)c12)CN,7.823908740944319
C1C(c2c1c(c(cc2OC)Br)OC)CN,7.823908740944319
C1c2c(C1CN)c(OC)cc(Br)c2OC,7.823908740944319
O(c1c2c(c(OC)c(c1)Br)CC2CN)C,7.823908740944319
Brc1c(OC)c2c(C(C2)CN)c(OC)c1,7.823908740944319
C1C2Cc3cccc(C)c3C(=O)N2CCN1,6.958607314841775
c1c2c(c(C)cc1)C(=O)N1CCNCC1C2,6.958607314841775
c12c(CC3N(CCNC3)C1=O)cccc2C,6.958607314841775
N12C(CNCC2)Cc2cccc(c2C1=O)C,6.958607314841775
C1(c2c(cccc2CC2CNCCN21)C)=O,6.958607314841775
c1cc(N2CCN(CCCCNC(=O)c3ncccc3)CC2)cc(c1)OC,6.747146969020107
c1c(OC)cccc1N1CCN(CC1)CCCCNC(=O)c1ncccc1,6.747146969020107
c1cnc(cc1)C(NCCCCN1CCN(c2cccc(OC)c2)CC1)=O,6.747146969020107
c1(cccc(OC)c1)N1CCN(CCCCNC(c2ccccn2)=O)CC1,6.747146969020107
COc1cc(N2CCN(CC2)CCCCNC(=O)c2ccccn2)ccc1,6.747146969020107
c1(C(=O)CN2CCN(C(c3c(C(F)(F)F)cn(n3)C)=O)CC2)ccc(F)cc1,7.552841968657781
C1CN(CC(c2ccc(cc2)F)=O)CCN1C(c1c(cn(n1)C)C(F)(F)F)=O,7.552841968657781
O=C(CN1CCN(CC1)C(c1c(cn(n1)C)C(F)(F)F)=O)c1ccc(cc1)F,7.552841968657781
N1(CCN(CC(=O)c2ccc(cc2)F)CC1)C(=O)c1nn(cc1C(F)(F)F)C,7.552841968657781
O=C(c1c(cn(n1)C)C(F)(F)F)N1CCN(CC(c2ccc(F)cc2)=O)CC1,7.552841968657781
c1(C)c(cccn1)Oc1ncc(NC(N2CCc3c2cc(c(OC)c3)C(F)(F)F)=O)c(C)c1,6.199998172182031
c1(cc2N(CCc2cc1OC)C(Nc1cnc(Oc2c(nccc2)C)cc1C)=O)C(F)(F)F,6.199998172182031
c1(ncccc1Oc1cc(C)c(NC(N2c3c(cc(c(c3)C(F)(F)F)OC)CC2)=O)cn1)C,6.199998172182031
N(c1c(C)cc(Oc2cccnc2C)nc1)C(=O)N1CCc2c1cc(c(c2)OC)C(F)(F)F,6.199998172182031
c1(ncccc1Oc1cc(c(NC(=O)N2CCc3c2cc(c(c3)OC)C(F)(F)F)cn1)C)C,6.199998172182031
C1CC(CCN1C)N(C(=O)OCc1ccc(cc1)OCCCC)Cc1ccc(F)cc1F,8.899629454882437
c1cc(COC(=O)N(C2CCN(C)CC2)Cc2c(F)cc(F)cc2)ccc1OCCCC,8.899629454882437
c1cc(COC(=O)N(Cc2ccc(F)cc2F)C2CCN(CC2)C)ccc1OCCCC,8.899629454882437
c1(ccc(cc1)COC(N(C1CCN(C)CC1)Cc1c(cc(F)cc1)F)=O)OCCCC,8.899629454882437
c1cc(c(cc1F)F)CN(C(OCc1ccc(cc1)OCCCC)=O)C1CCN(CC1)C,8.899629454882437
Cc1nc2ccccn2c1C(N1CCN(CC1)CCc1ccc(cc1F)F)=O,8.455931955649724
c1(n2c(cccc2)nc1C)C(=O)N1CCN(CC1)CCc1c(cc(cc1)F)F,8.455931955649724
c1cc(CCN2CCN(C(c3n4c(nc3C)cccc4)=O)CC2)c(F)cc1F,8.455931955649724
N1(C(=O)c2n3ccccc3nc2C)CCN(CCc2c(F)cc(F)cc2)CC1,8.455931955649724
N1(CCc2ccc(cc2F)F)CCN(C(c2c(nc3n2cccc3)C)=O)CC1,8.455931955649724
c1(OC)c(OC)ccc(c1)CCN(CCc1cc2OCOc2cc1)CCCc1ccc(OC)cc1,6.573488738635425
c1(ccc2c(c1)OCO2)CCN(CCc1ccc(OC)c(c1)OC)CCCc1ccc(cc1)OC,6.573488738635425
c1(OC)ccc(CCN(CCc2ccc3c(c2)OCO3)CCCc2ccc(cc2)OC)cc1OC,6.573488738635425
N(CCc1ccc2c(c1)OCO2)(CCCc1ccc(cc1)OC)CCc1cc(c(cc1)OC)OC,6.573488738635425
O(C)c1c(OC)cc(cc1)CCN(CCc1cc2OCOc2cc1)CCCc1ccc(OC)cc1,6.573488738635425
c1c2c(cc(Cl)c1F)N(CC2)C(=O)Nc1ccc(Oc2cccnc2C)nc1,6.300079930690457
c12cc(c(cc2CCN1C(=O)Nc1cnc(Oc2c(C)nccc2)cc1)F)Cl,6.300079930690457
c12c(cc(c(F)c1)Cl)N(CC2)C(=O)Nc1cnc(cc1)Oc1c(nccc1)C,6.300079930690457
c1c2N(C(=O)Nc3ccc(nc3)Oc3cccnc3C)CCc2cc(F)c1Cl,6.300079930690457
c1(cccnc1C)Oc1ncc(cc1)NC(N1CCc2cc(F)c(cc21)Cl)=O,6.300079930690457
c1(Nc2c3c(cccc3)nc(n2)N2CCNCC2)c(F)cccc1,7.154964006486585
N1CCN(c2nc3c(cccc3)c(n2)Nc2c(cccc2)F)CC1,7.154964006486585
c1(Nc2c3c(cccc3)nc(N3CCNCC3)n2)c(F)cccc1,7.154964006486585
n1c(N2CCNCC2)nc(c2c1cccc2)Nc1c(F)cccc1,7.154964006486585
C1NCCN(C1)c1nc(Nc2ccccc2F)c2ccccc2n1,7.154964006486585
c1c(-c2c(C3CNCCC3)c3c([nH]2)cc(F)cc3)ccc(F)c1,10.045757490560675
c1c(ccc2c1[nH]c(-c1ccc(cc1)F)c2C1CCCNC1)F,10.045757490560675
c1c(ccc2c1[nH]c(-c1ccc(cc1)F)c2C1CNCCC1)F,10.045757490560675
c1cc2c(C3CNCCC3)c([nH]c2cc1F)-c1ccc(cc1)F,10.045757490560675
c12c(c(-c3ccc(cc3)F)[nH]c1cc(F)cc2)C1CCCNC1,10.045757490560675
c1cc(c(-c2cnccc2)cc1NC(N1c2c(cc(c(C(F)(F)F)c2)OC)CC1)=O)Cl,5.899998417198648
c12c(N(CC1)C(=O)Nc1cc(-c3cccnc3)c(Cl)cc1)cc(c(OC)c2)C(F)(F)F,5.899998417198648
c12c(CCN2C(Nc2ccc(c(-c3cnccc3)c2)Cl)=O)cc(c(C(F)(F)F)c1)OC,5.899998417198648
c1ncccc1-c1cc(ccc1Cl)NC(N1CCc2c1cc(C(F)(F)F)c(OC)c2)=O,5.899998417198648
FC(c1cc2N(CCc2cc1OC)C(=O)Nc1ccc(Cl)c(-c2cccnc2)c1)(F)F,5.899998417198648
N(C(=O)c1ccc2ccccc2n1)CCCCN1CCN(c2cc(ccc2)OC)CC1,7.154901959985743
c1cc(N2CCN(CCCCNC(c3nc4ccccc4cc3)=O)CC2)cc(c1)OC,7.154901959985743
C(CN1CCN(CC1)c1cccc(c1)OC)CCNC(=O)c1ccc2ccccc2n1,7.154901959985743
c1(C(=O)NCCCCN2CCN(CC2)c2cccc(OC)c2)nc2c(cc1)cccc2,7.154901959985743
c1c2c(ccc1)nc(cc2)C(NCCCCN1CCN(c2cccc(c2)OC)CC1)=O,7.154901959985743
c1cc2c(cc1)c(co2)C1CCN(CCC2CCC(NC(=O)C(C)(C)O)CC2)CC1,8.647817481888637
C(CN1CCC(CC1)c1coc2ccccc12)C1CCC(CC1)NC(C(C)(C)O)=O,8.647817481888637
C1(NC(C(O)(C)C)=O)CCC(CCN2CCC(c3coc4c3cccc4)CC2)CC1,8.647817481888637
C(N1CCC(c2c3ccccc3oc2)CC1)CC1CCC(CC1)NC(C(C)(C)O)=O,8.647817481888637
C1CC(CCN1CCC1CCC(CC1)NC(C(C)(O)C)=O)c1c2ccccc2oc1,8.647817481888637
c1(ccccc1CN1CCN(CC1)CCSc1nc(c(c(N)n1)Cc1ccccc1OC)N)C(F)(F)F,7.321481620959886
c1cc(c(CN2CCN(CCSc3nc(c(c(N)n3)Cc3c(cccc3)OC)N)CC2)cc1)C(F)(F)F,7.321481620959886
c1(ccccc1OC)Cc1c(N)nc(SCCN2CCN(Cc3ccccc3C(F)(F)F)CC2)nc1N,7.321481620959886
c1(c(Cc2c(nc(SCCN3CCN(CC3)Cc3ccccc3C(F)(F)F)nc2N)N)cccc1)OC,7.321481620959886
N1(CCN(CCSc2nc(N)c(Cc3ccccc3OC)c(N)n2)CC1)Cc1c(cccc1)C(F)(F)F,7.321481620959886
N1(C2Cc3c(-c4c2c(cc(c4OC)OC)CC1)cc(OC)c(c3)OCC)C,6.087246696328677
C12c3c(cc(OC)c(c3-c3cc(OC)c(cc3C2)OCC)OC)CCN1C,6.087246696328677
c12c(c(OC)cc3CCN(C(c23)Cc2c-1cc(OC)c(c2)OCC)C)OC,6.087246696328677
COc1cc2c3c(c1OC)-c1c(CC3N(C)CC2)cc(OCC)c(OC)c1,6.087246696328677
c12-c3c4C(N(C)CCc4cc(c3OC)OC)Cc2cc(OCC)c(OC)c1,6.087246696328677
N1(c2c(-c3cc(C)ccc3)[nH]nc2)CCCNCC1,5.44165149123838
c1cc(-c2c(cn[nH]2)N2CCCNCC2)cc(c1)C,5.44165149123838
c1ccc(cc1C)-c1[nH]ncc1N1CCCNCC1,5.44165149123838
c1cc(C)cc(c1)-c1c(cn[nH]1)N1CCNCCC1,5.44165149123838
[nH]1ncc(N2CCCNCC2)c1-c1cccc(C)c1,5.44165149123838
c1cc2cc(S(=O)(=O)NC3CCN(C3)CCCc3noc4c3cccc4)ccc2cc1,9.609948503541013
o1c2ccccc2c(CCCN2CC(CC2)NS(=O)(=O)c2cc3ccccc3cc2)n1,9.609948503541013
c1(cc2c(cc1)cccc2)S(=O)(NC1CCN(CCCc2noc3c2cccc3)C1)=O,9.609948503541013
O=S(c1cc2c(cccc2)cc1)(=O)NC1CCN(CCCc2noc3ccccc23)C1,9.609948503541013
C(CCc1noc2ccccc21)N1CC(CC1)NS(c1ccc2ccccc2c1)(=O)=O,9.609948503541013
Cc1cc(ccc1)N1CCN(CC1)CCCCNC(=O)c1ccc2c(n1)cccc2,7.769551078621726
N1(CCCCNC(c2nc3c(cc2)cccc3)=O)CCN(c2cccc(c2)C)CC1,7.769551078621726
N(C(=O)c1nc2ccccc2cc1)CCCCN1CCN(c2cccc(C)c2)CC1,7.769551078621726
c1cccc2c1nc(cc2)C(=O)NCCCCN1CCN(CC1)c1cccc(c1)C,7.769551078621726
n1c2c(ccc1C(NCCCCN1CCN(c3cccc(c3)C)CC1)=O)cccc2,7.769551078621726
c1(OCCN2CCCCC2)c(ccc(c1)N1CC=C(c2ccc(cc2)F)C1=O)OC,6.399996913372259
c1(ccc(cc1OCCN1CCCCC1)N1CC=C(C1=O)c1ccc(F)cc1)OC,6.399996913372259
C1CCN(CC1)CCOc1c(OC)ccc(c1)N1CC=C(C1=O)c1ccc(cc1)F,6.399996913372259
O=C1C(c2ccc(F)cc2)=CCN1c1cc(OCCN2CCCCC2)c(cc1)OC,6.399996913372259
COc1c(cc(cc1)N1CC=C(c2ccc(cc2)F)C1=O)OCCN1CCCCC1,6.399996913372259
C(CCc1cc(ccc1)OC)N(CCc1ccc(c(OC)c1)OC)Cc1cc2c(OCO2)cc1,5.821886747685368
O1COc2cc(CN(CCc3cc(OC)c(cc3)OC)CCCc3cc(OC)ccc3)ccc21,5.821886747685368
c1(CN(CCCc2cccc(c2)OC)CCc2ccc(c(OC)c2)OC)ccc2OCOc2c1,5.821886747685368
N(CCc1cc(OC)c(cc1)OC)(Cc1cc2OCOc2cc1)CCCc1cccc(c1)OC,5.821886747685368
c1c(c(cc(c1)CCN(Cc1cc2c(cc1)OCO2)CCCc1cccc(OC)c1)OC)OC,5.821886747685368
C(N1CCN(CCc2cc(ccc2)F)CC1)(=O)c1nn(cc1Br)C,6.266000713461613
c1(cccc(c1)F)CCN1CCN(CC1)C(c1nn(C)cc1Br)=O,6.266000713461613
n1c(C(N2CCN(CC2)CCc2cc(F)ccc2)=O)c(Br)cn1C,6.266000713461613
C1CN(CCN1C(c1nn(cc1Br)C)=O)CCc1cccc(F)c1,6.266000713461613
C1N(C(c2nn(cc2Br)C)=O)CCN(C1)CCc1cc(F)ccc1,6.266000713461613
C1NCCN2C1CC(c1cccnc12)C,5.966576244513051
C1CN2c3c(cccn3)C(C)CC2CN1,5.966576244513051
C1NCCN2c3c(C(C)CC21)cccn3,5.966576244513051
c1cnc2N3CCNCC3CC(c2c1)C,5.966576244513051
N1CC2N(c3ncccc3C(C)C2)CC1,5.966576244513051
C1(c2c(Br)cccc2)C(CN)C1,6.183758700008217
Brc1c(C2CC2CN)cccc1,6.183758700008217
c1c(c(C2CC2CN)ccc1)Br,6.183758700008217
c1ccc(Br)c(C2C(CN)C2)c1,6.183758700008217
C1C(c2ccccc2Br)C1CN,6.183758700008217
C1NCCN2C1Cc1c2c(c(cc1)Cl)C,7.2839966563652006
c1(c2c(ccc1Cl)CC1CNCCN21)C,7.2839966563652006
C1CN2C(Cc3ccc(Cl)c(C)c32)CN1,7.2839966563652006
C1c2c(c(c(Cl)cc2)C)N2CCNCC21,7.2839966563652006
c1c2c(N3CCNCC3C2)c(c(c1)Cl)C,7.2839966563652006
C(COc1c(C(C)(C)C)cccc1)N1CCC(N(S(=O)(=O)c2ccccc2)C)CC1,5.901702463505303
C1(CCN(CC1)CCOc1ccccc1C(C)(C)C)N(S(=O)(=O)c1ccccc1)C,5.901702463505303
C1CN(CCC1N(S(c1ccccc1)(=O)=O)C)CCOc1c(C(C)(C)C)cccc1,5.901702463505303
O(CCN1CCC(CC1)N(C)S(=O)(=O)c1ccccc1)c1c(C(C)(C)C)cccc1,5.901702463505303
C(C)(C)(c1c(cccc1)OCCN1CCC(CC1)N(S(=O)(=O)c1ccccc1)C)C,5.901702463505303
C1N(c2nc3c(CCCC(O)CC3)c(-c3ccc(F)cc3)c2)CCN(CC)C1,7.747146969020107
N1(c2nc3c(CCCC(CC3)O)c(c2)-c2ccc(F)cc2)CCN(CC1)CC,7.747146969020107
n1c2CCC(CCCc2c(-c2ccc(F)cc2)cc1N1CCN(CC)CC1)O,7.747146969020107
c1(N2CCN(CC)CC2)nc2c(CCCC(O)CC2)c(-c2ccc(cc2)F)c1,7.747146969020107
C1CCC(CCc2nc(N3CCN(CC)CC3)cc(c12)-c1ccc(cc1)F)O,7.747146969020107
c1(cccnc1)NC(N1CCc2cc(C)c(Br)cc21)=O,7.2003149090909
N1(c2c(cc(C)c(Br)c2)CC1)C(=O)Nc1cccnc1,7.2003149090909
c1c2c(N(C(Nc3cnccc3)=O)CC2)cc(c1C)Br,7.2003149090909
n1cc(ccc1)NC(=O)N1c2cc(c(cc2CC1)C)Br,7.2003149090909
C1N(C(=O)Nc2cccnc2)c2c(C1)cc(C)c(c2)Br,7.2003149090909
Clc1cc2onc(C3CCN(CCC4CCC(CC4)NC(=O)CC4CCCO4)CC3)c2cc1,7.886056647693163
C1C(CCN(C1)CCC1CCC(NC(CC2OCCC2)=O)CC1)c1c2c(cc(Cl)cc2)on1,7.886056647693163
C1N(CCC2CCC(NC(CC3CCCO3)=O)CC2)CCC(c2c3c(on2)cc(Cl)cc3)C1,7.886056647693163
C1C(CCC(C1)NC(CC1CCCO1)=O)CCN1CCC(CC1)c1noc2c1ccc(Cl)c2,7.886056647693163
C(C1CCC(CC1)NC(CC1OCCC1)=O)CN1CCC(c2noc3c2ccc(c3)Cl)CC1,7.886056647693163
c1ccc(N2CCN(CC2)CCC2CCN(S(c3cccc4c3cccn4)(=O)=O)CC2)cc1,6.189767482004916
C1CC(CCN1S(=O)(c1c2c(nccc2)ccc1)=O)CCN1CCN(c2ccccc2)CC1,6.189767482004916
N1(c2ccccc2)CCN(CCC2CCN(S(=O)(c3cccc4c3cccn4)=O)CC2)CC1,6.189767482004916
c1(cccc2c1cccn2)S(N1CCC(CC1)CCN1CCN(CC1)c1ccccc1)(=O)=O,6.189767482004916
c1ccccc1N1CCN(CCC2CCN(S(=O)(=O)c3cccc4c3cccn4)CC2)CC1,6.189767482004916
c1c(c(ccc1)N1CCN(CC1)CCCCOc1ccn2c(c1)c(C=NO)cn2)OC,7.019996628416254
N1(CCCCOc2ccn3ncc(c3c2)C=NO)CCN(c2c(cccc2)OC)CC1,7.019996628416254
c1c2c(cnn2ccc1OCCCCN1CCN(c2ccccc2OC)CC1)C=NO,7.019996628416254
c1(OC)c(cccc1)N1CCN(CC1)CCCCOc1cc2c(cnn2cc1)C=NO,7.019996628416254
C1CN(c2c(cccc2)OC)CCN1CCCCOc1cc2n(cc1)ncc2C=NO,7.019996628416254
c1cccc(c1)S(=O)(n1c(ccc1)-c1cccc(c1)N1CCNCC1)=O,4.799696817018415
c1(-c2cccc(N3CCNCC3)c2)cccn1S(c1ccccc1)(=O)=O,4.799696817018415
C1N(c2cccc(-c3n(S(=O)(c4ccccc4)=O)ccc3)c2)CCNC1,4.799696817018415
c1cc(cc(N2CCNCC2)c1)-c1n(ccc1)S(=O)(=O)c1ccccc1,4.799696817018415
C1NCCN(C1)c1cc(ccc1)-c1n(ccc1)S(=O)(=O)c1ccccc1,4.799696817018415
c12c(cc(OC)c(c1)C(F)(F)F)CCN2C(=O)Nc1cc(F)c(C)c(-c2cccnc2)c1,5.800000874803203
c1(NC(N2c3cc(C(F)(F)F)c(cc3CC2)OC)=O)cc(F)c(c(c1)-c1cnccc1)C,5.800000874803203
FC(F)(c1cc2N(CCc2cc1OC)C(Nc1cc(c(c(F)c1)C)-c1cccnc1)=O)F,5.800000874803203
O(C)c1cc2CCN(C(=O)Nc3cc(c(c(c3)-c3cnccc3)C)F)c2cc1C(F)(F)F,5.800000874803203
c1c2c(cc(c1C(F)(F)F)OC)CCN2C(=O)Nc1cc(c(c(F)c1)C)-c1cnccc1,5.800000874803203
C1CC=C(CN1)c1c2cc(F)ccc2[nH]n1,7.476253533188435
C1(CNCCC=1)c1c2cc(F)ccc2[nH]n1,7.476253533188435
[nH]1nc(C2=CCCNC2)c2cc(F)ccc12,7.476253533188435
Fc1cc2c(cc1)[nH]nc2C1CNCCC=1,7.476253533188435
c1(C2=CCCNC2)c2cc(F)ccc2[nH]n1,7.476253533188435
O=S(=O)(C1CCN(CC(=O)c2c(F)cc(F)cc2)CC1)c1ccccc1,8.619788758288394
Fc1ccc(C(=O)CN2CCC(S(c3ccccc3)(=O)=O)CC2)c(c1)F,8.619788758288394
c1cccc(S(=O)(=O)C2CCN(CC2)CC(c2ccc(cc2F)F)=O)c1,8.619788758288394
O=C(c1ccc(cc1F)F)CN1CCC(CC1)S(=O)(=O)c1ccccc1,8.619788758288394
S(=O)(c1ccccc1)(=O)C1CCN(CC(c2ccc(cc2F)F)=O)CC1,8.619788758288394
CN1CCN(c2cccc3cc(S(=O)(=O)c4cc(ccc4)F)cnc23)CC1,9.4089353929735
C1N(CCN(C1)c1c2c(ccc1)cc(cn2)S(=O)(c1cccc(c1)F)=O)C,9.4089353929735
N1(C)CCN(CC1)c1c2c(cc(S(=O)(=O)c3cc(F)ccc3)cn2)ccc1,9.4089353929735
c1c(F)cccc1S(=O)(c1cnc2c(N3CCN(CC3)C)cccc2c1)=O,9.4089353929735
CN1CCN(c2c3ncc(cc3ccc2)S(c2cccc(c2)F)(=O)=O)CC1,9.4089353929735
C(N1CCN(c2ccc(F)cc2)CC1)CCCNC(c1ncc2c(cccc2)c1)=O,8.096910013008056
C(CCCN1CCN(CC1)c1ccc(cc1)F)NC(c1ncc2ccccc2c1)=O,8.096910013008056
O=C(c1ncc2c(c1)cccc2)NCCCCN1CCN(c2ccc(cc2)F)CC1,8.096910013008056
C1N(CCN(C1)c1ccc(cc1)F)CCCCNC(c1ncc2ccccc2c1)=O,8.096910013008056
c1cccc2cc(C(NCCCCN3CCN(c4ccc(F)cc4)CC3)=O)ncc21,8.096910013008056
N1(CCC(CC1)c1cccc2OCCc21)CCC1CCC(CC1)NC(=O)CC1OCCC1,7.488116639021126
C(C1CCC(NC(CC2CCCO2)=O)CC1)CN1CCC(c2c3CCOc3ccc2)CC1,7.488116639021126
C1CC(NC(CC2CCCO2)=O)CCC1CCN1CCC(CC1)c1c2CCOc2ccc1,7.488116639021126
C(N1CCC(CC1)c1c2c(ccc1)OCC2)CC1CCC(CC1)NC(=O)CC1CCCO1,7.488116639021126
O=C(CC1OCCC1)NC1CCC(CCN2CCC(CC2)c2c3CCOc3ccc2)CC1,7.488116639021126
C1CN(c2cc(c(Cl)cc2)Cl)CCN1CCCCCCN1C(c2ccccc2S1(=O)=O)=O,6.548213564475709
C(CCCCCN1C(c2ccccc2S1(=O)=O)=O)N1CCN(CC1)c1ccc(Cl)c(c1)Cl,6.548213564475709
C1CN(CCCCCCN2C(=O)c3ccccc3S2(=O)=O)CCN1c1cc(Cl)c(Cl)cc1,6.548213564475709
O=S1(=O)c2ccccc2C(N1CCCCCCN1CCN(c2cc(c(Cl)cc2)Cl)CC1)=O,6.548213564475709
C1N(CCN(c2ccc(Cl)c(c2)Cl)C1)CCCCCCN1C(c2c(S1(=O)=O)cccc2)=O,6.548213564475709
C1CN(CCN1c1cccc2OCOc12)CCC1CCC(NC(COC)=O)CC1,7.913284336055117
c1ccc(N2CCN(CC2)CCC2CCC(NC(=O)COC)CC2)c2c1OCO2,7.913284336055117
O1c2c(N3CCN(CC3)CCC3CCC(CC3)NC(COC)=O)cccc2OC1,7.913284336055117
C1CN(CCN1c1c2OCOc2ccc1)CCC1CCC(NC(=O)COC)CC1,7.913284336055117
c1(c2c(OCO2)ccc1)N1CCN(CC1)CCC1CCC(NC(COC)=O)CC1,7.913284336055117
N1(CCC(=C2c3c(CC(c4c2ccs4)=O)cccc3)CC1)C,7.35723879673468
C1CC(=C2c3c(scc3)C(Cc3ccccc23)=O)CCN1C,7.35723879673468
CN1CCC(=C2c3ccccc3CC(c3c2ccs3)=O)CC1,7.35723879673468
C1c2c(cccc2)C(=C2CCN(C)CC2)c2ccsc2C1=O,7.35723879673468
c12C(=C3CCN(C)CC3)c3ccsc3C(Cc2cccc1)=O,7.35723879673468
C1CN(C2c3ccc(cc3Oc3c(N=2)ccc(c3)F)F)CCN1CC(C)(C(=O)O)C,7.886056647693163
c1c2N=C(N3CCN(CC(C)(C)C(O)=O)CC3)c3ccc(F)cc3Oc2cc(c1)F,7.886056647693163
C1CN(C2c3c(cc(cc3)F)Oc3cc(ccc3N=2)F)CCN1CC(C)(C(O)=O)C,7.886056647693163
O1c2c(N=C(c3ccc(cc31)F)N1CCN(CC1)CC(C(=O)O)(C)C)ccc(F)c2,7.886056647693163
c1cc(cc2Oc3c(C(N4CCN(CC(C(=O)O)(C)C)CC4)=Nc21)ccc(c3)F)F,7.886056647693163
c1cc2c(c(ccc2)Sc2cc(c3ccccc3c2O)NS(=O)(=O)c2ccccc2)nc1,4.465719994794918
N(c1c2ccccc2c(c(c1)Sc1c2ncccc2ccc1)O)S(c1ccccc1)(=O)=O,4.465719994794918
n1c2c(Sc3cc(NS(=O)(=O)c4ccccc4)c4c(cccc4)c3O)cccc2ccc1,4.465719994794918
c1ccc2c(c1Sc1cc(NS(=O)(c3ccccc3)=O)c3c(c1O)cccc3)nccc2,4.465719994794918
c1ccccc1S(=O)(Nc1cc(c(c2c1cccc2)O)Sc1c2ncccc2ccc1)=O,4.465719994794918
C(=O)(C)NC1CCC(CC1)CCN1CCN(CC1)c1ncc(C)c2c1cco2,7.863279432843593
C1(NC(C)=O)CCC(CC1)CCN1CCN(c2c3ccoc3c(C)cn2)CC1,7.863279432843593
N(C(=O)C)C1CCC(CCN2CCN(c3c4c(c(cn3)C)occ4)CC2)CC1,7.863279432843593
Cc1c2occc2c(nc1)N1CCN(CC1)CCC1CCC(NC(=O)C)CC1,7.863279432843593
C1N(CCN(C1)c1ncc(C)c2occc12)CCC1CCC(CC1)NC(C)=O,7.863279432843593
C1C(CCC(C1)CCN1CCC(c2cccc3OCOc23)CC1)NC(=O)CO,7.669383332705562
C1CC(NC(CO)=O)CCC1CCN1CCC(c2cccc3c2OCO3)CC1,7.669383332705562
C1N(CCC(c2c3c(OCO3)ccc2)C1)CCC1CCC(NC(=O)CO)CC1,7.669383332705562
C1N(CCC(C1)c1cccc2c1OCO2)CCC1CCC(CC1)NC(=O)CO,7.669383332705562
c1(C2CCN(CC2)CCC2CCC(CC2)NC(CO)=O)cccc2c1OCO2,7.669383332705562
c1c(-c2c3CCNCCc3nn2C2CCC2)cccc1,8.522878745280337
C1CCC1n1c(-c2ccccc2)c2c(n1)CCNCC2,8.522878745280337
C1CNCCc2c1nn(c2-c1ccccc1)C1CCC1,8.522878745280337
n1(C2CCC2)nc2CCNCCc2c1-c1ccccc1,8.522878745280337
c1ccccc1-c1c2c(nn1C1CCC1)CCNCC2,8.522878745280337
C1N(c2cc(OC)ccc2)CCN(C1)CCCOc1ccc2c(C)cc(oc2c1C(C)=O)=O,7.522878745280337
C(CN1CCN(CC1)c1cc(ccc1)OC)COc1ccc2c(oc(cc2C)=O)c1C(C)=O,7.522878745280337
c12c(c(c(OCCCN3CCN(CC3)c3cccc(OC)c3)cc2)C(C)=O)oc(=O)cc1C,7.522878745280337
C1N(c2cc(ccc2)OC)CCN(CCCOc2c(c3c(c(C)cc(=O)o3)cc2)C(=O)C)C1,7.522878745280337
C1CN(CCN1CCCOc1c(c2c(cc1)c(cc(o2)=O)C)C(=O)C)c1cc(OC)ccc1,7.522878745280337
c1cc(Cc2cncc3c2CCC2CNCCN32)ccc1,8.579879151914296
c1cc(Cc2cncc3N4CCNCC4CCc32)ccc1,8.579879151914296
c1c(cccc1)Cc1cncc2c1CCC1N2CCNC1,8.579879151914296
N12CCNCC2CCc2c1cncc2Cc1ccccc1,8.579879151914296
C(c1c2CCC3N(c2cnc1)CCNC3)c1ccccc1,8.579879151914296
FC(F)(c1ccc(CN(C2CCN(C)CC2)C(=O)Cc2ccc(OCC(C)C)cc2)c(c1)Cl)F,10.0
C(c1c(Cl)cc(C(F)(F)F)cc1)N(C1CCN(C)CC1)C(Cc1ccc(cc1)OCC(C)C)=O,10.0
FC(c1ccc(c(Cl)c1)CN(C(Cc1ccc(OCC(C)C)cc1)=O)C1CCN(C)CC1)(F)F,10.0
CC(COc1ccc(CC(N(C2CCN(CC2)C)Cc2c(cc(C(F)(F)F)cc2)Cl)=O)cc1)C,10.0
FC(F)(F)c1cc(Cl)c(cc1)CN(C(=O)Cc1ccc(cc1)OCC(C)C)C1CCN(CC1)C,10.0
C(CN1CC(CC1)CS(c1cc(c(cc1)F)F)(=O)=O)Cc1c2c(on1)cc(F)cc2,7.890084136976206
c1c(cc(c(c1)F)F)S(=O)(CC1CCN(C1)CCCc1noc2c1ccc(F)c2)=O,7.890084136976206
c1(F)c(F)ccc(S(CC2CN(CCCc3noc4c3ccc(c4)F)CC2)(=O)=O)c1,7.890084136976206
S(CC1CN(CCCc2noc3c2ccc(F)c3)CC1)(c1cc(c(F)cc1)F)(=O)=O,7.890084136976206
C1(CS(=O)(c2ccc(c(F)c2)F)=O)CN(CCCc2noc3cc(ccc32)F)CC1,7.890084136976206
c1cccc2c1c(N1CCN(CCN3CCc4n(C(C)C)ncc4C3=O)CC1)ns2,9.075720713938118
c12snc(N3CCN(CC3)CCN3C(=O)c4cnn(c4CC3)C(C)C)c1cccc2,9.075720713938118
c12CCN(CCN3CCN(c4nsc5c4cccc5)CC3)C(c2cnn1C(C)C)=O,9.075720713938118
CC(C)n1ncc2c1CCN(CCN1CCN(CC1)c1c3c(cccc3)sn1)C2=O,9.075720713938118
O=C1N(CCN2CCN(c3c4c(sn3)cccc4)CC2)CCc2n(C(C)C)ncc12,9.075720713938118
N1(CCN2C(=O)c3c(CCC2)n(nc3)C)CCC(c2noc3ccccc23)CC1,9.031517051446064
n1(C)ncc2c1CCCN(C2=O)CCN1CCC(CC1)c1noc2c1cccc2,9.031517051446064
C(N1C(c2cnn(C)c2CCC1)=O)CN1CCC(c2noc3ccccc32)CC1,9.031517051446064
c12ccccc2onc1C1CCN(CCN2CCCc3c(C2=O)cnn3C)CC1,9.031517051446064
C1(=O)c2cnn(c2CCCN1CCN1CCC(CC1)c1noc2c1cccc2)C,9.031517051446064
c1(nc(N2CCN(C)CC2)nc(n1)C(Oc1c(ccc(Cl)c1)F)CC)N,6.113509274827518
c1c(OC(c2nc(nc(n2)N)N2CCN(C)CC2)CC)c(F)ccc1Cl,6.113509274827518
n1c(C(CC)Oc2cc(Cl)ccc2F)nc(nc1N)N1CCN(CC1)C,6.113509274827518
Clc1cc(c(cc1)F)OC(c1nc(N)nc(N2CCN(CC2)C)n1)CC,6.113509274827518
C1CN(c2nc(nc(n2)C(CC)Oc2c(ccc(Cl)c2)F)N)CCN1C,6.113509274827518
c12c(oc3c(cccc23)OC)CN(CCCCOc2ccc3c(NC(=O)CC3)c2)CC1,5.952916030436022
O=C1Nc2c(CC1)ccc(c2)OCCCCN1Cc2oc3c(OC)cccc3c2CC1,5.952916030436022
c1cc2CCC(Nc2cc1OCCCCN1Cc2oc3c(OC)cccc3c2CC1)=O,5.952916030436022
N1(CCCCOc2ccc3c(NC(=O)CC3)c2)CCc2c3c(c(ccc3)OC)oc2C1,5.952916030436022
c12CCN(CCCCOc3cc4NC(CCc4cc3)=O)Cc1oc1c2cccc1OC,5.952916030436022
C(C1Cc2c(C=1Cc1ccc(cc1)F)cccc2)CN(C)C,9.853871964321762
N(CCC1Cc2ccccc2C=1Cc1ccc(cc1)F)(C)C,9.853871964321762
CN(CCC1Cc2ccccc2C=1Cc1ccc(F)cc1)C,9.853871964321762
N(C)(CCC1Cc2ccccc2C=1Cc1ccc(cc1)F)C,9.853871964321762
Fc1ccc(CC2=C(Cc3c2cccc3)CCN(C)C)cc1,9.853871964321762
c1nc(C=Cc2ccc(cc2C)F)ccc1S(c1ccccc1F)(=O)=O,8.086186147616283
O=S(c1ccccc1F)(=O)c1ccc(C=Cc2ccc(F)cc2C)nc1,8.086186147616283
c1cccc(S(=O)(=O)c2ccc(C=Cc3ccc(F)cc3C)nc2)c1F,8.086186147616283
c1(S(c2ccccc2F)(=O)=O)ccc(C=Cc2c(cc(cc2)F)C)nc1,8.086186147616283
c1nc(C=Cc2ccc(F)cc2C)ccc1S(=O)(c1c(cccc1)F)=O,8.086186147616283
C1(CCN(C1)CCCc1c2c(cccc2)on1)NS(=O)(=O)c1cc2ccccc2s1,8.500038134403809
S(NC1CN(CCCc2c3c(cccc3)on2)CC1)(=O)(=O)c1sc2ccccc2c1,8.500038134403809
c1(sc2c(cccc2)c1)S(=O)(=O)NC1CN(CCCc2c3c(cccc3)on2)CC1,8.500038134403809
c1(c2ccccc2on1)CCCN1CCC(NS(=O)(c2sc3ccccc3c2)=O)C1,8.500038134403809
c1(CCCN2CCC(C2)NS(=O)(c2cc3ccccc3s2)=O)c2ccccc2on1,8.500038134403809
c1c(c(Br)cc2N(C(=O)Nc3cnccc3)CCc12)SC,6.299997602857746
c1cncc(c1)NC(=O)N1c2c(cc(c(Br)c2)SC)CC1,6.299997602857746
c1(cc2CCN(C(=O)Nc3cccnc3)c2cc1Br)SC,6.299997602857746
N(C(N1CCc2cc(SC)c(Br)cc12)=O)c1cccnc1,6.299997602857746
c1ncccc1NC(=O)N1CCc2cc(SC)c(cc12)Br,6.299997602857746
c1cccc(-c2c(Cl)ccc(c2)CNCCCC)c1OC,6.552841968657781
c1cc(cc(c1Cl)-c1c(OC)cccc1)CNCCCC,6.552841968657781
N(CCCC)Cc1ccc(Cl)c(-c2ccccc2OC)c1,6.552841968657781
c1(c(OC)cccc1)-c1cc(ccc1Cl)CNCCCC,6.552841968657781
O(C)c1ccccc1-c1c(ccc(CNCCCC)c1)Cl,6.552841968657781
O(c1ccc(NC(N2CCc3c2cc(C(F)(F)F)cc3)=O)cn1)Cc1ncccc1,6.599997654072044
c1(COc2ccc(NC(=O)N3c4cc(C(F)(F)F)ccc4CC3)cn2)ccccn1,6.599997654072044
c12ccc(cc2N(C(=O)Nc2ccc(nc2)OCc2ccccn2)CC1)C(F)(F)F,6.599997654072044
c1cc(ncc1NC(=O)N1c2cc(ccc2CC1)C(F)(F)F)OCc1ccccn1,6.599997654072044
c1(NC(=O)N2c3c(CC2)ccc(c3)C(F)(F)F)ccc(OCc2ncccc2)nc1,6.599997654072044
c12ccccc2c(nc(N2CCN(CCO)CC2)n1)Nc1ccc(Br)cc1,7.035976207159966
N(c1ccc(cc1)Br)c1nc(nc2ccccc21)N1CCN(CC1)CCO,7.035976207159966
c1c(Br)ccc(Nc2c3ccccc3nc(N3CCN(CC3)CCO)n2)c1,7.035976207159966
c1(Br)ccc(Nc2nc(N3CCN(CCO)CC3)nc3c2cccc3)cc1,7.035976207159966
c1(Br)ccc(cc1)Nc1nc(nc2c1cccc2)N1CCN(CCO)CC1,7.035976207159966
Fc1ccc2c(c1)cccc2N1CCN(CCCOc2ccc3c(C(=O)NC3)c2)CC1,8.450996737974211
c12c(ccc(c1)OCCCN1CCN(CC1)c1c3c(ccc1)cc(cc3)F)CNC2=O,8.450996737974211
O=C1NCc2c1cc(cc2)OCCCN1CCN(CC1)c1c2c(cc(cc2)F)ccc1,8.450996737974211
C(CN1CCN(CC1)c1c2ccc(F)cc2ccc1)COc1ccc2CNC(=O)c2c1,8.450996737974211
C1N(c2cccc3c2ccc(c3)F)CCN(CCCOc2cc3c(cc2)CNC3=O)C1,8.450996737974211
C1CN(CCC2CCN(CC2)S(=O)(=O)c2c3cccnc3ccc2)CCN1c1c(Cl)c(Cl)ccc1,6.543633966870957
C1N(CCC2CCN(S(=O)(c3c4c(nccc4)ccc3)=O)CC2)CCN(C1)c1cccc(Cl)c1Cl,6.543633966870957
C1CN(CCC2CCN(S(=O)(=O)c3cccc4ncccc34)CC2)CCN1c1c(c(ccc1)Cl)Cl,6.543633966870957
N1(CCC2CCN(S(c3cccc4ncccc43)(=O)=O)CC2)CCN(c2cccc(Cl)c2Cl)CC1,6.543633966870957
C1CC(CCN2CCN(CC2)c2c(c(ccc2)Cl)Cl)CCN1S(c1c2c(ccc1)nccc2)(=O)=O,6.543633966870957
C1C(CCN2CCC(CC2)c2c3c(ccc2)OCO3)CCC(C1)NC(CS(C)(=O)=O)=O,7.568636235841013
O=S(CC(=O)NC1CCC(CC1)CCN1CCC(CC1)c1cccc2OCOc12)(=O)C,7.568636235841013
N1(CCC(CC1)c1c2c(OCO2)ccc1)CCC1CCC(NC(CS(C)(=O)=O)=O)CC1,7.568636235841013
c1(C2CCN(CCC3CCC(CC3)NC(=O)CS(C)(=O)=O)CC2)c2OCOc2ccc1,7.568636235841013
O=S(=O)(CC(=O)NC1CCC(CC1)CCN1CCC(CC1)c1cccc2OCOc21)C,7.568636235841013
c1c2c(nc(c1)OCCCCN1CCN(CC1)c1cccc3c1cccc3F)NC(=O)CC2,8.481486060122112
c1c(c2c(cc1)c(N1CCN(CCCCOc3nc4NC(=O)CCc4cc3)CC1)ccc2)F,8.481486060122112
c1(N2CCN(CC2)CCCCOc2ccc3c(n2)NC(CC3)=O)cccc2c1cccc2F,8.481486060122112
C(COc1nc2c(CCC(N2)=O)cc1)CCN1CCN(c2c3c(ccc2)c(ccc3)F)CC1,8.481486060122112
Fc1cccc2c(N3CCN(CCCCOc4ccc5c(NC(=O)CC5)n4)CC3)cccc21,8.481486060122112
c1cc(Cl)ccc1N1CCN(CC1)CCN1CCC2(C1)c1ccccc1NC2=O,7.167491087293763
c1(ccc(cc1)Cl)N1CCN(CCN2CCC3(c4c(NC3=O)cccc4)C2)CC1,7.167491087293763
C1CN(CCN1c1ccc(cc1)Cl)CCN1CCC2(C1)C(=O)Nc1c2cccc1,7.167491087293763
C1C2(CN(CCN3CCN(c4ccc(Cl)cc4)CC3)C1)C(=O)Nc1ccccc12,7.167491087293763
O=C1Nc2ccccc2C21CCN(CCN1CCN(c3ccc(Cl)cc3)CC1)C2,7.167491087293763
O1CC(CCC1)CC(=O)NC1CCC(CC1)CCN1CCC(c2cccc3OCOc23)CC1,7.70421305974839
C(CC1CCC(NC(CC2CCCOC2)=O)CC1)N1CCC(CC1)c1c2OCOc2ccc1,7.70421305974839
C1CC(c2c3c(ccc2)OCO3)CCN1CCC1CCC(CC1)NC(CC1COCCC1)=O,7.70421305974839
C1(NC(=O)CC2COCCC2)CCC(CCN2CCC(c3c4OCOc4ccc3)CC2)CC1,7.70421305974839
O1CC(CCC1)CC(NC1CCC(CC1)CCN1CCC(CC1)c1cccc2c1OCO2)=O,7.70421305974839
C(CN1CCN(C(c2c(Br)cn(C)n2)=O)CC1)c1c(F)cc(F)cc1,8.958607314841775
N1(C(c2c(cn(n2)C)Br)=O)CCN(CCc2c(F)cc(F)cc2)CC1,8.958607314841775
C1CN(C(=O)c2nn(cc2Br)C)CCN1CCc1c(cc(cc1)F)F,8.958607314841775
C(N1CCN(CC1)C(=O)c1nn(C)cc1Br)Cc1c(cc(cc1)F)F,8.958607314841775
c1cc(cc(F)c1CCN1CCN(CC1)C(=O)c1nn(cc1Br)C)F,8.958607314841775
C1N(CCC(c2coc3c2cccc3)C1)CCC1CCC(CC1)NC(=O)c1ccc(cc1)C(F)(F)F,8.323306390375134
c1c2c(ccc1)occ2C1CCN(CC1)CCC1CCC(NC(=O)c2ccc(C(F)(F)F)cc2)CC1,8.323306390375134
FC(c1ccc(cc1)C(=O)NC1CCC(CC1)CCN1CCC(CC1)c1coc2ccccc21)(F)F,8.323306390375134
c1cc2c(cc1)occ2C1CCN(CC1)CCC1CCC(NC(c2ccc(cc2)C(F)(F)F)=O)CC1,8.323306390375134
c1c(C2CCN(CC2)CCC2CCC(NC(=O)c3ccc(cc3)C(F)(F)F)CC2)c2ccccc2o1,8.323306390375134
c1c2CC(N(CCCCOc3ccn4ncc(c4c3)C=NO)CCC)CCc2c(cc1)O,5.795880017344075
c1(cccc2c1CCC(C2)N(CCCCOc1ccn2ncc(c2c1)C=NO)CCC)O,5.795880017344075
Oc1cccc2c1CCC(N(CCC)CCCCOc1ccn3c(c(cn3)C=NO)c1)C2,5.795880017344075
n1n2c(cc(cc2)OCCCCN(CCC)C2CCc3c(C2)cccc3O)c(C=NO)c1,5.795880017344075
c12CCC(N(CCCCOc3cc4n(cc3)ncc4C=NO)CCC)Cc1cccc2O,5.795880017344075
N1(C(Nc2cnccc2)=O)CCc2cc(SC)c(OC(F)(F)F)cc21,5.499999678657065
C(F)(F)(Oc1cc2N(C(Nc3cnccc3)=O)CCc2cc1SC)F,5.499999678657065
c1ncccc1NC(=O)N1c2cc(OC(F)(F)F)c(SC)cc2CC1,5.499999678657065
N(C(=O)N1c2c(cc(c(OC(F)(F)F)c2)SC)CC1)c1cnccc1,5.499999678657065
FC(Oc1cc2N(CCc2cc1SC)C(=O)Nc1cccnc1)(F)F,5.499999678657065
N1(CCN(CC1)CCC1CCC(NC(CC2CCOCC2)=O)CC1)c1c2c(cc(C)n1)occ2,7.11975822410452
C(C1CCC(CC1)NC(CC1CCOCC1)=O)CN1CCN(CC1)c1nc(C)cc2c1cco2,7.11975822410452
N1(c2c3c(occ3)cc(C)n2)CCN(CCC2CCC(CC2)NC(=O)CC2CCOCC2)CC1,7.11975822410452
c1(N2CCN(CCC3CCC(CC3)NC(CC3CCOCC3)=O)CC2)nc(C)cc2c1cco2,7.11975822410452
C(CC1CCC(CC1)NC(CC1CCOCC1)=O)N1CCN(c2c3ccoc3cc(C)n2)CC1,7.11975822410452
c1(C2CCN(CCn3ccc4c(cnc(C)n4)c3=O)CC2)noc2c1cccc2,8.11690664142431
c1n(c(=O)c2c(c1)nc(C)nc2)CCN1CCC(CC1)c1c2c(on1)cccc2,8.11690664142431
c1cccc2onc(C3CCN(CCn4ccc5nc(C)ncc5c4=O)CC3)c21,8.11690664142431
c1(C)ncc2c(n(CCN3CCC(CC3)c3c4c(cccc4)on3)ccc2n1)=O,8.11690664142431
o1nc(c2ccccc21)C1CCN(CCn2c(c3cnc(C)nc3cc2)=O)CC1,8.11690664142431
N(C(C)CO)C(=O)C1CN(C)C2Cc3c[nH]c4c3c(C2=C1)ccc4,9.200659450546418
O=C(C1CN(C2C(=C1)c1c3c(c[nH]c3ccc1)C2)C)NC(CO)C,9.200659450546418
CN1C2Cc3c4c(cccc4C2=CC(C1)C(NC(C)CO)=O)[nH]c3,9.200659450546418
C12C(c3c4c(C2)c[nH]c4ccc3)=CC(C(NC(CO)C)=O)CN1C,9.200659450546418
CN1C2C(c3c4c(C2)c[nH]c4ccc3)=CC(C1)C(NC(C)CO)=O,9.200659450546418
N1CCC(F)C(C1)c1c([nH]c2cc(F)ccc21)C(=O)OC,7.982966660701219
c12c(C3CNCCC3F)c(C(=O)OC)[nH]c2cc(cc1)F,7.982966660701219
O=C(c1[nH]c2cc(ccc2c1C1C(CCNC1)F)F)OC,7.982966660701219
c1c2[nH]c(c(c2ccc1F)C1CNCCC1F)C(OC)=O,7.982966660701219
C1NCCC(C1c1c2ccc(cc2[nH]c1C(OC)=O)F)F,7.982966660701219
c1ccc2c(c1)onc2N1CCN(CCCNS(=O)(=O)c2cc3ccccc3s2)CC1,6.3872161432802645
c12c(sc(c1)S(NCCCN1CCN(c3c4c(on3)cccc4)CC1)(=O)=O)cccc2,6.3872161432802645
C(NS(c1cc2c(s1)cccc2)(=O)=O)CCN1CCN(c2c3ccccc3on2)CC1,6.3872161432802645
c1cccc2c1c(N1CCN(CC1)CCCNS(c1sc3ccccc3c1)(=O)=O)no2,6.3872161432802645
c1cccc2c(noc12)N1CCN(CCCNS(=O)(=O)c2sc3c(c2)cccc3)CC1,6.3872161432802645
c1cc2c(nc(nc2cc1)N1CCNCC1)Nc1ccc(cc1)C(C)C,7.375305468727919
c12ccccc2nc(N2CCNCC2)nc1Nc1ccc(cc1)C(C)C,7.375305468727919
C1CNCCN1c1nc(Nc2ccc(C(C)C)cc2)c2c(cccc2)n1,7.375305468727919
C(C)(C)c1ccc(cc1)Nc1nc(nc2ccccc21)N1CCNCC1,7.375305468727919
C1N(c2nc3c(cccc3)c(n2)Nc2ccc(C(C)C)cc2)CCNC1,7.375305468727919
C(N1CCN(c2c3c(cccc3)on2)CC1)CCCNS(=O)(=O)c1ccc2c(c1)ccc(Cl)c2,8.113509274827518
c1c2ccc(S(=O)(NCCCCN3CCN(c4c5ccccc5on4)CC3)=O)cc2ccc1Cl,8.113509274827518
c1(ccc2c(ccc(Cl)c2)c1)S(=O)(NCCCCN1CCN(CC1)c1noc2c1cccc2)=O,8.113509274827518
n1c(c2c(o1)cccc2)N1CCN(CC1)CCCCNS(c1ccc2cc(ccc2c1)Cl)(=O)=O,8.113509274827518
C(CCNS(c1ccc2c(ccc(c2)Cl)c1)(=O)=O)CN1CCN(CC1)c1c2c(cccc2)on1,8.113509274827518
c1(OCCCCN2CCN(CC2)c2c(Cl)c(C(F)(F)F)ccc2)nc2c(CCC(=O)N2)cc1,7.920818753952375
C1CN(CCN1CCCCOc1ccc2CCC(=O)Nc2n1)c1c(c(ccc1)C(F)(F)F)Cl,7.920818753952375
C1CC(Nc2nc(OCCCCN3CCN(c4cccc(C(F)(F)F)c4Cl)CC3)ccc12)=O,7.920818753952375
n1c2c(CCC(=O)N2)ccc1OCCCCN1CCN(CC1)c1cccc(c1Cl)C(F)(F)F,7.920818753952375
FC(c1cccc(c1Cl)N1CCN(CCCCOc2ccc3c(n2)NC(CC3)=O)CC1)(F)F,7.920818753952375
O1C2C(c3ccccc3Oc3c2cccc3)CC1CN(C)C,7.033389013318065
C12C(c3c(cccc3)Oc3c2cccc3)OC(C1)CN(C)C,7.033389013318065
c1ccc2Oc3ccccc3C3C(CC(CN(C)C)O3)c2c1,7.033389013318065
O1C(CN(C)C)CC2c3c(cccc3)Oc3c(cccc3)C21,7.033389013318065
c12c(C3CC(CN(C)C)OC3c3c(O2)cccc3)cccc1,7.033389013318065
N1(CCOc2c(-c3n(C)ncc3Br)cc(NC(=O)Nc3ccc(cc3)Cl)cc2)CCOCC1,9.200659450546418
c1nn(c(c1Br)-c1cc(ccc1OCCN1CCOCC1)NC(=O)Nc1ccc(cc1)Cl)C,9.200659450546418
c1(c(n(C)nc1)-c1cc(ccc1OCCN1CCOCC1)NC(Nc1ccc(cc1)Cl)=O)Br,9.200659450546418
N1(CCOc2ccc(NC(=O)Nc3ccc(Cl)cc3)cc2-c2n(C)ncc2Br)CCOCC1,9.200659450546418
n1(ncc(Br)c1-c1c(ccc(NC(=O)Nc2ccc(Cl)cc2)c1)OCCN1CCOCC1)C,9.200659450546418
c1cc(-c2n(C(C)C)nc3CCNCCc32)ccc1NC,8.522878745280337
c1cc(ccc1-c1n(C(C)C)nc2c1CCNCC2)NC,8.522878745280337
C1NCCc2c(-c3ccc(NC)cc3)n(nc2C1)C(C)C,8.522878745280337
C1c2c(n(nc2CCNC1)C(C)C)-c1ccc(cc1)NC,8.522878745280337
c1(NC)ccc(-c2c3c(nn2C(C)C)CCNCC3)cc1,8.522878745280337
O(C(c1cc2c(cc1)on2CC1OC2C(c3c(cccc3)Oc3c2cc(Br)cc3)C1)=O)CC,7.013228265733755
C1(Cn2c3cc(ccc3o2)C(=O)OCC)OC2c3c(ccc(Br)c3)Oc3c(cccc3)C2C1,7.013228265733755
C(=O)(OCC)c1cc2c(cc1)on2CC1CC2c3ccccc3Oc3ccc(Br)cc3C2O1,7.013228265733755
C(c1ccc2on(CC3OC4c5cc(Br)ccc5Oc5c(cccc5)C4C3)c2c1)(=O)OCC,7.013228265733755
c1cc(cc2c1Oc1ccccc1C1CC(OC12)Cn1c2c(ccc(c2)C(OCC)=O)o1)Br,7.013228265733755
c12n(c3c(c2)cccc3Cl)CCNC1,6.318758762624412
c12c(Cl)cccc1cc1n2CCNC1,6.318758762624412
c1(Cl)c2n3CCNCc3cc2ccc1,6.318758762624412
c12n3c(cc1cccc2Cl)CNCC3,6.318758762624412
c12cc3n(CCNC3)c2c(Cl)ccc1,6.318758762624412
COc1cc(Br)c(cc1CCNCc1cccc(c1OC)OC)OC,8.510041520575164
O(c1cc(c(OC)cc1CCNCc1cccc(c1OC)OC)Br)C,8.510041520575164
c1(cc(CCNCc2cccc(c2OC)OC)c(cc1Br)OC)OC,8.510041520575164
COc1cc(Br)c(cc1CCNCc1c(OC)c(OC)ccc1)OC,8.510041520575164
c1c(OC)c(cc(OC)c1Br)CCNCc1cccc(c1OC)OC,8.510041520575164
COc1ccccc1N1CCN(CC1)CCCCCCn1c(c2c(C3CC2CC3)c1O)O,6.105130343254747
C1CN(c2c(cccc2)OC)CCN1CCCCCCn1c(c2c(c1O)C1CCC2C1)O,6.105130343254747
n1(CCCCCCN2CCN(c3ccccc3OC)CC2)c(c2C3CCC(c2c1O)C3)O,6.105130343254747
N1(CCN(c2ccccc2OC)CC1)CCCCCCn1c(c2c(C3CCC2C3)c1O)O,6.105130343254747
c12c(n(CCCCCCN3CCN(CC3)c3c(cccc3)OC)c(O)c2C2CC1CC2)O,6.105130343254747
Nc1nc(N2CCN(C)CC2)nc(COc2cc(C)ccc2C(C)C)n1,6.366531544420414
O(Cc1nc(nc(n1)N1CCN(CC1)C)N)c1c(ccc(c1)C)C(C)C,6.366531544420414
c1(cc(OCc2nc(N)nc(N3CCN(C)CC3)n2)c(C(C)C)cc1)C,6.366531544420414
c1(C)ccc(C(C)C)c(OCc2nc(N)nc(N3CCN(C)CC3)n2)c1,6.366531544420414
C1N(CCN(c2nc(COc3c(ccc(c3)C)C(C)C)nc(n2)N)C1)C,6.366531544420414
CN(C)CCc1c2c([nH]cc2S(=O)(=O)c2ccccc2)ccc1,6.581698708680254
c1(S(=O)(c2ccccc2)=O)c[nH]c2c1c(ccc2)CCN(C)C,6.581698708680254
C(N(C)C)Cc1c2c(S(=O)(=O)c3ccccc3)c[nH]c2ccc1,6.581698708680254
N(C)(C)CCc1cccc2c1c(c[nH]2)S(c1ccccc1)(=O)=O,6.581698708680254
c12c(c[nH]c2cccc1CCN(C)C)S(=O)(=O)c1ccccc1,6.581698708680254
N1(CCN(CC1)c1ccc(Cl)cc1)CCCOc1ccccc1,7.703334809738469
c1c(ccc(c1)N1CCN(CC1)CCCOc1ccccc1)Cl,7.703334809738469
C1N(CCN(C1)c1ccc(cc1)Cl)CCCOc1ccccc1,7.703334809738469
C1N(c2ccc(Cl)cc2)CCN(CCCOc2ccccc2)C1,7.703334809738469
c1cc(ccc1)OCCCN1CCN(CC1)c1ccc(cc1)Cl,7.703334809738469
c1ccc(cc1)C(c1ccccc1)N1CCN(CC1)C,7.1938200260161125
N1(CCN(CC1)C(c1ccccc1)c1ccccc1)C,7.1938200260161125
C1CN(C)CCN1C(c1ccccc1)c1ccccc1,7.1938200260161125
c1(ccccc1)C(N1CCN(CC1)C)c1ccccc1,7.1938200260161125
c1cc(ccc1)C(N1CCN(CC1)C)c1ccccc1,7.1938200260161125
CC(C)(Oc1ccc(C(=O)NC2CCC(CCN3CCC(c4c5CCOc5ccc4)CC3)CC2)cc1)C,7.368556230986828
C1CC(CCN1CCC1CCC(CC1)NC(=O)c1ccc(cc1)OC(C)(C)C)c1cccc2c1CCO2,7.368556230986828
CC(C)(C)Oc1ccc(C(=O)NC2CCC(CCN3CCC(c4c5c(OCC5)ccc4)CC3)CC2)cc1,7.368556230986828
O(C(C)(C)C)c1ccc(cc1)C(=O)NC1CCC(CC1)CCN1CCC(CC1)c1c2CCOc2ccc1,7.368556230986828
N(C1CCC(CCN2CCC(CC2)c2cccc3OCCc23)CC1)C(=O)c1ccc(OC(C)(C)C)cc1,7.368556230986828
C(N(CCc1c[nH]c2ccc(cc21)C)CC=C)C=C,6.139997578098902
C(CN(CCc1c2cc(C)ccc2[nH]c1)CC=C)=C,6.139997578098902
C(=C)CN(CC=C)CCc1c[nH]c2c1cc(cc2)C,6.139997578098902
C(C=C)N(CC=C)CCc1c[nH]c2c1cc(cc2)C,6.139997578098902
C(N(CC=C)CC=C)Cc1c2cc(ccc2[nH]c1)C,6.139997578098902
C1CC(CC(=O)NC2CCC(CCN3CCN(c4c5c(OCC5)ccn4)CC3)CC2)OC1,7.603800652904264
N(C(CC1OCCC1)=O)C1CCC(CC1)CCN1CCN(c2c3CCOc3ccn2)CC1,7.603800652904264
n1ccc2c(c1N1CCN(CCC3CCC(CC3)NC(=O)CC3OCCC3)CC1)CCO2,7.603800652904264
C(CN1CCN(CC1)c1nccc2c1CCO2)C1CCC(NC(=O)CC2CCCO2)CC1,7.603800652904264
C1C(CCN2CCN(c3c4c(OCC4)ccn3)CC2)CCC(C1)NC(CC1CCCO1)=O,7.603800652904264
c1cc2nc(nc(c2cc1)Nc1c(OC)cccc1)N1CCNCC1,7.339419087572701
n1c(nc(c2ccccc21)Nc1c(OC)cccc1)N1CCNCC1,7.339419087572701
c1cccc2c(nc(nc12)N1CCNCC1)Nc1c(cccc1)OC,7.339419087572701
c12c(cccc2)nc(nc1Nc1c(OC)cccc1)N1CCNCC1,7.339419087572701
c1cccc2c1nc(nc2Nc1c(OC)cccc1)N1CCNCC1,7.339419087572701
c1cc2c(noc2cc1F)C1CCN(CC1)CCN(CC)S(=O)(C(CO)C)=O,6.525783735923745
c12ccc(F)cc2onc1C1CCN(CC1)CCN(CC)S(=O)(C(CO)C)=O,6.525783735923745
C(O)C(C)S(=O)(=O)N(CCN1CCC(CC1)c1noc2cc(F)ccc12)CC,6.525783735923745
Fc1ccc2c(c1)onc2C1CCN(CCN(CC)S(=O)(=O)C(C)CO)CC1,6.525783735923745
S(C(C)CO)(=O)(N(CCN1CCC(CC1)c1noc2c1ccc(F)c2)CC)=O,6.525783735923745
C(CN1S(=O)(c2c(C1=O)cccc2)=O)CCCCN1CCN(c2ccccc2)CC1,6.493494967595128
c1cc2S(=O)(N(C(c2cc1)=O)CCCCCCN1CCN(c2ccccc2)CC1)=O,6.493494967595128
c1cccc(N2CCN(CC2)CCCCCCN2C(=O)c3ccccc3S2(=O)=O)c1,6.493494967595128
C(CCCCCN1CCN(CC1)c1ccccc1)N1S(=O)(c2ccccc2C1=O)=O,6.493494967595128
c1ccc(cc1)N1CCN(CCCCCCN2C(=O)c3c(S2(=O)=O)cccc3)CC1,6.493494967595128
C1C(CCN(CCN(CC)S(=O)(CCO)=O)C1)c1noc2c1cc(cc2)C,7.349692476868063
c1cc2onc(C3CCN(CC3)CCN(S(=O)(CCO)=O)CC)c2cc1C,7.349692476868063
CCN(CCN1CCC(c2noc3c2cc(C)cc3)CC1)S(=O)(=O)CCO,7.349692476868063
C1CC(CCN1CCN(CC)S(=O)(CCO)=O)c1c2c(on1)ccc(c2)C,7.349692476868063
Cc1ccc2c(c(C3CCN(CCN(CC)S(CCO)(=O)=O)CC3)no2)c1,7.349692476868063
c1(noc2c1cccc2)CCCN1CCC(C1)NS(c1c2c(sc1)cccc2)(=O)=O,9.379968104873702
c12c(c(CCCN3CCC(NS(=O)(=O)c4c5ccccc5sc4)C3)no2)cccc1,9.379968104873702
c1cccc2c1onc2CCCN1CCC(NS(c2c3ccccc3sc2)(=O)=O)C1,9.379968104873702
S(NC1CN(CCCc2noc3c2cccc3)CC1)(=O)(=O)c1c2c(sc1)cccc2,9.379968104873702
C(N1CCC(NS(=O)(c2csc3ccccc23)=O)C1)CCc1c2c(on1)cccc2,9.379968104873702
c1(n(CCCCN2CCC(CC2)c2c[nH]c3c2cccc3)c(c(-c2c[nH]c3ccc(OC)cc32)c1)O)O,7.508638306165727
[nH]1c2c(c(C3CCN(CCCCn4c(O)c(cc4O)-c4c5cc(OC)ccc5[nH]c4)CC3)c1)cccc2,7.508638306165727
Oc1n(CCCCN2CCC(c3c[nH]c4c3cccc4)CC2)c(c(c1)-c1c[nH]c2ccc(cc12)OC)O,7.508638306165727
c1(c(cc(O)n1CCCCN1CCC(CC1)c1c2ccccc2[nH]c1)-c1c2cc(OC)ccc2[nH]c1)O,7.508638306165727
C1CN(CCCCn2c(O)cc(-c3c4cc(ccc4[nH]c3)OC)c2O)CCC1c1c[nH]c2c1cccc2,7.508638306165727
c12ccc(OCCCN3CCN(CC3)c3c(F)cccc3)c(C(C)=O)c2oc(=O)cc1C,7.568636235841013
N1(c2ccccc2F)CCN(CC1)CCCOc1ccc2c(C)cc(=O)oc2c1C(=O)C,7.568636235841013
c12c(oc(cc1C)=O)c(c(OCCCN1CCN(CC1)c1c(cccc1)F)cc2)C(C)=O,7.568636235841013
C(N1CCN(CC1)c1ccccc1F)CCOc1c(C(C)=O)c2oc(=O)cc(c2cc1)C,7.568636235841013
c1(ccccc1N1CCN(CC1)CCCOc1c(C(=O)C)c2c(cc1)c(cc(o2)=O)C)F,7.568636235841013
C1CN(CCN1CCCNc1cncc(Cl)n1)c1ccccc1,7.5376020021010435
c1ccccc1N1CCN(CC1)CCCNc1nc(Cl)cnc1,7.5376020021010435
c1ccc(N2CCN(CC2)CCCNc2nc(cnc2)Cl)cc1,7.5376020021010435
C(CN1CCN(CC1)c1ccccc1)CNc1nc(cnc1)Cl,7.5376020021010435
C1CN(CCCNc2cncc(n2)Cl)CCN1c1ccccc1,7.5376020021010435
C1(c2c3c(on2)cc(cc3)F)CCN(CC1)CCCOc1ccc(CN2CCCC2)cc1,8.065501548756432
C1CCN(Cc2ccc(OCCCN3CCC(c4c5ccc(cc5on4)F)CC3)cc2)C1,8.065501548756432
N1(CCCC1)Cc1ccc(cc1)OCCCN1CCC(c2c3c(cc(F)cc3)on2)CC1,8.065501548756432
C1CN(Cc2ccc(OCCCN3CCC(CC3)c3c4c(on3)cc(F)cc4)cc2)CC1,8.065501548756432
c1(cc2c(c(no2)C2CCN(CC2)CCCOc2ccc(CN3CCCC3)cc2)cc1)F,8.065501548756432
c1ccncc1NC(=O)N1CCc2c1cc(cc2)C(F)(F)F,6.299997602857746
c1(cccnc1)NC(=O)N1CCc2c1cc(cc2)C(F)(F)F,6.299997602857746
FC(F)(F)c1ccc2c(c1)N(CC2)C(Nc1cccnc1)=O,6.299997602857746
c1c(cncc1)NC(=O)N1CCc2c1cc(C(F)(F)F)cc2,6.299997602857746
n1cc(NC(=O)N2CCc3c2cc(C(F)(F)F)cc3)ccc1,6.299997602857746
c1(ccc(COC(N(C2CCN(C)CC2)Cc2ccc(C)cc2F)=O)cc1)OC(C)C,7.300162274132754
c1(CN(C2CCN(CC2)C)C(=O)OCc2ccc(OC(C)C)cc2)ccc(cc1F)C,7.300162274132754
c1cc(c(F)cc1C)CN(C(OCc1ccc(cc1)OC(C)C)=O)C1CCN(C)CC1,7.300162274132754
CC(Oc1ccc(COC(=O)N(C2CCN(CC2)C)Cc2ccc(cc2F)C)cc1)C,7.300162274132754
c1(cc(c(cc1)CN(C1CCN(CC1)C)C(=O)OCc1ccc(cc1)OC(C)C)F)C,7.300162274132754
O(C)c1cc2c(cc1OC(C)C)CC1c3c-2c(OC)c(OC)cc3CCN1C,6.1249387366083
c12c(-c3c4C(C2)N(C)CCc4cc(OC)c3OC)cc(OC)c(c1)OC(C)C,6.1249387366083
c1(OC)c(cc2c3C(Cc4cc(OC(C)C)c(cc4-c13)OC)N(C)CC2)OC,6.1249387366083
COc1cc2c3c(-c4c(cc(OC(C)C)c(OC)c4)CC3N(CC2)C)c1OC,6.1249387366083
c12c3c(CCN(C)C3Cc3cc(c(cc3-2)OC)OC(C)C)cc(c1OC)OC,6.1249387366083
c1ccc(C(OCCN(C)C)c2ccccc2)cc1,6.431798275933005
c1c(cccc1)C(OCCN(C)C)c1ccccc1,6.431798275933005
CN(CCOC(c1ccccc1)c1ccccc1)C,6.431798275933005
c1cc(C(c2ccccc2)OCCN(C)C)ccc1,6.431798275933005
c1ccc(C(c2ccccc2)OCCN(C)C)cc1,6.431798275933005
c1ccc(Br)c(C2CC(N(C)C)Cc3ccccc32)c1,5.958607314841775
CN(C1CC(c2c(cccc2)C1)c1c(cccc1)Br)C,5.958607314841775
c12ccccc1CC(N(C)C)CC2c1c(cccc1)Br,5.958607314841775
c1c2c(CC(N(C)C)CC2c2ccccc2Br)ccc1,5.958607314841775
c12c(C(CC(C2)N(C)C)c2ccccc2Br)cccc1,5.958607314841775
c1ccc2c(c3cn(C)cc3c(OCC3CCN(CCc4ccc(cc4)N)CC3)n2)c1,6.599997654072044
n1(C)cc2c3c(cccc3)nc(c2c1)OCC1CCN(CCc2ccc(N)cc2)CC1,6.599997654072044
C1CN(CCC1COc1c2c(cn(C)c2)c2c(n1)cccc2)CCc1ccc(cc1)N,6.599997654072044
c1cc(ccc1N)CCN1CCC(CC1)COc1c2c(cn(C)c2)c2c(cccc2)n1,6.599997654072044
c12c(OCC3CCN(CC3)CCc3ccc(cc3)N)nc3c(cccc3)c1cn(c2)C,6.599997654072044
c1c2c(cc(OC)c1OC)-c1c3c(cc(OCC=C)c1OC)CCN(C)C3C2,6.995678626217358
C1c2c3C(N(C1)C)Cc1cc(OC)c(cc1-c3c(c(OCC=C)c2)OC)OC,6.995678626217358
C1c2c3c(c(OC)c(c2)OCC=C)-c2c(cc(c(c2)OC)OC)CC3N(C)C1,6.995678626217358
c12c3c(cc(c2OC)OCC=C)CCN(C)C3Cc2cc(OC)c(OC)cc-12,6.995678626217358
COc1cc2-c3c4C(Cc2cc1OC)N(C)CCc4cc(OCC=C)c3OC,6.995678626217358
c1(c2cc(c(cc2c(nn1)NC1CCCC1)Cl)Cl)C(=O)N1CCC(CC1)O,4.886056647693163
C1CCCC1Nc1c2c(cc(Cl)c(Cl)c2)c(C(N2CCC(O)CC2)=O)nn1,4.886056647693163
c1(c(cc2c(c(C(N3CCC(O)CC3)=O)nnc2NC2CCCC2)c1)Cl)Cl,4.886056647693163
c1(cc2c(nnc(C(N3CCC(CC3)O)=O)c2cc1Cl)NC1CCCC1)Cl,4.886056647693163
c1c2c(nnc(C(N3CCC(CC3)O)=O)c2cc(Cl)c1Cl)NC1CCCC1,4.886056647693163
c1cc2CCCN3S(=O)(N(c(c1)c32)CCCCCCN1CCN(c2cc(ccc2)Cl)CC1)=O,6.549750891680639
c1c(Cl)cccc1N1CCN(CCCCCCN2S(=O)(=O)N3CCCc4c3c2ccc4)CC1,6.549750891680639
C1CN2S(=O)(=O)N(CCCCCCN3CCN(c4cc(ccc4)Cl)CC3)c3cccc(C1)c32,6.549750891680639
C1CCc2cccc3c2N1S(N3CCCCCCN1CCN(c2cc(Cl)ccc2)CC1)(=O)=O,6.549750891680639
c1(cccc(N2CCN(CCCCCCN3c4c5c(CCCN5S3(=O)=O)ccc4)CC2)c1)Cl,6.549750891680639
C(Oc1c(ccc(N2C(=O)c3c4cc(c(Cl)cc4n(C)c3C2)Cl)c1)OC)CN1CCCCC1,6.299997602857746
N1(CCOc2cc(N3C(=O)c4c5cc(c(Cl)cc5n(C)c4C3)Cl)ccc2OC)CCCCC1,6.299997602857746
c12c3c(cc(c(c3)Cl)Cl)n(c1CN(c1cc(OCCN3CCCCC3)c(OC)cc1)C2=O)C,6.299997602857746
c1c2c(c3C(=O)N(c4ccc(c(OCCN5CCCCC5)c4)OC)Cc3n2C)cc(c1Cl)Cl,6.299997602857746
N1(CCCCC1)CCOc1cc(N2C(=O)c3c(n(C)c4c3cc(Cl)c(Cl)c4)C2)ccc1OC,6.299997602857746
c1cc2ccc(OCCCNCC3CC3c3c(ccc(F)c3)OC)cc2[nH]c1=O,6.282158974217376
C(C1C(C1)c1cc(ccc1OC)F)NCCCOc1ccc2ccc([nH]c2c1)=O,6.282158974217376
c1c(OCCCNCC2CC2c2c(ccc(c2)F)OC)ccc2c1[nH]c(cc2)=O,6.282158974217376
c12c(ccc(c2)OCCCNCC2C(c3cc(ccc3OC)F)C2)ccc([nH]1)=O,6.282158974217376
c1(cc(c(OC)cc1)C1CC1CNCCCOc1cc2c(cc1)ccc([nH]2)=O)F,6.282158974217376
c1ccc(cc1-c1[nH]ncc1N1CCNCC1)Cl,6.079354998593212
c1(-c2cc(Cl)ccc2)c(N2CCNCC2)cn[nH]1,6.079354998593212
c1c(-c2[nH]ncc2N2CCNCC2)cccc1Cl,6.079354998593212
c1ccc(Cl)cc1-c1[nH]ncc1N1CCNCC1,6.079354998593212
C1CNCCN1c1c(-c2cc(ccc2)Cl)[nH]nc1,6.079354998593212
c1c(C(=O)Nc2ccc(OCCN3CCOCC3)c(-c3ccnn3C)c2)ccc(c1)C(F)(F)F,8.619788758288394
c1nn(C)c(c1)-c1c(OCCN2CCOCC2)ccc(c1)NC(c1ccc(cc1)C(F)(F)F)=O,8.619788758288394
FC(c1ccc(C(Nc2ccc(OCCN3CCOCC3)c(c2)-c2ccnn2C)=O)cc1)(F)F,8.619788758288394
Cn1nccc1-c1cc(NC(c2ccc(C(F)(F)F)cc2)=O)ccc1OCCN1CCOCC1,8.619788758288394
c1(ccc(C(=O)Nc2cc(-c3n(C)ncc3)c(cc2)OCCN2CCOCC2)cc1)C(F)(F)F,8.619788758288394
c1(OC(C)=O)c2c(CC3c4c-2cccc4CCN3CCC)ccc1,7.142667503568732
C1C2N(CCc3c2c(-c2c1cccc2OC(=O)C)ccc3)CCC,7.142667503568732
CC(=O)Oc1cccc2CC3N(CCc4cccc(c34)-c12)CCC,7.142667503568732
CCCN1CCc2c3C1Cc1c(c(OC(=O)C)ccc1)-c3ccc2,7.142667503568732
C(C)CN1C2Cc3c(-c4c2c(ccc4)CC1)c(OC(=O)C)ccc3,7.142667503568732
COc1c(ccc(CCN(CCCc2ccc(cc2)I)CCc2cc3OCOc3cc2)c1)OC,6.540607512240769
c1cc(cc(OC)c1OC)CCN(CCCc1ccc(cc1)I)CCc1ccc2c(c1)OCO2,6.540607512240769
c12ccc(cc1OCO2)CCN(CCc1cc(OC)c(cc1)OC)CCCc1ccc(cc1)I,6.540607512240769
c1c2OCOc2cc(CCN(CCc2ccc(OC)c(c2)OC)CCCc2ccc(cc2)I)c1,6.540607512240769
C(c1cc2c(cc1)OCO2)CN(CCc1cc(c(cc1)OC)OC)CCCc1ccc(cc1)I,6.540607512240769
c1(F)cc2c(C3CCN(CC3)CCC3CCC(CC3)NC(=O)C)noc2cc1F,7.751046384504292
c1c(c(F)cc2onc(C3CCN(CC3)CCC3CCC(CC3)NC(=O)C)c21)F,7.751046384504292
C1C(CCN2CCC(CC2)c2noc3c2cc(c(F)c3)F)CCC(NC(C)=O)C1,7.751046384504292
c1(cc2onc(C3CCN(CC3)CCC3CCC(NC(C)=O)CC3)c2cc1F)F,7.751046384504292
C1C(CCN(CCC2CCC(NC(C)=O)CC2)C1)c1noc2c1cc(c(c2)F)F,7.751046384504292
n1c(N2CCN(CC2)CCC2CCC(NC(=O)c3c(CC)c4ccccc4s3)CC2)c2c(cccc2)s1,8.309803919971486
O=C(c1c(c2c(s1)cccc2)CC)NC1CCC(CCN2CCN(c3c4c(sn3)cccc4)CC2)CC1,8.309803919971486
c1cccc2c1sc(C(=O)NC1CCC(CC1)CCN1CCN(c3c4ccccc4sn3)CC1)c2CC,8.309803919971486
c12c(cccc2)c(c(C(=O)NC2CCC(CCN3CCN(CC3)c3c4ccccc4sn3)CC2)s1)CC,8.309803919971486
c1ccc2sc(C(=O)NC3CCC(CC3)CCN3CCN(CC3)c3nsc4c3cccc4)c(c2c1)CC,8.309803919971486
C(N1CCN(C(c2c(cn(n2)C)Br)=O)CC1)Cc1ccc(Cl)cc1,7.468521082957745
C1CN(CCN1CCc1ccc(Cl)cc1)C(c1nn(C)cc1Br)=O,7.468521082957745
c1(CCN2CCN(C(c3c(cn(C)n3)Br)=O)CC2)ccc(cc1)Cl,7.468521082957745
c1c(CCN2CCN(CC2)C(=O)c2nn(C)cc2Br)ccc(Cl)c1,7.468521082957745
Cn1nc(C(=O)N2CCN(CC2)CCc2ccc(Cl)cc2)c(c1)Br,7.468521082957745
C1CN(CCC1c1c2c(on1)cc(cc2)F)CCCOc1ccc(CN2CCCC2)c(c1)C,7.939302159646388
c1cc(F)cc2onc(C3CCN(CC3)CCCOc3ccc(CN4CCCC4)c(C)c3)c21,7.939302159646388
C1CN(CC1)Cc1ccc(OCCCN2CCC(CC2)c2c3ccc(F)cc3on2)cc1C,7.939302159646388
c1c2c(noc2cc(c1)F)C1CCN(CCCOc2cc(C)c(CN3CCCC3)cc2)CC1,7.939302159646388
c1(c2ccc(F)cc2on1)C1CCN(CCCOc2ccc(c(C)c2)CN2CCCC2)CC1,7.939302159646388
c1[nH]c2c(c1CCN(C)C)cc(P(OCC)(=O)OCC)cc2,6.2076083105017466
C(OP(OCC)(=O)c1ccc2c(c(CCN(C)C)c[nH]2)c1)C,6.2076083105017466
C(C)OP(=O)(OCC)c1ccc2c(c1)c(c[nH]2)CCN(C)C,6.2076083105017466
c1cc(P(OCC)(=O)OCC)cc2c(CCN(C)C)c[nH]c12,6.2076083105017466
C(N(C)C)Cc1c[nH]c2ccc(cc12)P(OCC)(OCC)=O,6.2076083105017466
C1C2N(C(=O)c3c2cc(cc3C(F)(F)F)C=C)CCN1,6.081445469449727
FC(F)(c1c2c(C3N(C2=O)CCNC3)cc(C=C)c1)F,6.081445469449727
c1(c2C(=O)N3C(c2cc(c1)C=C)CNCC3)C(F)(F)F,6.081445469449727
c1(C(F)(F)F)cc(cc2C3N(C(=O)c12)CCNC3)C=C,6.081445469449727
C1CN2C(c3c(c(cc(c3)C=C)C(F)(F)F)C2=O)CN1,6.081445469449727
C1CN(CCN1CCCSc1ccc(F)cc1)c1ccc(cc1)C(F)(F)F,5.947306058075032
C(CCSc1ccc(cc1)F)N1CCN(c2ccc(cc2)C(F)(F)F)CC1,5.947306058075032
C(CCN1CCN(c2ccc(C(F)(F)F)cc2)CC1)Sc1ccc(cc1)F,5.947306058075032
C1N(CCN(CCCSc2ccc(F)cc2)C1)c1ccc(cc1)C(F)(F)F,5.947306058075032
C1CN(c2ccc(C(F)(F)F)cc2)CCN1CCCSc1ccc(F)cc1,5.947306058075032
C1(CCC(CCN2CCN(c3c4c(ccn3)OCC4)CC2)CC1)NC(c1ccc(cc1)OC(C)(C)C)=O,7.382999658879101
C1N(c2c3c(OCC3)ccn2)CCN(C1)CCC1CCC(CC1)NC(=O)c1ccc(OC(C)(C)C)cc1,7.382999658879101
c1cc2c(c(n1)N1CCN(CC1)CCC1CCC(NC(c3ccc(OC(C)(C)C)cc3)=O)CC1)CCO2,7.382999658879101
C(CN1CCN(CC1)c1nccc2c1CCO2)C1CCC(NC(c2ccc(OC(C)(C)C)cc2)=O)CC1,7.382999658879101
c1cc(OC(C)(C)C)ccc1C(=O)NC1CCC(CC1)CCN1CCN(CC1)c1c2CCOc2ccn1,7.382999658879101
N1(CCCC)CCC(COC(=O)c2cc(Cl)c(NC)c3OCCOc23)CC1,5.750557038557417
N1(CCC(CC1)COC(=O)c1cc(c(NC)c2c1OCCO2)Cl)CCCC,5.750557038557417
O1CCOc2c(NC)c(cc(c21)C(OCC1CCN(CC1)CCCC)=O)Cl,5.750557038557417
C(OC(c1cc(c(NC)c2c1OCCO2)Cl)=O)C1CCN(CC1)CCCC,5.750557038557417
C1N(CCCC)CCC(C1)COC(=O)c1cc(c(c2c1OCCO2)NC)Cl,5.750557038557417
c1cccc(c1OC)N1CCN(CC1)CCCCOc1ccn2nc(C=O)cc2c1,6.7447274948966935
C1CN(c2ccccc2OC)CCN1CCCCOc1cc2cc(nn2cc1)C=O,6.7447274948966935
C(CCN1CCN(c2ccccc2OC)CC1)COc1cc2cc(nn2cc1)C=O,6.7447274948966935
C1CN(CCN1CCCCOc1cc2cc(nn2cc1)C=O)c1ccccc1OC,6.7447274948966935
c1cn2c(cc1OCCCCN1CCN(CC1)c1c(OC)cccc1)cc(C=O)n2,6.7447274948966935
CN1CCC(CC1)N(C(OCc1ccc(OC(C)C)cc1)=O)Cc1ccc(cc1F)CC,8.600326278518962
CN1CCC(CC1)N(Cc1ccc(CC)cc1F)C(OCc1ccc(cc1)OC(C)C)=O,8.600326278518962
C1N(C)CCC(C1)N(Cc1ccc(CC)cc1F)C(OCc1ccc(cc1)OC(C)C)=O,8.600326278518962
CN1CCC(N(Cc2c(cc(cc2)CC)F)C(OCc2ccc(OC(C)C)cc2)=O)CC1,8.600326278518962
O=C(N(Cc1ccc(cc1F)CC)C1CCN(CC1)C)OCc1ccc(cc1)OC(C)C,8.600326278518962
c1(Cc2c(N)nc(SCCN3CCN(CC3)Cc3cccc(c3)C(F)(F)F)nc2N)c(cccc1)OC(C)C,6.91829272990265
c1c(CN2CCN(CCSc3nc(c(Cc4c(OC(C)C)cccc4)c(n3)N)N)CC2)cc(C(F)(F)F)cc1,6.91829272990265
C1N(Cc2cc(C(F)(F)F)ccc2)CCN(CCSc2nc(N)c(Cc3c(cccc3)OC(C)C)c(N)n2)C1,6.91829272990265
C(N1CCN(CC1)CCSc1nc(N)c(c(N)n1)Cc1c(OC(C)C)cccc1)c1cccc(C(F)(F)F)c1,6.91829272990265
c1ccc(OC(C)C)c(c1)Cc1c(nc(SCCN2CCN(Cc3cccc(c3)C(F)(F)F)CC2)nc1N)N,6.91829272990265
C1N(C(=O)N(c2ccccc2)C1)c1cc(c(cc1)OC)OCCN1CCCCC1,5.59999938302362
C1CCN(CCOc2c(OC)ccc(N3C(=O)N(CC3)c3ccccc3)c2)CC1,5.59999938302362
C1CCN(CC1)CCOc1c(OC)ccc(N2CCN(C2=O)c2ccccc2)c1,5.59999938302362
c1c(N2C(=O)N(c3ccc(c(c3)OCCN3CCCCC3)OC)CC2)cccc1,5.59999938302362
c1(ccc(N2CCN(c3ccccc3)C2=O)cc1OCCN1CCCCC1)OC,5.59999938302362
C(Oc1n(CC2CC3CC2CC3)nc(CNC)c1)c1ccccc1,9.0
C(c1cc(OCc2ccccc2)n(CC2CC3CCC2C3)n1)NC,9.0
C(Oc1cc(CNC)nn1CC1CC2CC1CC2)c1ccccc1,9.0
C1CC2CC1C(C2)Cn1nc(cc1OCc1ccccc1)CNC,9.0
c1cc(ccc1)COc1n(CC2CC3CCC2C3)nc(CNC)c1,9.0
C1CC(CCC1NC(=O)CC(C)(O)C)CCN1CCN(CC1)c1c2c(ccn1)OCC2,7.6020599913279625
C1CC(CCN2CCN(CC2)c2nccc3c2CCO3)CCC1NC(=O)CC(O)(C)C,7.6020599913279625
O=C(CC(C)(C)O)NC1CCC(CCN2CCN(c3nccc4c3CCO4)CC2)CC1,7.6020599913279625
CC(O)(C)CC(NC1CCC(CCN2CCN(c3nccc4OCCc43)CC2)CC1)=O,7.6020599913279625
C1Oc2c(C1)c(N1CCN(CC1)CCC1CCC(NC(=O)CC(O)(C)C)CC1)ncc2,7.6020599913279625
C1(N2C3C(CN(CC3)CCCOc3ccc(F)cc3)c3cccc(NC1=O)c23)(C)C,8.065501548756432
c1cc2C3C(N4c2c(NC(=O)C4(C)C)c1)CCN(C3)CCCOc1ccc(cc1)F,8.065501548756432
c1cc(ccc1OCCCN1CC2c3c4N(C(C)(C(Nc4ccc3)=O)C)C2CC1)F,8.065501548756432
C1N(CCCOc2ccc(F)cc2)CCC2N3C(C)(C(=O)Nc4cccc(C21)c43)C,8.065501548756432
c1c(ccc(F)c1)OCCCN1CCC2C(C1)c1c3N2C(C)(C)C(Nc3ccc1)=O,8.065501548756432
c1c(N2CCN(CC2)CCCCNC(=O)c2cc3ccccc3[nH]2)cc(cc1)C(F)(F)F,8.397940008672037
FC(F)(F)c1cc(ccc1)N1CCN(CC1)CCCCNC(=O)c1cc2c([nH]1)cccc2,8.397940008672037
O=C(NCCCCN1CCN(CC1)c1cccc(c1)C(F)(F)F)c1cc2ccccc2[nH]1,8.397940008672037
[nH]1c(C(NCCCCN2CCN(CC2)c2cc(ccc2)C(F)(F)F)=O)cc2c1cccc2,8.397940008672037
C1N(c2cccc(C(F)(F)F)c2)CCN(CCCCNC(c2cc3ccccc3[nH]2)=O)C1,8.397940008672037
c1(O)ccccc1C=Cc1ccc(S(=O)(c2ccccc2F)=O)cn1,8.443697499232712
c1cc(O)c(cc1)C=Cc1ccc(cn1)S(=O)(=O)c1ccccc1F,8.443697499232712
C(c1ncc(cc1)S(c1ccccc1F)(=O)=O)=Cc1ccccc1O,8.443697499232712
c1cc(S(=O)(=O)c2c(cccc2)F)cnc1C=Cc1c(cccc1)O,8.443697499232712
c1(c(C=Cc2ccc(cn2)S(=O)(=O)c2ccccc2F)cccc1)O,8.443697499232712
c1(COC(N(Cc2c(Cl)cc(F)cc2)C2CCN(CC2)C)=O)ccc(cc1)OCC(C)C,8.100179497572904
O(C(N(C1CCN(CC1)C)Cc1ccc(cc1Cl)F)=O)Cc1ccc(OCC(C)C)cc1,8.100179497572904
C(OCc1ccc(cc1)OCC(C)C)(=O)N(Cc1ccc(F)cc1Cl)C1CCN(CC1)C,8.100179497572904
N1(C)CCC(CC1)N(Cc1c(Cl)cc(cc1)F)C(=O)OCc1ccc(cc1)OCC(C)C,8.100179497572904
CC(COc1ccc(cc1)COC(N(Cc1c(cc(cc1)F)Cl)C1CCN(CC1)C)=O)C,8.100179497572904
c1ccccc1N1CCN(CCCN2CCN(c3ncccc3C#N)CC2)CC1,4.886056647693163
C(N1CCN(CC1)c1ccccc1)CCN1CCN(CC1)c1c(C#N)cccn1,4.886056647693163
c1(c(C#N)cccn1)N1CCN(CCCN2CCN(CC2)c2ccccc2)CC1,4.886056647693163
N1(CCN(c2ccccc2)CC1)CCCN1CCN(CC1)c1c(C#N)cccn1,4.886056647693163
N1(CCCN2CCN(c3ccccc3)CC2)CCN(c2c(cccn2)C#N)CC1,4.886056647693163
c1(OC2CCC(C)(CC2)C)c(F)cc(c(c1)OC)CNC(C1NCCC1)=O,7.892790030352131
C(NC(C1CCCN1)=O)c1c(cc(c(F)c1)OC1CCC(CC1)(C)C)OC,7.892790030352131
N1CCCC1C(NCc1c(cc(c(F)c1)OC1CCC(C)(CC1)C)OC)=O,7.892790030352131
c1(c(cc(OC)c(CNC(C2CCCN2)=O)c1)OC1CCC(CC1)(C)C)F,7.892790030352131
C(c1c(OC)cc(OC2CCC(CC2)(C)C)c(c1)F)NC(=O)C1NCCC1,7.892790030352131
c1c2c(CCNCC2)c(Cl)c(c1)NC,7.045757490560675
CNc1c(c2c(cc1)CCNCC2)Cl,7.045757490560675
N(C)c1ccc2c(c1Cl)CCNCC2,7.045757490560675
c1(c2CCNCCc2ccc1NC)Cl,7.045757490560675
C1NCCc2c(C1)c(c(cc2)NC)Cl,7.045757490560675
Clc1c(Cl)cc(c(c1)Cl)OCC#CI,6.1598939055432425
C(Oc1cc(Cl)c(Cl)cc1Cl)C#CI,6.1598939055432425
O(c1cc(Cl)c(Cl)cc1Cl)CC#CI,6.1598939055432425
c1c(Cl)c(OCC#CI)cc(c1Cl)Cl,6.1598939055432425
Clc1cc(Cl)c(cc1Cl)OCC#CI,6.1598939055432425
c1c2CCC(c2cc(c1)CCN1CCN(CC1)c1c2c(cccc2)sn1)NC(=O)C,11.0
c12c(c(N3CCN(CCc4cc5C(CCc5cc4)NC(=O)C)CC3)ns1)cccc2,11.0
s1nc(c2c1cccc2)N1CCN(CCc2cc3c(CCC3NC(C)=O)cc2)CC1,11.0
C1CC(c2cc(CCN3CCN(CC3)c3nsc4c3cccc4)ccc12)NC(=O)C,11.0
c1cccc2c1snc2N1CCN(CC1)CCc1cc2c(CCC2NC(C)=O)cc1,11.0
NC(C)Cn1ncc2ccc(O)c(c21)I,7.6777807052660805
n1cc2ccc(O)c(I)c2n1CC(C)N,7.6777807052660805
C(N)(Cn1ncc2c1c(I)c(cc2)O)C,7.6777807052660805
c1c(O)c(I)c2n(CC(N)C)ncc2c1,7.6777807052660805
Oc1ccc2cnn(CC(C)N)c2c1I,7.6777807052660805
N1(CCc2cc(OC)c(OCC3CC3)c3c2C1Cc1ccc(N)cc1-3)C,6.958607314841775
N1(C)CCc2c3C1Cc1ccc(cc1-c3c(OCC1CC1)c(c2)OC)N,6.958607314841775
O(c1c(cc2CCN(C)C3c2c1-c1c(ccc(c1)N)C3)OC)CC1CC1,6.958607314841775
c1cc(cc2c1CC1N(C)CCc3c1c-2c(c(OC)c3)OCC1CC1)N,6.958607314841775
c1(OC)c(c2c3c(c1)CCN(C)C3Cc1ccc(cc-21)N)OCC1CC1,6.958607314841775
N1(CC2c3c4c(NC(=O)CN4C2CC1)ccc3)CCCOc1ccc(c(O)c1)F,6.958607314841775
N1(CCCOc2cc(c(F)cc2)O)CCC2C(C1)c1c3c(NC(=O)CN32)ccc1,6.958607314841775
C1CC2C(c3cccc4c3N2CC(N4)=O)CN1CCCOc1cc(O)c(cc1)F,6.958607314841775
C12CCN(CCCOc3cc(O)c(cc3)F)CC2c2c3c(ccc2)NC(CN13)=O,6.958607314841775
c1c2c3N(C4CCN(CC4c3cc1)CCCOc1cc(c(F)cc1)O)CC(=O)N2,6.958607314841775
C1(Cc2c3c(ncc2)N2CCNCC2CC3)CCCC1,7.943095148663527
N1CCN2c3c(CCC2C1)c(CC1CCCC1)ccn3,7.943095148663527
C1CCCC1Cc1ccnc2c1CCC1CNCCN21,7.943095148663527
c1(CC2CCCC2)ccnc2c1CCC1N2CCNC1,7.943095148663527
C1NCCN2C1CCc1c(ccnc21)CC1CCCC1,7.943095148663527
c1c2c(C(NC2)=O)c(F)c(OCCCCN2CCN(CC2)c2cccc3cccc(F)c32)c1,9.245651664288982
C(CCOc1ccc2c(C(NC2)=O)c1F)CN1CCN(c2c3c(F)cccc3ccc2)CC1,9.245651664288982
c1(ccc2CNC(=O)c2c1F)OCCCCN1CCN(c2c3c(cccc3F)ccc2)CC1,9.245651664288982
c1cc2CNC(c2c(F)c1OCCCCN1CCN(c2c3c(ccc2)cccc3F)CC1)=O,9.245651664288982
c12ccc(c(F)c1C(NC2)=O)OCCCCN1CCN(c2c3c(cccc3ccc2)F)CC1,9.245651664288982
c1c2c(CCN(C)CC2)cc(c1NS(=O)(=O)c1ccc(-c2ccc(cc2)Cl)cc1)OC(C)C,7.79997073344623
c1cc(ccc1-c1ccc(S(=O)(Nc2c(cc3CCN(CCc3c2)C)OC(C)C)=O)cc1)Cl,7.79997073344623
c1c2c(CCN(C)CC2)cc(OC(C)C)c1NS(c1ccc(cc1)-c1ccc(Cl)cc1)(=O)=O,7.79997073344623
c1cc(ccc1-c1ccc(cc1)Cl)S(=O)(Nc1cc2c(cc1OC(C)C)CCN(C)CC2)=O,7.79997073344623
c12cc(OC(C)C)c(cc2CCN(C)CC1)NS(=O)(c1ccc(cc1)-c1ccc(Cl)cc1)=O,7.79997073344623
c1c2-c3c(cccc3OC(=O)c3ccc(cc3)F)CC3N(CCc(c32)cc1OC)CCC,6.382999658879101
O(c1cccc2CC3c4c(cc(OC)cc4-c21)CCN3CCC)C(=O)c1ccc(F)cc1,6.382999658879101
C1C2N(CCC)CCc3cc(cc(c23)-c2c1cccc2OC(=O)c1ccc(cc1)F)OC,6.382999658879101
c1c(ccc(F)c1)C(=O)Oc1c2-c3cc(cc4c3C(Cc2ccc1)N(CC4)CCC)OC,6.382999658879101
c1(ccc(F)cc1)C(=O)Oc1c2-c3c4C(N(CCc4cc(c3)OC)CCC)Cc2ccc1,6.382999658879101
c1ccccc1CN1CCC(=CC1)c1c[nH]c2ccccc12,6.903089986991944
C1=C(CCN(Cc2ccccc2)C1)c1c[nH]c2ccccc21,6.903089986991944
c1(ccccc1)CN1CCC(c2c3c([nH]c2)cccc3)=CC1,6.903089986991944
c1ccccc1CN1CC=C(CC1)c1c[nH]c2ccccc12,6.903089986991944
C(N1CCC(c2c[nH]c3c2cccc3)=CC1)c1ccccc1,6.903089986991944
c12c(ccc(c1C(=O)C)OCCCCN1CCN(CC1)c1c(C#N)cccc1)c(cc(o2)=O)C,7.040958607678906
c12c(C(=O)C)c(ccc2c(C)cc(=O)o1)OCCCCN1CCN(CC1)c1ccccc1C#N,7.040958607678906
c1(c(N2CCN(CCCCOc3c(C(C)=O)c4c(c(cc(o4)=O)C)cc3)CC2)cccc1)C#N,7.040958607678906
c1c2c(cc(=O)oc2c(c(OCCCCN2CCN(CC2)c2c(C#N)cccc2)c1)C(=O)C)C,7.040958607678906
c1(=O)oc2c(C(C)=O)c(OCCCCN3CCN(CC3)c3c(cccc3)C#N)ccc2c(C)c1,7.040958607678906
C12(CCN(CC1)CCCCC(=O)c1c(cc(c(NS(c3ccc(cc3)C(C)C)(=O)=O)c1)OC)OC)C(NC(N2)=O)=O,5.899998417198648
N1C(=O)C2(NC1=O)CCN(CCCCC(c1cc(c(OC)cc1OC)NS(c1ccc(cc1)C(C)C)(=O)=O)=O)CC2,5.899998417198648
c1c(OC)c(C(CCCCN2CCC3(C(NC(N3)=O)=O)CC2)=O)cc(NS(=O)(c2ccc(cc2)C(C)C)=O)c1OC,5.899998417198648
CC(c1ccc(cc1)S(=O)(Nc1c(cc(c(c1)C(CCCCN1CCC2(C(=O)NC(N2)=O)CC1)=O)OC)OC)=O)C,5.899998417198648
c1(S(=O)(=O)Nc2cc(c(OC)cc2OC)C(CCCCN2CCC3(C(=O)NC(=O)N3)CC2)=O)ccc(C(C)C)cc1,5.899998417198648
N(c1ccc(c(-c2ccnn2C)c1)OCCCN1CCOCC1)C(=O)Nc1ccc(cc1)Cl,8.397940008672037
Cn1nccc1-c1c(OCCCN2CCOCC2)ccc(c1)NC(Nc1ccc(cc1)Cl)=O,8.397940008672037
c1(NC(Nc2cc(-c3ccnn3C)c(cc2)OCCCN2CCOCC2)=O)ccc(cc1)Cl,8.397940008672037
c1c(Cl)ccc(c1)NC(Nc1cc(c(cc1)OCCCN1CCOCC1)-c1ccnn1C)=O,8.397940008672037
C1OCCN(CCCOc2c(-c3ccnn3C)cc(cc2)NC(Nc2ccc(cc2)Cl)=O)C1,8.397940008672037
Clc1c(c(ccc1)N1CCN(CCCC(Nc2ccn3ncc(C=O)c3c2)=O)CC1)Cl,8.200659450546418
C(N1CCN(CC1)c1cccc(c1Cl)Cl)CCC(Nc1cc2c(cnn2cc1)C=O)=O,8.200659450546418
C1CN(c2cccc(Cl)c2Cl)CCN1CCCC(Nc1cc2c(cnn2cc1)C=O)=O,8.200659450546418
c1(NC(CCCN2CCN(c3cccc(Cl)c3Cl)CC2)=O)cc2n(ncc2C=O)cc1,8.200659450546418
c1n2c(cc(NC(=O)CCCN3CCN(c4cccc(c4Cl)Cl)CC3)c1)c(C=O)cn2,8.200659450546418
c1c(ncc2C(N(CCN3CCN(CC3)c3c4ccccc4sn3)CCc21)=O)C(F)(F)F,8.585026652029182
c1c2c(N3CCN(CCN4C(c5c(CC4)cc(nc5)C(F)(F)F)=O)CC3)nsc2ccc1,8.585026652029182
C(N1CCc2c(cnc(C(F)(F)F)c2)C1=O)CN1CCN(CC1)c1nsc2ccccc12,8.585026652029182
C1CN(CCN1c1nsc2ccccc12)CCN1C(c2c(CC1)cc(C(F)(F)F)nc2)=O,8.585026652029182
c12C(N(CCc2cc(C(F)(F)F)nc1)CCN1CCN(c2nsc3ccccc23)CC1)=O,8.585026652029182
c1(c[nH]c2ccccc21)C1CC1N,7.00788851221305
c1c2[nH]cc(c2ccc1)C1CC1N,7.00788851221305
c12[nH]cc(C3CC3N)c1cccc2,7.00788851221305
C1C(N)C1c1c2ccccc2[nH]c1,7.00788851221305
c1c(c2c(cccc2)[nH]1)C1C(N)C1,7.00788851221305
N1(CCOc2ccc(cc2-c2n(C)ncc2Cl)NC(=O)c2cccc(C(F)(F)F)c2)CC(=O)NCC1,8.275724130399212
c1c(cc(C(F)(F)F)cc1)C(=O)Nc1ccc(c(c1)-c1c(Cl)cnn1C)OCCN1CC(NCC1)=O,8.275724130399212
C1(=O)CN(CCN1)CCOc1c(-c2c(cnn2C)Cl)cc(cc1)NC(c1cccc(c1)C(F)(F)F)=O,8.275724130399212
C(=O)(Nc1ccc(c(c1)-c1c(cnn1C)Cl)OCCN1CC(=O)NCC1)c1cccc(c1)C(F)(F)F,8.275724130399212
N1C(CN(CC1)CCOc1ccc(NC(=O)c2cccc(c2)C(F)(F)F)cc1-c1n(ncc1Cl)C)=O,8.275724130399212
c1(nsc2c1cccc2)N1CCN(CC1)CCC1N(CCC1)S(=O)(=O)c1c2c(ccc1)nccc2,7.795880017344075
C(C1CCCN1S(=O)(=O)c1c2cccnc2ccc1)CN1CCN(c2c3ccccc3sn2)CC1,7.795880017344075
O=S(c1c2cccnc2ccc1)(=O)N1CCCC1CCN1CCN(c2nsc3c2cccc3)CC1,7.795880017344075
c1(S(=O)(=O)N2CCCC2CCN2CCN(CC2)c2nsc3ccccc32)c2c(nccc2)ccc1,7.795880017344075
c1(c2c(nccc2)ccc1)S(N1C(CCN2CCN(c3nsc4ccccc34)CC2)CCC1)(=O)=O,7.795880017344075
Cc1c(cccc1)C(OCCN(C)C)c1ccccc1,6.903089986991944
O(C(c1ccccc1)c1c(cccc1)C)CCN(C)C,6.903089986991944
Cc1ccccc1C(c1ccccc1)OCCN(C)C,6.903089986991944
c1ccccc1C(c1c(C)cccc1)OCCN(C)C,6.903089986991944
O(C(c1c(C)cccc1)c1ccccc1)CCN(C)C,6.903089986991944
c1cc2c(C(=O)N(CCN3CCC(CC3)c3noc4c3ccc(C)c4)CC2)nc1,8.0
c12cc(C)ccc2c(C2CCN(CCN3C(=O)c4c(CC3)cccn4)CC2)no1,8.0
c1c2CCN(CCN3CCC(CC3)c3noc4c3ccc(c4)C)C(=O)c2ncc1,8.0
O=C1N(CCN2CCC(c3c4ccc(C)cc4on3)CC2)CCc2c1nccc2,8.0
c12c(c(C3CCN(CCN4C(c5ncccc5CC4)=O)CC3)no2)ccc(c1)C,8.0
O1COc2c1cccc2N1CCN(CCC2CCC(NC(=O)CC3CCCCO3)CC2)CC1,7.458670422333307
N1(CCN(CC1)CCC1CCC(CC1)NC(CC1CCCCO1)=O)c1cccc2OCOc12,7.458670422333307
O1c2c(cccc2OC1)N1CCN(CCC2CCC(NC(=O)CC3CCCCO3)CC2)CC1,7.458670422333307
C1C(CCC(NC(=O)CC2OCCCC2)C1)CCN1CCN(CC1)c1c2OCOc2ccc1,7.458670422333307
c1ccc(c2OCOc21)N1CCN(CCC2CCC(CC2)NC(CC2OCCCC2)=O)CC1,7.458670422333307
c1c(cc(cc1)N1CCN(CCCCCCN2S(c3c(cccc3)C2=O)(=O)=O)CC1)Cl,6.442492798094342
N1(c2cc(ccc2)Cl)CCN(CCCCCCN2C(=O)c3ccccc3S2(=O)=O)CC1,6.442492798094342
C(CCCCN1S(=O)(c2ccccc2C1=O)=O)CN1CCN(c2cccc(c2)Cl)CC1,6.442492798094342
C(CCN1CCN(c2cccc(Cl)c2)CC1)CCCN1S(c2ccccc2C1=O)(=O)=O,6.442492798094342
C1N(CCN(c2cccc(Cl)c2)C1)CCCCCCN1S(c2ccccc2C1=O)(=O)=O,6.442492798094342
N12c3c(C4C1CCN(CCCc1c5ccc(cc5on1)F)C4)cccc3NC(=O)C2,8.508638306165727
c1c2c3c(cc1)C1C(N3CC(=O)N2)CCN(C1)CCCc1c2ccc(cc2on1)F,8.508638306165727
C1(=O)CN2c3c(cccc3N1)C1C2CCN(C1)CCCc1c2ccc(F)cc2on1,8.508638306165727
C1CN(CCCc2noc3cc(ccc32)F)CC2C1N1c3c2cccc3NC(=O)C1,8.508638306165727
C1N(CCCc2noc3cc(F)ccc32)CC2c3c4c(NC(CN4C2C1)=O)ccc3,8.508638306165727
N1(c2c3c(OCC3)ccn2)CCN(CCC2CCC(CC2)NC(=O)CC2(O)CCC2)CC1,7.647817481888637
C1C(CC1)(CC(NC1CCC(CC1)CCN1CCN(CC1)c1c2c(OCC2)ccn1)=O)O,7.647817481888637
c1(N2CCN(CC2)CCC2CCC(NC(=O)CC3(CCC3)O)CC2)c2c(ccn1)OCC2,7.647817481888637
C1COc2c1c(ncc2)N1CCN(CCC2CCC(CC2)NC(=O)CC2(CCC2)O)CC1,7.647817481888637
c1cnc(N2CCN(CC2)CCC2CCC(NC(=O)CC3(CCC3)O)CC2)c2CCOc12,7.647817481888637
N(CC1NCCN=1)(c1cccc(O)c1)c1ccc(C)cc1,6.987162775294828
c1cc(cc(O)c1)N(c1ccc(cc1)C)CC1NCCN=1,6.987162775294828
c1(cccc(c1)O)N(c1ccc(cc1)C)CC1=NCCN1,6.987162775294828
C1(NCCN=1)CN(c1cc(O)ccc1)c1ccc(cc1)C,6.987162775294828
c1c(C)ccc(c1)N(c1cccc(O)c1)CC1=NCCN1,6.987162775294828
C(CCOc1ccc(cc1)CCN1CCCCC1)N1CCC(c2noc3c2ccc(F)c3)CC1,8.0268721464003
O(c1ccc(cc1)CCN1CCCCC1)CCCN1CCC(c2noc3cc(ccc23)F)CC1,8.0268721464003
c1c(ccc(c1)CCN1CCCCC1)OCCCN1CCC(CC1)c1c2ccc(cc2on1)F,8.0268721464003
C(CCOc1ccc(CCN2CCCCC2)cc1)N1CCC(c2c3c(cc(F)cc3)on2)CC1,8.0268721464003
Fc1cc2onc(C3CCN(CCCOc4ccc(cc4)CCN4CCCCC4)CC3)c2cc1,8.0268721464003
n1ccc(CC)c2CCC3CNCCN3c21,7.79317412396815
CCc1ccnc2N3CCNCC3CCc12,7.79317412396815
C1CC2N(CCNC2)c2nccc(c21)CC,7.79317412396815
c12c(ccnc2N2C(CNCC2)CC1)CC,7.79317412396815
C1CC2N(CCNC2)c2c1c(ccn2)CC,7.79317412396815
C1Cc2cc(Br)c(SC)cc2N1C(Nc1cnccc1)=O,5.59999938302362
c12cc(c(SC)cc1N(C(=O)Nc1cnccc1)CC2)Br,5.59999938302362
S(c1c(cc2CCN(C(=O)Nc3cccnc3)c2c1)Br)C,5.59999938302362
c1c2c(cc(c1SC)Br)CCN2C(=O)Nc1cccnc1,5.59999938302362
c12c(N(C(=O)Nc3cccnc3)CC2)cc(SC)c(Br)c1,5.59999938302362
C1N(CCN(c2cc(-c3ccc(F)cc3)c3CCC(O)CCCc3n2)C1)CC,7.732828271596986
C1(O)CCCc2c(c(cc(N3CCN(CC)CC3)n2)-c2ccc(F)cc2)CC1,7.732828271596986
n1c2CCCC(O)CCc2c(-c2ccc(cc2)F)cc1N1CCN(CC1)CC,7.732828271596986
c1c(F)ccc(-c2c3CCC(CCCc3nc(c2)N2CCN(CC)CC2)O)c1,7.732828271596986
c12CCC(O)CCCc2nc(N2CCN(CC)CC2)cc1-c1ccc(cc1)F,7.732828271596986
c1ccc(cc1C=Cc1ccc(cn1)S(c1c(F)cccc1)(=O)=O)F,6.823908740944319
n1c(ccc(S(=O)(c2c(cccc2)F)=O)c1)C=Cc1cc(F)ccc1,6.823908740944319
C(c1cc(ccc1)F)=Cc1ccc(cn1)S(=O)(c1ccccc1F)=O,6.823908740944319
c1cccc(c1F)S(c1ccc(C=Cc2cc(F)ccc2)nc1)(=O)=O,6.823908740944319
c1(c(cccc1)F)S(c1ccc(C=Cc2cccc(F)c2)nc1)(=O)=O,6.823908740944319
C(CCC)C(Oc1c(Cl)c(ccc1)Cl)c1nc(nc(n1)N1CCN(CC1)C)N,6.327902142064283
c1(nc(nc(n1)N1CCN(C)CC1)C(Oc1c(c(ccc1)Cl)Cl)CCCC)N,6.327902142064283
CN1CCN(c2nc(N)nc(C(Oc3c(Cl)c(ccc3)Cl)CCCC)n2)CC1,6.327902142064283
c1ccc(c(Cl)c1Cl)OC(c1nc(nc(n1)N)N1CCN(C)CC1)CCCC,6.327902142064283
C1N(CCN(C1)c1nc(N)nc(n1)C(Oc1c(Cl)c(ccc1)Cl)CCCC)C,6.327902142064283
C(c1ccc(OC(C)C)cc1)C(N(Cc1c(F)c(F)c(cc1)F)C1CCN(CC1)C)=O,7.400116927926312
c1cc(ccc1OC(C)C)CC(N(Cc1c(c(c(F)cc1)F)F)C1CCN(C)CC1)=O,7.400116927926312
C1CN(CCC1N(Cc1c(F)c(c(F)cc1)F)C(Cc1ccc(cc1)OC(C)C)=O)C,7.400116927926312
CC(Oc1ccc(cc1)CC(N(C1CCN(C)CC1)Cc1ccc(F)c(F)c1F)=O)C,7.400116927926312
N1(C)CCC(N(C(=O)Cc2ccc(cc2)OC(C)C)Cc2ccc(F)c(F)c2F)CC1,7.400116927926312
c1cc(Cl)c(Cl)c(N2CCN(CCCCCNC(=O)c3c(n(nn3)Cc3ccc(cc3)OC)C)CC2)c1,8.494850021680094
c1c(N2CCN(CC2)CCCCCNC(c2nnn(c2C)Cc2ccc(cc2)OC)=O)c(Cl)c(Cl)cc1,8.494850021680094
C1N(c2cccc(c2Cl)Cl)CCN(C1)CCCCCNC(c1nnn(c1C)Cc1ccc(OC)cc1)=O,8.494850021680094
N1(CCCCCNC(=O)c2nnn(c2C)Cc2ccc(cc2)OC)CCN(c2cccc(Cl)c2Cl)CC1,8.494850021680094
n1nc(C(=O)NCCCCCN2CCN(c3cccc(c3Cl)Cl)CC2)c(C)n1Cc1ccc(cc1)OC,8.494850021680094
CCc1cc2CC3N(C(=O)c2cc1)CCNC3,6.636388020107856
O=C1N2CCNCC2Cc2c1ccc(CC)c2,6.636388020107856
c1(ccc2c(CC3CNCCN3C2=O)c1)CC,6.636388020107856
c1cc(CC)cc2CC3CNCCN3C(c21)=O,6.636388020107856
CCc1ccc2c(CC3N(CCNC3)C2=O)c1,6.636388020107856
c1c(F)ccc(c1)C(C1CCN(CC1)CC1CC(=O)c2c(C1)oc(C(OCC)=O)c2C)=O,7.659952682338607
C1c2oc(C(=O)OCC)c(C)c2C(CC1CN1CCC(C(=O)c2ccc(F)cc2)CC1)=O,7.659952682338607
C(C)OC(c1oc2CC(CC(c2c1C)=O)CN1CCC(CC1)C(c1ccc(F)cc1)=O)=O,7.659952682338607
o1c(c(C)c2c1CC(CN1CCC(C(c3ccc(F)cc3)=O)CC1)CC2=O)C(=O)OCC,7.659952682338607
c1(c(c2c(CC(CC2=O)CN2CCC(CC2)C(c2ccc(cc2)F)=O)o1)C)C(=O)OCC,7.659952682338607
N(CC1c2ccccc2Cc2c1cccc2)CCc1ccccc1,6.3979400086720375
c1c2c(C(CNCCc3ccccc3)c3ccccc3C2)ccc1,6.3979400086720375
C1(CNCCc2ccccc2)c2c(cccc2)Cc2c1cccc2,6.3979400086720375
C1c2ccccc2C(c2ccccc21)CNCCc1ccccc1,6.3979400086720375
c1cccc2Cc3c(C(c12)CNCCc1ccccc1)cccc3,6.3979400086720375
N1(C)CCc2c(C(c3ccccc3)C1)cc(c(NCc1ccccc1)c2)O,8.344861565188618
C1(c2ccccc2)c2cc(O)c(cc2CCN(C)C1)NCc1ccccc1,8.344861565188618
Oc1cc2C(c3ccccc3)CN(CCc2cc1NCc1ccccc1)C,8.344861565188618
c1cc(CNc2c(O)cc3c(CCN(CC3c3ccccc3)C)c2)ccc1,8.344861565188618
c1cc(C2CN(C)CCc3cc(c(cc32)O)NCc2ccccc2)ccc1,8.344861565188618
O1c2c(CC1)c(nc(C)c2)N1CCN(CCC2CCC(NC(CC3CCOCC3)=O)CC2)CC1,6.713543530253017
C1CC(CCN2CCN(c3c4CCOc4cc(n3)C)CC2)CCC1NC(CC1CCOCC1)=O,6.713543530253017
C1N(CCN(c2nc(cc3c2CCO3)C)C1)CCC1CCC(NC(CC2CCOCC2)=O)CC1,6.713543530253017
C1CN(c2nc(C)cc3OCCc32)CCN1CCC1CCC(CC1)NC(=O)CC1CCOCC1,6.713543530253017
O=C(NC1CCC(CCN2CCN(c3c4CCOc4cc(n3)C)CC2)CC1)CC1CCOCC1,6.713543530253017
c1c(S(=O)(Nc2c(cc(OC)c(C(CCCCN3CCC4(CC3)NC(=O)NC4=O)=O)c2)OC)=O)ccc(Cl)c1,6.0999990348465305
COc1cc(c(C(CCCCN2CCC3(NC(NC3=O)=O)CC2)=O)cc1NS(=O)(=O)c1ccc(Cl)cc1)OC,6.0999990348465305
N(c1c(OC)cc(c(C(=O)CCCCN2CCC3(CC2)C(NC(=O)N3)=O)c1)OC)S(c1ccc(cc1)Cl)(=O)=O,6.0999990348465305
COc1c(NS(=O)(c2ccc(Cl)cc2)=O)cc(C(CCCCN2CCC3(CC2)NC(=O)NC3=O)=O)c(c1)OC,6.0999990348465305
S(=O)(=O)(c1ccc(Cl)cc1)Nc1cc(c(cc1OC)OC)C(=O)CCCCN1CCC2(NC(=O)NC2=O)CC1,6.0999990348465305
c12CN(C(=O)c2c(Cl)ccc1)c1cc(c(OC)cc1)OCCN1CCC(C)CC1,6.0999990348465305
c12c(c(ccc1)Cl)C(=O)N(c1cc(c(cc1)OC)OCCN1CCC(C)CC1)C2,6.0999990348465305
O(c1c(OC)ccc(N2C(=O)c3c(cccc3Cl)C2)c1)CCN1CCC(CC1)C,6.0999990348465305
C(COc1c(OC)ccc(c1)N1C(=O)c2c(C1)cccc2Cl)N1CCC(CC1)C,6.0999990348465305
c1(N2Cc3c(C2=O)c(ccc3)Cl)ccc(c(c1)OCCN1CCC(C)CC1)OC,6.0999990348465305
c1ccc(cc1NC(=O)NCCCN1CC(Cc2ccc(cc2)F)CCC1)C#N,5.636388020107856
C(Nc1cccc(C#N)c1)(=O)NCCCN1CC(Cc2ccc(F)cc2)CCC1,5.636388020107856
c1ccc(C#N)cc1NC(=O)NCCCN1CCCC(Cc2ccc(F)cc2)C1,5.636388020107856
C(c1cc(ccc1)NC(=O)NCCCN1CC(CCC1)Cc1ccc(cc1)F)#N,5.636388020107856
c1(NC(NCCCN2CC(Cc3ccc(F)cc3)CCC2)=O)cc(C#N)ccc1,5.636388020107856
c1(cnc(cc1)CN(C(=O)NCc1ccc(cc1)OCC(C)C)C1C2(CC2)CN(CC1)C)F,9.130768280269024
c1cc(cnc1CN(C(=O)NCc1ccc(cc1)OCC(C)C)C1CCN(C)CC21CC2)F,9.130768280269024
CC(C)COc1ccc(CNC(=O)N(Cc2ncc(F)cc2)C2CCN(C)CC23CC3)cc1,9.130768280269024
C1CC21C(N(Cc1ccc(F)cn1)C(=O)NCc1ccc(OCC(C)C)cc1)CCN(C)C2,9.130768280269024
C(c1ccc(F)cn1)N(C(NCc1ccc(cc1)OCC(C)C)=O)C1CCN(CC21CC2)C,9.130768280269024
c1nc2c(cc1)c(S(=O)(=O)N1CCCC1CCN1CCN(c3cccc4c3ccs4)CC1)ccc2,7.251811972993799
S(c1c2c(nccc2)ccc1)(=O)(=O)N1CCCC1CCN1CCN(c2c3c(scc3)ccc2)CC1,7.251811972993799
c1c2c(sc1)cccc2N1CCN(CCC2N(CCC2)S(=O)(=O)c2c3c(nccc3)ccc2)CC1,7.251811972993799
c12cccnc2cccc1S(=O)(=O)N1C(CCC1)CCN1CCN(CC1)c1cccc2sccc21,7.251811972993799
c12c(N3CCN(CCC4CCCN4S(c4cccc5ncccc54)(=O)=O)CC3)cccc2scc1,7.251811972993799
c1cc(C(=O)NCCC(CN2CCN(CC2)c2c(c(Cl)ccc2)Cl)F)ccc1-c1ncccc1,7.008773924307505
c1(cccc(c1Cl)N1CCN(CC(F)CCNC(=O)c2ccc(cc2)-c2ccccn2)CC1)Cl,7.008773924307505
C(NCCC(F)CN1CCN(c2c(Cl)c(ccc2)Cl)CC1)(=O)c1ccc(cc1)-c1ccccn1,7.008773924307505
C(CCNC(c1ccc(cc1)-c1ncccc1)=O)(CN1CCN(CC1)c1cccc(c1Cl)Cl)F,7.008773924307505
C(CC(CN1CCN(CC1)c1c(c(Cl)ccc1)Cl)F)NC(c1ccc(cc1)-c1ccccn1)=O,7.008773924307505
c1c2n(ccc2c(cc1)N1CCN(CC1)C)S(=O)(c1ccccc1)=O,7.3872161432802645
c1ccc2c(c1N1CCN(CC1)C)ccn2S(=O)(c1ccccc1)=O,7.3872161432802645
c12c(n(S(=O)(c3ccccc3)=O)cc1)cccc2N1CCN(C)CC1,7.3872161432802645
c1c(cccc1)S(=O)(=O)n1ccc2c(N3CCN(CC3)C)cccc21,7.3872161432802645
c1ccccc1S(=O)(=O)n1ccc2c1cccc2N1CCN(CC1)C,7.3872161432802645
C1CN(c2ccccc2)CCN1CCNc1nc(N)nc(n1)NCCc1c[nH]c2c1cccc2,7.173925197299173
c1(nc(NCCc2c3c(cccc3)[nH]c2)nc(NCCN2CCN(CC2)c2ccccc2)n1)N,7.173925197299173
c1ccc(cc1)N1CCN(CCNc2nc(nc(NCCc3c4ccccc4[nH]c3)n2)N)CC1,7.173925197299173
N1(CCN(CC1)c1ccccc1)CCNc1nc(nc(n1)NCCc1c[nH]c2c1cccc2)N,7.173925197299173
c1(nc(NCCN2CCN(CC2)c2ccccc2)nc(N)n1)NCCc1c[nH]c2c1cccc2,7.173925197299173
c1(F)ccc(S(N2CCC(CCc3ccc(F)cc3F)(CC2)F)(=O)=O)cc1,7.619788758288394
c1cc(ccc1S(=O)(N1CCC(CCc2ccc(cc2F)F)(CC1)F)=O)F,7.619788758288394
O=S(N1CCC(CCc2ccc(cc2F)F)(CC1)F)(c1ccc(F)cc1)=O,7.619788758288394
S(=O)(=O)(c1ccc(F)cc1)N1CCC(CC1)(F)CCc1c(F)cc(F)cc1,7.619788758288394
Fc1cc(ccc1CCC1(CCN(S(=O)(=O)c2ccc(F)cc2)CC1)F)F,7.619788758288394
C(N1CC2c3cccc4c3N(C2CC1)CCN4C)CCc1c2c(on1)cc(F)cc2,8.602059991327963
C1C2c3c4c(ccc3)N(C)CCN4C2CCN1CCCc1noc2cc(F)ccc21,8.602059991327963
c1(ccc2c(c1)onc2CCCN1CCC2N3c4c(cccc4N(C)CC3)C2C1)F,8.602059991327963
N1(CC2C(CC1)N1c3c(N(CC1)C)cccc32)CCCc1c2ccc(F)cc2on1,8.602059991327963
C(CCc1noc2cc(F)ccc12)N1CC2C(CC1)N1c3c(N(CC1)C)cccc32,8.602059991327963
N1(CCC2N(C(CC2)C1)CCCC(=O)c1ccc(cc1)F)c1ccc(Cl)cc1,6.710411047457403
C1CC2CCN(CC1N2CCCC(c1ccc(cc1)F)=O)c1ccc(cc1)Cl,6.710411047457403
c1cc(F)ccc1C(=O)CCCN1C2CCC1CCN(C2)c1ccc(cc1)Cl,6.710411047457403
c1(C(CCCN2C3CN(c4ccc(cc4)Cl)CCC2CC3)=O)ccc(F)cc1,6.710411047457403
c1(ccc(C(=O)CCCN2C3CCC2CN(c2ccc(cc2)Cl)CC3)cc1)F,6.710411047457403
C1CCC(O1)CC(NC1CCC(CCN2CCN(c3nccc4c3CCO4)CC2)CC1)=O,7.777283528852417
c12ccnc(c2CCO1)N1CCN(CCC2CCC(CC2)NC(CC2CCCO2)=O)CC1,7.777283528852417
C(CN1CCN(CC1)c1c2CCOc2ccn1)C1CCC(NC(CC2OCCC2)=O)CC1,7.777283528852417
N1(CCN(CC1)CCC1CCC(NC(CC2OCCC2)=O)CC1)c1nccc2c1CCO2,7.777283528852417
C(CN1CCN(c2nccc3c2CCO3)CC1)C1CCC(CC1)NC(CC1OCCC1)=O,7.777283528852417
s1c(S(NCCCCN2CCN(c3nsc4ccccc43)CC2)(=O)=O)cc2ccccc21,8.221848749616356
c1ccc2c(c1)c(N1CCN(CC1)CCCCNS(=O)(=O)c1cc3c(s1)cccc3)ns2,8.221848749616356
c12cc(S(NCCCCN3CCN(c4nsc5c4cccc5)CC3)(=O)=O)sc1cccc2,8.221848749616356
n1c(N2CCN(CC2)CCCCNS(c2sc3c(c2)cccc3)(=O)=O)c2ccccc2s1,8.221848749616356
n1sc2c(cccc2)c1N1CCN(CCCCNS(=O)(=O)c2cc3c(s2)cccc3)CC1,8.221848749616356
C(CCCc1ccccc1)NCC1c2ccccc2Cc2c1cccc2,6.437707135543525
C1(c2c(Cc3ccccc31)cccc2)CNCCCCc1ccccc1,6.437707135543525
c1ccc2C(c3ccccc3Cc2c1)CNCCCCc1ccccc1,6.437707135543525
c1cc2c(Cc3ccccc3C2CNCCCCc2ccccc2)cc1,6.437707135543525
c1cccc2C(c3ccccc3Cc12)CNCCCCc1ccccc1,6.437707135543525
c1(N)nc(NCCCCCN2CCN(c3c(cccc3)OC)CC2)nc(N)n1,5.18568579979254
c1c(OC)c(N2CCN(CCCCCNc3nc(N)nc(N)n3)CC2)ccc1,5.18568579979254
Nc1nc(NCCCCCN2CCN(CC2)c2c(cccc2)OC)nc(n1)N,5.18568579979254
n1c(nc(nc1N)N)NCCCCCN1CCN(c2c(cccc2)OC)CC1,5.18568579979254
c1cc(c(OC)cc1)N1CCN(CC1)CCCCCNc1nc(N)nc(n1)N,5.18568579979254
c1(N)cc(ccc1C(=O)CCCN1CCC2N3CCCSc4cccc(C2C1)c43)O,7.045757490560675
Oc1cc(N)c(C(=O)CCCN2CC3c4c5N(C3CC2)CCCSc5ccc4)cc1,7.045757490560675
C(N1CC2C(CC1)N1c3c(cccc23)SCCC1)CCC(=O)c1ccc(O)cc1N,7.045757490560675
C(CN1CCC2N3CCCSc4c3c(C2C1)ccc4)CC(c1ccc(O)cc1N)=O,7.045757490560675
C12C(N3CCCSc4cccc1c34)CCN(C2)CCCC(=O)c1c(cc(O)cc1)N,7.045757490560675
C1CN(c2nsc3c2cccc3)CCN1CCC1CCC(NS(=O)(=O)c2ccc[nH]2)CC1,8.995678626217357
C1CN(CCN1c1nsc2ccccc12)CCC1CCC(CC1)NS(=O)(c1[nH]ccc1)=O,8.995678626217357
c1(S(=O)(=O)NC2CCC(CCN3CCN(c4nsc5c4cccc5)CC3)CC2)ccc[nH]1,8.995678626217357
C1C(NS(=O)(=O)c2[nH]ccc2)CCC(C1)CCN1CCN(c2c3ccccc3sn2)CC1,8.995678626217357
c1cc(S(=O)(NC2CCC(CCN3CCN(c4nsc5c4cccc5)CC3)CC2)=O)[nH]c1,8.995678626217357
c1c(NC(=O)Nc2cc(-c3n(ncc3)C)c(OCCN3C(C)CCCC3C)cc2)ccc(Cl)c1,7.790484985457369
c1(NC(=O)Nc2ccc(c(-c3n(C)ncc3)c2)OCCN2C(C)CCCC2C)ccc(cc1)Cl,7.790484985457369
c1(n(C)ncc1)-c1c(ccc(c1)NC(Nc1ccc(cc1)Cl)=O)OCCN1C(CCCC1C)C,7.790484985457369
c1c(c(ccc1NC(Nc1ccc(cc1)Cl)=O)OCCN1C(CCCC1C)C)-c1n(ncc1)C,7.790484985457369
N(c1ccc(cc1)Cl)C(Nc1ccc(OCCN2C(CCCC2C)C)c(-c2ccnn2C)c1)=O,7.790484985457369
N1(CCN(CC=CCNC(c2ccc(cc2)-c2ncccc2)=O)CC1)c1c(OC)cccc1,7.123205023799299
C(NC(c1ccc(cc1)-c1ncccc1)=O)C=CCN1CCN(CC1)c1ccccc1OC,7.123205023799299
c1c(-c2ccccn2)ccc(C(=O)NCC=CCN2CCN(c3ccccc3OC)CC2)c1,7.123205023799299
c1(-c2ccccn2)ccc(C(NCC=CCN2CCN(CC2)c2c(OC)cccc2)=O)cc1,7.123205023799299
c1(C(NCC=CCN2CCN(c3c(cccc3)OC)CC2)=O)ccc(-c2ncccc2)cc1,7.123205023799299
c1(cc2c(N(C(=O)Nc3cnc(Oc4c(nccc4)C)cc3)CC2)cc1)C(F)(F)F,5.59999938302362
C(c1ccc2N(CCc2c1)C(=O)Nc1ccc(nc1)Oc1cccnc1C)(F)(F)F,5.59999938302362
FC(F)(F)c1cc2c(cc1)N(C(=O)Nc1ccc(Oc3cccnc3C)nc1)CC2,5.59999938302362
N1(CCc2cc(C(F)(F)F)ccc12)C(=O)Nc1ccc(nc1)Oc1cccnc1C,5.59999938302362
Cc1ncccc1Oc1ccc(cn1)NC(=O)N1CCc2cc(C(F)(F)F)ccc12,5.59999938302362
c1(S(=O)(=O)NC2CN(CC2)CCCc2c3c(cccc3)on2)cc2c(s1)cccc2,9.130005999878259
O=S(=O)(NC1CN(CC1)CCCc1c2c(on1)cccc2)c1sc2c(cccc2)c1,9.130005999878259
c12c(cccc2)onc1CCCN1CC(CC1)NS(=O)(=O)c1cc2c(cccc2)s1,9.130005999878259
c1c2c(sc1S(=O)(NC1CN(CC1)CCCc1noc3ccccc31)=O)cccc2,9.130005999878259
c12sc(S(=O)(NC3CN(CC3)CCCc3c4ccccc4on3)=O)cc1cccc2,9.130005999878259
C1CC(CCC1NC(=O)N(C)CC)CCN1CCN(CC1)c1c2c(sn1)cccc2,9.301029995663981
CN(C(NC1CCC(CC1)CCN1CCN(c2nsc3c2cccc3)CC1)=O)CC,9.301029995663981
c1cccc2snc(c12)N1CCN(CCC2CCC(CC2)NC(=O)N(CC)C)CC1,9.301029995663981
N(C)(C(=O)NC1CCC(CCN2CCN(c3nsc4ccccc43)CC2)CC1)CC,9.301029995663981
C(CC1CCC(NC(=O)N(CC)C)CC1)N1CCN(CC1)c1nsc2ccccc21,9.301029995663981
C(N1CCN(CC1)c1noc2c1cccc2)CN1CCc2c(cncc2C)C1=O,7.950781977329818
c12c(C)cncc2C(=O)N(CC1)CCN1CCN(c2noc3ccccc32)CC1,7.950781977329818
c1(c2CCN(CCN3CCN(c4noc5c4cccc5)CC3)C(=O)c2cnc1)C,7.950781977329818
C(CN1CCN(c2noc3c2cccc3)CC1)N1C(=O)c2c(c(cnc2)C)CC1,7.950781977329818
n1oc2c(cccc2)c1N1CCN(CC1)CCN1C(=O)c2cncc(c2CC1)C,7.950781977329818
c1c(c(OC)ccc1N1C(C(CC1)c1cc(Cl)c(cc1)Cl)=O)OCCN1CCC(C(C)C)CC1,6.399996913372259
C(CN1CCC(C(C)C)CC1)Oc1cc(N2CCC(c3ccc(c(Cl)c3)Cl)C2=O)ccc1OC,6.399996913372259
c1cc(cc(c1Cl)Cl)C1C(=O)N(c2cc(OCCN3CCC(C(C)C)CC3)c(OC)cc2)CC1,6.399996913372259
c1(C2CCN(C2=O)c2ccc(c(c2)OCCN2CCC(CC2)C(C)C)OC)ccc(Cl)c(c1)Cl,6.399996913372259
C(Oc1c(OC)ccc(N2CCC(c3cc(c(cc3)Cl)Cl)C2=O)c1)CN1CCC(C(C)C)CC1,6.399996913372259
c1(C(CCC)Oc2cc(Cl)cc(c2)Cl)nc(nc(N2CCN(C)CC2)n1)N,6.311580177997289
C(CCC)(Oc1cc(Cl)cc(c1)Cl)c1nc(nc(n1)N1CCN(C)CC1)N,6.311580177997289
n1c(N2CCN(C)CC2)nc(nc1C(CCC)Oc1cc(Cl)cc(c1)Cl)N,6.311580177997289
Clc1cc(cc(c1)OC(c1nc(nc(N)n1)N1CCN(CC1)C)CCC)Cl,6.311580177997289
c1c(cc(cc1Cl)Cl)OC(c1nc(N2CCN(CC2)C)nc(n1)N)CCC,6.311580177997289
C1(C(N(C(=O)OCc2ccc(OCC(C)C)cc2)Cc2ccc(F)cc2)CCNC1)F,9.600326278518962
N1CC(F)C(N(C(OCc2ccc(OCC(C)C)cc2)=O)Cc2ccc(F)cc2)CC1,9.600326278518962
c1c(ccc(c1)OCC(C)C)COC(=O)N(Cc1ccc(F)cc1)C1CCNCC1F,9.600326278518962
O(C(=O)N(C1C(CNCC1)F)Cc1ccc(cc1)F)Cc1ccc(cc1)OCC(C)C,9.600326278518962
c1c(ccc(c1)CN(C1CCNCC1F)C(=O)OCc1ccc(OCC(C)C)cc1)F,9.600326278518962
C(N)C1c2ccccc2C(c2c1cccc2)(C)C,6.481486060122113
c12ccccc2C(CN)c2ccccc2C1(C)C,6.481486060122113
C(C1c2ccccc2C(c2ccccc21)(C)C)N,6.481486060122113
c1ccc2c(C(C)(c3ccccc3C2CN)C)c1,6.481486060122113
c1c2c(ccc1)C(c1ccccc1C2(C)C)CN,6.481486060122113
C1N(CCC2CCC(CC2)NC(=O)N(C)C)CCC(C1)c1cccc2c1OCO2,7.341511618690983
C(CC1CCC(NC(N(C)C)=O)CC1)N1CCC(c2cccc3c2OCO3)CC1,7.341511618690983
C1(CCN2CCC(c3c4OCOc4ccc3)CC2)CCC(NC(N(C)C)=O)CC1,7.341511618690983
c1cc2OCOc2c(C2CCN(CCC3CCC(CC3)NC(=O)N(C)C)CC2)c1,7.341511618690983
c1(cccc2OCOc21)C1CCN(CCC2CCC(CC2)NC(=O)N(C)C)CC1,7.341511618690983
c1(c(F)cc2CCN(c2c1)CC(N)C)SCC,7.236572006437063
c1(F)c(SCC)cc2N(CCc2c1)CC(N)C,7.236572006437063
S(CC)c1cc2c(CCN2CC(C)N)cc1F,7.236572006437063
C(C(C)N)N1CCc2cc(F)c(SCC)cc21,7.236572006437063
c1(F)c(cc2c(CCN2CC(N)C)c1)SCC,7.236572006437063
c1c2CNC(c2c(c(OCCCCN2CCN(c3cccc4ccccc34)CC2)c1)F)=O,8.96657624451305
C1(=O)NCc2ccc(c(c12)F)OCCCCN1CCN(CC1)c1cccc2ccccc12,8.96657624451305
O=C1NCc2ccc(OCCCCN3CCN(c4c5ccccc5ccc4)CC3)c(c21)F,8.96657624451305
c12ccc(c(F)c1C(NC2)=O)OCCCCN1CCN(CC1)c1c2ccccc2ccc1,8.96657624451305
c1(OCCCCN2CCN(CC2)c2cccc3ccccc23)ccc2CNC(=O)c2c1F,8.96657624451305
c1(N)nc(SCCN2CCN(Cc3cccc(c3)C(F)(F)F)CC2)nc(N)c1Cc1ccccc1OC,7.218963061378868
c1cc(c(OC)cc1)Cc1c(nc(nc1N)SCCN1CCN(Cc2cccc(C(F)(F)F)c2)CC1)N,7.218963061378868
c1(c(nc(SCCN2CCN(CC2)Cc2cccc(c2)C(F)(F)F)nc1N)N)Cc1ccccc1OC,7.218963061378868
C(N1CCN(CC1)CCSc1nc(c(Cc2c(OC)cccc2)c(n1)N)N)c1cc(C(F)(F)F)ccc1,7.218963061378868
C(CSc1nc(N)c(Cc2ccccc2OC)c(n1)N)N1CCN(Cc2cccc(c2)C(F)(F)F)CC1,7.218963061378868
c1c(O)ccc(c1)C(O)C(N1CCC(Cc2ccccc2)CC1)C,6.432973633840939
c1c(ccc(c1)O)C(O)C(C)N1CCC(CC1)Cc1ccccc1,6.432973633840939
C1C(Cc2ccccc2)CCN(C1)C(C)C(c1ccc(O)cc1)O,6.432973633840939
c1(C(C(N2CCC(Cc3ccccc3)CC2)C)O)ccc(O)cc1,6.432973633840939
C1CN(C(C)C(O)c2ccc(O)cc2)CCC1Cc1ccccc1,6.432973633840939
c12c(Cc3ccccc3C3OC(CC13)CNC)cccc2,7.130181792020672
O1C2c3ccccc3Cc3ccccc3C2CC1CNC,7.130181792020672
C12OC(CC2c2c(cccc2)Cc2ccccc12)CNC,7.130181792020672
c1c2C3OC(CNC)CC3c3ccccc3Cc2ccc1,7.130181792020672
c12Cc3c(cccc3)C3C(OC(C3)CNC)c1cccc2,7.130181792020672
N1(c2cnn(c(c2)=O)Cc2c(C)c(NC(=O)c3ccc(cc3)-c3ccccc3)ccc2)CCNCC1,7.700057099977233
c1(c(c(ccc1)NC(c1ccc(-c2ccccc2)cc1)=O)C)Cn1ncc(cc1=O)N1CCNCC1,7.700057099977233
c1cc(C(=O)Nc2c(C)c(Cn3c(=O)cc(N4CCNCC4)cn3)ccc2)ccc1-c1ccccc1,7.700057099977233
c1nn(Cc2cccc(NC(=O)c3ccc(-c4ccccc4)cc3)c2C)c(cc1N1CCNCC1)=O,7.700057099977233
c1c(ccc(-c2ccccc2)c1)C(=O)Nc1cccc(Cn2c(cc(cn2)N2CCNCC2)=O)c1C,7.700057099977233
c1c(c(ccc1)S(c1ccc(cc1)C=Cc1ccc(F)cc1F)(=O)=O)C(N)=O,9.187086643357144
c1(cc(F)ccc1C=Cc1ccc(cc1)S(=O)(c1c(cccc1)C(N)=O)=O)F,9.187086643357144
c1(c(S(=O)(c2ccc(cc2)C=Cc2c(cc(cc2)F)F)=O)cccc1)C(=O)N,9.187086643357144
O=C(c1c(cccc1)S(c1ccc(cc1)C=Cc1ccc(cc1F)F)(=O)=O)N,9.187086643357144
c1c(ccc(c1F)C=Cc1ccc(S(c2c(C(N)=O)cccc2)(=O)=O)cc1)F,9.187086643357144
c1(ccc2c(cc(oc2c1C(=O)C)=O)C)OCCCN1CCN(c2ccccc2Cl)CC1,7.657577319177793
c1cccc(c1N1CCN(CCCOc2c(c3oc(cc(C)c3cc2)=O)C(=O)C)CC1)Cl,7.657577319177793
c1ccc(Cl)c(c1)N1CCN(CCCOc2ccc3c(cc(=O)oc3c2C(C)=O)C)CC1,7.657577319177793
N1(CCN(CC1)c1c(cccc1)Cl)CCCOc1c(C(=O)C)c2oc(=O)cc(C)c2cc1,7.657577319177793
Cc1c2c(oc(=O)c1)c(C(C)=O)c(OCCCN1CCN(CC1)c1c(Cl)cccc1)cc2,7.657577319177793
C(c1ccccc1)CN1CCN(CC1)CCOCCOc1c(C)cc(cc1C)C,5.55206713440782
C(COc1c(C)cc(C)cc1C)OCCN1CCN(CCc2ccccc2)CC1,5.55206713440782
c1(C)cc(C)cc(c1OCCOCCN1CCN(CCc2ccccc2)CC1)C,5.55206713440782
Cc1cc(c(OCCOCCN2CCN(CCc3ccccc3)CC2)c(c1)C)C,5.55206713440782
C(c1ccccc1)CN1CCN(CC1)CCOCCOc1c(cc(cc1C)C)C,5.55206713440782
c1cnc2C(N(C(CN3CCC(CC3)c3c4ccc(cc4on3)F)C)CCc2c1)=O,8.096910013008056
C1CC(c2c3ccc(cc3on2)F)CCN1CC(N1CCc2c(C1=O)nccc2)C,8.096910013008056
c1cnc2C(=O)N(C(CN3CCC(c4c5c(on4)cc(F)cc5)CC3)C)CCc2c1,8.096910013008056
CC(CN1CCC(c2noc3c2ccc(c3)F)CC1)N1CCc2cccnc2C1=O,8.096910013008056
o1nc(C2CCN(CC2)CC(N2CCc3c(C2=O)nccc3)C)c2c1cc(F)cc2,8.096910013008056
C1CN(CCN1c1ccccc1)CCCOn1c(O)c2C3C(CC(C=C3C)(c2c1O)OC(=O)C)C,6.427976913256154
C1C2(C=C(C(C1C)c1c2c(O)n(OCCCN2CCN(c3ccccc3)CC2)c1O)C)OC(=O)C,6.427976913256154
C1CN(c2ccccc2)CCN1CCCOn1c(O)c2c(c1O)C1(C=C(C)C2C(C)C1)OC(C)=O,6.427976913256154
c12C3C(C)=CC(CC3C)(c2c(n(c1O)OCCCN1CCN(c2ccccc2)CC1)O)OC(C)=O,6.427976913256154
c12c(n(OCCCN3CCN(c4ccccc4)CC3)c(O)c1C1C(C)=CC2(CC1C)OC(=O)C)O,6.427976913256154
c1(COc2ccccn2)ccc(cn1)NC(N1c2cc(C(F)(F)F)c(cc2CC1)C)=O,7.0
C1c2cc(c(cc2N(C1)C(=O)Nc1ccc(nc1)COc1ncccc1)C(F)(F)F)C,7.0
FC(c1c(cc2CCN(C(=O)Nc3ccc(COc4ncccc4)nc3)c2c1)C)(F)F,7.0
c1cc(ncc1NC(=O)N1c2cc(c(cc2CC1)C)C(F)(F)F)COc1ncccc1,7.0
FC(c1c(cc2c(N(CC2)C(=O)Nc2ccc(COc3ccccn3)nc2)c1)C)(F)F,7.0
FC(F)(F)c1cc(N2CCN(CCCCNC(c3c4c(n[nH]3)cccc4)=O)CC2)ccc1,6.767003889607846
C1N(CCCCNC(c2[nH]nc3c2cccc3)=O)CCN(C1)c1cccc(c1)C(F)(F)F,6.767003889607846
c1cc(N2CCN(CCCCNC(=O)c3[nH]nc4c3cccc4)CC2)cc(c1)C(F)(F)F,6.767003889607846
c12c(cccc2)n[nH]c1C(NCCCCN1CCN(CC1)c1cccc(c1)C(F)(F)F)=O,6.767003889607846
FC(F)(F)c1cccc(N2CCN(CCCCNC(c3[nH]nc4ccccc34)=O)CC2)c1,6.767003889607846
c1(c(c(Cl)cc(c1)CC)OC)N1CCN(CC(O)CCNC(=O)c2cc3c([nH]2)cccc3)CC1,6.72584215073632
c1c2c([nH]c1C(=O)NCCC(O)CN1CCN(CC1)c1c(c(Cl)cc(c1)CC)OC)cccc2,6.72584215073632
C1N(CCN(C1)CC(CCNC(c1[nH]c2ccccc2c1)=O)O)c1cc(cc(c1OC)Cl)CC,6.72584215073632
c1(cc(cc(Cl)c1OC)CC)N1CCN(CC(CCNC(c2[nH]c3ccccc3c2)=O)O)CC1,6.72584215073632
N(C(=O)c1cc2ccccc2[nH]1)CCC(CN1CCN(CC1)c1cc(cc(c1OC)Cl)CC)O,6.72584215073632
n1cccc2c1ccc1ccn(c12)CC(C)NCc1ccccc1OC,5.804653941651581
N(Cc1ccccc1OC)C(C)Cn1c2c3cccnc3ccc2cc1,5.804653941651581
c1cn(c2c3cccnc3ccc12)CC(C)NCc1ccccc1OC,5.804653941651581
c1cc2c(n(cc2)CC(NCc2ccccc2OC)C)c2c1nccc2,5.804653941651581
c12n(ccc1ccc1c2cccn1)CC(C)NCc1c(cccc1)OC,5.804653941651581
C(C(=O)NC1CCC(CC1)CCN1CCC(CC1)c1coc2c1cccc2)=C(C)C,8.014124642691606
C1C(CCN2CCC(c3coc4ccccc34)CC2)CCC(C1)NC(C=C(C)C)=O,8.014124642691606
c1oc2ccccc2c1C1CCN(CCC2CCC(CC2)NC(C=C(C)C)=O)CC1,8.014124642691606
C1CC(CCC1CCN1CCC(CC1)c1coc2ccccc21)NC(C=C(C)C)=O,8.014124642691606
C(C)(C)=CC(NC1CCC(CCN2CCC(c3coc4c3cccc4)CC2)CC1)=O,8.014124642691606
c1c(c2c(N3CCNCC3CC2)nc1)C1CCCC1,7.3851027839668655
N12c3nccc(c3CCC1CNCC2)C1CCCC1,7.3851027839668655
C1CCCC1c1ccnc2c1CCC1CNCCN21,7.3851027839668655
C1CC(CC1)c1c2CCC3N(CCNC3)c2ncc1,7.3851027839668655
C1C(CCC1)c1ccnc2N3CCNCC3CCc21,7.3851027839668655
C1CN(CCC1N(C(=O)c1ccc(cc1)OC)Cc1ccc(cc1)C)C,8.638272163982407
Cc1ccc(cc1)CN(C1CCN(CC1)C)C(c1ccc(cc1)OC)=O,8.638272163982407
c1c(CN(C(c2ccc(OC)cc2)=O)C2CCN(C)CC2)ccc(c1)C,8.638272163982407
O=C(N(Cc1ccc(C)cc1)C1CCN(C)CC1)c1ccc(cc1)OC,8.638272163982407
c1cc(CN(C2CCN(CC2)C)C(=O)c2ccc(OC)cc2)ccc1C,8.638272163982407
C1(N2C(CNCC2)Cc2c(cccc12)CC)=O,5.846490010699163
C12N(C(c3c(C2)c(CC)ccc3)=O)CCNC1,5.846490010699163
CCc1cccc2C(=O)N3C(CNCC3)Cc12,5.846490010699163
c1(CC)c2c(C(N3C(C2)CNCC3)=O)ccc1,5.846490010699163
C12CNCCN1C(=O)c1cccc(CC)c1C2,5.846490010699163
c1cccc2[nH]c(-c3ccccc3F)c(c21)CCN(CC)C,9.522878745280337
c1(c(F)cccc1)-c1c(c2ccccc2[nH]1)CCN(C)CC,9.522878745280337
c12[nH]c(-c3ccccc3F)c(c1cccc2)CCN(C)CC,9.522878745280337
CCN(CCc1c2c(cccc2)[nH]c1-c1c(F)cccc1)C,9.522878745280337
c12[nH]c(-c3ccccc3F)c(CCN(C)CC)c1cccc2,9.522878745280337
Clc1c(c(ccc1)N1CCN(CC1)CCCCCCN1C(=O)c2ccccc2S1(=O)=O)Cl,6.5951662833800615
c12c(cccc1)C(=O)N(CCCCCCN1CCN(c3cccc(c3Cl)Cl)CC1)S2(=O)=O,6.5951662833800615
C(CCCCN1C(c2c(cccc2)S1(=O)=O)=O)CN1CCN(c2c(Cl)c(Cl)ccc2)CC1,6.5951662833800615
c1(c(Cl)c(ccc1)Cl)N1CCN(CCCCCCN2S(c3ccccc3C2=O)(=O)=O)CC1,6.5951662833800615
c12S(=O)(N(C(c1cccc2)=O)CCCCCCN1CCN(CC1)c1c(c(ccc1)Cl)Cl)=O,6.5951662833800615
C1N(CCC2CCC(CC2)NC(CC2(O)CCOCC2)=O)CCC(C1)c1cccc2OCOc21,7.603451962012868
C1OCCC(CC(NC2CCC(CC2)CCN2CCC(c3cccc4c3OCO4)CC2)=O)(C1)O,7.603451962012868
C1C(NC(CC2(O)CCOCC2)=O)CCC(CCN2CCC(c3cccc4c3OCO4)CC2)C1,7.603451962012868
C1C(NC(CC2(CCOCC2)O)=O)CCC(CCN2CCC(CC2)c2c3OCOc3ccc2)C1,7.603451962012868
c1c2c(c(cc1)C1CCN(CCC3CCC(CC3)NC(CC3(CCOCC3)O)=O)CC1)OCO2,7.603451962012868
C1(CN(CCC1)C(C)=O)N1C(=O)c2cccc(N)c2C1=O,5.2839966563652006
C1(c2c(N)cccc2C(=O)N1C1CN(CCC1)C(=O)C)=O,5.2839966563652006
c12cccc(N)c2C(=O)N(C2CN(C(=O)C)CCC2)C1=O,5.2839966563652006
C1CC(CN(C(=O)C)C1)N1C(c2c(N)cccc2C1=O)=O,5.2839966563652006
C1N(CC(N2C(=O)c3cccc(c3C2=O)N)CC1)C(C)=O,5.2839966563652006
c1cc(ccc1)C(CCCNC)c1ccccc1,6.122628654130226
c1cccc(C(c2ccccc2)CCCNC)c1,6.122628654130226
c1c(cccc1)C(CCCNC)c1ccccc1,6.122628654130226
c1(ccccc1)C(c1ccccc1)CCCNC,6.122628654130226
C(CNC)CC(c1ccccc1)c1ccccc1,6.122628654130226
c1cc(Cl)c2c(CC(C)(C3N2CCNC3)C)c1,5.700000503883016
c12c(CC(C)(C3N2CCNC3)C)cccc1Cl,5.700000503883016
c12CC(C)(C3CNCCN3c1c(ccc2)Cl)C,5.700000503883016
c1ccc(c2N3CCNCC3C(C)(Cc21)C)Cl,5.700000503883016
C1NCC2N(c3c(CC2(C)C)cccc3Cl)C1,5.700000503883016
c1c2onc(c2ccc1F)C1CCN(CC1)CCC1CCC(CC1)NC(=O)CC(F)(F)F,8.555642874343972
Fc1ccc2c(noc2c1)C1CCN(CCC2CCC(NC(CC(F)(F)F)=O)CC2)CC1,8.555642874343972
FC(F)(CC(=O)NC1CCC(CCN2CCC(CC2)c2noc3cc(ccc23)F)CC1)F,8.555642874343972
c1c2c(onc2C2CCN(CCC3CCC(NC(=O)CC(F)(F)F)CC3)CC2)cc(F)c1,8.555642874343972
C1N(CCC2CCC(NC(=O)CC(F)(F)F)CC2)CCC(c2noc3c2ccc(c3)F)C1,8.555642874343972
C(N1CCC(CC1)C(O)c1ccc(cc1)F)Cc1ccc(I)cc1,7.493494967595128
c1(ccc(cc1)C(O)C1CCN(CC1)CCc1ccc(I)cc1)F,7.493494967595128
C1C(CCN(CCc2ccc(cc2)I)C1)C(O)c1ccc(F)cc1,7.493494967595128
c1cc(ccc1C(O)C1CCN(CCc2ccc(cc2)I)CC1)F,7.493494967595128
C1C(C(O)c2ccc(cc2)F)CCN(C1)CCc1ccc(cc1)I,7.493494967595128
c1c2c(ccc1)C(CC(C2)N(C)C)c1ccc(C(F)(F)F)cc1,5.698970004336019
c1ccc2c(CC(CC2c2ccc(cc2)C(F)(F)F)N(C)C)c1,5.698970004336019
C1(N(C)C)CC(c2ccccc2C1)c1ccc(C(F)(F)F)cc1,5.698970004336019
CN(C1Cc2c(cccc2)C(c2ccc(C(F)(F)F)cc2)C1)C,5.698970004336019
C1C(CC(c2ccc(C(F)(F)F)cc2)c2c1cccc2)N(C)C,5.698970004336019
c1c(F)c(Cl)cc2c1ccn2CC(N)C,7.100015437450609
c1(c(Cl)cc2c(c1)ccn2CC(C)N)F,7.100015437450609
c1c(c(cc2n(ccc21)CC(N)C)Cl)F,7.100015437450609
n1(c2cc(Cl)c(cc2cc1)F)CC(N)C,7.100015437450609
n1(CC(C)N)ccc2c1cc(Cl)c(F)c2,7.100015437450609
c12c(cccc1)[nH]c(c2CCN(CC)C)-c1ccc(cc1)C#N,8.585026652029182
N(CC)(CCc1c([nH]c2c1cccc2)-c1ccc(cc1)C#N)C,8.585026652029182
CCN(CCc1c(-c2ccc(C#N)cc2)[nH]c2ccccc21)C,8.585026652029182
N#Cc1ccc(cc1)-c1[nH]c2c(cccc2)c1CCN(C)CC,8.585026652029182
C(C)N(C)CCc1c2ccccc2[nH]c1-c1ccc(cc1)C#N,8.585026652029182
N1(CCCCNC(c2cc3c(cccc3)cn2)=O)CCN(CC1)c1ncccc1,6.0851281824599495
n1cc2ccccc2cc1C(=O)NCCCCN1CCN(c2ccccn2)CC1,6.0851281824599495
C1CN(CCN1c1ncccc1)CCCCNC(c1ncc2ccccc2c1)=O,6.0851281824599495
n1c(N2CCN(CCCCNC(=O)c3cc4ccccc4cn3)CC2)cccc1,6.0851281824599495
N1(CCN(CCCCNC(c2ncc3ccccc3c2)=O)CC1)c1ccccn1,6.0851281824599495
c1c2C3(CN(CC3)CCN3CCN(c4ccc(F)cc4)CC3)C(=O)Nc2ccc1,7.229147988357855
c1(N2CCN(CCN3CCC4(C(Nc5c4cccc5)=O)C3)CC2)ccc(cc1)F,7.229147988357855
c1cccc2c1C1(CN(CC1)CCN1CCN(CC1)c1ccc(cc1)F)C(N2)=O,7.229147988357855
c1(ccc(cc1)F)N1CCN(CCN2CC3(CC2)C(=O)Nc2c3cccc2)CC1,7.229147988357855
C1N(CCN2CCN(c3ccc(cc3)F)CC2)CC2(C(=O)Nc3c2cccc3)C1,7.229147988357855
C(C(C)S(=O)(N(CCCN1CCC(CC1)c1c2ccc(cc2on1)F)CC)=O)O,8.920818753952375
c1c(cc2c(c(C3CCN(CCCN(CC)S(=O)(=O)C(C)CO)CC3)no2)c1)F,8.920818753952375
C1CC(CCN1CCCN(CC)S(=O)(C(CO)C)=O)c1c2ccc(F)cc2on1,8.920818753952375
C(CCN(CC)S(C(C)CO)(=O)=O)N1CCC(c2noc3cc(ccc23)F)CC1,8.920818753952375
c1(noc2cc(ccc21)F)C1CCN(CC1)CCCN(CC)S(=O)(C(C)CO)=O,8.920818753952375
C(C(O)CCNC(c1cc2c([nH]1)cccc2)=O)N1CCN(c2c(c(CC)ccc2)Cl)CC1,6.026872146400302
C1CN(CCN1c1cccc(CC)c1Cl)CC(O)CCNC(=O)c1cc2ccccc2[nH]1,6.026872146400302
c1(CC)c(c(ccc1)N1CCN(CC(O)CCNC(c2[nH]c3c(cccc3)c2)=O)CC1)Cl,6.026872146400302
C(C(CCNC(c1cc2c([nH]1)cccc2)=O)O)N1CCN(CC1)c1cccc(CC)c1Cl,6.026872146400302
c1cc2cc(C(=O)NCCC(O)CN3CCN(c4c(Cl)c(CC)ccc4)CC3)[nH]c2cc1,6.026872146400302
c1cc(CN(C2CCN(C)CC2)C(=O)Cc2ccc(OCC(C)C)cc2F)ccc1F,8.199970640755867
C(Cc1c(cc(OCC(C)C)cc1)F)(=O)N(Cc1ccc(F)cc1)C1CCN(C)CC1,8.199970640755867
CN1CCC(CC1)N(C(Cc1c(cc(OCC(C)C)cc1)F)=O)Cc1ccc(F)cc1,8.199970640755867
c1(c(cc(cc1)OCC(C)C)F)CC(N(Cc1ccc(cc1)F)C1CCN(C)CC1)=O,8.199970640755867
N1(C)CCC(N(Cc2ccc(F)cc2)C(Cc2ccc(cc2F)OCC(C)C)=O)CC1,8.199970640755867
c1c2nc(OCC3CCN(CCc4ccccc4)CC3)c3cn(cc3c2ccc1)C,7.100015437450609
c1c2c(ccc1)c1c(c(n2)OCC2CCN(CC2)CCc2ccccc2)cn(c1)C,7.100015437450609
c1cccc2nc(OCC3CCN(CC3)CCc3ccccc3)c3c(cn(C)c3)c21,7.100015437450609
C1(CCN(CC1)CCc1ccccc1)COc1c2cn(cc2c2c(n1)cccc2)C,7.100015437450609
c1ccc(CCN2CCC(COc3nc4c(cccc4)c4cn(C)cc43)CC2)cc1,7.100015437450609
c1(N2C(=O)C(c3ccc(cc3)Cl)=CC2)cc(c(cc1)OC)OCCN1CCCCC1,6.0
c1cc(c(cc1N1C(=O)C(=CC1)c1ccc(cc1)Cl)OCCN1CCCCC1)OC,6.0
c1(N2C(=O)C(=CC2)c2ccc(Cl)cc2)ccc(c(OCCN2CCCCC2)c1)OC,6.0
c1(Cl)ccc(C2C(=O)N(c3cc(c(cc3)OC)OCCN3CCCCC3)CC=2)cc1,6.0
c1(OC)ccc(N2C(=O)C(c3ccc(Cl)cc3)=CC2)cc1OCCN1CCCCC1,6.0
c1c(ccc2c1c(C)c(s2)S(=O)(=O)NCCCN1CCN(CC1)c1nsc2ccccc21)F,7.853871964321762
Cc1c2c(sc1S(NCCCN1CCN(CC1)c1nsc3c1cccc3)(=O)=O)ccc(c2)F,7.853871964321762
s1c2ccc(cc2c(c1S(NCCCN1CCN(CC1)c1nsc2ccccc21)(=O)=O)C)F,7.853871964321762
C(CNS(c1sc2ccc(cc2c1C)F)(=O)=O)CN1CCN(CC1)c1c2ccccc2sn1,7.853871964321762
s1c2ccccc2c(N2CCN(CC2)CCCNS(=O)(c2c(c3cc(F)ccc3s2)C)=O)n1,7.853871964321762
c1c(ccc(F)c1)C1CC1CN,5.556267758598403
c1(ccc(C2CC2CN)cc1)F,5.556267758598403
C(N)C1C(c2ccc(cc2)F)C1,5.556267758598403
Fc1ccc(cc1)C1C(C1)CN,5.556267758598403
c1(ccc(F)cc1)C1C(CN)C1,5.556267758598403
c1(c2cc(ccn2nc1)OCCCCN1CCN(c2c3c(OCCO3)c(O)cc2)CC1)C=O,6.0
c1(O)ccc(N2CCN(CC2)CCCCOc2ccn3c(c2)c(C=O)cn3)c2OCCOc12,6.0
c1c(OCCCCN2CCN(c3ccc(O)c4c3OCCO4)CC2)ccn2ncc(c12)C=O,6.0
n1n2c(cc(cc2)OCCCCN2CCN(c3c4c(OCCO4)c(cc3)O)CC2)c(c1)C=O,6.0
C(c1cnn2c1cc(OCCCCN1CCN(CC1)c1ccc(O)c3OCCOc31)cc2)=O,6.0
c1(N2CCN(CC2)CCOCCOc2c(C)cc(cc2C)C)c(cccc1)OC,6.610833915635467
c1(C)cc(C)cc(C)c1OCCOCCN1CCN(c2c(cccc2)OC)CC1,6.610833915635467
O(CCOCCN1CCN(CC1)c1ccccc1OC)c1c(cc(cc1C)C)C,6.610833915635467
N1(CCOCCOc2c(C)cc(C)cc2C)CCN(c2ccccc2OC)CC1,6.610833915635467
Cc1cc(c(c(C)c1)OCCOCCN1CCN(c2c(cccc2)OC)CC1)C,6.610833915635467
c1ccc2n(nc(C(NCC3CCN(CC3)CCc3ccc(cc3)N)=O)c2c1)C(C)C,7.100015437450609
C(CN1CCC(CNC(=O)c2c3c(cccc3)n(C(C)C)n2)CC1)c1ccc(cc1)N,7.100015437450609
c1ccc2c(C(NCC3CCN(CC3)CCc3ccc(N)cc3)=O)nn(C(C)C)c2c1,7.100015437450609
c1cc(N)ccc1CCN1CCC(CC1)CNC(=O)c1nn(c2ccccc21)C(C)C,7.100015437450609
C1CN(CCc2ccc(N)cc2)CCC1CNC(=O)c1c2c(cccc2)n(n1)C(C)C,7.100015437450609
c1(c(OC)cc(OC)c(OC)c1)C1NCCc2c3cc(ccc3[nH]c21)F,5.6117211365403605
c12cc(ccc2[nH]c2c1CCNC2c1cc(OC)c(OC)cc1OC)F,5.6117211365403605
[nH]1c2c(CCNC2c2c(OC)cc(c(OC)c2)OC)c2c1ccc(c2)F,5.6117211365403605
c12[nH]c3C(NCCc3c2cc(F)cc1)c1cc(c(OC)cc1OC)OC,5.6117211365403605
[nH]1c2ccc(cc2c2CCNC(c21)c1cc(c(OC)cc1OC)OC)F,5.6117211365403605
N12CCNCc3ccc(C)c(c13)C(C2)(C)C,7.154901959985743
C1C(C)(c2c3c(CNCCN31)ccc2C)C,7.154901959985743
c12ccc(c3c2N(CC3(C)C)CCNC1)C,7.154901959985743
C1c2ccc(C)c3c2N(CCN1)CC3(C)C,7.154901959985743
c12N3CCNCc2ccc(c1C(C)(C3)C)C,7.154901959985743
C12C3C4C1C1C(C(C4C1)C3)C2NCCc1cccc(F)c1,5.220259248823259
C1(NCCc2cccc(F)c2)C2C3CC4C5C3C2C(C5)C41,5.220259248823259
c1c(F)cccc1CCNC1C2C3C4C1C1CC2C(C14)C3,5.220259248823259
c1(cc(F)ccc1)CCNC1C2C3CC4C1C1C4C3CC12,5.220259248823259
C12C3C4CC1C1C(C3C4C1NCCc1cc(ccc1)F)C2,5.220259248823259
c1(c(COc2n(nc(c2)CNC)CCC(C)C)cc(F)cc1)F,8.823908740944319
CC(C)CCn1c(cc(n1)CNC)OCc1c(ccc(c1)F)F,8.823908740944319
c1cc(F)c(COc2cc(CNC)nn2CCC(C)C)cc1F,8.823908740944319
C(c1cc(OCc2c(F)ccc(c2)F)n(CCC(C)C)n1)NC,8.823908740944319
c1(F)ccc(F)cc1COc1cc(CNC)nn1CCC(C)C,8.823908740944319
Fc1ccc2c(c1)onc2C1CCN(CCCCOc2ccc(CN3CCOCC3)cc2)CC1,8.346787486224656
C1N(CCC(c2noc3c2ccc(c3)F)C1)CCCCOc1ccc(CN2CCOCC2)cc1,8.346787486224656
c1cc(ccc1OCCCCN1CCC(c2noc3c2ccc(c3)F)CC1)CN1CCOCC1,8.346787486224656
o1c2cc(ccc2c(C2CCN(CCCCOc3ccc(cc3)CN3CCOCC3)CC2)n1)F,8.346787486224656
C1CC(c2noc3c2ccc(c3)F)CCN1CCCCOc1ccc(cc1)CN1CCOCC1,8.346787486224656
c1c2ccc(cc2ccc1S(NCCCN1CCN(c2nsc3ccccc32)CC1)(=O)=O)Cl,7.886056647693163
c12ccccc2c(N2CCN(CC2)CCCNS(=O)(=O)c2ccc3c(ccc(Cl)c3)c2)ns1,7.886056647693163
O=S(=O)(c1cc2ccc(Cl)cc2cc1)NCCCN1CCN(CC1)c1c2ccccc2sn1,7.886056647693163
c1cccc2c1snc2N1CCN(CCCNS(c2ccc3cc(Cl)ccc3c2)(=O)=O)CC1,7.886056647693163
c1(ccc2cc(S(NCCCN3CCN(c4c5ccccc5sn4)CC3)(=O)=O)ccc2c1)Cl,7.886056647693163
c1c2c(CCO2)c(nc1)N1CCN(CC1)CCC1CCC(NS(=O)(=O)c2ccccc2)CC1,7.151810883008602
O=S(=O)(c1ccccc1)NC1CCC(CCN2CCN(CC2)c2nccc3c2CCO3)CC1,7.151810883008602
C(CC1CCC(CC1)NS(c1ccccc1)(=O)=O)N1CCN(CC1)c1nccc2c1CCO2,7.151810883008602
C1(CCC(NS(=O)(c2ccccc2)=O)CC1)CCN1CCN(CC1)c1nccc2c1CCO2,7.151810883008602
c1cc(S(NC2CCC(CC2)CCN2CCN(CC2)c2c3CCOc3ccn2)(=O)=O)ccc1,7.151810883008602
C(CCNCC1C(C1)c1cc(ccc1OC)Cl)Oc1cc2c(ccc([nH]2)=O)cc1,5.93776596671951
C(COc1ccc2c(c1)[nH]c(=O)cc2)CNCC1C(C1)c1cc(ccc1OC)Cl,5.93776596671951
c1c2ccc(OCCCNCC3C(c4c(OC)ccc(c4)Cl)C3)cc2[nH]c(=O)c1,5.93776596671951
C(CCNCC1CC1c1c(OC)ccc(Cl)c1)Oc1cc2c(ccc(=O)[nH]2)cc1,5.93776596671951
Clc1cc(c(OC)cc1)C1CC1CNCCCOc1ccc2c([nH]c(=O)cc2)c1,5.93776596671951
Clc1nc2sccn2c1S(n1cc(c2c1cccc2)CCN)(=O)=O,6.954677021213342
s1ccn2c(S(=O)(n3cc(CCN)c4ccccc43)=O)c(Cl)nc12,6.954677021213342
S(n1c2c(c(CCN)c1)cccc2)(=O)(c1c(nc2sccn12)Cl)=O,6.954677021213342
n1c2sccn2c(S(=O)(=O)n2c3ccccc3c(CCN)c2)c1Cl,6.954677021213342
s1c2n(c(S(n3cc(c4ccccc34)CCN)(=O)=O)c(Cl)n2)cc1,6.954677021213342
c1c2c(nsc2ccc1)N1CCN(CCC2N(CCC2)S(=O)(=O)c2cncc3ccccc23)CC1,8.0
C(CN1CCN(c2nsc3ccccc23)CC1)C1CCCN1S(=O)(c1c2ccccc2cnc1)=O,8.0
n1sc2ccccc2c1N1CCN(CC1)CCC1CCCN1S(=O)(c1cncc2c1cccc2)=O,8.0
c1ccc2c(c1)c(cnc2)S(=O)(N1C(CCC1)CCN1CCN(c2c3c(cccc3)sn2)CC1)=O,8.0
c1ncc2ccccc2c1S(N1CCCC1CCN1CCN(CC1)c1c2ccccc2sn1)(=O)=O,8.0
C1(NC(Nc2cccc(C)c2)=O)N=C(c2ccccc2)c2c(cccc2)N(C1=O)C,5.669399560733435
C1(NC(=O)Nc2cccc(c2)C)N=C(c2ccccc2)c2ccccc2N(C)C1=O,5.669399560733435
c1ccc2N(C)C(=O)C(N=C(c3ccccc3)c2c1)NC(Nc1cccc(C)c1)=O,5.669399560733435
Cc1cc(NC(NC2C(N(C)c3ccccc3C(c3ccccc3)=N2)=O)=O)ccc1,5.669399560733435
C1(c2ccccc2N(C)C(=O)C(N=1)NC(=O)Nc1cccc(c1)C)c1ccccc1,5.669399560733435
c12c(cccc2C2CCN(CC2)CCC2CCC(CC2)NC(C(C)(O)C)=O)OCC1,8.096910013008056
O=C(NC1CCC(CC1)CCN1CCC(c2cccc3c2CCO3)CC1)C(C)(C)O,8.096910013008056
CC(C)(O)C(=O)NC1CCC(CCN2CCC(CC2)c2c3c(OCC3)ccc2)CC1,8.096910013008056
C1CN(CCC2CCC(CC2)NC(C(C)(O)C)=O)CCC1c1cccc2OCCc12,8.096910013008056
c12OCCc2c(ccc1)C1CCN(CC1)CCC1CCC(NC(=O)C(C)(C)O)CC1,8.096910013008056
c12CCC(Cc1cccc2O)N(CCC)CCCCOc1ccn2c(ccn2)c1,5.795880017344075
n1ccc2cc(OCCCCN(C3CCc4c(cccc4O)C3)CCC)ccn21,5.795880017344075
C1c2cccc(c2CCC1N(CCCCOc1cc2ccnn2cc1)CCC)O,5.795880017344075
c1(OCCCCN(C2CCc3c(cccc3O)C2)CCC)cc2ccnn2cc1,5.795880017344075
c1cc(c2c(CC(N(CCCCOc3ccn4nccc4c3)CCC)CC2)c1)O,5.795880017344075
c1(-c2c(OC)ccc(NC(Nc3c(F)cc(F)cc3)=O)c2)n(ncc1Br)C,9.243744351245766
Fc1cc(F)c(NC(=O)Nc2ccc(OC)c(-c3n(ncc3Br)C)c2)cc1,9.243744351245766
N(c1ccc(c(c1)-c1c(Br)cnn1C)OC)C(=O)Nc1ccc(cc1F)F,9.243744351245766
N(C(Nc1c(F)cc(F)cc1)=O)c1ccc(OC)c(c1)-c1n(C)ncc1Br,9.243744351245766
c1c(c(cc(NC(=O)Nc2c(F)cc(cc2)F)c1)-c1c(cnn1C)Br)OC,9.243744351245766
c1(nc(N2CCN(CC2)C)nc(c1)CCCC)-c1ccoc1,8.0
C(CCC)c1nc(N2CCN(CC2)C)nc(c1)-c1ccoc1,8.0
C(C)CCc1nc(N2CCN(CC2)C)nc(c1)-c1cocc1,8.0
c1c(-c2nc(N3CCN(C)CC3)nc(CCCC)c2)cco1,8.0
CCCCc1cc(nc(n1)N1CCN(C)CC1)-c1cocc1,8.0
C1(c2c3ccc(cc3n(C)c2CN1c1ccc(c(c1)OCCN1CCCCC1)OC)Cl)=O,6.499996931948306
c12n(C)c3cc(ccc3c2C(=O)N(c2cc(OCCN3CCCCC3)c(cc2)OC)C1)Cl,6.499996931948306
c1(OCCN2CCCCC2)cc(N2Cc3c(c4c(n3C)cc(Cl)cc4)C2=O)ccc1OC,6.499996931948306
c1(OCCN2CCCCC2)cc(N2Cc3c(c4ccc(Cl)cc4n3C)C2=O)ccc1OC,6.499996931948306
c12c3c(CN(c4cc(OCCN5CCCCC5)c(OC)cc4)C3=O)n(C)c2cc(Cl)cc1,6.499996931948306
c1nc2n(Cc3cccc(c3)F)c(C(C)C)nc2c(c1)N1CCNCC1,6.323306390375134
c1c(cccc1Cn1c2c(nc1C(C)C)c(ccn2)N1CCNCC1)F,6.323306390375134
C(C)(c1n(Cc2cc(ccc2)F)c2nccc(N3CCNCC3)c2n1)C,6.323306390375134
c1(nc2c(nccc2N2CCNCC2)n1Cc1cc(F)ccc1)C(C)C,6.323306390375134
c1nc2n(Cc3cc(F)ccc3)c(C(C)C)nc2c(N2CCNCC2)c1,6.323306390375134
C1CN(CCN1)c1c2c(n(S(=O)(c3cc(ccc3)F)=O)cc2)c2c(cccc2)n1,5.522155523661242
N1(CCNCC1)c1c2ccn(c2c2ccccc2n1)S(c1cccc(c1)F)(=O)=O,5.522155523661242
c1c(cccc1S(=O)(=O)n1ccc2c(N3CCNCC3)nc3c(c21)cccc3)F,5.522155523661242
C1NCCN(c2nc3c(cccc3)c3c2ccn3S(c2cc(F)ccc2)(=O)=O)C1,5.522155523661242
S(=O)(n1ccc2c1c1c(nc2N2CCNCC2)cccc1)(=O)c1cccc(F)c1,5.522155523661242
C1CN(CCN1CCCCOc1ccc2CNCc2c1)c1c2ccccc2ccc1,8.294992040666664
C1c2cc(OCCCCN3CCN(CC3)c3cccc4c3cccc4)ccc2CN1,8.294992040666664
c12cccc(c1cccc2)N1CCN(CCCCOc2cc3CNCc3cc2)CC1,8.294992040666664
c1c(cc2c(CNC2)c1)OCCCCN1CCN(CC1)c1c2c(ccc1)cccc2,8.294992040666664
c1c2c(c(cc1)N1CCN(CC1)CCCCOc1cc3c(CNC3)cc1)cccc2,8.294992040666664
c1(-c2nc(N)nc(N3CCN(C)CC3)c2)ccc(cc1)C#N,5.3872161432802645
C1CN(C)CCN1c1nc(N)nc(-c2ccc(cc2)C#N)c1,5.3872161432802645
C1CN(CCN1c1nc(nc(c1)-c1ccc(cc1)C#N)N)C,5.3872161432802645
c1(ccc(cc1)C#N)-c1cc(N2CCN(C)CC2)nc(n1)N,5.3872161432802645
c1cc(ccc1C#N)-c1nc(N)nc(c1)N1CCN(C)CC1,5.3872161432802645
c1c(C(N)=N)ccc(OCCCCCOc2ccc(C(=N)N)cc2)c1,6.329754146925876
c1cc(ccc1OCCCCCOc1ccc(C(N)=N)cc1)C(=N)N,6.329754146925876
c1(C(N)=N)ccc(cc1)OCCCCCOc1ccc(cc1)C(N)=N,6.329754146925876
O(CCCCCOc1ccc(C(=N)N)cc1)c1ccc(cc1)C(=N)N,6.329754146925876
c1(C(N)=N)ccc(cc1)OCCCCCOc1ccc(C(=N)N)cc1,6.329754146925876
c12CC3CNCCN3c2nc(cc1)Cl,6.663540266151471
C12CNCCN2c2nc(ccc2C1)Cl,6.663540266151471
N12C(CNCC2)Cc2c1nc(Cl)cc2,6.663540266151471
C1NCCN2C1Cc1ccc(nc12)Cl,6.663540266151471
c1cc2c(nc1Cl)N1C(C2)CNCC1,6.663540266151471
O=S(n1cccc1-c1cc(OC)ccc1)(c1cc(N2CCNCC2)ccc1)=O,6.183758700008217
c1(cccc(c1)N1CCNCC1)S(=O)(n1cccc1-c1cccc(c1)OC)=O,6.183758700008217
C1CN(c2cc(S(=O)(=O)n3cccc3-c3cc(ccc3)OC)ccc2)CCN1,6.183758700008217
c1c(cc(cc1)N1CCNCC1)S(=O)(n1cccc1-c1cc(ccc1)OC)=O,6.183758700008217
N1CCN(CC1)c1cccc(c1)S(n1c(ccc1)-c1cc(ccc1)OC)(=O)=O,6.183758700008217
C(C)(N)Cn1ccc2c1-c1c(ccc(c1)F)C2(C)C,7.50003813440381
CC1(c2c(-c3n(CC(C)N)ccc31)cc(cc2)F)C,7.50003813440381
c12c(C(C)(C)c3ccn(c-13)CC(C)N)ccc(F)c2,7.50003813440381
c12n(CC(C)N)ccc2C(c2c-1cc(F)cc2)(C)C,7.50003813440381
c12C(C)(C)c3c(-c2cc(cc1)F)n(CC(C)N)cc3,7.50003813440381
c1ccc(OC)c(c1)-c1c(ccc(c1)CCNCC)Cl,6.2839966563652006
c1(-c2cc(ccc2Cl)CCNCC)ccccc1OC,6.2839966563652006
COc1ccccc1-c1c(ccc(CCNCC)c1)Cl,6.2839966563652006
C(Cc1ccc(Cl)c(-c2ccccc2OC)c1)NCC,6.2839966563652006
c1cc(c(cc1)OC)-c1cc(CCNCC)ccc1Cl,6.2839966563652006
N1(CCCCNC(=O)c2ccc3-c4c(cccc4)Cc3c2)CCN(c2cccc(c2Cl)Cl)CC1,6.168130225719498
c12c(cccc1)Cc1c-2ccc(c1)C(=O)NCCCCN1CCN(CC1)c1c(c(ccc1)Cl)Cl,6.168130225719498
c1cc(cc2c1-c1ccccc1C2)C(NCCCCN1CCN(CC1)c1c(c(Cl)ccc1)Cl)=O,6.168130225719498
C1CN(CCN1CCCCNC(=O)c1ccc2-c3c(Cc2c1)cccc3)c1cccc(c1Cl)Cl,6.168130225719498
N1(CCN(CC1)CCCCNC(=O)c1cc2Cc3ccccc3-c2cc1)c1cccc(Cl)c1Cl,6.168130225719498
c12ccc(cc2cccc1N1CCN(CC1)CCCOc1cc2C(=O)NCc2cc1C)F,7.2839966563652006
N1(CCN(c2cccc3cc(ccc23)F)CC1)CCCOc1c(C)cc2c(c1)C(NC2)=O,7.2839966563652006
c12ccc(cc2cccc1N1CCN(CC1)CCCOc1c(C)cc2CNC(=O)c2c1)F,7.2839966563652006
C(CCOc1cc2c(CNC2=O)cc1C)N1CCN(CC1)c1c2ccc(F)cc2ccc1,7.2839966563652006
c12ccc(F)cc1cccc2N1CCN(CCCOc2c(cc3c(C(=O)NC3)c2)C)CC1,7.2839966563652006
c1cc(F)cc2c1[nH]c(-c1ccccc1)c2C1C(CCNC1)F,8.397940008672037
c1c2c([nH]c(-c3ccccc3)c2C2CNCCC2F)ccc1F,8.397940008672037
C1(F)C(c2c([nH]c3ccc(F)cc32)-c2ccccc2)CNCC1,8.397940008672037
c1(c(c2cc(ccc2[nH]1)F)C1CNCCC1F)-c1ccccc1,8.397940008672037
c1ccc(cc1)-c1[nH]c2ccc(F)cc2c1C1C(F)CCNC1,8.397940008672037
c1c2C(N(CCN3CCN(CC3)c3c4c(sn3)cccc4)CCc2n(C)n1)=O,9.161150909262744
s1c2ccccc2c(N2CCN(CC2)CCN2CCc3n(ncc3C2=O)C)n1,9.161150909262744
s1c2c(c(N3CCN(CCN4CCc5c(cnn5C)C4=O)CC3)n1)cccc2,9.161150909262744
c12CCN(CCN3CCN(c4c5c(cccc5)sn4)CC3)C(=O)c2cnn1C,9.161150909262744
Cn1c2CCN(C(c2cn1)=O)CCN1CCN(c2nsc3ccccc32)CC1,9.161150909262744
c1(N2CCN(CCC3CCC(NC(N(C)C)=O)CC3)CC2)cccc(Cl)c1Cl,7.688246138944246
Clc1c(N2CCN(CC2)CCC2CCC(NC(N(C)C)=O)CC2)cccc1Cl,7.688246138944246
C(C1CCC(NC(N(C)C)=O)CC1)CN1CCN(c2c(c(Cl)ccc2)Cl)CC1,7.688246138944246
C1N(CCC2CCC(CC2)NC(=O)N(C)C)CCN(C1)c1c(c(ccc1)Cl)Cl,7.688246138944246
Clc1c(cccc1Cl)N1CCN(CC1)CCC1CCC(CC1)NC(=O)N(C)C,7.688246138944246
O=C1N(CCc2c1oc(n2)C(C)C)CCN1CCC(CC1)c1noc2c1cccc2,8.1890957193313
C1C(c2noc3ccccc32)CCN(CCN2C(c3oc(C(C)C)nc3CC2)=O)C1,8.1890957193313
c1cc2onc(C3CCN(CC3)CCN3C(c4c(nc(o4)C(C)C)CC3)=O)c2cc1,8.1890957193313
C1CC(CCN1CCN1C(c2c(CC1)nc(o2)C(C)C)=O)c1c2ccccc2on1,8.1890957193313
C1CN(CCC1c1noc2ccccc21)CCN1CCc2nc(C(C)C)oc2C1=O,8.1890957193313
O=S(=O)(c1ccccc1)c1c2c(CCNCC)cccc2[nH]c1,6.410050398674292
c1c(c2c([nH]1)cccc2CCNCC)S(=O)(=O)c1ccccc1,6.410050398674292
C(NCC)Cc1c2c(c[nH]c2ccc1)S(=O)(=O)c1ccccc1,6.410050398674292
c1(S(=O)(=O)c2c3c([nH]c2)cccc3CCNCC)ccccc1,6.410050398674292
c1(ccccc1)S(=O)(c1c[nH]c2c1c(CCNCC)ccc2)=O,6.410050398674292
N1(CC(O)CCNC(c2cc3ccccc3[nH]2)=O)CCN(c2c(c(cc(c2)CC)Cl)OC)CC1,5.713768145971447
C(NC(c1[nH]c2c(cccc2)c1)=O)CC(O)CN1CCN(CC1)c1cc(cc(c1OC)Cl)CC,5.713768145971447
c1c2c(cccc2)[nH]c1C(=O)NCCC(CN1CCN(c2cc(cc(Cl)c2OC)CC)CC1)O,5.713768145971447
C(O)(CCNC(=O)c1[nH]c2c(cccc2)c1)CN1CCN(c2c(c(Cl)cc(c2)CC)OC)CC1,5.713768145971447
c1ccc2cc(C(NCCC(CN3CCN(CC3)c3c(OC)c(cc(c3)CC)Cl)O)=O)[nH]c2c1,5.713768145971447
c1(c(cccc1Cl)Cl)CC(=O)NC(N)=N,6.064996848546345
c1(Cl)c(CC(NC(=N)N)=O)c(Cl)ccc1,6.064996848546345
N(C(N)=N)C(Cc1c(Cl)cccc1Cl)=O,6.064996848546345
Clc1cccc(Cl)c1CC(=O)NC(N)=N,6.064996848546345
c1(c(c(ccc1)Cl)CC(=O)NC(=N)N)Cl,6.064996848546345
c12c(c(ncc1)N1CCN(CC1)CCC1CCC(NC(CC3CC(OC)CC3)=O)CC1)ccs2,8.366531544420413
C1CN(CCC2CCC(NC(CC3CC(OC)CC3)=O)CC2)CCN1c1nccc2sccc12,8.366531544420413
C(CN1CCN(CC1)c1nccc2sccc21)C1CCC(CC1)NC(=O)CC1CC(CC1)OC,8.366531544420413
N1(c2nccc3sccc23)CCN(CC1)CCC1CCC(NC(CC2CCC(C2)OC)=O)CC1,8.366531544420413
C1CN(CCN1CCC1CCC(NC(=O)CC2CC(CC2)OC)CC1)c1nccc2c1ccs2,8.366531544420413
c1cc2Cc3c(-c2n1CC(N)C)cc(cc3)Br,7.0
c12c(ccc(Br)c2)Cc2c-1n(cc2)CC(C)N,7.0
NC(Cn1c2c(cc1)Cc1ccc(cc1-2)Br)C,7.0
C(n1ccc2c1-c1c(C2)ccc(Br)c1)C(C)N,7.0
C1c2ccn(CC(C)N)c2-c2c1ccc(Br)c2,7.0
c1(c2c3n(C(C)CCc3cc(c2)F)c1)CCN,5.6307841425898575
n12c3c(CCC1C)cc(cc3c(CCN)c2)F,5.6307841425898575
c1(F)cc2c3n(C(C)CCc3c1)cc2CCN,5.6307841425898575
c1c2c3n(C(C)CC2)cc(c3cc1F)CCN,5.6307841425898575
C1CC(n2cc(CCN)c3c2c1cc(c3)F)C,5.6307841425898575
c12ccccc2cc(o1)C(=O)NCCC(CN1CCN(c2c(Cl)c(CC)ccc2)CC1)O,8.494850021680094
CCc1cccc(c1Cl)N1CCN(CC1)CC(CCNC(c1oc2c(c1)cccc2)=O)O,8.494850021680094
C(NC(=O)c1cc2c(o1)cccc2)CC(CN1CCN(c2c(c(CC)ccc2)Cl)CC1)O,8.494850021680094
O=C(c1oc2c(c1)cccc2)NCCC(CN1CCN(c2c(c(CC)ccc2)Cl)CC1)O,8.494850021680094
C(CCNC(=O)c1oc2ccccc2c1)(O)CN1CCN(CC1)c1c(Cl)c(CC)ccc1,8.494850021680094
c1(c2CCOc2ccc1)C1CCN(CC1)CCC1CCC(CC1)NC(C(O)C(F)(F)F)=O,7.583359492661719
c1(cccc2OCCc12)C1CCN(CCC2CCC(NC(=O)C(C(F)(F)F)O)CC2)CC1,7.583359492661719
C1(NC(C(O)C(F)(F)F)=O)CCC(CC1)CCN1CCC(CC1)c1cccc2OCCc12,7.583359492661719
FC(C(O)C(NC1CCC(CCN2CCC(c3c4CCOc4ccc3)CC2)CC1)=O)(F)F,7.583359492661719
O1CCc2c(C3CCN(CC3)CCC3CCC(NC(=O)C(C(F)(F)F)O)CC3)cccc12,7.583359492661719
c1cc(O)c2OCCOc2c1N1CCNCC1,5.443697499232712
C1N(c2ccc(O)c3c2OCCO3)CCNC1,5.443697499232712
C1CNCCN1c1c2c(OCCO2)c(cc1)O,5.443697499232712
c1cc(O)c2c(c1N1CCNCC1)OCCO2,5.443697499232712
c1c(O)c2OCCOc2c(N2CCNCC2)c1,5.443697499232712
C(CN1CCN(c2ccccc2OC)CC1)COn1c(c2C3C=CC(CC3)(OC)c2c1O)O,5.856985199745905
C12(C=CC(CC2)c2c1c(n(OCCCN1CCN(c3c(cccc3)OC)CC1)c2O)O)OC,5.856985199745905
C1C2C=CC(c3c(O)n(c(c32)O)OCCCN2CCN(CC2)c2ccccc2OC)(C1)OC,5.856985199745905
Oc1c2c(C3C=CC2(CC3)OC)c(O)n1OCCCN1CCN(CC1)c1ccccc1OC,5.856985199745905
C12(c3c(O)n(OCCCN4CCN(CC4)c4c(cccc4)OC)c(O)c3C(CC2)C=C1)OC,5.856985199745905
Cc1cc2c(cc1OCCCCN1CCN(CC1)c1c3c(ccc1)cccc3F)C(=O)NC2,7.259637310505756
N1(c2c3c(ccc2)cccc3F)CCN(CCCCOc2c(C)cc3c(C(NC3)=O)c2)CC1,7.259637310505756
c12c(cccc2cccc1F)N1CCN(CCCCOc2cc3C(NCc3cc2C)=O)CC1,7.259637310505756
C1(NCc2cc(C)c(OCCCCN3CCN(c4c5c(ccc4)cccc5F)CC3)cc21)=O,7.259637310505756
c12c(cccc1cccc2N1CCN(CCCCOc2c(cc3CNC(c3c2)=O)C)CC1)F,7.259637310505756
CC(C1CCCCC1)n1c(cc(CNC)n1)OCc1cc(C)ccc1,8.2518119729938
CNCc1cc(OCc2cccc(C)c2)n(n1)C(C1CCCCC1)C,8.2518119729938
CNCc1nn(C(C)C2CCCCC2)c(OCc2cccc(C)c2)c1,8.2518119729938
CNCc1cc(n(C(C2CCCCC2)C)n1)OCc1cccc(c1)C,8.2518119729938
c1(CNC)cc(n(n1)C(C)C1CCCCC1)OCc1cccc(C)c1,8.2518119729938
c1c(S(=O)(=O)n2c3c(cc4c(c3)CCNCC4)c(c2)Cl)cccc1,7.599980364934842
O=S(c1ccccc1)(=O)n1c2cc3c(CCNCC3)cc2c(c1)Cl,7.599980364934842
c1(cn(S(=O)(c2ccccc2)=O)c2c1cc1c(CCNCC1)c2)Cl,7.599980364934842
c1cc(ccc1)S(=O)(=O)n1cc(Cl)c2cc3CCNCCc3cc12,7.599980364934842
c1(c2c(cc3c(CCNCC3)c2)n(c1)S(=O)(=O)c1ccccc1)Cl,7.599980364934842
C1NCC2N(C1)C(=O)c1c2cc(cc1C(F)(F)F)OC,5.853871964321762
N12C(=O)c3c(C1CNCC2)cc(cc3C(F)(F)F)OC,5.853871964321762
FC(c1cc(OC)cc2c1C(N1CCNCC12)=O)(F)F,5.853871964321762
C1NCC2c3c(c(cc(c3)OC)C(F)(F)F)C(N2C1)=O,5.853871964321762
c1c(OC)cc(C(F)(F)F)c2c1C1CNCCN1C2=O,5.853871964321762
C(NN(Cc1ccc(cc1)F)c1ccccc1)(=O)NCCCN1CCN(CC1)c1c(cccc1)OC,6.886056647693163
c1c(N(NC(=O)NCCCN2CCN(c3ccccc3OC)CC2)Cc2ccc(F)cc2)cccc1,6.886056647693163
C(CCN1CCN(CC1)c1ccccc1OC)NC(NN(Cc1ccc(F)cc1)c1ccccc1)=O,6.886056647693163
c1(N(Cc2ccc(cc2)F)NC(NCCCN2CCN(c3ccccc3OC)CC2)=O)ccccc1,6.886056647693163
COc1ccccc1N1CCN(CC1)CCCNC(=O)NN(c1ccccc1)Cc1ccc(cc1)F,6.886056647693163
N1(c2cc3C(N(C)C(=O)OCc4ccccc4)CCCc3cc2)CCN(CCC)CC1,6.501689446210399
c1(ccccc1)COC(N(C)C1c2c(CCC1)ccc(c2)N1CCN(CC1)CCC)=O,6.501689446210399
C(c1ccccc1)OC(N(C)C1CCCc2c1cc(N1CCN(CCC)CC1)cc2)=O,6.501689446210399
C(N(C)C1CCCc2c1cc(N1CCN(CC1)CCC)cc2)(=O)OCc1ccccc1,6.501689446210399
c1c(COC(N(C2CCCc3ccc(cc23)N2CCN(CC2)CCC)C)=O)cccc1,6.501689446210399
c1c2c(c(C)cc(o2)=O)c(OCCCCN2CCN(CC2)c2nccnc2)cc1C,5.638272163982407
c12c(c(C)cc(=O)o2)c(OCCCCN2CCN(c3cnccn3)CC2)cc(c1)C,5.638272163982407
c1cncc(N2CCN(CCCCOc3cc(C)cc4c3c(C)cc(=O)o4)CC2)n1,5.638272163982407
c1(cc(C)c2c(OCCCCN3CCN(c4cnccn4)CC3)cc(C)cc2o1)=O,5.638272163982407
c1(OCCCCN2CCN(c3cnccn3)CC2)cc(cc2oc(=O)cc(c21)C)C,5.638272163982407
Fc1cc2c(cc1)[nH]cc2-c1c(O)n(CCCCN2CCC(c3c4c(ccc(c4)OC)[nH]c3)CC2)c(O)c1,6.679853713888946
c12[nH]cc(-c3c(O)n(CCCCN4CCC(c5c6c([nH]c5)ccc(OC)c6)CC4)c(c3)O)c2cc(F)cc1,6.679853713888946
[nH]1cc(-c2c(O)n(CCCCN3CCC(CC3)c3c4c(ccc(OC)c4)[nH]c3)c(O)c2)c2cc(ccc12)F,6.679853713888946
c1c2c(c(c[nH]2)C2CCN(CCCCn3c(cc(c3O)-c3c4cc(ccc4[nH]c3)F)O)CC2)cc(c1)OC,6.679853713888946
c1c(ccc2c1c(c[nH]2)-c1c(n(c(O)c1)CCCCN1CCC(c2c3c(ccc(c3)OC)[nH]c2)CC1)O)F,6.679853713888946
c1cc(cc2nc3c(cc(cc3)OC)c(c12)NC(C)CCCN(CC)CC)Cl,6.118615343229427
N(CCCC(Nc1c2c(cc(cc2)Cl)nc2c1cc(cc2)OC)C)(CC)CC,6.118615343229427
c1cc2c(c(NC(CCCN(CC)CC)C)c3c(cc(cc3)Cl)n2)cc1OC,6.118615343229427
C(C(Nc1c2c(nc3cc(Cl)ccc13)ccc(c2)OC)C)CCN(CC)CC,6.118615343229427
O(C)c1ccc2c(c1)c(c1c(n2)cc(cc1)Cl)NC(C)CCCN(CC)CC,6.118615343229427
c1c2c(ccc1)Cc1c(CC32CCC(N2CCCC(C(=O)O)C2)C3)cccc1,7.199970640755866
C1CN(C2CCC3(C2)c2c(cccc2)Cc2c(cccc2)C3)CC(C(=O)O)C1,7.199970640755866
c1cc2c(cc1)CC1(c3c(C2)cccc3)CC(CC1)N1CCCC(C1)C(=O)O,7.199970640755866
C1C(C(=O)O)CCCN1C1CC2(c3c(Cc4c(cccc4)C2)cccc3)CC1,7.199970640755866
C1C(CC2(C1)c1ccccc1Cc1ccccc1C2)N1CCCC(C1)C(=O)O,7.199970640755866
O=C1CC(Cc2c1ccc(C(=O)C)c2)CN1CCC(c2c3c(cc(cc3)F)on2)CC1,7.50003813440381
C1CC(CCN1CC1CC(=O)c2ccc(C(=O)C)cc2C1)c1c2c(cc(F)cc2)on1,7.50003813440381
C1(CCN(CC1)CC1CC(=O)c2ccc(C(=O)C)cc2C1)c1noc2cc(ccc12)F,7.50003813440381
c1c(F)cc2c(c(no2)C2CCN(CC3Cc4c(C(=O)C3)ccc(c4)C(=O)C)CC2)c1,7.50003813440381
C1N(CC2Cc3c(C(=O)C2)ccc(C(C)=O)c3)CCC(c2noc3c2ccc(c3)F)C1,7.50003813440381
c1cc(ccc1)N1CCN(CC1)CCCn1c2nc3c(c(n(c(n3C)=O)C)=O)n2ccc1=O,5.330000131185909
c1cc(N2CCN(CC2)CCCn2c(=O)ccn3c2nc2c3c(=O)n(C)c(=O)n2C)ccc1,5.330000131185909
O=c1n(CCCN2CCN(c3ccccc3)CC2)c2nc3c(c(=O)n(c(n3C)=O)C)n2cc1,5.330000131185909
C1CN(CCCn2c(ccn3c2nc2c3c(n(c(n2C)=O)C)=O)=O)CCN1c1ccccc1,5.330000131185909
O=c1n(c(=O)c2c(nc3n(CCCN4CCN(CC4)c4ccccc4)c(=O)ccn23)n1C)C,5.330000131185909
c1(S(=O)(NC2CCN(C2)CCCc2noc3ccccc32)=O)ccc2c(ccc(c2)Cl)c1,7.709965388637482
c1cc2onc(CCCN3CC(CC3)NS(c3ccc4cc(Cl)ccc4c3)(=O)=O)c2cc1,7.709965388637482
c1c2cc(ccc2cc(c1)Cl)S(=O)(NC1CN(CCCc2noc3ccccc23)CC1)=O,7.709965388637482
C1CN(CCCc2c3c(on2)cccc3)CC1NS(=O)(c1ccc2c(c1)ccc(c2)Cl)=O,7.709965388637482
O=S(c1ccc2cc(Cl)ccc2c1)(NC1CCN(CCCc2noc3ccccc23)C1)=O,7.709965388637482
C1Cc2c(C3CCN(CCC4CCC(CC4)NC(=O)c4ccc(cc4)C#N)CC3)cccc2O1,7.653647025549361
c1(ccc(C#N)cc1)C(NC1CCC(CCN2CCC(CC2)c2cccc3OCCc32)CC1)=O,7.653647025549361
C(CC1CCC(NC(c2ccc(cc2)C#N)=O)CC1)N1CCC(c2cccc3c2CCO3)CC1,7.653647025549361
C1N(CCC2CCC(NC(c3ccc(C#N)cc3)=O)CC2)CCC(C1)c1c2CCOc2ccc1,7.653647025549361
C1(CCC(CC1)CCN1CCC(CC1)c1cccc2OCCc12)NC(c1ccc(cc1)C#N)=O,7.653647025549361
Fc1ccc2c(c(C3CCN(CC3)CCN3C(c4c(CC3)cccn4)=O)no2)c1,7.2839966563652006
c1nc2C(N(CCN3CCC(CC3)c3noc4c3cc(F)cc4)CCc2cc1)=O,7.2839966563652006
c1c(F)cc2c(C3CCN(CCN4C(c5ncccc5CC4)=O)CC3)noc2c1,7.2839966563652006
o1c2ccc(F)cc2c(n1)C1CCN(CC1)CCN1C(c2c(cccn2)CC1)=O,7.2839966563652006
C1N(CCC(C1)c1noc2ccc(F)cc12)CCN1C(=O)c2ncccc2CC1,7.2839966563652006
C1(C2CC2(CSC)C(C1O)O)n1c2nc(nc(NC(C3CCCC3)C3CCCC3)c2nc1)SC,5.03075793342515
OC1C(O)C(C2C1(CSC)C2)n1c2nc(SC)nc(NC(C3CCCC3)C3CCCC3)c2nc1,5.03075793342515
C1C(CCC1)C(Nc1c2c(n(C3C(O)C(O)C4(CSC)C3C4)cn2)nc(n1)SC)C1CCCC1,5.03075793342515
OC1C(C(C2C1(CSC)C2)n1cnc2c1nc(SC)nc2NC(C1CCCC1)C1CCCC1)O,5.03075793342515
c1n(C2C3CC3(CSC)C(C2O)O)c2c(n1)c(NC(C1CCCC1)C1CCCC1)nc(SC)n2,5.03075793342515
c1ccc(C(F)(F)F)cc1N1CCN(CCCOc2ccc(NC(C)=O)cc2)CC1,6.348818937555312
c1(NC(C)=O)ccc(OCCCN2CCN(CC2)c2cc(ccc2)C(F)(F)F)cc1,6.348818937555312
FC(c1cccc(N2CCN(CCCOc3ccc(NC(=O)C)cc3)CC2)c1)(F)F,6.348818937555312
c1cc(ccc1OCCCN1CCN(c2cc(ccc2)C(F)(F)F)CC1)NC(=O)C,6.348818937555312
O=C(C)Nc1ccc(cc1)OCCCN1CCN(c2cc(C(F)(F)F)ccc2)CC1,6.348818937555312
C1CC(c2cccc3OCCc23)CCN1CCC1CCC(NC(CC(OC)OC)=O)CC1,7.1555228242543185
N1(CCC2CCC(CC2)NC(=O)CC(OC)OC)CCC(CC1)c1cccc2OCCc21,7.1555228242543185
N1(CCC2CCC(CC2)NC(CC(OC)OC)=O)CCC(c2c3CCOc3ccc2)CC1,7.1555228242543185
O=C(CC(OC)OC)NC1CCC(CCN2CCC(c3c4c(ccc3)OCC4)CC2)CC1,7.1555228242543185
c1c(c2CCOc2cc1)C1CCN(CC1)CCC1CCC(NC(CC(OC)OC)=O)CC1,7.1555228242543185
FC(F)(c1cc(ccc1)N1CCN(CCCCn2c(ccc(-n3cncc3)n2)=O)CC1)F,6.779891911959945
C(CCCN1CCN(c2cccc(c2)C(F)(F)F)CC1)n1c(=O)ccc(n1)-n1ccnc1,6.779891911959945
C1CN(CCN1c1cc(C(F)(F)F)ccc1)CCCCn1c(=O)ccc(n1)-n1ccnc1,6.779891911959945
c1cc(=O)n(nc1-n1cncc1)CCCCN1CCN(CC1)c1cccc(c1)C(F)(F)F,6.779891911959945
c1ncn(c1)-c1ccc(=O)n(CCCCN2CCN(c3cc(C(F)(F)F)ccc3)CC2)n1,6.779891911959945
C1NCCn2c3ccccc3c(c2C1)C=O,7.5376020021010435
c12c(c3CCNCCn3c2cccc1)C=O,7.5376020021010435
C(c1c2ccccc2n2c1CCNCC2)=O,7.5376020021010435
C1NCCc2c(C=O)c3ccccc3n2C1,7.5376020021010435
C1n2c(CCNC1)c(c1ccccc12)C=O,7.5376020021010435
O(c1n(nc(CNC)c1)CC1CCCCO1)Cc1ccc(cc1C)F,8.318758762624412
CNCc1nn(CC2OCCCC2)c(OCc2c(C)cc(cc2)F)c1,8.318758762624412
CNCc1cc(OCc2ccc(cc2C)F)n(CC2OCCCC2)n1,8.318758762624412
c1(c(COc2cc(nn2CC2CCCCO2)CNC)ccc(c1)F)C,8.318758762624412
C(C1OCCCC1)n1c(cc(CNC)n1)OCc1c(C)cc(cc1)F,8.318758762624412
c12cc(Br)ccc2Oc2c(cccc2)C2CC(Cn3c4c(ccc(c4)N(C)C)o3)OC21,7.022276394711152
C12OC(Cn3oc4ccc(cc34)N(C)C)CC1c1ccccc1Oc1ccc(cc21)Br,7.022276394711152
Brc1cc2C3OC(Cn4c5c(ccc(c5)N(C)C)o4)CC3c3c(cccc3)Oc2cc1,7.022276394711152
c1cc2c(cc1)C1CC(Cn3oc4c3cc(N(C)C)cc4)OC1c1cc(Br)ccc1O2,7.022276394711152
c1c(cc2C3C(c4c(cccc4)Oc2c1)CC(Cn1c2c(ccc(N(C)C)c2)o1)O3)Br,7.022276394711152
c1cccc2c1onc2CCCN1CCC(NS(c2ccc(cc2)F)(=O)=O)C1,7.940058111938045
C1CC(NS(c2ccc(cc2)F)(=O)=O)CN1CCCc1c2c(on1)cccc2,7.940058111938045
C(Cc1c2c(on1)cccc2)CN1CCC(C1)NS(=O)(c1ccc(cc1)F)=O,7.940058111938045
C(CCc1c2ccccc2on1)N1CC(CC1)NS(c1ccc(F)cc1)(=O)=O,7.940058111938045
S(=O)(=O)(c1ccc(cc1)F)NC1CN(CC1)CCCc1c2ccccc2on1,7.940058111938045
Nc1c(ccc(c1)F)C(=O)CCCN1CC2c3cccc4c3N(C2CC1)CCCS4,9.259637310505756
C1CC2C(c3c4c(SCCCN42)ccc3)CN1CCCC(c1c(cc(cc1)F)N)=O,9.259637310505756
c1c(N)c(ccc1F)C(=O)CCCN1CC2c3cccc4SCCCN(C2CC1)c43,9.259637310505756
c1c(N)c(C(CCCN2CCC3N4c5c(cccc5SCCC4)C3C2)=O)ccc1F,9.259637310505756
C(CC(=O)c1ccc(cc1N)F)CN1CCC2C(C1)c1cccc3c1N2CCCS3,9.259637310505756
c12cc(c(OC)cc1-c1c(c(cc3c1C(N(CC3)C)C2)OCC1CC1)OC)OC,6.623423042943488
O(c1c(cc2CC3N(C)CCc4c3c(-c2c1)c(OC)c(OCC1CC1)c4)OC)C,6.623423042943488
C1C2N(CCc3c2c(-c2cc(c(cc12)OC)OC)c(c(c3)OCC1CC1)OC)C,6.623423042943488
O(c1c(OC)cc2-c3c(c(OCC4CC4)cc4c3C(N(C)CC4)Cc2c1)OC)C,6.623423042943488
c1(OC)c(cc2c3C(Cc4cc(OC)c(OC)cc4-c13)N(C)CC2)OCC1CC1,6.623423042943488
Clc1cccc(c1Cl)N1CCN(CC1)CCC(CNC(=O)c1ccc(-c2ncccc2)cc1)O,7.8124792791635365
C(N1CCN(c2c(Cl)c(Cl)ccc2)CC1)CC(CNC(=O)c1ccc(cc1)-c1ccccn1)O,7.8124792791635365
c1cccnc1-c1ccc(cc1)C(=O)NCC(O)CCN1CCN(CC1)c1cccc(c1Cl)Cl,7.8124792791635365
C1N(CCN(C1)CCC(O)CNC(c1ccc(-c2ncccc2)cc1)=O)c1c(Cl)c(ccc1)Cl,7.8124792791635365
O=C(NCC(O)CCN1CCN(c2cccc(c2Cl)Cl)CC1)c1ccc(cc1)-c1ncccc1,7.8124792791635365
C1N(CCC2CCC(NC(=O)C(C)C)CC2)CCC(C1)c1coc2c1cccc2,8.24033215531037
C1CN(CCC2CCC(CC2)NC(=O)C(C)C)CCC1c1c2c(cccc2)oc1,8.24033215531037
C1C(c2coc3ccccc23)CCN(CCC2CCC(CC2)NC(=O)C(C)C)C1,8.24033215531037
c1(c2ccccc2oc1)C1CCN(CCC2CCC(NC(C(C)C)=O)CC2)CC1,8.24033215531037
c12ccccc2c(co1)C1CCN(CCC2CCC(NC(=O)C(C)C)CC2)CC1,8.24033215531037
c1(-c2c3c(cc(Cl)c2)CC2N3CCNCC2)ccccc1F,6.85078088734462
c1c(Cl)cc(c2N3C(Cc12)CCNCC3)-c1ccccc1F,6.85078088734462
c1(ccccc1-c1cc(Cl)cc2CC3CCNCCN3c12)F,6.85078088734462
C1CNCCN2C1Cc1c2c(cc(c1)Cl)-c1c(cccc1)F,6.85078088734462
c1(Cl)cc(-c2c(cccc2)F)c2c(c1)CC1CCNCCN12,6.85078088734462
Fc1cc2c([nH]c3CCC(CN4CCN(CC4)c4c5c(ccc4)[nH]c(=O)o5)Cc23)cc1,6.886056647693163
c1c2[nH]c(=O)oc2c(cc1)N1CCN(CC1)CC1CCc2[nH]c3ccc(F)cc3c2C1,6.886056647693163
c1c(c2oc(=O)[nH]c2cc1)N1CCN(CC2Cc3c([nH]c4c3cc(cc4)F)CC2)CC1,6.886056647693163
c1ccc2c(oc(=O)[nH]2)c1N1CCN(CC1)CC1Cc2c(CC1)[nH]c1c2cc(F)cc1,6.886056647693163
c1cc2[nH]c(oc2c(N2CCN(CC3Cc4c([nH]c5ccc(cc45)F)CC3)CC2)c1)=O,6.886056647693163
c1ccc2snc(N3CCN(CC3)CCN3CCCc4n(c(cc4C3=O)C)C)c2c1,9.060480747381382
c1(n(C)c2CCCN(C(=O)c2c1)CCN1CCN(CC1)c1c2ccccc2sn1)C,9.060480747381382
n1sc2c(cccc2)c1N1CCN(CCN2C(=O)c3c(n(C)c(c3)C)CCC2)CC1,9.060480747381382
c1ccc2c(c(ns2)N2CCN(CCN3CCCc4n(C)c(cc4C3=O)C)CC2)c1,9.060480747381382
O=C1c2c(CCCN1CCN1CCN(c3c4c(sn3)cccc4)CC1)n(C)c(c2)C,9.060480747381382
c12c(cccc2)n2CCNCCc2c1C(C(N)=O)=O,6.5003129173815966
NC(=O)C(=O)c1c2c(cccc2)n2c1CCNCC2,6.5003129173815966
NC(C(c1c2n(c3c1cccc3)CCNCC2)=O)=O,6.5003129173815966
c12c(cccc1)c(C(=O)C(N)=O)c1CCNCCn21,6.5003129173815966
C(c1c2CCNCCn2c2ccccc21)(=O)C(=O)N,6.5003129173815966
C(N)C(c1ccccc1)c1ccccc1,5.347511914218988
c1ccccc1C(c1ccccc1)CN,5.347511914218988
c1cc(C(CN)c2ccccc2)ccc1,5.347511914218988
c1ccc(C(c2ccccc2)CN)cc1,5.347511914218988
C(c1ccccc1)(CN)c1ccccc1,5.347511914218988
c1(OC)ccc(c(CC2=NC(=NC2=O)N)c1)OC,6.632644078973981
C1(N=C(N=C1Cc1cc(OC)ccc1OC)N)=O,6.632644078973981
c1(OC)c(cc(OC)cc1)CC1=NC(N)=NC1=O,6.632644078973981
c1c(c(CC2C(=O)N=C(N=2)N)cc(OC)c1)OC,6.632644078973981
O(c1ccc(OC)c(c1)CC1=NC(=NC1=O)N)C,6.632644078973981
C1C(CCC(NS(c2ccc(F)cc2)(=O)=O)C1)CCN1CCC(CC1)c1c2OCOc2ccc1,7.183427303973897
Fc1ccc(S(=O)(=O)NC2CCC(CC2)CCN2CCC(CC2)c2cccc3c2OCO3)cc1,7.183427303973897
C1N(CCC(c2c3OCOc3ccc2)C1)CCC1CCC(NS(c2ccc(cc2)F)(=O)=O)CC1,7.183427303973897
C1C(CCN(C1)CCC1CCC(CC1)NS(=O)(c1ccc(F)cc1)=O)c1cccc2c1OCO2,7.183427303973897
c12c(cccc2C2CCN(CC2)CCC2CCC(NS(=O)(=O)c3ccc(cc3)F)CC2)OCO1,7.183427303973897
C1(CCC(NC(CC2CCC(C2)O)=O)CC1)CCN1CCC(CC1)c1noc2c1cc(F)c(F)c2,7.941573975542995
C1C(CCC(C1)NC(CC1CCC(C1)O)=O)CCN1CCC(c2noc3c2cc(c(c3)F)F)CC1,7.941573975542995
O=C(CC1CCC(O)C1)NC1CCC(CC1)CCN1CCC(CC1)c1c2cc(F)c(cc2on1)F,7.941573975542995
C1N(CCC2CCC(NC(CC3CCC(O)C3)=O)CC2)CCC(C1)c1c2c(cc(F)c(F)c2)on1,7.941573975542995
c1c2c(cc(c1F)F)onc2C1CCN(CC1)CCC1CCC(NC(CC2CC(O)CC2)=O)CC1,7.941573975542995
FC(c1c(NC(Nc2cc(-c3n(C)ncc3Br)c(cc2)OC)=O)ccc(c1)Cl)(F)F,9.299988937677888
C(F)(c1c(ccc(Cl)c1)NC(Nc1ccc(OC)c(-c2c(Br)cnn2C)c1)=O)(F)F,9.299988937677888
N(C(=O)Nc1ccc(Cl)cc1C(F)(F)F)c1ccc(OC)c(c1)-c1c(Br)cnn1C,9.299988937677888
FC(c1cc(ccc1NC(Nc1cc(-c2n(C)ncc2Br)c(OC)cc1)=O)Cl)(F)F,9.299988937677888
O(c1ccc(cc1-c1n(ncc1Br)C)NC(=O)Nc1ccc(cc1C(F)(F)F)Cl)C,9.299988937677888
N1(CCN2CCN(CC2)c2nsc3c2cccc3)C(=O)c2c(CC1)n(C1CC1)nc2,9.148741651280925
c12cnn(c2CCN(C1=O)CCN1CCN(CC1)c1c2c(sn1)cccc2)C1CC1,9.148741651280925
C1N(CCN(CCN2CCc3c(cnn3C3CC3)C2=O)C1)c1nsc2ccccc12,9.148741651280925
C(CN1CCN(CC1)c1nsc2c1cccc2)N1CCc2n(ncc2C1=O)C1CC1,9.148741651280925
O=C1N(CCN2CCN(c3c4c(cccc4)sn3)CC2)CCc2c1cnn2C1CC1,9.148741651280925
c1c2c(nsc2ccc1)N1CCN(CCN2CCc3c(c(no3)C)C2=O)CC1,9.154901959985743
C1c2c(C(N(CCN3CCN(CC3)c3c4ccccc4sn3)C1)=O)c(no2)C,9.154901959985743
C1(N(CCN2CCN(CC2)c2nsc3ccccc32)CCc2c1c(C)no2)=O,9.154901959985743
C1N(CCN(CCN2CCc3onc(C)c3C2=O)C1)c1nsc2c1cccc2,9.154901959985743
O=C1c2c(noc2CCN1CCN1CCN(CC1)c1c2c(sn1)cccc2)C,9.154901959985743
C1N(CCCNC1)c1cn[nH]c1-c1cccc(c1)F,5.612788199686269
[nH]1c(c(cn1)N1CCCNCC1)-c1cccc(F)c1,5.612788199686269
N1(CCNCCC1)c1cn[nH]c1-c1cccc(F)c1,5.612788199686269
c1(-c2[nH]ncc2N2CCNCCC2)cccc(c1)F,5.612788199686269
C1NCCN(c2c(-c3cc(ccc3)F)[nH]nc2)CC1,5.612788199686269
C1N(CCCCCCN2S(c3cccc4c3c2ccc4)(=O)=O)CCN(c2c(cccc2)OCC)C1,6.2380721615794705
O=S1(=O)N(c2c3c1cccc3ccc2)CCCCCCN1CCN(CC1)c1c(cccc1)OCC,6.2380721615794705
c1(N2CCN(CCCCCCN3S(=O)(c4c5c(ccc4)cccc35)=O)CC2)ccccc1OCC,6.2380721615794705
C(CCCCN1S(c2c3c1cccc3ccc2)(=O)=O)CN1CCN(c2c(OCC)cccc2)CC1,6.2380721615794705
N1(CCCCCCN2c3c4c(cccc4ccc3)S2(=O)=O)CCN(c2c(cccc2)OCC)CC1,6.2380721615794705
c1n(c2ccccc2c1C(=O)C(NC1C2CCN(CC2)C1)=O)C,4.900000142057633
O=C(C(NC1CN2CCC1CC2)=O)c1c2ccccc2n(c1)C,4.900000142057633
C1CC2C(NC(=O)C(c3c4c(n(C)c3)cccc4)=O)CN1CC2,4.900000142057633
c12ccccc1n(C)cc2C(C(NC1CN2CCC1CC2)=O)=O,4.900000142057633
C(c1c2c(cccc2)n(c1)C)(C(NC1C2CCN(C1)CC2)=O)=O,4.900000142057633
Oc1ccc(cc1)-c1ccc(o1)CNCCc1c2c(ccc(C)c2)[nH]c1,7.657577319177793
Oc1ccc(cc1)-c1oc(cc1)CNCCc1c[nH]c2ccc(C)cc12,7.657577319177793
c1c(cc2c([nH]cc2CCNCc2ccc(-c3ccc(O)cc3)o2)c1)C,7.657577319177793
C(c1c[nH]c2ccc(C)cc12)CNCc1oc(cc1)-c1ccc(O)cc1,7.657577319177793
N(CCc1c[nH]c2ccc(cc12)C)Cc1ccc(o1)-c1ccc(O)cc1,7.657577319177793
C(C)(C)COc1ccc(CCOC(N(C2CCNCC2F)Cc2ccc(cc2)F)=O)cc1,7.199970640755866
C1C(N(Cc2ccc(cc2)F)C(OCCc2ccc(cc2)OCC(C)C)=O)C(F)CNC1,7.199970640755866
c1cc(ccc1F)CN(C1C(F)CNCC1)C(OCCc1ccc(OCC(C)C)cc1)=O,7.199970640755866
O=C(N(Cc1ccc(cc1)F)C1CCNCC1F)OCCc1ccc(cc1)OCC(C)C,7.199970640755866
c1(ccc(OCC(C)C)cc1)CCOC(=O)N(Cc1ccc(F)cc1)C1CCNCC1F,7.199970640755866
c1cccc2c1Cn1c(C(=C2)N2CCN(CC2)CC(C)(C(O)=O)C)nc(c1)Cl,7.299988937677887
N1(CCN(CC1)C1=Cc2c(Cn3cc(Cl)nc13)cccc2)CC(C(=O)O)(C)C,7.299988937677887
c1(Cl)cn2Cc3c(cccc3)C=C(c2n1)N1CCN(CC(C)(C)C(O)=O)CC1,7.299988937677887
C1N(CCN(CC(C)(C(O)=O)C)C1)C1=Cc2ccccc2Cn2c1nc(c2)Cl,7.299988937677887
c1cccc2c1Cn1cc(nc1C(N1CCN(CC(C)(C(O)=O)C)CC1)=C2)Cl,7.299988937677887
Fc1cc(ccc1CN1CCCCC1)OCCCN1CCC(c2noc3cc(ccc23)F)CC1,8.207608310501746
C(CCOc1ccc(c(F)c1)CN1CCCCC1)N1CCC(CC1)c1c2ccc(F)cc2on1,8.207608310501746
C(CN1CCC(c2c3ccc(cc3on2)F)CC1)COc1cc(c(CN2CCCCC2)cc1)F,8.207608310501746
O(c1cc(c(cc1)CN1CCCCC1)F)CCCN1CCC(c2noc3c2ccc(c3)F)CC1,8.207608310501746
Fc1cc(ccc1CN1CCCCC1)OCCCN1CCC(c2noc3c2ccc(F)c3)CC1,8.207608310501746
c1(NC(=O)N2c3cc(c(SC)cc3CC2)C#N)cnccc1,5.59999938302362
CSc1c(cc2c(c1)CCN2C(=O)Nc1cnccc1)C#N,5.59999938302362
C1Cc2cc(SC)c(cc2N1C(=O)Nc1cnccc1)C#N,5.59999938302362
c1(cc2CCN(c2cc1C#N)C(Nc1cccnc1)=O)SC,5.59999938302362
c1c(cncc1)NC(N1c2c(CC1)cc(SC)c(C#N)c2)=O,5.59999938302362
O(CCCN1CCN(CC1)c1ccccc1)c1ccc(F)cc1,7.239577516576788
C(N1CCN(CC1)c1ccccc1)CCOc1ccc(F)cc1,7.239577516576788
c1ccccc1N1CCN(CCCOc2ccc(F)cc2)CC1,7.239577516576788
C1N(c2ccccc2)CCN(C1)CCCOc1ccc(F)cc1,7.239577516576788
C1CN(CCN1c1ccccc1)CCCOc1ccc(cc1)F,7.239577516576788
C1N(c2ccccc2)C2(C(N1)=O)CCN(CC2)CCCC(=O)c1ccc(F)cc1,8.641272210508127
O=C(CCCN1CCC2(CC1)N(c1ccccc1)CNC2=O)c1ccc(F)cc1,8.641272210508127
c1cc(ccc1F)C(=O)CCCN1CCC2(CC1)C(=O)NCN2c1ccccc1,8.641272210508127
N1(CCC2(CC1)N(c1ccccc1)CNC2=O)CCCC(c1ccc(F)cc1)=O,8.641272210508127
c1c(N2C3(CCN(CCCC(=O)c4ccc(F)cc4)CC3)C(=O)NC2)cccc1,8.641272210508127
CC(CCn1nc(CNC)cc1OCc1c(cc(F)c(c1)F)F)C,8.886056647693163
Fc1cc(F)c(cc1F)COc1n(CCC(C)C)nc(CNC)c1,8.886056647693163
c1(F)c(cc(F)c(c1)F)COc1cc(CNC)nn1CCC(C)C,8.886056647693163
Fc1cc(F)c(COc2n(CCC(C)C)nc(c2)CNC)cc1F,8.886056647693163
c1(F)c(F)cc(c(COc2n(nc(CNC)c2)CCC(C)C)c1)F,8.886056647693163
O=C(n1c2ccccc2c2ccccc12)CCCCN1CCN(CC1)c1ccccc1O,6.590066876668706
C(n1c2c(cccc2)c2ccccc21)(CCCCN1CCN(c2c(O)cccc2)CC1)=O,6.590066876668706
C1N(c2c(cccc2)O)CCN(CCCCC(n2c3ccccc3c3ccccc23)=O)C1,6.590066876668706
C(CCCC(=O)n1c2ccccc2c2c1cccc2)N1CCN(CC1)c1ccccc1O,6.590066876668706
c1(N2CCN(CCCCC(n3c4c(cccc4)c4ccccc43)=O)CC2)ccccc1O,6.590066876668706
O(c1cc2c(CNC2=O)cc1F)CCCN1CCN(CC1)c1cccc2cccc(F)c21,8.924453038607469
c1(cc2C(=O)NCc2cc1F)OCCCN1CCN(CC1)c1c2c(cccc2ccc1)F,8.924453038607469
c1ccc(F)c2c(cccc21)N1CCN(CC1)CCCOc1c(F)cc2CNC(=O)c2c1,8.924453038607469
C1N(CCCOc2cc3C(=O)NCc3cc2F)CCN(c2c3c(ccc2)cccc3F)C1,8.924453038607469
C1N(CCCOc2c(F)cc3CNC(=O)c3c2)CCN(C1)c1cccc2c1c(ccc2)F,8.924453038607469
COc1c(C(=O)NCCN(CC)CC)cc(Cl)c(N)c1,5.978810700930062
CCN(CC)CCNC(=O)c1c(OC)cc(N)c(Cl)c1,5.978810700930062
CCN(CCNC(=O)c1c(cc(c(c1)Cl)N)OC)CC,5.978810700930062
c1(Cl)cc(c(OC)cc1N)C(=O)NCCN(CC)CC,5.978810700930062
CCN(CCNC(c1cc(c(cc1OC)N)Cl)=O)CC,5.978810700930062
c1(CCNCc2cccc(F)c2)c(c(Br)cc(c1)OC)OC,8.568636235841012
c1(OC)cc(Br)c(c(CCNCc2cccc(F)c2)c1)OC,8.568636235841012
c1c(c(OC)c(Br)cc1OC)CCNCc1cc(F)ccc1,8.568636235841012
C(Cc1cc(cc(c1OC)Br)OC)NCc1cc(F)ccc1,8.568636235841012
C(c1cc(cc(c1OC)Br)OC)CNCc1cccc(F)c1,8.568636235841012
c1(OC)cc(ccc1)C(=O)Nc1ccc(c(-c2ccnn2C)c1)OCCN1CCOCC1,8.309803919971486
c1cc(C(=O)Nc2ccc(c(-c3ccnn3C)c2)OCCN2CCOCC2)cc(OC)c1,8.309803919971486
C(=O)(c1cc(ccc1)OC)Nc1ccc(c(c1)-c1ccnn1C)OCCN1CCOCC1,8.309803919971486
C1COCCN1CCOc1c(cc(NC(c2cc(OC)ccc2)=O)cc1)-c1ccnn1C,8.309803919971486
c1c(cccc1C(=O)Nc1cc(-c2n(C)ncc2)c(cc1)OCCN1CCOCC1)OC,8.309803919971486
c1cc(Nc2nc(C(CCCC)Oc3cc(Cl)cc(Cl)c3)nc(n2)N2CCN(CC2)C)ccn1,6.158640529545145
c1c(ccnc1)Nc1nc(C(Oc2cc(Cl)cc(Cl)c2)CCCC)nc(n1)N1CCN(C)CC1,6.158640529545145
Clc1cc(cc(c1)OC(CCCC)c1nc(nc(Nc2ccncc2)n1)N1CCN(CC1)C)Cl,6.158640529545145
c1c(cc(Cl)cc1Cl)OC(CCCC)c1nc(N2CCN(C)CC2)nc(Nc2ccncc2)n1,6.158640529545145
c1cnccc1Nc1nc(nc(n1)C(CCCC)Oc1cc(cc(Cl)c1)Cl)N1CCN(CC1)C,6.158640529545145
c1(N2CCN(CCc3c4N(CCC(c4c(cc3)C)C)C(=O)C)CC2)noc2c1cccc2,9.494850021680094
C(CN1CCN(c2c3ccccc3on2)CC1)c1c2N(CCC(c2c(C)cc1)C)C(=O)C,9.494850021680094
N1(CCN(CC1)CCc1ccc(C)c2C(C)CCN(C(=O)C)c12)c1noc2ccccc12,9.494850021680094
n1c(c2c(o1)cccc2)N1CCN(CC1)CCc1ccc(C)c2C(CCN(c21)C(=O)C)C,9.494850021680094
N1(c2noc3c2cccc3)CCN(CC1)CCc1c2c(C(C)CCN2C(C)=O)c(C)cc1,9.494850021680094
o1c(nc2C(N(CCN3CCN(c4c5ccccc5sn4)CC3)CCc12)=O)C,8.3767507096021
c1c2c(c(N3CCN(CCN4CCc5c(nc(o5)C)C4=O)CC3)ns2)ccc1,8.3767507096021
c12c(c(ns2)N2CCN(CCN3CCc4oc(nc4C3=O)C)CC2)cccc1,8.3767507096021
c1(N2CCN(CC2)CCN2C(c3c(CC2)oc(n3)C)=O)c2c(cccc2)sn1,8.3767507096021
n1c(c2c(cccc2)s1)N1CCN(CCN2CCc3oc(nc3C2=O)C)CC1,8.3767507096021
c1(cccc2OCCc21)C1CCN(CCC2CCC(CC2)NC(CCO)=O)CC1,7.209011524911184
C1c2c(cccc2OC1)C1CCN(CCC2CCC(NC(CCO)=O)CC2)CC1,7.209011524911184
C1CN(CCC1c1cccc2OCCc12)CCC1CCC(NC(CCO)=O)CC1,7.209011524911184
C1c2c(OC1)cccc2C1CCN(CCC2CCC(CC2)NC(=O)CCO)CC1,7.209011524911184
C1CC(NC(=O)CCO)CCC1CCN1CCC(c2cccc3OCCc23)CC1,7.209011524911184
C1Cc2c(N1CC(N)C)cc(I)c(c2)F,6.856985199745905
c1(I)c(cc2CCN(c2c1)CC(N)C)F,6.856985199745905
NC(C)CN1c2cc(c(cc2CC1)F)I,6.856985199745905
C(CN1CCc2c1cc(I)c(F)c2)(N)C,6.856985199745905
C(N1c2c(CC1)cc(c(I)c2)F)C(C)N,6.856985199745905
c1c(cc(c(Cl)c1)Cl)C12C(CNC2)C1COCC,6.799998134593398
CCOCC1C2CNCC12c1cc(c(Cl)cc1)Cl,6.799998134593398
c1cc(C23C(C3COCC)CNC2)cc(c1Cl)Cl,6.799998134593398
Clc1cc(ccc1Cl)C12CNCC1C2COCC,6.799998134593398
N1CC2(c3ccc(c(c3)Cl)Cl)C(COCC)C2C1,6.799998134593398
c12CCN(C(c1ccn2C)=O)CCN1CCN(c2noc3ccccc32)CC1,8.610833915635467
o1c2ccccc2c(N2CCN(CC2)CCN2CCc3n(ccc3C2=O)C)n1,8.610833915635467
C(CN1CCN(CC1)c1noc2c1cccc2)N1CCc2n(ccc2C1=O)C,8.610833915635467
c1(noc2c1cccc2)N1CCN(CC1)CCN1C(c2ccn(C)c2CC1)=O,8.610833915635467
o1c2c(c(n1)N1CCN(CCN3C(c4ccn(C)c4CC3)=O)CC1)cccc2,8.610833915635467
c1(C)c2c(c3c(oc(CC)c3)cc2)n(n1)CC(N)C,7.337242168318426
c12ccc3c(c1cc(CC)o2)n(CC(C)N)nc3C,7.337242168318426
c1(CC)cc2c(ccc3c2n(nc3C)CC(N)C)o1,7.337242168318426
CCc1oc2ccc3c(c2c1)n(CC(N)C)nc3C,7.337242168318426
c1c2c(ccc3c(C)nn(CC(C)N)c23)oc1CC,7.337242168318426
c1cc(Cc2nc(c3CNCCc3n2)-c2ccc(cc2)F)ccc1,7.698970004336019
c1(-c2ccc(F)cc2)nc(Cc2ccccc2)nc2c1CNCC2,7.698970004336019
c1cc(-c2nc(Cc3ccccc3)nc3c2CNCC3)ccc1F,7.698970004336019
Fc1ccc(-c2nc(Cc3ccccc3)nc3CCNCc32)cc1,7.698970004336019
c12CNCCc1nc(Cc1ccccc1)nc2-c1ccc(cc1)F,7.698970004336019
C1CC(c2c3c(cccc3)[nH]c2)=CCN1Cc1cccs1,6.767003889607846
c1(cccs1)CN1CC=C(c2c[nH]c3ccccc23)CC1,6.767003889607846
c12[nH]cc(c2cccc1)C1CCN(Cc2sccc2)CC=1,6.767003889607846
C1=C(c2c3ccccc3[nH]c2)CCN(Cc2sccc2)C1,6.767003889607846
c1cccc2c(c[nH]c21)C1=CCN(CC1)Cc1cccs1,6.767003889607846
c1c2c(noc2ccc1)C1CCN(CC1)CCN1C(c2n(C)ncc2CCC1)=O,8.396855627379818
n1oc2c(c1C1CCN(CCN3CCCc4c(C3=O)n(nc4)C)CC1)cccc2,8.396855627379818
C1C(CCN(CCN2CCCc3cnn(c3C2=O)C)C1)c1noc2c1cccc2,8.396855627379818
O=C1N(CCN2CCC(CC2)c2noc3c2cccc3)CCCc2c1n(C)nc2,8.396855627379818
C1C(c2c3c(cccc3)on2)CCN(C1)CCN1C(=O)c2n(C)ncc2CCC1,8.396855627379818
c1(CNC)nn(CC2CCCC2)c(c1)OCc1c(C#N)cccc1,8.568636235841012
n1n(c(OCc2ccccc2C#N)cc1CNC)CC1CCCC1,8.568636235841012
C1CC(Cn2c(OCc3c(C#N)cccc3)cc(CNC)n2)CC1,8.568636235841012
c1cc(c(COc2n(nc(CNC)c2)CC2CCCC2)cc1)C#N,8.568636235841012
CNCc1cc(OCc2ccccc2C#N)n(n1)CC1CCCC1,8.568636235841012
c1[nH]c2c(cccc2)c1C1C(C1)N,6.785156151952302
c1c(C2CC2N)c2c(cccc2)[nH]1,6.785156151952302
[nH]1c2c(cccc2)c(C2CC2N)c1,6.785156151952302
c1c(C2C(C2)N)c2c([nH]1)cccc2,6.785156151952302
c1c(c2c([nH]1)cccc2)C1CC1N,6.785156151952302
C1N(CC(C(O)=O)=C)CCN(C1)C1=Cc2ccccc2Cn2c1ncc2,6.699991797446187
c1cc2c(cc1)Cn1c(C(N3CCN(CC3)CC(C(=O)O)=C)=C2)ncc1,6.699991797446187
O=C(C(CN1CCN(CC1)C1c2n(ccn2)Cc2ccccc2C=1)=C)O,6.699991797446187
O=C(C(CN1CCN(C2c3nccn3Cc3ccccc3C=2)CC1)=C)O,6.699991797446187
c1ccc2c(c1)Cn1c(C(N3CCN(CC3)CC(C(O)=O)=C)=C2)ncc1,6.699991797446187
c1ccc(CC)c(c1N1CCN(CC1)CCCC)Cl,7.275724130399211
CCCCN1CCN(CC1)c1c(Cl)c(CC)ccc1,7.275724130399211
C1CN(CCCC)CCN1c1c(c(CC)ccc1)Cl,7.275724130399211
N1(CCN(c2c(Cl)c(CC)ccc2)CC1)CCCC,7.275724130399211
C(CCN1CCN(c2c(Cl)c(CC)ccc2)CC1)C,7.275724130399211
c1c2c(CCO2)c(cc1)C1CCN(CC1)CCC1CCC(CC1)NC(=O)CCC,7.029653123769907
C(N1CCC(CC1)c1c2CCOc2ccc1)CC1CCC(CC1)NC(CCC)=O,7.029653123769907
C1(CCC(CC1)NC(CCC)=O)CCN1CCC(CC1)c1c2c(OCC2)ccc1,7.029653123769907
c1cc2c(CCO2)c(c1)C1CCN(CC1)CCC1CCC(NC(CCC)=O)CC1,7.029653123769907
C1CC(NC(CCC)=O)CCC1CCN1CCC(c2c3CCOc3ccc2)CC1,7.029653123769907
S(=O)(NC1CCC(CCN2CCN(c3cccc4OCOc34)CC2)CC1)(CC(F)(F)F)=O,7.501551596826
C1Oc2c(O1)cccc2N1CCN(CC1)CCC1CCC(NS(CC(F)(F)F)(=O)=O)CC1,7.501551596826
c1(c2c(ccc1)OCO2)N1CCN(CCC2CCC(NS(=O)(=O)CC(F)(F)F)CC2)CC1,7.501551596826
N1(CCC2CCC(NS(=O)(=O)CC(F)(F)F)CC2)CCN(c2c3OCOc3ccc2)CC1,7.501551596826
C1N(c2cccc3c2OCO3)CCN(C1)CCC1CCC(CC1)NS(CC(F)(F)F)(=O)=O,7.501551596826
COc1c(cc(OC)c(CC(N)C)c1)Br,9.537602002101044
CC(N)Cc1cc(OC)c(cc1OC)Br,9.537602002101044
CC(Cc1c(OC)cc(Br)c(c1)OC)N,9.537602002101044
C(C)(N)Cc1cc(c(cc1OC)Br)OC,9.537602002101044
c1(Br)c(OC)cc(c(OC)c1)CC(N)C,9.537602002101044
c1c(cccc1)-c1[nH]c2ccccc2c1C1CCNCC1,7.919012953089113
c1ccccc1-c1[nH]c2c(cccc2)c1C1CCNCC1,7.919012953089113
[nH]1c2c(cccc2)c(C2CCNCC2)c1-c1ccccc1,7.919012953089113
c1cc2[nH]c(-c3ccccc3)c(c2cc1)C1CCNCC1,7.919012953089113
c1ccc2c(C3CCNCC3)c(-c3ccccc3)[nH]c2c1,7.919012953089113
c1c(ccc2c1C1C(CC(Cn3c4c(o3)ccc(C#N)c4)O1)c1c(cccc1)O2)Br,6.732828271596986
o1c2ccc(C#N)cc2n1CC1CC2C(c3cc(ccc3Oc3ccccc23)Br)O1,6.732828271596986
c12c(n(o1)CC1OC3c4c(Oc5c(cccc5)C3C1)ccc(Br)c4)cc(cc2)C#N,6.732828271596986
N#Cc1ccc2c(c1)n(o2)CC1CC2c3c(Oc4c(C2O1)cc(cc4)Br)cccc3,6.732828271596986
C(c1cc2n(oc2cc1)CC1OC2C(c3ccccc3Oc3ccc(cc23)Br)C1)#N,6.732828271596986
C(CCC1(C)Cc2cc(ccc2C1=O)Cl)N1CCN(c2ccccn2)CC1,6.699480600386214
N1(CCN(c2ncccc2)CC1)CCCC1(C)C(=O)c2c(cc(Cl)cc2)C1,6.699480600386214
N1(CCN(CC1)CCCC1(C)Cc2cc(ccc2C1=O)Cl)c1ncccc1,6.699480600386214
C(CCN1CCN(c2ncccc2)CC1)C1(C)Cc2c(C1=O)ccc(c2)Cl,6.699480600386214
c1ccnc(c1)N1CCN(CCCC2(C)C(=O)c3ccc(Cl)cc3C2)CC1,6.699480600386214
c1c(C(F)(F)F)ccc(c1OC)CN(C1CCN(CC1)C)C(Cc1ccc(cc1)OCC(C)C)=O,10.0
c1(CC(=O)N(Cc2c(OC)cc(cc2)C(F)(F)F)C2CCN(C)CC2)ccc(OCC(C)C)cc1,10.0
CN1CCC(CC1)N(Cc1ccc(C(F)(F)F)cc1OC)C(=O)Cc1ccc(OCC(C)C)cc1,10.0
FC(F)(F)c1cc(OC)c(CN(C(=O)Cc2ccc(OCC(C)C)cc2)C2CCN(CC2)C)cc1,10.0
N1(C)CCC(N(C(=O)Cc2ccc(cc2)OCC(C)C)Cc2c(OC)cc(cc2)C(F)(F)F)CC1,10.0
C(C)(CC(NC1CCC(CC1)CCN1CCC(c2cccc3OCCc32)CC1)=O)(C)C,7.266802734893431
CC(C)(CC(=O)NC1CCC(CC1)CCN1CCC(c2cccc3OCCc32)CC1)C,7.266802734893431
C1CC(c2c3c(OCC3)ccc2)CCN1CCC1CCC(CC1)NC(=O)CC(C)(C)C,7.266802734893431
CC(C)(CC(NC1CCC(CCN2CCC(c3c4c(OCC4)ccc3)CC2)CC1)=O)C,7.266802734893431
C1(CCC(CC1)CCN1CCC(c2c3CCOc3ccc2)CC1)NC(=O)CC(C)(C)C,7.266802734893431
C1N(CCOc2cc(ccc2OC)N2Cc3c(c4c(cc(Cl)cc4)n3C)C2=O)CCC(C)C1,6.599997654072044
COc1ccc(cc1OCCN1CCC(CC1)C)N1Cc2n(C)c3cc(ccc3c2C1=O)Cl,6.599997654072044
c1c(c(ccc1N1C(=O)c2c(n(c3cc(ccc23)Cl)C)C1)OC)OCCN1CCC(C)CC1,6.599997654072044
C1C(CCN(CCOc2c(ccc(N3C(c4c5ccc(cc5n(c4C3)C)Cl)=O)c2)OC)C1)C,6.599997654072044
C1CC(C)CCN1CCOc1cc(ccc1OC)N1C(=O)c2c(n(c3cc(Cl)ccc32)C)C1,6.599997654072044
C1Oc2ccnc(N3CCN(CC3)CCC3CCC(CC3)NC(=O)c3ccccc3)c2C1,8.11747546204512
c1ccccc1C(=O)NC1CCC(CCN2CCN(CC2)c2c3CCOc3ccn2)CC1,8.11747546204512
c1nc(N2CCN(CCC3CCC(CC3)NC(c3ccccc3)=O)CC2)c2c(c1)OCC2,8.11747546204512
C1Oc2c(C1)c(N1CCN(CC1)CCC1CCC(NC(c3ccccc3)=O)CC1)ncc2,8.11747546204512
c12OCCc1c(N1CCN(CCC3CCC(NC(c4ccccc4)=O)CC3)CC1)ncc2,8.11747546204512
C1CN2C(CN1)c1c(C2=O)c(Cl)cc(c1)CC,5.304518323509803
N1CCN2C(=O)c3c(Cl)cc(cc3C2C1)CC,5.304518323509803
C12c3cc(cc(Cl)c3C(=O)N1CCNC2)CC,5.304518323509803
c1c(Cl)c2C(N3CCNCC3c2cc1CC)=O,5.304518323509803
C1(=O)N2CCNCC2c2c1c(Cl)cc(CC)c2,5.304518323509803
CC(NCc1ccccc1)Cn1c2c3cccnc3ccc2cc1,6.0746879085003505
c1cc2c(ccc3c2n(CC(NCc2ccccc2)C)cc3)nc1,6.0746879085003505
c1ccnc2ccc3ccn(CC(C)NCc4ccccc4)c3c12,6.0746879085003505
C(c1ccccc1)NC(C)Cn1ccc2ccc3ncccc3c12,6.0746879085003505
n1c2c(c3c(ccn3CC(NCc3ccccc3)C)cc2)ccc1,6.0746879085003505
c1(nc(nc(C(C)(Sc2ccc3ccccc3c2)C)n1)N)N1CCN(C)CC1,7.4089353929735005
CC(Sc1cc2c(cc1)cccc2)(C)c1nc(N2CCN(C)CC2)nc(n1)N,7.4089353929735005
c12c(cccc2)ccc(SC(c2nc(N)nc(n2)N2CCN(C)CC2)(C)C)c1,7.4089353929735005
C1N(c2nc(C(Sc3ccc4ccccc4c3)(C)C)nc(N)n2)CCN(C)C1,7.4089353929735005
C1CN(CCN1C)c1nc(N)nc(C(C)(Sc2cc3c(cc2)cccc3)C)n1,7.4089353929735005
c12-c3cc(c(cc3CC3N(C)CCc(c31)cc(OC(C)CC)c2OC)OC)OC,6.533132379645891
C1c2cc(c(OC)cc2-c2c(OC)c(OC(C)CC)cc3c2C1N(C)CC3)OC,6.533132379645891
c12CCN(C)C3c2c(c(c(c1)OC(C)CC)OC)-c1c(C3)cc(OC)c(OC)c1,6.533132379645891
C1N(C2Cc3c(-c4c2c(cc(c4OC)OC(CC)C)C1)cc(c(OC)c3)OC)C,6.533132379645891
O(C)c1cc2CC3N(C)CCc4c3c(c(OC)c(OC(C)CC)c4)-c2cc1OC,6.533132379645891
C1NCC2c3c(C(=O)NC21)cccc3,5.09925064193892
C12CNCC1NC(c1c2cccc1)=O,5.09925064193892
C1(NC2C(c3ccccc31)CNC2)=O,5.09925064193892
c1c2C(=O)NC3CNCC3c2ccc1,5.09925064193892
C1C2c3c(cccc3)C(=O)NC2CN1,5.09925064193892
C(CCN1CCC(CC1)Cc1ccc(cc1)F)NC(=O)Nc1cc(ccc1)OC,6.649751981665837
C1(CCN(CCCNC(Nc2cccc(c2)OC)=O)CC1)Cc1ccc(cc1)F,6.649751981665837
COc1cc(ccc1)NC(=O)NCCCN1CCC(CC1)Cc1ccc(F)cc1,6.649751981665837
C(NC(Nc1cccc(OC)c1)=O)CCN1CCC(Cc2ccc(cc2)F)CC1,6.649751981665837
c1c(ccc(c1)F)CC1CCN(CC1)CCCNC(Nc1cccc(c1)OC)=O,6.649751981665837
C1Cc2c(ccc(c2)C(F)(F)F)N1C(=O)Nc1ccc(OCc2ccccn2)nc1,5.300000202445418
c1c(nccc1)COc1ncc(cc1)NC(=O)N1c2c(cc(C(F)(F)F)cc2)CC1,5.300000202445418
C(c1cc2CCN(c2cc1)C(=O)Nc1ccc(OCc2ccccn2)nc1)(F)(F)F,5.300000202445418
c1c(C(F)(F)F)cc2CCN(C(Nc3cnc(cc3)OCc3ccccn3)=O)c2c1,5.300000202445418
FC(c1ccc2c(c1)CCN2C(Nc1ccc(nc1)OCc1ccccn1)=O)(F)F,5.300000202445418
Clc1c(N2CCN(CCCCCCn3c(c4C5CC(c4c3O)CC5)O)CC2)cccc1Cl,6.79317412396815
c1(O)c2c(c(n1CCCCCCN1CCN(CC1)c1cccc(Cl)c1Cl)O)C1CC2CC1,6.79317412396815
C1C2c3c(C1CC2)c(O)n(c3O)CCCCCCN1CCN(CC1)c1cccc(Cl)c1Cl,6.79317412396815
C12CC(c3c(O)n(c(O)c23)CCCCCCN2CCN(CC2)c2cccc(c2Cl)Cl)CC1,6.79317412396815
C1CN(CCCCCCn2c(O)c3C4CC(c3c2O)CC4)CCN1c1c(Cl)c(Cl)ccc1,6.79317412396815
C1CC(c2noc3ccccc32)CCN1CCN1C(c2c(CC1)ccc(n2)CC)=O,7.548213564475709
c1c2c(C(=O)N(CC2)CCN2CCC(CC2)c2noc3ccccc23)nc(CC)c1,7.548213564475709
c1cc2c(onc2C2CCN(CC2)CCN2C(c3nc(CC)ccc3CC2)=O)cc1,7.548213564475709
O=C1c2nc(ccc2CCN1CCN1CCC(c2c3c(on2)cccc3)CC1)CC,7.548213564475709
c1c2onc(C3CCN(CC3)CCN3CCc4ccc(nc4C3=O)CC)c2ccc1,7.548213564475709
c1cc(ccc1N1CCN(CC1)CCCCOc1cc(C)cc2oc(cc(c21)C)=O)Cl,6.3325470471100465
c1(ccc(cc1)Cl)N1CCN(CC1)CCCCOc1c2c(oc(cc2C)=O)cc(C)c1,6.3325470471100465
Cc1c2c(OCCCCN3CCN(c4ccc(Cl)cc4)CC3)cc(cc2oc(=O)c1)C,6.3325470471100465
c1c(cc(c2c(cc(oc12)=O)C)OCCCCN1CCN(CC1)c1ccc(Cl)cc1)C,6.3325470471100465
c1(C)cc2oc(cc(C)c2c(c1)OCCCCN1CCN(c2ccc(cc2)Cl)CC1)=O,6.3325470471100465
s1nc(N2CCN(CCCCNS(=O)(=O)c3cc4c(cc3)cc(cc4)Cl)CC2)c2ccccc21,8.09151498112135
c1c(S(=O)(NCCCCN2CCN(c3c4c(cccc4)sn3)CC2)=O)ccc2c1ccc(c2)Cl,8.09151498112135
c1cccc2c1c(ns2)N1CCN(CCCCNS(c2cc3ccc(cc3cc2)Cl)(=O)=O)CC1,8.09151498112135
Clc1cc2c(cc(cc2)S(=O)(NCCCCN2CCN(CC2)c2c3ccccc3sn2)=O)cc1,8.09151498112135
C(CCCN1CCN(c2nsc3c2cccc3)CC1)NS(c1ccc2cc(ccc2c1)Cl)(=O)=O,8.09151498112135
C1Oc2c(O1)cccc2C1CCN(CCC2CCC(NC(=O)CC3CCCOC3)CC2)CC1,7.696803942579511
N1(CCC2CCC(NC(CC3COCCC3)=O)CC2)CCC(CC1)c1c2c(ccc1)OCO2,7.696803942579511
C1Oc2c(O1)cccc2C1CCN(CCC2CCC(NC(CC3CCCOC3)=O)CC2)CC1,7.696803942579511
C1(c2c3OCOc3ccc2)CCN(CCC2CCC(NC(=O)CC3CCCOC3)CC2)CC1,7.696803942579511
N1(CCC(CC1)c1c2c(OCO2)ccc1)CCC1CCC(NC(CC2COCCC2)=O)CC1,7.696803942579511
C12C3C4C(O)(N2Cc2ccccc2OC)C2C1C1C2C4CC31,5.496617936526268
c1ccc(OC)c(CN2C3C4C5C6C7CC(C3C7C52O)C64)c1,5.496617936526268
C(c1c(OC)cccc1)N1C2(O)C3C4C5C3C3C2C(C14)C5C3,5.496617936526268
C(c1c(OC)cccc1)N1C2(O)C3C4C5CC6C4C3C1C6C52,5.496617936526268
C12C3CC4C1C1C5C(C2(N1Cc1ccccc1OC)O)C3C54,5.496617936526268
C1CN(CCN1C(c1n2ccccc2nc1)=O)CCc1ccc(F)cc1F,8.769551078621726
c1(cc(ccc1CCN1CCN(CC1)C(=O)c1n2c(nc1)cccc2)F)F,8.769551078621726
c1(C(=O)N2CCN(CCc3ccc(cc3F)F)CC2)n2c(cccc2)nc1,8.769551078621726
c1c(F)ccc(CCN2CCN(CC2)C(c2n3ccccc3nc2)=O)c1F,8.769551078621726
c1c(n2ccccc2n1)C(=O)N1CCN(CCc2ccc(F)cc2F)CC1,8.769551078621726
c12CCC3N(CCNC3)c1ncc(c2)CCC,7.655607726314889
c1c2c(N3C(CNCC3)CC2)ncc1CCC,7.655607726314889
c1(cc2c(N3C(CNCC3)CC2)nc1)CCC,7.655607726314889
c1(cnc2c(CCC3N2CCNC3)c1)CCC,7.655607726314889
C1CC2CNCCN2c2ncc(cc21)CCC,7.655607726314889
C1N(CCN(CCCOc2ccccc2)C1)c1ccccc1,7.337242168318426
C(CCOc1ccccc1)N1CCN(c2ccccc2)CC1,7.337242168318426
c1(OCCCN2CCN(c3ccccc3)CC2)ccccc1,7.337242168318426
C1CN(c2ccccc2)CCN1CCCOc1ccccc1,7.337242168318426
O(c1ccccc1)CCCN1CCN(c2ccccc2)CC1,7.337242168318426
N(C(=O)Nc1cc(C(C)=O)ccc1)CCCN1CC(CCC1)Cc1ccc(cc1)F,5.8696662315049934
O=C(Nc1cccc(c1)C(C)=O)NCCCN1CCCC(C1)Cc1ccc(F)cc1,5.8696662315049934
c1cc(ccc1F)CC1CCCN(C1)CCCNC(=O)Nc1cccc(c1)C(=O)C,5.8696662315049934
C1(CN(CCC1)CCCNC(=O)Nc1cccc(C(=O)C)c1)Cc1ccc(cc1)F,5.8696662315049934
C1CN(CCCNC(Nc2cc(C(C)=O)ccc2)=O)CC(Cc2ccc(F)cc2)C1,5.8696662315049934
O(c1ccc2c(c(CC(N)C)c[nH]2)c1)C,8.337242168318426
c1c2c(CC(N)C)c[nH]c2ccc1OC,8.337242168318426
c12c(c[nH]c1ccc(c2)OC)CC(C)N,8.337242168318426
COc1cc2c(cc1)[nH]cc2CC(C)N,8.337242168318426
c1(CC(C)N)c[nH]c2ccc(OC)cc21,8.337242168318426
C1CN(C)C2Cc3c(-c4c2c1cc(OC)c4)c(OC(=O)c1ccc(F)cc1)ccc3,6.346787486224656
c1c(OC)cc2-c3c(OC(c4ccc(F)cc4)=O)cccc3CC3N(C)CCc1c32,6.346787486224656
N1(C)CCc2c3c(cc(c2)OC)-c2c(cccc2CC13)OC(c1ccc(F)cc1)=O,6.346787486224656
O(C)c1cc2c3c(c1)-c1c(OC(=O)c4ccc(F)cc4)cccc1CC3N(CC2)C,6.346787486224656
c1(cc2-c3c(CC4N(CCc(c24)c1)C)cccc3OC(c1ccc(cc1)F)=O)OC,6.346787486224656
c1(N2CCN(CC2)CCCCNC(=O)C2CCc3ccccc3N2)ccccc1,7.657577319177793
C1C(Nc2ccccc2C1)C(NCCCCN1CCN(CC1)c1ccccc1)=O,7.657577319177793
N1c2c(cccc2)CCC1C(=O)NCCCCN1CCN(c2ccccc2)CC1,7.657577319177793
O=C(NCCCCN1CCN(CC1)c1ccccc1)C1Nc2ccccc2CC1,7.657577319177793
c1c2CCC(Nc2ccc1)C(=O)NCCCCN1CCN(c2ccccc2)CC1,7.657577319177793
c1(ccc(C(=O)N2CCN(CC2)CC2Cc3c(C(=O)C2)cco3)cc1)F,5.879998925531604
N1(CCN(C(c2ccc(F)cc2)=O)CC1)CC1Cc2occc2C(=O)C1,5.879998925531604
C1CN(CCN1C(=O)c1ccc(cc1)F)CC1Cc2occc2C(C1)=O,5.879998925531604
C1N(C(c2ccc(F)cc2)=O)CCN(C1)CC1CC(=O)c2ccoc2C1,5.879998925531604
o1ccc2C(CC(Cc12)CN1CCN(CC1)C(c1ccc(cc1)F)=O)=O,5.879998925531604
COc1ccc2C(=O)CC(Cc2c1)CN1CCN(c2ncccc2)CC1,6.160000609491408
c12cc(ccc2C(CC(C1)CN1CCN(c2ccccn2)CC1)=O)OC,6.160000609491408
c1(N2CCN(CC2)CC2Cc3c(C(C2)=O)ccc(OC)c3)ccccn1,6.160000609491408
N1(CC2Cc3c(C(C2)=O)ccc(OC)c3)CCN(c2ncccc2)CC1,6.160000609491408
N1(c2ccccn2)CCN(CC2Cc3c(C(C2)=O)ccc(OC)c3)CC1,6.160000609491408
C1N2C(=O)c3c(ccc(c3Cl)Cl)C2CNC1,6.416801226031377
c1cc(Cl)c(Cl)c2C(=O)N3C(CNCC3)c21,6.416801226031377
c12c(ccc(c1Cl)Cl)C1N(CCNC1)C2=O,6.416801226031377
c12c(c(c(cc1)Cl)Cl)C(=O)N1C2CNCC1,6.416801226031377
C1CNCC2c3ccc(Cl)c(c3C(N12)=O)Cl,6.416801226031377
c1(Br)c(-c2c(OC)ccc(c2)NC(Nc2ccc(Cl)cc2)=O)n(C)nc1,9.299988937677888
Brc1cnn(c1-c1cc(NC(Nc2ccc(Cl)cc2)=O)ccc1OC)C,9.299988937677888
c1cc(NC(=O)Nc2ccc(c(-c3n(ncc3Br)C)c2)OC)ccc1Cl,9.299988937677888
c1cc(NC(=O)Nc2ccc(cc2)Cl)cc(-c2c(cnn2C)Br)c1OC,9.299988937677888
c1cc(Cl)ccc1NC(Nc1cc(c(OC)cc1)-c1c(cnn1C)Br)=O,9.299988937677888
n1oc2cc(ccc2c1C1CCN(CCC2CCC(CC2)NC(=O)CC2CCCCO2)CC1)Cl,8.234405944680555
c1cc(Cl)cc2c1c(no2)C1CCN(CCC2CCC(CC2)NC(=O)CC2OCCCC2)CC1,8.234405944680555
N1(CCC(c2c3c(cc(cc3)Cl)on2)CC1)CCC1CCC(NC(CC2OCCCC2)=O)CC1,8.234405944680555
Clc1cc2c(c(C3CCN(CC3)CCC3CCC(NC(=O)CC4OCCCC4)CC3)no2)cc1,8.234405944680555
C1CN(CCC2CCC(CC2)NC(=O)CC2CCCCO2)CCC1c1noc2c1ccc(c2)Cl,8.234405944680555
C1(=O)c2nn(cc2CCN1CCN1CCN(c2c3ccccc3sn2)CC1)C,8.406713932979542
C(CN1CCN(c2nsc3c2cccc3)CC1)N1CCc2cn(C)nc2C1=O,8.406713932979542
n1c(N2CCN(CC2)CCN2C(c3nn(C)cc3CC2)=O)c2c(s1)cccc2,8.406713932979542
c12CCN(CCN3CCN(CC3)c3nsc4c3cccc4)C(c2nn(c1)C)=O,8.406713932979542
c12c(c(ns1)N1CCN(CCN3CCc4c(C3=O)nn(C)c4)CC1)cccc2,8.406713932979542
O(Cc1cc(Cl)ccc1F)c1n(nc(c1)CNC)CC1CCCC1,8.756961951313706
c1c(CNC)nn(CC2CCCC2)c1OCc1cc(ccc1F)Cl,8.756961951313706
C(NC)c1cc(n(CC2CCCC2)n1)OCc1c(F)ccc(c1)Cl,8.756961951313706
CNCc1nn(c(c1)OCc1c(ccc(c1)Cl)F)CC1CCCC1,8.756961951313706
Fc1c(COc2cc(nn2CC2CCCC2)CNC)cc(cc1)Cl,8.756961951313706
c1cc(ccc1Cl)C1CCN(CC1)CCCOc1ccc(cc1)F,6.91721462968355
c1(Cl)ccc(cc1)C1CCN(CC1)CCCOc1ccc(cc1)F,6.91721462968355
c1(C2CCN(CCCOc3ccc(cc3)F)CC2)ccc(cc1)Cl,6.91721462968355
c1c(ccc(C2CCN(CCCOc3ccc(cc3)F)CC2)c1)Cl,6.91721462968355
c1cc(OCCCN2CCC(CC2)c2ccc(Cl)cc2)ccc1F,6.91721462968355
c12c(cc(nc2)Br)CCN(CCN2CCN(c3nsc4ccccc34)CC2)C1=O,9.036212172654444
C1CN(CCN2C(=O)c3cnc(cc3CC2)Br)CCN1c1nsc2ccccc21,9.036212172654444
c12c(cccc1)snc2N1CCN(CCN2C(=O)c3c(CC2)cc(nc3)Br)CC1,9.036212172654444
C1CN(CCN2CCN(CC2)c2c3c(sn2)cccc3)C(c2cnc(Br)cc21)=O,9.036212172654444
C1CN(c2c3ccccc3sn2)CCN1CCN1CCc2c(cnc(c2)Br)C1=O,9.036212172654444
C1CC(CCN1CCC1CCC(NC(=O)C(C)OC)CC1)c1c2c(OCO2)ccc1,7.536704390037997
COC(C)C(=O)NC1CCC(CCN2CCC(CC2)c2c3c(OCO3)ccc2)CC1,7.536704390037997
C(C(=O)NC1CCC(CCN2CCC(c3cccc4c3OCO4)CC2)CC1)(OC)C,7.536704390037997
O(C(C(=O)NC1CCC(CC1)CCN1CCC(CC1)c1cccc2c1OCO2)C)C,7.536704390037997
N1(CCC2CCC(CC2)NC(C(OC)C)=O)CCC(CC1)c1c2OCOc2ccc1,7.536704390037997
C(C=C)N(CCc1c2cc(F)ccc2[nH]c1)CC=C,6.610001577392667
C(=C)CN(CCc1c[nH]c2ccc(cc21)F)CC=C,6.610001577392667
c1c2c(cc(c1)F)c(CCN(CC=C)CC=C)c[nH]2,6.610001577392667
c1cc(F)cc2c(c[nH]c12)CCN(CC=C)CC=C,6.610001577392667
N(CC=C)(CCc1c[nH]c2ccc(cc21)F)CC=C,6.610001577392667
FC(c1c(cc2c(N(C(=O)Nc3cnccc3)CC2)c1)SCC)(F)F,5.499999678657065
c1c2c(N(C(=O)Nc3cccnc3)CC2)cc(C(F)(F)F)c1SCC,5.499999678657065
FC(c1c(cc2CCN(c2c1)C(Nc1cnccc1)=O)SCC)(F)F,5.499999678657065
S(CC)c1c(cc2c(c1)CCN2C(=O)Nc1cnccc1)C(F)(F)F,5.499999678657065
c1c(C(F)(F)F)c(SCC)cc2CCN(C(=O)Nc3cccnc3)c21,5.499999678657065
C12CNC(CN2C(=O)c2c(C1)cccc2)C,5.528708288941061
c1cc2CC3N(C(=O)c2cc1)CC(C)NC3,5.528708288941061
c12C(=O)N3C(Cc1cccc2)CNC(C)C3,5.528708288941061
CC1NCC2N(C1)C(=O)c1c(C2)cccc1,5.528708288941061
C12N(C(c3ccccc3C1)=O)CC(NC2)C,5.528708288941061
c1cccc2c1snc2N1CCN(CCCOc2ccc(cc2)NC(=O)C)CC1,6.93218548883816
O=C(C)Nc1ccc(cc1)OCCCN1CCN(c2c3ccccc3sn2)CC1,6.93218548883816
c1cc2c(snc2N2CCN(CC2)CCCOc2ccc(NC(=O)C)cc2)cc1,6.93218548883816
O=C(Nc1ccc(cc1)OCCCN1CCN(CC1)c1c2ccccc2sn1)C,6.93218548883816
N(C(C)=O)c1ccc(cc1)OCCCN1CCN(c2nsc3ccccc23)CC1,6.93218548883816
n1cc(-c2cccc(NC(=O)N3c4cc(c(OC)cc4CC3)C(F)(F)F)c2Cl)ccc1,6.599997654072044
FC(F)(c1c(cc2CCN(C(=O)Nc3c(c(-c4cnccc4)ccc3)Cl)c2c1)OC)F,6.599997654072044
c1cc(cnc1)-c1cccc(NC(N2CCc3cc(OC)c(C(F)(F)F)cc23)=O)c1Cl,6.599997654072044
c1ccc(NC(N2c3cc(C(F)(F)F)c(cc3CC2)OC)=O)c(c1-c1cccnc1)Cl,6.599997654072044
c1(cccnc1)-c1cccc(c1Cl)NC(=O)N1c2cc(C(F)(F)F)c(cc2CC1)OC,6.599997654072044
c1cc(ccc1)OCCCN1CCC2C(c3c4N2CC(=O)Nc4ccc3)C1,8.55284196865778
C1C(=O)Nc2c3N1C1C(c3ccc2)CN(CC1)CCCOc1ccccc1,8.55284196865778
c1cc(ccc1)OCCCN1CCC2N3c4c(cccc4C2C1)NC(C3)=O,8.55284196865778
C1C(=O)Nc2c3N1C1CCN(CCCOc4ccccc4)CC1c3ccc2,8.55284196865778
c1ccc(cc1)OCCCN1CC2c3c4N(CC(Nc4ccc3)=O)C2CC1,8.55284196865778
c1cc(cc2c1C(OCC2)CCN1CCN(c2ccc(cc2)OC)CC1)C(=O)N,6.853871964321762
C1CN(c2ccc(OC)cc2)CCN1CCC1c2c(CCO1)cc(cc2)C(=O)N,6.853871964321762
c1cc2C(CCN3CCN(CC3)c3ccc(OC)cc3)OCCc2cc1C(=O)N,6.853871964321762
c1c(C(=O)N)ccc2c1CCOC2CCN1CCN(CC1)c1ccc(cc1)OC,6.853871964321762
c1(N2CCN(CCC3c4c(cc(cc4)C(N)=O)CCO3)CC2)ccc(OC)cc1,6.853871964321762
N1CCc2c(n(C3CC3)nc2CC1)-c1ccc(cc1)F,8.221848749616356
n1(nc2CCNCCc2c1-c1ccc(cc1)F)C1CC1,8.221848749616356
C1C(C1)n1c(-c2ccc(cc2)F)c2CCNCCc2n1,8.221848749616356
c1c(ccc(c1)F)-c1n(C2CC2)nc2CCNCCc12,8.221848749616356
c1(n(C2CC2)nc2c1CCNCC2)-c1ccc(cc1)F,8.221848749616356
c12n(C)ncc2C(C(CCN2CCN(CC2)c2nsc3c2cccc3)CC1)=O,9.638272163982407
c1ccc2snc(c2c1)N1CCN(CCC2CCc3n(ncc3C2=O)C)CC1,9.638272163982407
n1(ncc2c1CCC(CCN1CCN(c3nsc4ccccc34)CC1)C2=O)C,9.638272163982407
c1cccc2snc(c12)N1CCN(CC1)CCC1C(c2c(n(C)nc2)CC1)=O,9.638272163982407
C(CN1CCN(c2nsc3ccccc32)CC1)C1CCc2n(C)ncc2C1=O,9.638272163982407
c1c2CCNCCc2c(c(c1)Br)Cl,8.0
c12c(CCNCC1)ccc(c2Cl)Br,8.0
c12ccc(Br)c(Cl)c1CCNCC2,8.0
C1NCCc2c(C1)ccc(c2Cl)Br,8.0
Brc1c(Cl)c2c(CCNCC2)cc1,8.0
c1c2C(CCN(C(=O)C)c2c(CCN2CCN(CC2)c2c3ccccc3on2)cc1F)C,9.537602002101044
C1CN(CCN1CCc1cc(F)cc2C(CCN(c12)C(C)=O)C)c1noc2c1cccc2,9.537602002101044
CC1CCN(C(=O)C)c2c1cc(cc2CCN1CCN(c2noc3c2cccc3)CC1)F,9.537602002101044
c1cc2c(cc1)onc2N1CCN(CCc2cc(F)cc3C(C)CCN(C(C)=O)c23)CC1,9.537602002101044
C1CN(CCN1CCc1cc(cc2c1N(CCC2C)C(=O)C)F)c1c2c(on1)cccc2,9.537602002101044
N1(c2ccc(F)cc2)CCN(CC1)C(=O)Nc1ccc(OC)c(c1)N1CCN(C)CC1,5.351542405717478
C1CN(c2ccc(cc2)F)CCN1C(Nc1cc(N2CCN(CC2)C)c(OC)cc1)=O,5.351542405717478
c1c(c(ccc1NC(=O)N1CCN(CC1)c1ccc(cc1)F)OC)N1CCN(C)CC1,5.351542405717478
c1(ccc(NC(N2CCN(CC2)c2ccc(cc2)F)=O)cc1N1CCN(C)CC1)OC,5.351542405717478
N1(c2ccc(F)cc2)CCN(CC1)C(Nc1ccc(c(c1)N1CCN(CC1)C)OC)=O,5.351542405717478
c12ccc(F)cc2c(C)c(s1)S(=O)(=O)NCCCN1CCN(c2c3ccccc3on2)CC1,5.920818753952375
C(CNS(=O)(=O)c1sc2c(cc(cc2)F)c1C)CN1CCN(c2c3c(cccc3)on2)CC1,5.920818753952375
O=S(c1c(c2cc(ccc2s1)F)C)(NCCCN1CCN(c2noc3c2cccc3)CC1)=O,5.920818753952375
c1cc2c(cc1F)c(C)c(S(=O)(NCCCN1CCN(CC1)c1c3c(on1)cccc3)=O)s2,5.920818753952375
c1(c(C)c2c(s1)ccc(c2)F)S(=O)(NCCCN1CCN(c2c3c(on2)cccc3)CC1)=O,5.920818753952375
c12C3CNCCN3C(=O)c1c(ccc2)O,5.777283528852417
c12c(C(=O)N3CCNCC31)c(O)ccc2,5.777283528852417
Oc1cccc2C3CNCCN3C(c21)=O,5.777283528852417
Oc1cccc2C3N(C(=O)c12)CCNC3,5.777283528852417
Oc1c2c(C3N(CCNC3)C2=O)ccc1,5.777283528852417
C(C)CN1CCc2c3C1Cc1c(-c3ccc2)c(ccc1)OC(CC)=O,6.962573502059376
C1c2cccc(c2-c2c3c(ccc2)CCN(C13)CCC)OC(=O)CC,6.962573502059376
C1C2c3c(cccc3-c3c1cccc3OC(=O)CC)CCN2CCC,6.962573502059376
c1ccc2-c3c(CC4c2c1CCN4CCC)cccc3OC(CC)=O,6.962573502059376
C(CN1C2Cc3cccc(OC(=O)CC)c3-c3cccc(CC1)c32)C,6.962573502059376
c1(cnccc1)-c1c(ccc(NC(=O)N2CCc3cc(c(cc32)C(F)(F)F)OC)c1)C(C)(C)C,6.0
c1c(NC(=O)N2CCc3cc(OC)c(cc23)C(F)(F)F)ccc(c1-c1cccnc1)C(C)(C)C,6.0
n1cccc(c1)-c1cc(ccc1C(C)(C)C)NC(N1c2c(cc(OC)c(c2)C(F)(F)F)CC1)=O,6.0
N1(CCc2cc(c(C(F)(F)F)cc12)OC)C(Nc1ccc(C(C)(C)C)c(c1)-c1cnccc1)=O,6.0
c1(NC(N2CCc3cc(c(cc23)C(F)(F)F)OC)=O)cc(c(C(C)(C)C)cc1)-c1cccnc1,6.0
FC(F)(F)c1c(cccc1Cl)N1CCN(CCCCOc2nc3c(cc2)CCC(=O)N3)CC1,8.853871964321762
C(CCCOc1ccc2c(NC(CC2)=O)n1)N1CCN(CC1)c1c(C(F)(F)F)c(ccc1)Cl,8.853871964321762
N1(CCN(CC1)CCCCOc1ccc2c(n1)NC(=O)CC2)c1cccc(Cl)c1C(F)(F)F,8.853871964321762
n1c2NC(CCc2ccc1OCCCCN1CCN(CC1)c1c(c(ccc1)Cl)C(F)(F)F)=O,8.853871964321762
C(CCN1CCN(CC1)c1c(c(ccc1)Cl)C(F)(F)F)COc1nc2c(CCC(=O)N2)cc1,8.853871964321762
C(F)(F)(F)c1cc(Cl)ccc1CN(C(=O)Cc1ccc(cc1)OCC(C)C)C1CCN(C)CC1,7.698970004336019
C1(CCN(C)CC1)N(C(=O)Cc1ccc(cc1)OCC(C)C)Cc1ccc(Cl)cc1C(F)(F)F,7.698970004336019
CN1CCC(N(Cc2ccc(Cl)cc2C(F)(F)F)C(Cc2ccc(cc2)OCC(C)C)=O)CC1,7.698970004336019
c1cc(OCC(C)C)ccc1CC(N(C1CCN(C)CC1)Cc1c(C(F)(F)F)cc(cc1)Cl)=O,7.698970004336019
C1C(N(Cc2c(C(F)(F)F)cc(cc2)Cl)C(=O)Cc2ccc(OCC(C)C)cc2)CCN(C)C1,7.698970004336019
c1(S(=O)(=O)NCCCCN2CCN(c3noc4ccccc43)CC2)cc(Cl)c(F)cc1,7.769551078621726
S(c1cc(Cl)c(cc1)F)(NCCCCN1CCN(CC1)c1c2ccccc2on1)(=O)=O,7.769551078621726
c1cccc2c1onc2N1CCN(CCCCNS(=O)(c2ccc(F)c(Cl)c2)=O)CC1,7.769551078621726
c1(ccc(c(Cl)c1)F)S(NCCCCN1CCN(CC1)c1c2ccccc2on1)(=O)=O,7.769551078621726
c1(c(ccc(c1)S(NCCCCN1CCN(CC1)c1noc2c1cccc2)(=O)=O)F)Cl,7.769551078621726
C1c2c(C(=O)N1c1cc(OCCN3CCCCC3)c(cc1)OC)c(Cl)ccc2,6.0
c12CN(c3cc(c(cc3)OC)OCCN3CCCCC3)C(=O)c2c(Cl)ccc1,6.0
O=C1c2c(cccc2CN1c1cc(OCCN2CCCCC2)c(cc1)OC)Cl,6.0
C1CCN(CC1)CCOc1c(OC)ccc(c1)N1C(c2c(cccc2C1)Cl)=O,6.0
c12C(=O)N(Cc1cccc2Cl)c1cc(OCCN2CCCCC2)c(OC)cc1,6.0
C1N(CCC2C1c1c3c(NC(=O)CN32)ccc1)CCCOc1ccc(cc1)F,7.958607314841775
c1cc2C3CN(CCCOc4ccc(cc4)F)CCC3N3c2c(NC(=O)C3)c1,7.958607314841775
C(CCN1CC2C(CC1)N1c3c2cccc3NC(=O)C1)Oc1ccc(cc1)F,7.958607314841775
O=C1Nc2c3c(ccc2)C2C(N3C1)CCN(C2)CCCOc1ccc(F)cc1,7.958607314841775
C1(Nc2c3N(C4C(CN(CC4)CCCOc4ccc(F)cc4)c3ccc2)C1)=O,7.958607314841775
O(Cc1ccccc1)c1c(c2-c3cc(OC)c(OC)cc3CC3N(C)CCc(c1)c23)OC,7.657577319177793
c12c(OC)c(OCc3ccccc3)cc3c2C(N(C)CC3)Cc2c-1cc(c(c2)OC)OC,7.657577319177793
c1(c2c3c(cc1OCc1ccccc1)CCN(C3Cc1cc(c(OC)cc1-2)OC)C)OC,7.657577319177793
c1(c2-c3cc(c(cc3CC3N(CCc(cc1OCc1ccccc1)c23)C)OC)OC)OC,7.657577319177793
O(c1cc2c3c(-c4c(cc(OC)c(OC)c4)CC3N(C)CC2)c1OC)Cc1ccccc1,7.657577319177793
C1N(CCCC(=O)c2cc3c(cc2)CCC3)CCN(C1)c1ccccn1,6.461087106096326
c1(ccc2CCCc2c1)C(CCCN1CCN(CC1)c1ncccc1)=O,6.461087106096326
N1(CCN(CCCC(c2cc3CCCc3cc2)=O)CC1)c1ccccn1,6.461087106096326
C1Cc2c(cc(C(CCCN3CCN(c4ncccc4)CC3)=O)cc2)C1,6.461087106096326
n1c(N2CCN(CCCC(=O)c3cc4CCCc4cc3)CC2)cccc1,6.461087106096326
c1(c(C)ccc(NC(c2ccc(Br)c(c2)C)=O)c1)N1CCN(CC1)C,6.900008766455316
c1(c(cc(C(=O)Nc2ccc(c(c2)N2CCN(CC2)C)C)cc1)C)Br,6.900008766455316
c1(cc(NC(=O)c2cc(c(cc2)Br)C)ccc1C)N1CCN(C)CC1,6.900008766455316
N1(C)CCN(c2c(C)ccc(c2)NC(=O)c2ccc(c(c2)C)Br)CC1,6.900008766455316
c1c(N2CCN(C)CC2)c(ccc1NC(=O)c1ccc(Br)c(c1)C)C,6.900008766455316
O(c1c2Cc3c(cccc3)C(CN)c2ccc1)C,6.906578314837765
c1cccc2c1C(CN)c1cccc(c1C2)OC,6.906578314837765
c12c(c(OC)ccc2)Cc2c(C1CN)cccc2,6.906578314837765
c1cccc2c1Cc1c(cccc1C2CN)OC,6.906578314837765
NCC1c2ccccc2Cc2c1cccc2OC,6.906578314837765
C1CCCCC1(C(NC1CCC(CC1)CCN1CCC(CC1)c1c2c(OCO2)ccc1)=O)OC,7.936291440608582
C1(CCCCC1)(C(NC1CCC(CC1)CCN1CCC(c2cccc3c2OCO3)CC1)=O)OC,7.936291440608582
c1c(C2CCN(CC2)CCC2CCC(NC(C3(CCCCC3)OC)=O)CC2)c2c(cc1)OCO2,7.936291440608582
COC1(CCCCC1)C(=O)NC1CCC(CCN2CCC(c3c4OCOc4ccc3)CC2)CC1,7.936291440608582
COC1(C(=O)NC2CCC(CCN3CCC(c4c5c(OCO5)ccc4)CC3)CC2)CCCCC1,7.936291440608582
c1c(ccc2OCOc21)CCN(CCc1cc(c(cc1)OC)OC)CCCc1cccc(I)c1,6.772113295386326
c1(CCN(CCc2cc3OCOc3cc2)CCCc2cccc(c2)I)ccc(OC)c(OC)c1,6.772113295386326
c12c(OCO1)ccc(CCN(CCc1cc(OC)c(OC)cc1)CCCc1cc(I)ccc1)c2,6.772113295386326
C1Oc2cc(ccc2O1)CCN(CCCc1cc(ccc1)I)CCc1ccc(c(OC)c1)OC,6.772113295386326
O(C)c1c(OC)ccc(c1)CCN(CCCc1cccc(I)c1)CCc1cc2c(cc1)OCO2,6.772113295386326
c1c(cnc(c1)Oc1cccnc1C)NC(=O)N1CCc2cc(c(Cl)cc12)Cl,6.600161935212324
c1c(c(ncc1)C)Oc1ccc(NC(N2c3cc(c(cc3CC2)Cl)Cl)=O)cn1,6.600161935212324
c12c(cc(c(Cl)c2)Cl)CCN1C(Nc1ccc(nc1)Oc1cccnc1C)=O,6.600161935212324
c1(cc2c(N(C(=O)Nc3ccc(Oc4cccnc4C)nc3)CC2)cc1Cl)Cl,6.600161935212324
O=C(N1c2c(cc(Cl)c(c2)Cl)CC1)Nc1ccc(nc1)Oc1c(nccc1)C,6.600161935212324
c1cc2C3C(NC(=O)c2c(C)c1)CNC3,7.251811972993799
Cc1c2c(ccc1)C1C(NC2=O)CNC1,7.251811972993799
c1(c2c(C3CNCC3NC2=O)ccc1)C,7.251811972993799
c1(cccc2C3CNCC3NC(c12)=O)C,7.251811972993799
c1ccc(C)c2c1C1CNCC1NC2=O,7.251811972993799
c12cc(sc2cccc1)C(=O)NC1CCC(CCN2CCN(CC2)c2nsc3c2cccc3)CC1,8.698970004336019
C1CC(CCN2CCN(c3nsc4c3cccc4)CC2)CCC1NC(c1sc2c(cccc2)c1)=O,8.698970004336019
c1(C(=O)NC2CCC(CC2)CCN2CCN(c3nsc4ccccc34)CC2)cc2c(cccc2)s1,8.698970004336019
C1(CCC(CCN2CCN(c3nsc4c3cccc4)CC2)CC1)NC(=O)c1sc2ccccc2c1,8.698970004336019
C(C1CCC(CC1)NC(c1cc2ccccc2s1)=O)CN1CCN(CC1)c1nsc2c1cccc2,8.698970004336019
c1(cccc(Cl)c1Cl)N1CCN(CC(O)CCNC(=O)c2ccc3c(Cc4c-3cccc4)c2)CC1,6.2636034977233574
O=C(c1cc2c(-c3c(cccc3)C2)cc1)NCCC(O)CN1CCN(c2c(Cl)c(Cl)ccc2)CC1,6.2636034977233574
c12c(ccc(C(NCCC(CN3CCN(c4c(c(ccc4)Cl)Cl)CC3)O)=O)c1)-c1c(C2)cccc1,6.2636034977233574
C(=O)(NCCC(CN1CCN(c2cccc(c2Cl)Cl)CC1)O)c1cc2Cc3ccccc3-c2cc1,6.2636034977233574
OC(CN1CCN(CC1)c1cccc(Cl)c1Cl)CCNC(=O)c1ccc2c(c1)Cc1c-2cccc1,6.2636034977233574
Cc1c(c(OCCOCCN2CCN(c3ccccc3OC)CC2)cc(c1)C)C,6.798602875679548
c1(c(c(cc(c1)C)OCCOCCN1CCN(c2c(cccc2)OC)CC1)C)C,6.798602875679548
C1N(CCOCCOc2c(c(cc(C)c2)C)C)CCN(C1)c1c(cccc1)OC,6.798602875679548
COc1ccccc1N1CCN(CC1)CCOCCOc1cc(C)cc(C)c1C,6.798602875679548
COc1ccccc1N1CCN(CCOCCOc2c(c(C)cc(c2)C)C)CC1,6.798602875679548
c1cc(F)ccc1OCCCN1CCC(c2ccc(Cl)cc2)(O)CC1,7.0835460514500745
c1(ccc(cc1)OCCCN1CCC(c2ccc(cc2)Cl)(CC1)O)F,7.0835460514500745
c1c(ccc(c1)Cl)C1(CCN(CCCOc2ccc(F)cc2)CC1)O,7.0835460514500745
C(N1CCC(c2ccc(cc2)Cl)(O)CC1)CCOc1ccc(cc1)F,7.0835460514500745
C1CC(CCN1CCCOc1ccc(cc1)F)(O)c1ccc(cc1)Cl,7.0835460514500745
c1cncc(N2CCN(CCCCOc3c4c(oc(cc4C)=O)cc(c3C(C)=O)C)CC2)n1,5.6020599913279625
c1(nccnc1)N1CCN(CC1)CCCCOc1c(C(C)=O)c(C)cc2oc(cc(c12)C)=O,5.6020599913279625
O=c1cc(c2c(OCCCCN3CCN(CC3)c3cnccn3)c(c(C)cc2o1)C(C)=O)C,5.6020599913279625
c12cc(c(c(c2c(C)cc(=O)o1)OCCCCN1CCN(c2cnccn2)CC1)C(C)=O)C,5.6020599913279625
C(C)(=O)c1c(C)cc2c(c1OCCCCN1CCN(c3nccnc3)CC1)c(C)cc(=O)o2,5.6020599913279625
C1N(CCC(C1)C(c1ccc(cc1)F)=O)CC1CC(c2ccc(cc2C1)C(=O)C)=O,7.199970640755866
C(C1Cc2c(C(C1)=O)ccc(C(=O)C)c2)N1CCC(CC1)C(=O)c1ccc(cc1)F,7.199970640755866
C(C1Cc2c(C(C1)=O)ccc(C(=O)C)c2)N1CCC(CC1)C(c1ccc(cc1)F)=O,7.199970640755866
c12ccc(C(=O)C)cc1CC(CC2=O)CN1CCC(C(c2ccc(F)cc2)=O)CC1,7.199970640755866
c1(C(C2CCN(CC2)CC2Cc3c(ccc(c3)C(C)=O)C(=O)C2)=O)ccc(cc1)F,7.199970640755866
C(CN1CCC(CC1)c1c2c(ccc1)OCO2)C1CCC(NC(=O)CC2OCCC2)CC1,7.677160727313679
C1(NC(CC2OCCC2)=O)CCC(CC1)CCN1CCC(c2c3OCOc3ccc2)CC1,7.677160727313679
C1C(CCN(C1)CCC1CCC(NC(=O)CC2CCCO2)CC1)c1cccc2c1OCO2,7.677160727313679
C(CC1CCCO1)(NC1CCC(CCN2CCC(c3c4c(OCO4)ccc3)CC2)CC1)=O,7.677160727313679
C1(OCCC1)CC(NC1CCC(CCN2CCC(CC2)c2cccc3OCOc23)CC1)=O,7.677160727313679
C1CCCN(C1)CCOc1c(cc(cc1)NC(=O)Nc1cc(F)ccc1)-c1ccnn1C,9.00436480540245
c1ccc(cc1NC(=O)Nc1cc(c(OCCN2CCCCC2)cc1)-c1n(ncc1)C)F,9.00436480540245
O=C(Nc1ccc(c(-c2n(C)ncc2)c1)OCCN1CCCCC1)Nc1cccc(c1)F,9.00436480540245
C1CCN(CCOc2c(cc(cc2)NC(=O)Nc2cc(ccc2)F)-c2n(ncc2)C)CC1,9.00436480540245
C1N(CCCC1)CCOc1c(cc(cc1)NC(Nc1cccc(c1)F)=O)-c1ccnn1C,9.00436480540245
c1cc2c(cc1)C(CN)c1c(C2)cccc1OC,5.936291440608582
C(N)C1c2c(cccc2Cc2ccccc12)OC,5.936291440608582
C1c2ccccc2C(c2c(cccc12)OC)CN,5.936291440608582
c1c(c2c(cc1)Cc1c(cccc1)C2CN)OC,5.936291440608582
c12c(OC)cccc1Cc1ccccc1C2CN,5.936291440608582
c12c(Cl)ccc(c1c([nH]n2)C1=CCCN(C1)C)F,7.0726296369609765
c1c(c2c([nH]nc2c(Cl)c1)C1CN(C)CCC=1)F,7.0726296369609765
c1cc(c2c(n[nH]c2C2=CCCN(C)C2)c1Cl)F,7.0726296369609765
n1[nH]c(c2c(ccc(Cl)c21)F)C1=CCCN(C1)C,7.0726296369609765
c12c(C3CN(CCC=3)C)[nH]nc2c(ccc1F)Cl,7.0726296369609765
C1(C(O)c2ccnc3c2CCC2N3CCNC2)CCC1,7.229884705212898
C1C2N(CCNC2)c2c(c(ccn2)C(O)C2CCC2)C1,7.229884705212898
c12nccc(c2CCC2N1CCNC2)C(O)C1CCC1,7.229884705212898
C1C2N(c3c(C1)c(C(O)C1CCC1)ccn3)CCNC2,7.229884705212898
OC(C1CCC1)c1c2CCC3CNCCN3c2ncc1,7.229884705212898
c1c(Br)cc(OC2CNC2)c(OCc2cc(Cl)ccc2)c1,7.376750709602099
c1c(Cl)cc(cc1)COc1ccc(cc1OC1CNC1)Br,7.376750709602099
N1CC(Oc2c(OCc3cc(Cl)ccc3)ccc(Br)c2)C1,7.376750709602099
c1cc(cc(Cl)c1)COc1ccc(cc1OC1CNC1)Br,7.376750709602099
c1c(Br)ccc(OCc2cccc(c2)Cl)c1OC1CNC1,7.376750709602099
c1cc(F)ccc1CN(C1CCN(CC1)C)C(=O)OCc1ccc(OC(C)C)cc1,9.600326278518962
C1CC(N(Cc2ccc(cc2)F)C(=O)OCc2ccc(OC(C)C)cc2)CCN1C,9.600326278518962
c1cc(F)ccc1CN(C1CCN(C)CC1)C(OCc1ccc(cc1)OC(C)C)=O,9.600326278518962
c1(ccc(F)cc1)CN(C1CCN(C)CC1)C(OCc1ccc(OC(C)C)cc1)=O,9.600326278518962
c1c(OC(C)C)ccc(c1)COC(=O)N(Cc1ccc(F)cc1)C1CCN(C)CC1,9.600326278518962
c12c(C3CCN(CC4Cc5occ(c5C(C4)=O)C(OC)=O)CC3)noc2cc(cc1)F,8.809948582240795
C(=O)(c1c2c(oc1)CC(CN1CCC(c3noc4c3ccc(F)c4)CC1)CC2=O)OC,8.809948582240795
O=C(OC)c1c2C(=O)CC(Cc2oc1)CN1CCC(c2noc3c2ccc(F)c3)CC1,8.809948582240795
c1c(c2C(CC(CN3CCC(CC3)c3c4ccc(F)cc4on3)Cc2o1)=O)C(=O)OC,8.809948582240795
C1CN(CCC1c1c2c(on1)cc(F)cc2)CC1Cc2c(c(co2)C(=O)OC)C(C1)=O,8.809948582240795
C1N(CCC2CCC(CC2)NC(=O)CCCC)CCC(c2c3c(ccc2)OCC3)C1,6.985899678480379
C1c2c(cccc2C2CCN(CCC3CCC(NC(=O)CCCC)CC3)CC2)OC1,6.985899678480379
C(NC1CCC(CCN2CCC(c3cccc4c3CCO4)CC2)CC1)(=O)CCCC,6.985899678480379
O=C(CCCC)NC1CCC(CC1)CCN1CCC(c2c3c(OCC3)ccc2)CC1,6.985899678480379
c12c(c(C3CCN(CC3)CCC3CCC(NC(CCCC)=O)CC3)ccc1)CCO2,6.985899678480379
c1(NC(=O)c2cc(OC)ccc2)ccc(OCCN2CCN(CC2)C(C)=O)c(c1)-c1ccnn1C,8.346787486224656
O(CCN1CCN(CC1)C(C)=O)c1c(-c2n(C)ncc2)cc(NC(c2cc(OC)ccc2)=O)cc1,8.346787486224656
c1(ccc(OCCN2CCN(C(=O)C)CC2)c(c1)-c1n(ncc1)C)NC(c1cccc(OC)c1)=O,8.346787486224656
CC(=O)N1CCN(CC1)CCOc1c(-c2n(C)ncc2)cc(NC(c2cccc(c2)OC)=O)cc1,8.346787486224656
CC(=O)N1CCN(CC1)CCOc1c(-c2n(C)ncc2)cc(cc1)NC(=O)c1cccc(c1)OC,8.346787486224656
c12N3C(CCc2c(CCC(F)(F)F)ccc1)CNCC3,7.700057099977233
C1N2C(CCc3c(CCC(F)(F)F)cccc32)CNC1,7.700057099977233
c1cc2N3C(CNCC3)CCc2c(CCC(F)(F)F)c1,7.700057099977233
C(c1cccc2N3CCNCC3CCc21)CC(F)(F)F,7.700057099977233
C1NCCN2c3cccc(c3CCC21)CCC(F)(F)F,7.700057099977233
C(CCOc1cc(C)cc2c1c(C)cc(=O)o2)N1CCN(CC1)c1c(cccc1)F,7.259637310505756
C1CN(CCN1c1ccccc1F)CCCOc1cc(C)cc2c1c(cc(=O)o2)C,7.259637310505756
c1c(c2c(C)cc(oc2cc1C)=O)OCCCN1CCN(CC1)c1c(F)cccc1,7.259637310505756
C1N(c2c(F)cccc2)CCN(C1)CCCOc1cc(cc2oc(=O)cc(C)c21)C,7.259637310505756
Fc1c(cccc1)N1CCN(CCCOc2cc(C)cc3c2c(cc(=O)o3)C)CC1,7.259637310505756
c12cc(Br)ccc2c(C=C2C(N(C)C(=N)N2C)=O)c[nH]1,5.698970004336019
Brc1cc2c(cc1)c(C=C1N(C(=N)N(C1=O)C)C)c[nH]2,5.698970004336019
N1(C(=N)N(C(C1=Cc1c[nH]c2c1ccc(c2)Br)=O)C)C,5.698970004336019
c1c(c2ccc(Br)cc2[nH]1)C=C1C(=O)N(C(=N)N1C)C,5.698970004336019
c1c2c(C=C3N(C(N(C3=O)C)=N)C)c[nH]c2cc(Br)c1,5.698970004336019
C1C(CCC(C1)NS(C)(=O)=O)CCN1CCC(CC1)c1coc2c1cccc2,8.265200170411154
C1C(CCC(C1)NS(=O)(=O)C)CCN1CCC(CC1)c1c2ccccc2oc1,8.265200170411154
c12ccccc2occ1C1CCN(CCC2CCC(CC2)NS(=O)(=O)C)CC1,8.265200170411154
c1cc2c(cc1)occ2C1CCN(CC1)CCC1CCC(NS(C)(=O)=O)CC1,8.265200170411154
O=S(=O)(C)NC1CCC(CCN2CCC(c3coc4ccccc34)CC2)CC1,8.265200170411154
c1cccc(c1)C(NC1CCC(CCN2CCC(CC2)c2cccc3c2OCO3)CC1)=O,8.289036881004725
c12OCOc1c(ccc2)C1CCN(CCC2CCC(NC(=O)c3ccccc3)CC2)CC1,8.289036881004725
C1(CCC(CC1)NC(c1ccccc1)=O)CCN1CCC(c2cccc3OCOc23)CC1,8.289036881004725
O1c2c(OC1)c(ccc2)C1CCN(CC1)CCC1CCC(NC(=O)c2ccccc2)CC1,8.289036881004725
C1N(CCC(C1)c1c2OCOc2ccc1)CCC1CCC(CC1)NC(c1ccccc1)=O,8.289036881004725
C(CN1CCc2cccnc2C1=O)N1CCN(CC1)c1noc2c1cc(F)cc2,6.906578314837765
C1(c2c(CCN1CCN1CCN(CC1)c1noc3c1cc(cc3)F)cccn2)=O,6.906578314837765
C1N(c2noc3c2cc(cc3)F)CCN(CCN2CCc3cccnc3C2=O)C1,6.906578314837765
N1(CCc2cccnc2C1=O)CCN1CCN(c2noc3ccc(F)cc23)CC1,6.906578314837765
C(N1C(=O)c2ncccc2CC1)CN1CCN(CC1)c1c2cc(ccc2on1)F,6.906578314837765
C(C1CCC(CC1)NC(=O)c1ccc(cc1)Cl)CN1CCC(c2c3OCOc3ccc2)CC1,7.661543506395395
c1c(C(=O)NC2CCC(CC2)CCN2CCC(c3c4OCOc4ccc3)CC2)ccc(Cl)c1,7.661543506395395
c1cc(C2CCN(CCC3CCC(CC3)NC(=O)c3ccc(Cl)cc3)CC2)c2OCOc2c1,7.661543506395395
c1cc2c(OCO2)c(C2CCN(CCC3CCC(NC(=O)c4ccc(Cl)cc4)CC3)CC2)c1,7.661543506395395
C1CC(c2cccc3OCOc32)CCN1CCC1CCC(NC(c2ccc(Cl)cc2)=O)CC1,7.661543506395395
N12C(c3c(cc(cc3C1CNCC2)CO)C(F)(F)F)=O,5.515700160653214
c12C(=O)N3C(CNCC3)c2cc(CO)cc1C(F)(F)F,5.515700160653214
c1c(C(F)(F)F)c2C(N3CCNCC3c2cc1CO)=O,5.515700160653214
c1c(c2c(cc1CO)C1N(C2=O)CCNC1)C(F)(F)F,5.515700160653214
N12CCNCC2c2c(C1=O)c(C(F)(F)F)cc(c2)CO,5.515700160653214
C1N(c2nc(C(Oc3c(ccc(c3)Cl)Cl)CCC)nc(n2)N)CCN(C1)C,6.4179366370882915
C(CCC)(Oc1cc(ccc1Cl)Cl)c1nc(N)nc(n1)N1CCN(C)CC1,6.4179366370882915
C1N(CCN(C1)C)c1nc(N)nc(n1)C(CCC)Oc1cc(Cl)ccc1Cl,6.4179366370882915
Clc1c(OC(c2nc(N3CCN(CC3)C)nc(N)n2)CCC)cc(cc1)Cl,6.4179366370882915
CN1CCN(c2nc(nc(n2)C(Oc2cc(ccc2Cl)Cl)CCC)N)CC1,6.4179366370882915
c1(cccnc1N1CCN(CC1)CCN1CCN(CC1)c1cccc(c1Cl)Cl)C#N,5.886056647693163
N1(CCN2CCN(c3c(Cl)c(ccc3)Cl)CC2)CCN(CC1)c1c(cccn1)C#N,5.886056647693163
Clc1c(c(ccc1)N1CCN(CCN2CCN(c3c(C#N)cccn3)CC2)CC1)Cl,5.886056647693163
n1c(N2CCN(CCN3CCN(CC3)c3cccc(Cl)c3Cl)CC2)c(ccc1)C#N,5.886056647693163
C(#N)c1c(N2CCN(CC2)CCN2CCN(c3cccc(Cl)c3Cl)CC2)nccc1,5.886056647693163
N(c1cc(NC(c2ccc(-c3c(C)cc(cc3)-c3nc(on3)C)cc2)=O)ccc1OC)CCN(C)C,8.299988937677888
c1c(-c2ccc(C(Nc3ccc(OC)c(c3)NCCN(C)C)=O)cc2)c(cc(-c2noc(C)n2)c1)C,8.299988937677888
c1c(-c2ccc(-c3noc(C)n3)cc2C)ccc(c1)C(Nc1cc(NCCN(C)C)c(OC)cc1)=O,8.299988937677888
c1(ccc(OC)c(NCCN(C)C)c1)NC(=O)c1ccc(cc1)-c1c(C)cc(-c2nc(C)on2)cc1,8.299988937677888
c1c(ccc(c1)-c1c(C)cc(cc1)-c1nc(on1)C)C(=O)Nc1ccc(OC)c(c1)NCCN(C)C,8.299988937677888
c1c2c(C3CCN(CCN4CCc5nc[nH]c5C4=O)CC3)noc2ccc1,9.468521082957745
c12CCN(CCN3CCC(CC3)c3noc4c3cccc4)C(c1[nH]cn2)=O,9.468521082957745
C(CN1C(=O)c2[nH]cnc2CC1)N1CCC(c2c3ccccc3on2)CC1,9.468521082957745
[nH]1cnc2CCN(C(c21)=O)CCN1CCC(c2c3ccccc3on2)CC1,9.468521082957745
c1cc2c(C3CCN(CCN4C(c5[nH]cnc5CC4)=O)CC3)noc2cc1,9.468521082957745
FC(F)(c1cccc(C(=O)Nc2cc(c(cc2)OCCN2CCOCC2)-c2n(ncc2)C)c1)F,9.154901959985743
c1(-c2c(OCCN3CCOCC3)ccc(NC(c3cc(ccc3)C(F)(F)F)=O)c2)n(C)ncc1,9.154901959985743
c1(NC(c2cc(C(F)(F)F)ccc2)=O)ccc(OCCN2CCOCC2)c(-c2ccnn2C)c1,9.154901959985743
C1CN(CCOc2ccc(NC(=O)c3cccc(C(F)(F)F)c3)cc2-c2ccnn2C)CCO1,9.154901959985743
n1ccc(-c2cc(NC(c3cc(ccc3)C(F)(F)F)=O)ccc2OCCN2CCOCC2)n1C,9.154901959985743
c1(c(Cl)cc2n(CC(C)N)ncc2c1)Cl,7.958607314841775
n1(ncc2c1cc(c(c2)Cl)Cl)CC(N)C,7.958607314841775
c1c2c(n(nc2)CC(N)C)cc(Cl)c1Cl,7.958607314841775
Clc1cc2c(cc1Cl)cnn2CC(N)C,7.958607314841775
c1c2cnn(CC(N)C)c2cc(Cl)c1Cl,7.958607314841775
c1ccc2C3C(NC(=O)c2c1C(F)(F)F)CNC3,5.725380380908762
C12CNCC2c2cccc(c2C(=O)N1)C(F)(F)F,5.725380380908762
FC(F)(c1cccc2c1C(NC1CNCC21)=O)F,5.725380380908762
C1C2NC(c3c(cccc3C(F)(F)F)C2CN1)=O,5.725380380908762
c1(C(F)(F)F)c2C(=O)NC3C(CNC3)c2ccc1,5.725380380908762
c1c(n(nc1)C)-c1c(OCCN(CC)CC)ccc(NC(Nc2ccc(Cl)cc2)=O)c1,9.366531544420413
O=C(Nc1ccc(c(-c2ccnn2C)c1)OCCN(CC)CC)Nc1ccc(cc1)Cl,9.366531544420413
c1cc(ccc1Cl)NC(Nc1ccc(c(-c2ccnn2C)c1)OCCN(CC)CC)=O,9.366531544420413
c1c(ccc(c1)NC(Nc1ccc(OCCN(CC)CC)c(-c2n(C)ncc2)c1)=O)Cl,9.366531544420413
n1(nccc1-c1c(OCCN(CC)CC)ccc(c1)NC(Nc1ccc(cc1)Cl)=O)C,9.366531544420413
N1(C(C)CC(NS(c2cccc(c2)Cl)(=O)=O)C1)CCCc1c2ccc(F)cc2on1,8.410050398674292
O=S(=O)(c1cccc(c1)Cl)NC1CN(C(C)C1)CCCc1noc2c1ccc(c2)F,8.410050398674292
o1c2c(ccc(F)c2)c(CCCN2C(C)CC(NS(=O)(=O)c3cccc(Cl)c3)C2)n1,8.410050398674292
CC1CC(CN1CCCc1c2c(cc(F)cc2)on1)NS(=O)(=O)c1cccc(Cl)c1,8.410050398674292
c1(S(=O)(NC2CN(CCCc3c4ccc(cc4on3)F)C(C2)C)=O)cccc(Cl)c1,8.410050398674292
c1(O)cc2c(ccc3OC(COc32)CNCCCC2CCc3c([nH]c4ccc(F)cc34)C2)[nH]1,8.221848749616356
c1(F)ccc2c(c3c(CC(CCCNCC4Oc5c(c6cc(O)[nH]c6cc5)OC4)CC3)[nH]2)c1,8.221848749616356
c1cc2OC(COc2c2cc(O)[nH]c12)CNCCCC1Cc2[nH]c3ccc(F)cc3c2CC1,8.221848749616356
C1(CCCNCC2COc3c4cc(O)[nH]c4ccc3O2)CCc2c3c([nH]c2C1)ccc(F)c3,8.221848749616356
c12OC(COc1c1cc(O)[nH]c1cc2)CNCCCC1Cc2c(c3c([nH]2)ccc(F)c3)CC1,8.221848749616356
C(CCN1c2c(cccc2)CCc2ccc(Cl)cc21)N(C)C,7.721246399047171
c1(cc2c(cc1)CCc1c(cccc1)N2CCCN(C)C)Cl,7.721246399047171
C(CCN(C)C)N1c2c(CCc3ccccc13)ccc(Cl)c2,7.721246399047171
N1(c2c(CCc3c1cc(Cl)cc3)cccc2)CCCN(C)C,7.721246399047171
CN(C)CCCN1c2cc(Cl)ccc2CCc2c1cccc2,7.721246399047171
C(CCN1C2CCC1CC(O)(c1ccc(cc1)Cl)C2)Sc1ccccc1F,6.939302159646388
Clc1ccc(C2(O)CC3N(C(CC3)C2)CCCSc2c(F)cccc2)cc1,6.939302159646388
C1(c2ccc(Cl)cc2)(O)CC2N(C(C1)CC2)CCCSc1ccccc1F,6.939302159646388
C(CCN1C2CCC1CC(C2)(O)c1ccc(cc1)Cl)Sc1ccccc1F,6.939302159646388
c1cc(ccc1C1(O)CC2CCC(N2CCCSc2c(cccc2)F)C1)Cl,6.939302159646388
c1(sc2ccccc2c1)S(NCCCN1CCC(c2c3c(cc(F)cc3)on2)CC1)(=O)=O,9.045757490560675
c1c2c(ccc1)sc(c2)S(=O)(=O)NCCCN1CCC(CC1)c1noc2cc(F)ccc21,9.045757490560675
C1(c2noc3cc(ccc32)F)CCN(CCCNS(=O)(=O)c2cc3ccccc3s2)CC1,9.045757490560675
c12sc(cc2cccc1)S(=O)(NCCCN1CCC(CC1)c1noc2cc(F)ccc12)=O,9.045757490560675
c12cc(F)ccc2c(no1)C1CCN(CCCNS(=O)(=O)c2sc3ccccc3c2)CC1,9.045757490560675
n1cn(cc1)CC(c1c(Cl)cc(Cl)cc1)OCc1c(cc(Cl)cc1)Cl,5.95233580539844
c1(Cl)cc(c(cc1)C(Cn1cncc1)OCc1ccc(cc1Cl)Cl)Cl,5.95233580539844
Clc1c(ccc(c1)Cl)COC(Cn1ccnc1)c1c(cc(Cl)cc1)Cl,5.95233580539844
Clc1ccc(COC(c2ccc(cc2Cl)Cl)Cn2cncc2)c(Cl)c1,5.95233580539844
Clc1ccc(c(c1)Cl)COC(Cn1cncc1)c1ccc(Cl)cc1Cl,5.95233580539844
OCCC(=O)N(CCN1CCC(CC1)n1c2c(cn1)cc(cc2)F)CC,8.67778070526608
c12n(C3CCN(CC3)CCN(C(CCO)=O)CC)ncc1cc(cc2)F,8.67778070526608
n1(c2ccc(cc2cn1)F)C1CCN(CCN(CC)C(CCO)=O)CC1,8.67778070526608
c1c2n(ncc2cc(c1)F)C1CCN(CCN(CC)C(=O)CCO)CC1,8.67778070526608
N1(CCC(n2ncc3cc(ccc32)F)CC1)CCN(CC)C(CCO)=O,8.67778070526608
c1(C)cc(S(=O)(=O)NCCCN2CCN(CC2)c2c3ccccc3sn2)ccc1,8.886056647693163
c12c(cccc1)c(ns2)N1CCN(CC1)CCCNS(=O)(c1cccc(C)c1)=O,8.886056647693163
c1c(cccc1C)S(=O)(=O)NCCCN1CCN(CC1)c1nsc2ccccc21,8.886056647693163
C(CN1CCN(c2nsc3ccccc23)CC1)CNS(c1cccc(c1)C)(=O)=O,8.886056647693163
O=S(c1cc(ccc1)C)(NCCCN1CCN(c2c3ccccc3sn2)CC1)=O,8.886056647693163
O1c2cccc(c2OC1)CNCCc1cc(OC)c(cc1OC)Br,9.219970872662662
c1ccc(CNCCc2cc(OC)c(cc2OC)Br)c2OCOc21,9.219970872662662
c1c2c(OCO2)c(cc1)CNCCc1cc(OC)c(Br)cc1OC,9.219970872662662
Brc1cc(OC)c(CCNCc2c3c(ccc2)OCO3)cc1OC,9.219970872662662
c1c(c(Br)cc(OC)c1CCNCc1cccc2c1OCO2)OC,9.219970872662662
c1c(ccc(COC(N(C2CCN(CC2)C)Cc2ccc(c(OC)c2)Cl)=O)c1)OC(C)C,6.801342913045577
C(c1ccc(cc1)OC(C)C)OC(=O)N(C1CCN(CC1)C)Cc1ccc(Cl)c(c1)OC,6.801342913045577
C(C)(C)Oc1ccc(COC(=O)N(C2CCN(CC2)C)Cc2ccc(Cl)c(c2)OC)cc1,6.801342913045577
Clc1c(OC)cc(cc1)CN(C(=O)OCc1ccc(cc1)OC(C)C)C1CCN(CC1)C,6.801342913045577
c1(c(cc(cc1)CN(C(=O)OCc1ccc(OC(C)C)cc1)C1CCN(C)CC1)OC)Cl,6.801342913045577
c1(ccc(F)cc1)C(=O)CN1CCN(C(c2c(I)cn(C)n2)=O)CC1,8.346787486224656
N1(C(c2c(I)cn(n2)C)=O)CCN(CC(c2ccc(cc2)F)=O)CC1,8.346787486224656
Fc1ccc(cc1)C(=O)CN1CCN(CC1)C(c1nn(cc1I)C)=O,8.346787486224656
O=C(CN1CCN(CC1)C(=O)c1nn(cc1I)C)c1ccc(F)cc1,8.346787486224656
c1c(C(=O)CN2CCN(CC2)C(=O)c2c(I)cn(C)n2)ccc(F)c1,8.346787486224656
c1c(C(NC2CCC(CCN3CCC(CC3)c3cccc4c3CCO4)CC2)=O)ccc(C(C)(C)C)c1,7.543633966870957
N(C1CCC(CCN2CCC(c3cccc4c3CCO4)CC2)CC1)C(=O)c1ccc(C(C)(C)C)cc1,7.543633966870957
c1ccc2c(c1C1CCN(CCC3CCC(CC3)NC(=O)c3ccc(C(C)(C)C)cc3)CC1)CCO2,7.543633966870957
c1cc(ccc1C(C)(C)C)C(NC1CCC(CCN2CCC(CC2)c2cccc3OCCc32)CC1)=O,7.543633966870957
c12cccc(C3CCN(CCC4CCC(CC4)NC(c4ccc(cc4)C(C)(C)C)=O)CC3)c1CCO2,7.543633966870957
c1c2c3N(CCN2)C2CCN(CC2c3cc1)CCCC(c1ccc(cc1)F)=O,8.259637310505756
c1c2c3c(C4CN(CCCC(c5ccc(cc5)F)=O)CCC4N3CCN2)cc1,8.259637310505756
c1c2c3N(CCNc3cc1)C1C2CN(CC1)CCCC(c1ccc(F)cc1)=O,8.259637310505756
c1(ccc(C(CCCN2CCC3C(C2)c2cccc4c2N3CCN4)=O)cc1)F,8.259637310505756
c1c(C(=O)CCCN2CCC3C(C2)c2c4c(NCCN43)ccc2)ccc(F)c1,8.259637310505756
c1ccc2c(C3CCN(CCN(S(CCO)(=O)=O)CC)CC3)c[nH]c2c1,8.795880017344075
C(CO)S(=O)(=O)N(CCN1CCC(CC1)c1c[nH]c2ccccc12)CC,8.795880017344075
OCCS(=O)(N(CCN1CCC(CC1)c1c2ccccc2[nH]c1)CC)=O,8.795880017344075
C(CN(CC)S(=O)(CCO)=O)N1CCC(c2c3ccccc3[nH]c2)CC1,8.795880017344075
c12c([nH]cc2C2CCN(CCN(S(CCO)(=O)=O)CC)CC2)cccc1,8.795880017344075
c1(OCC(C)C)ccc(cc1)OC(=O)N(C1CCN(C)CC1F)Cc1ccc(cc1)F,7.0
c1c(ccc(c1)OC(N(C1CCN(CC1F)C)Cc1ccc(F)cc1)=O)OCC(C)C,7.0
c1(OCC(C)C)ccc(cc1)OC(=O)N(C1CCN(CC1F)C)Cc1ccc(F)cc1,7.0
C1(F)C(N(C(=O)Oc2ccc(OCC(C)C)cc2)Cc2ccc(cc2)F)CCN(C)C1,7.0
C1C(F)C(N(C(Oc2ccc(cc2)OCC(C)C)=O)Cc2ccc(F)cc2)CCN1C,7.0
C(CCN1c2n(c3c(n2)n(C)c(=O)n(c3=O)C)CCC1)N1CCN(c2ccccc2OC)CC1,6.31299750507542
COc1ccccc1N1CCN(CC1)CCCN1CCCn2c1nc1n(c(n(c(c21)=O)C)=O)C,6.31299750507542
C1N(c2ccccc2OC)CCN(C1)CCCN1c2nc3c(n2CCC1)c(=O)n(c(=O)n3C)C,6.31299750507542
n1(c(=O)n(c(c2c1nc1N(CCCN3CCN(c4ccccc4OC)CC3)CCCn21)=O)C)C,6.31299750507542
n12c3c(n(c(n(c3=O)C)=O)C)nc2N(CCC1)CCCN1CCN(c2ccccc2OC)CC1,6.31299750507542
O=S(c1cc(ccc1)F)(c1cnc2c(N3CCN(C)CC3)cccc2c1)=O,9.795880017344075
c1c(F)cccc1S(c1cnc2c(N3CCN(CC3)C)cccc2c1)(=O)=O,9.795880017344075
c12cccc(N3CCN(C)CC3)c2ncc(c1)S(=O)(=O)c1cc(F)ccc1,9.795880017344075
c1(cc(ccc1)F)S(=O)(=O)c1cnc2c(cccc2N2CCN(CC2)C)c1,9.795880017344075
c1(cccc(c1)S(c1cc2cccc(c2nc1)N1CCN(C)CC1)(=O)=O)F,9.795880017344075
O(c1cc2c(cc1Cl)N(C(Nc1cnccc1)=O)CC2)CC,5.40000018605658
C(Nc1cccnc1)(N1c2c(CC1)cc(OCC)c(c2)Cl)=O,5.40000018605658
CCOc1c(Cl)cc2N(CCc2c1)C(=O)Nc1cccnc1,5.40000018605658
n1cc(NC(=O)N2c3cc(Cl)c(OCC)cc3CC2)ccc1,5.40000018605658
c1(cccnc1)NC(N1CCc2c1cc(c(OCC)c2)Cl)=O,5.40000018605658
C1C(F)(S(=O)(=O)c2ccc(cc2)C#N)CCN(C1)CCc1ccc(cc1F)F,8.568636235841012
O=S(c1ccc(C#N)cc1)(=O)C1(CCN(CCc2c(cc(F)cc2)F)CC1)F,8.568636235841012
C1C(F)(CCN(C1)CCc1c(cc(cc1)F)F)S(=O)(=O)c1ccc(C#N)cc1,8.568636235841012
O=S(=O)(C1(F)CCN(CC1)CCc1c(cc(cc1)F)F)c1ccc(cc1)C#N,8.568636235841012
c1(CCN2CCC(S(=O)(c3ccc(cc3)C#N)=O)(CC2)F)c(cc(F)cc1)F,8.568636235841012
O(C)c1c2c(c[nH]c2ccc1)C1=CCCN(C1)C,7.221848749616356
c12c(c(C3CN(CCC=3)C)c[nH]2)c(OC)ccc1,7.221848749616356
C1(c2c[nH]c3c2c(ccc3)OC)CN(CCC=1)C,7.221848749616356
O(c1c2c(C3CN(CCC=3)C)c[nH]c2ccc1)C,7.221848749616356
c12c([nH]cc1C1CN(CCC=1)C)cccc2OC,7.221848749616356
CCC(=O)NC1CCC(CC1)CCN1CCC(CC1)c1coc2ccccc21,8.344861565188618
N(C1CCC(CC1)CCN1CCC(CC1)c1c2ccccc2oc1)C(CC)=O,8.344861565188618
C1(CCC(CC1)NC(=O)CC)CCN1CCC(c2coc3c2cccc3)CC1,8.344861565188618
C1(CCC(CCN2CCC(c3coc4c3cccc4)CC2)CC1)NC(CC)=O,8.344861565188618
C(N1CCC(CC1)c1c2c(cccc2)oc1)CC1CCC(NC(CC)=O)CC1,8.344861565188618
c1c(C(F)(F)F)cccc1NC(=O)Nc1ccc(c(c1)-c1n(ncc1Br)C)OC,9.400007822415901
Cn1ncc(c1-c1cc(NC(=O)Nc2cc(ccc2)C(F)(F)F)ccc1OC)Br,9.400007822415901
c1(C(F)(F)F)cc(NC(Nc2cc(-c3n(C)ncc3Br)c(OC)cc2)=O)ccc1,9.400007822415901
FC(c1cc(ccc1)NC(Nc1cc(c(cc1)OC)-c1n(ncc1Br)C)=O)(F)F,9.400007822415901
c1nn(c(c1Br)-c1c(ccc(NC(Nc2cccc(c2)C(F)(F)F)=O)c1)OC)C,9.400007822415901
c1ccc(Oc2ncc(cc2)NC(=O)N2c3c(cc(c(c3)Cl)C)CC2)c(C(C)C)n1,6.0999990348465305
n1cc(ccc1Oc1cccnc1C(C)C)NC(=O)N1CCc2cc(c(Cl)cc21)C,6.0999990348465305
O(c1c(C(C)C)nccc1)c1ccc(NC(N2c3c(cc(C)c(c3)Cl)CC2)=O)cn1,6.0999990348465305
C1c2c(cc(c(c2)C)Cl)N(C(=O)Nc2ccc(Oc3c(C(C)C)nccc3)nc2)C1,6.0999990348465305
c1c2N(C(=O)Nc3ccc(nc3)Oc3cccnc3C(C)C)CCc2cc(C)c1Cl,6.0999990348465305
c1(S(=O)(N2CCCC2CCN2CCN(c3c4ccccc4sn3)CC2)=O)c2cccnc2ccc1,7.6777807052660805
N1(S(=O)(c2cccc3ncccc23)=O)C(CCC1)CCN1CCN(c2c3ccccc3sn2)CC1,7.6777807052660805
C(C1CCCN1S(c1cccc2c1cccn2)(=O)=O)CN1CCN(c2c3c(sn2)cccc3)CC1,7.6777807052660805
n1c2c(ccc1)c(S(=O)(=O)N1CCCC1CCN1CCN(CC1)c1c3c(sn1)cccc3)ccc2,7.6777807052660805
c1c2c(ccc1)snc2N1CCN(CCC2N(CCC2)S(c2c3c(ccc2)nccc3)(=O)=O)CC1,7.6777807052660805
c12cn(nc1CCN(CCN1CCC(c3c4c(cccc4)on3)CC1)C2=O)C1CC1,8.55284196865778
c1ccc2c(c1)c(C1CCN(CC1)CCN1CCc3c(cn(n3)C3CC3)C1=O)no2,8.55284196865778
C1(n2nc3CCN(CCN4CCC(c5c6ccccc6on5)CC4)C(c3c2)=O)CC1,8.55284196865778
c1n(C2CC2)nc2c1C(=O)N(CC2)CCN1CCC(c2c3c(on2)cccc3)CC1,8.55284196865778
c1c2C(=O)N(CCc2nn1C1CC1)CCN1CCC(CC1)c1c2c(on1)cccc2,8.55284196865778
O=C1c2ccc(cc2CC1)OCCCN1CCN(c2ccccn2)CC1,6.791585519051519
c1(OCCCN2CCN(CC2)c2ncccc2)cc2c(cc1)C(=O)CC2,6.791585519051519
C(CCOc1ccc2c(CCC2=O)c1)N1CCN(c2ccccn2)CC1,6.791585519051519
c12c(C(CC2)=O)ccc(OCCCN2CCN(CC2)c2ncccc2)c1,6.791585519051519
C1N(CCN(CCCOc2ccc3C(CCc3c2)=O)C1)c1ncccc1,6.791585519051519
c1(C)cccc2c1ccn2CC(N)C,7.0
c1ccc2n(ccc2c1C)CC(C)N,7.0
c12ccn(CC(N)C)c2cccc1C,7.0
c12c(C)cccc1n(cc2)CC(N)C,7.0
NC(C)Cn1c2c(c(C)ccc2)cc1,7.0
c12Sc3c(N(CCC4CCCCN4C)c1c(Cl)cc(Cl)c2)c(Cl)cc(c3)Cl,5.9051796196452
c12Sc3cc(cc(c3N(CCC3N(CCCC3)C)c2c(Cl)cc(Cl)c1)Cl)Cl,5.9051796196452
c12N(CCC3N(C)CCCC3)c3c(cc(cc3Sc1cc(cc2Cl)Cl)Cl)Cl,5.9051796196452
c12c(cc(cc1Sc1cc(Cl)cc(c1N2CCC1N(C)CCCC1)Cl)Cl)Cl,5.9051796196452
C(CN1c2c(Cl)cc(cc2Sc2c1c(Cl)cc(c2)Cl)Cl)C1N(C)CCCC1,5.9051796196452
c1cccc2n[nH]c(C(=O)NCCCCN3CCN(c4ncccc4)CC3)c21,6.396855627379818
c1ccc2c(C(=O)NCCCCN3CCN(c4ccccn4)CC3)[nH]nc2c1,6.396855627379818
N1(CCN(CC1)CCCCNC(c1c2ccccc2n[nH]1)=O)c1ncccc1,6.396855627379818
c1([nH]nc2c1cccc2)C(=O)NCCCCN1CCN(c2ncccc2)CC1,6.396855627379818
c1c(N2CCN(CC2)CCCCNC(=O)c2c3c(cccc3)n[nH]2)nccc1,6.396855627379818
O(C)c1c(OC)cc2CC3c4c(c(c(OC(C)C)cc4CCN3C)OC)-c2c1,6.231361898752385
O(C)c1c(OC)cc2c(c1)CC1c3c-2c(OC)c(cc3CCN1C)OC(C)C,6.231361898752385
c12c3c(-c4cc(c(OC)cc4CC3N(C)CC1)OC)c(OC)c(OC(C)C)c2,6.231361898752385
c12cc(OC)c(OC)cc2CC2c3c(cc(OC(C)C)c(c-13)OC)CCN2C,6.231361898752385
c12cc(OC(C)C)c(OC)c3c2C(Cc2cc(OC)c(cc2-3)OC)N(CC1)C,6.231361898752385
c1c2c(cc3n2CCNC3)ccc1,6.077015184291117
c12ccccc2n2c(c1)CNCC2,6.077015184291117
c12CNCCn1c1c(cccc1)c2,6.077015184291117
C1c2cc3ccccc3n2CCN1,6.077015184291117
c1cc2n3c(CNCC3)cc2cc1,6.077015184291117
c1(C2c3ccccc3CC(C2)N(C)C)cc(F)ccc1,6.494850021680094
c1cc2CC(CC(c2cc1)c1cc(F)ccc1)N(C)C,6.494850021680094
c1c(C2c3ccccc3CC(N(C)C)C2)cc(cc1)F,6.494850021680094
c12ccccc1C(c1cc(F)ccc1)CC(N(C)C)C2,6.494850021680094
c1cc(F)cc(C2CC(N(C)C)Cc3c2cccc3)c1,6.494850021680094
c1c2c(occ2C2CCN(CCC3CCC(NC(=O)C(C(F)(F)F)O)CC3)CC2)ccc1,8.216096420727265
C(C(O)C(=O)NC1CCC(CC1)CCN1CCC(c2c3ccccc3oc2)CC1)(F)(F)F,8.216096420727265
C1CC(NC(C(C(F)(F)F)O)=O)CCC1CCN1CCC(c2coc3ccccc32)CC1,8.216096420727265
c1c2occ(c2ccc1)C1CCN(CC1)CCC1CCC(CC1)NC(C(C(F)(F)F)O)=O,8.216096420727265
N1(CCC(CC1)c1c2c(oc1)cccc2)CCC1CCC(CC1)NC(=O)C(C(F)(F)F)O,8.216096420727265
C1N(CCN(c2nsc3c2cccc3)C1)CCN1C(c2c(CC1)cc(nc2)C)=O,9.184865183363186
N1(CCN(c2c3c(sn2)cccc3)CC1)CCN1C(=O)c2c(cc(nc2)C)CC1,9.184865183363186
C(CN1CCc2c(C1=O)cnc(C)c2)N1CCN(CC1)c1nsc2c1cccc2,9.184865183363186
Cc1ncc2C(=O)N(CCc2c1)CCN1CCN(c2c3ccccc3sn2)CC1,9.184865183363186
O=C1c2c(CCN1CCN1CCN(c3c4c(sn3)cccc4)CC1)cc(nc2)C,9.184865183363186
C1N(c2cccc(c2Cl)Cl)CCN(C1)CC(CCNC(=O)c1cc2c(s1)cccc2)F,5.482804102050026
c1cccc2cc(C(=O)NCCC(F)CN3CCN(CC3)c3c(Cl)c(Cl)ccc3)sc21,5.482804102050026
c1cccc2cc(C(=O)NCCC(CN3CCN(CC3)c3cccc(Cl)c3Cl)F)sc21,5.482804102050026
c1c2cc(C(=O)NCCC(CN3CCN(c4c(c(ccc4)Cl)Cl)CC3)F)sc2ccc1,5.482804102050026
N1(CC(F)CCNC(=O)c2cc3c(s2)cccc3)CCN(CC1)c1cccc(c1Cl)Cl,5.482804102050026
C1(CCN2CCN(c3ccccn3)CC2)C(=O)c2c(cc(cc2)Cl)C1,6.9484616094846725
c12c(ccc(Cl)c1)C(C(CCN1CCN(CC1)c1ncccc1)C2)=O,6.9484616094846725
N1(CCN(CC1)CCC1Cc2cc(Cl)ccc2C1=O)c1ccccn1,6.9484616094846725
c1c(nccc1)N1CCN(CCC2C(c3c(C2)cc(cc3)Cl)=O)CC1,6.9484616094846725
C1N(c2ncccc2)CCN(C1)CCC1Cc2c(C1=O)ccc(c2)Cl,6.9484616094846725
C1(CC1)OC(NC1CCC(CC1)CCN1CCN(CC1)c1c2c(cccc2)sn1)=O,8.642065152999546
C1CC(NC(OC2CC2)=O)CCC1CCN1CCN(CC1)c1nsc2ccccc12,8.642065152999546
C1CN(CCN1CCC1CCC(NC(OC2CC2)=O)CC1)c1nsc2ccccc12,8.642065152999546
C1CC1OC(=O)NC1CCC(CCN2CCN(c3c4ccccc4sn3)CC2)CC1,8.642065152999546
C1N(c2nsc3c2cccc3)CCN(CCC2CCC(NC(OC3CC3)=O)CC2)C1,8.642065152999546
C(CNC(c1cnc2c(cccc2)c1)=O)CCN1CCN(c2cccc(c2OC)Cl)CC1,8.769551078621726
c1(N2CCN(CCCCNC(c3cnc4c(cccc4)c3)=O)CC2)cccc(c1OC)Cl,8.769551078621726
c1cccc2c1cc(C(NCCCCN1CCN(CC1)c1c(c(ccc1)Cl)OC)=O)cn2,8.769551078621726
c1(OC)c(cccc1N1CCN(CCCCNC(=O)c2cc3c(nc2)cccc3)CC1)Cl,8.769551078621726
c1cc(N2CCN(CCCCNC(c3cnc4ccccc4c3)=O)CC2)c(OC)c(c1)Cl,8.769551078621726
C1CC(CCN1CCCOc1cc(F)c(cc1)NC(C)=O)c1c2c(cc(F)cc2)on1,7.3788237182249645
c1(OCCCN2CCC(CC2)c2noc3cc(F)ccc23)ccc(c(F)c1)NC(=O)C,7.3788237182249645
C1N(CCCOc2ccc(c(F)c2)NC(=O)C)CCC(C1)c1c2c(cc(cc2)F)on1,7.3788237182249645
CC(=O)Nc1c(F)cc(cc1)OCCCN1CCC(CC1)c1noc2cc(F)ccc21,7.3788237182249645
C1(CCN(CC1)CCCOc1ccc(c(c1)F)NC(C)=O)c1noc2c1ccc(c2)F,7.3788237182249645
C(c1ccc(OCCCc2nnn(CCCC)c2)c(c1)OC)(=O)NCCCCN(CCC)C1COC(C#C)=CC1,4.853871964321762
c1cc(cc(OC)c1OCCCc1cn(nn1)CCCC)C(=O)NCCCCN(CCC)C1CC=C(OC1)C#C,4.853871964321762
C(CCc1nnn(CCCC)c1)Oc1ccc(cc1OC)C(NCCCCN(CCC)C1COC(=CC1)C#C)=O,4.853871964321762
COc1c(ccc(c1)C(NCCCCN(CCC)C1CC=C(OC1)C#C)=O)OCCCc1nnn(CCCC)c1,4.853871964321762
N(CCCCN(CCC)C1CC=C(C#C)OC1)C(c1ccc(c(OC)c1)OCCCc1nnn(c1)CCCC)=O,4.853871964321762
c1(cc(Cl)c(cc1)Cl)C1CCC(c2c1cccc2)NC,6.106182776032537
c1c2C(c3ccc(Cl)c(c3)Cl)CCC(NC)c2ccc1,6.106182776032537
c1c2c(C(CCC2NC)c2cc(Cl)c(Cl)cc2)ccc1,6.106182776032537
c1cc(c(Cl)cc1C1c2c(cccc2)C(CC1)NC)Cl,6.106182776032537
c1c2c(C(CCC2c2cc(Cl)c(Cl)cc2)NC)ccc1,6.106182776032537
C(CN1CCN(C(=O)c2c(cn(C)n2)Br)CC1)c1ccc(OC)cc1,6.38933983691012
C(=O)(c1c(Br)cn(C)n1)N1CCN(CCc2ccc(cc2)OC)CC1,6.38933983691012
c1c(ccc(c1)OC)CCN1CCN(C(c2nn(C)cc2Br)=O)CC1,6.38933983691012
c1cc(ccc1OC)CCN1CCN(CC1)C(=O)c1nn(cc1Br)C,6.38933983691012
C1CN(C(c2nn(cc2Br)C)=O)CCN1CCc1ccc(cc1)OC,6.38933983691012
C1N(CCN(CC)C(=O)C2CN(CC2O)C)CCC(C1)c1noc2cc(ccc21)F,9.0
C(N(CCN1CCC(c2c3c(on2)cc(F)cc3)CC1)CC)(=O)C1CN(C)CC1O,9.0
c1(F)ccc2c(noc2c1)C1CCN(CCN(C(=O)C2C(CN(C)C2)O)CC)CC1,9.0
c1(ccc2c(noc2c1)C1CCN(CCN(CC)C(=O)C2CN(CC2O)C)CC1)F,9.0
c12onc(C3CCN(CC3)CCN(C(C3C(CN(C3)C)O)=O)CC)c2ccc(c1)F,9.0
s1c2ccccc2c(N2CCN(CC2)CCN2C(c3c(CC2)ncnc3)=O)n1,8.585026652029182
c12ncncc1C(N(CC2)CCN1CCN(CC1)c1c2c(sn1)cccc2)=O,8.585026652029182
c1cc2c(cc1)c(N1CCN(CC1)CCN1C(=O)c3c(ncnc3)CC1)ns2,8.585026652029182
C1CN(CCN2CCc3ncncc3C2=O)CCN1c1nsc2c1cccc2,8.585026652029182
c1ncc2c(CCN(C2=O)CCN2CCN(CC2)c2nsc3ccccc32)n1,8.585026652029182
C(CN1CCN(C(c2nn(cc2Br)C)=O)CC1)(=O)c1ccc(cc1)OC(F)(F)F,5.221848749616356
n1(nc(c(c1)Br)C(N1CCN(CC1)CC(c1ccc(cc1)OC(F)(F)F)=O)=O)C,5.221848749616356
O=C(N1CCN(CC1)CC(c1ccc(OC(F)(F)F)cc1)=O)c1nn(cc1Br)C,5.221848749616356
Cn1cc(c(n1)C(=O)N1CCN(CC1)CC(c1ccc(cc1)OC(F)(F)F)=O)Br,5.221848749616356
C(CN1CCN(C(c2c(cn(n2)C)Br)=O)CC1)(=O)c1ccc(cc1)OC(F)(F)F,5.221848749616356
C(CCC)CCc1ccc(cc1)CCN,7.107905397309519
c1(CCCCCC)ccc(cc1)CCN,7.107905397309519
c1c(ccc(c1)CCCCCC)CCN,7.107905397309519
CCCCCCc1ccc(cc1)CCN,7.107905397309519
c1cc(CCCCCC)ccc1CCN,7.107905397309519
c1(ccccc1)-c1c(c2ccccc2[nH]1)CCN(C)CC,9.853871964321762
[nH]1c2c(cccc2)c(CCN(CC)C)c1-c1ccccc1,9.853871964321762
c1c2c(c(-c3ccccc3)[nH]c2ccc1)CCN(CC)C,9.853871964321762
c1cc(ccc1)-c1[nH]c2c(cccc2)c1CCN(C)CC,9.853871964321762
c1ccccc1-c1[nH]c2ccccc2c1CCN(CC)C,9.853871964321762
c1cc(C=Cc2ccc(cc2)S(=O)(c2ccccc2)=O)c(F)cc1F,8.87942606879415
c1ccc(cc1)S(=O)(=O)c1ccc(cc1)C=Cc1ccc(cc1F)F,8.87942606879415
c1(ccccc1)S(c1ccc(cc1)C=Cc1c(F)cc(cc1)F)(=O)=O,8.87942606879415
c1(ccc(S(=O)(=O)c2ccccc2)cc1)C=Cc1ccc(F)cc1F,8.87942606879415
c1cc(ccc1S(=O)(c1ccccc1)=O)C=Cc1c(cc(cc1)F)F,8.87942606879415
N(CCCN1CCN(CC1)c1c2ccccc2sn1)S(=O)(=O)c1ccc(cc1)OC(F)(F)F,8.022276394711152
C1CN(c2nsc3c2cccc3)CCN1CCCNS(=O)(c1ccc(cc1)OC(F)(F)F)=O,8.022276394711152
C1N(CCN(C1)CCCNS(=O)(c1ccc(OC(F)(F)F)cc1)=O)c1c2ccccc2sn1,8.022276394711152
FC(F)(Oc1ccc(cc1)S(NCCCN1CCN(c2c3ccccc3sn2)CC1)(=O)=O)F,8.022276394711152
FC(Oc1ccc(cc1)S(=O)(NCCCN1CCN(CC1)c1c2c(sn1)cccc2)=O)(F)F,8.022276394711152
C1CN(CCN1CCCCOc1ccn2c(c1)cc(C(=O)OCC)n2)c1c(c(Cl)ccc1)Cl,7.657577319177793
c1ccc(c(c1Cl)Cl)N1CCN(CCCCOc2cc3n(cc2)nc(C(=O)OCC)c3)CC1,7.657577319177793
C(CN1CCN(c2cccc(c2Cl)Cl)CC1)CCOc1cc2cc(nn2cc1)C(=O)OCC,7.657577319177793
c1(Cl)cccc(c1Cl)N1CCN(CCCCOc2cc3cc(C(OCC)=O)nn3cc2)CC1,7.657577319177793
C(N1CCN(CC1)c1c(c(ccc1)Cl)Cl)CCCOc1cc2cc(C(=O)OCC)nn2cc1,7.657577319177793
CN(CCc1c2c(O)cccc2[nH]c1C)C,6.913640169325252
Cc1c(c2c([nH]1)cccc2O)CCN(C)C,6.913640169325252
c1(O)cccc2c1c(CCN(C)C)c(C)[nH]2,6.913640169325252
C(CN(C)C)c1c(C)[nH]c2c1c(O)ccc2,6.913640169325252
c1(c(C)[nH]c2cccc(O)c21)CCN(C)C,6.913640169325252
c1c(F)cc(c(c1)C(CCCN1CC2C(N3CCSc4cccc2c43)CC1)=O)N,8.823908740944319
C1N2c3c(SC1)cccc3C1CN(CCC12)CCCC(=O)c1ccc(cc1N)F,8.823908740944319
c1cc(C(=O)CCCN2CC3C(CC2)N2CCSc4cccc3c24)c(N)cc1F,8.823908740944319
c12c3SCCN2C2CCN(CC2c1ccc3)CCCC(c1c(N)cc(cc1)F)=O,8.823908740944319
C(c1ccc(cc1N)F)(CCCN1CCC2C(C1)c1c3c(SCCN32)ccc1)=O,8.823908740944319
NCCn1c2cc(O)ccc2cn1,7.698970004336019
n1(c2cc(ccc2cn1)O)CCN,7.698970004336019
Oc1ccc2cnn(c2c1)CCN,7.698970004336019
C(Cn1c2cc(O)ccc2cn1)N,7.698970004336019
c1(ccc2c(n(CCN)nc2)c1)O,7.698970004336019
c12c(c(C(F)(F)F)cc(C)c2)C(N2CCNCC12)=O,6.251811972993799
C1NCCN2C(c3c(cc(cc3C12)C)C(F)(F)F)=O,6.251811972993799
c1c(C)cc(c2C(N3CCNCC3c12)=O)C(F)(F)F,6.251811972993799
C1NCC2c3c(C(N2C1)=O)c(C(F)(F)F)cc(c3)C,6.251811972993799
c1c(c2c(cc1C)C1N(CCNC1)C2=O)C(F)(F)F,6.251811972993799
C1c2c3c(c(c(c2)OC)OCC2CC2)-c2c(ccc(N(C)C)c2)CC3N(C1)C,6.056505484093897
CN(c1cc2c(CC3c4c-2c(c(cc4CCN3C)OC)OCC2CC2)cc1)C,6.056505484093897
N(c1ccc2c(-c3c4c(cc(c3OCC3CC3)OC)CCN(C)C4C2)c1)(C)C,6.056505484093897
c12CC3N(CCc4cc(c(OCC5CC5)c(c43)-c2cc(cc1)N(C)C)OC)C,6.056505484093897
C1N(C)C2c3c(-c4cc(ccc4C2)N(C)C)c(c(cc3C1)OC)OCC1CC1,6.056505484093897
c1cc2c(cccc2)n1C1CCN(CC1)CCN1C(c2c(CCC1)cccc2)=O,7.709965388637482
c1cn(c2ccccc21)C1CCN(CC1)CCN1C(c2ccccc2CCC1)=O,7.709965388637482
c1c2c(CCCN(C2=O)CCN2CCC(CC2)n2c3c(cc2)cccc3)ccc1,7.709965388637482
C(N1CCCc2ccccc2C1=O)CN1CCC(n2c3ccccc3cc2)CC1,7.709965388637482
c1c2n(C3CCN(CC3)CCN3CCCc4c(cccc4)C3=O)ccc2ccc1,7.709965388637482
O=S(=O)(c1c(cccc1)C(O)C)c1ccc(C=Cc2ccc(cc2)F)cc1,10.154901959985743
c1c(C=Cc2ccc(cc2)F)ccc(S(=O)(=O)c2c(cccc2)C(O)C)c1,10.154901959985743
O=S(=O)(c1ccc(cc1)C=Cc1ccc(F)cc1)c1ccccc1C(O)C,10.154901959985743
CC(c1c(S(c2ccc(C=Cc3ccc(F)cc3)cc2)(=O)=O)cccc1)O,10.154901959985743
c1(S(=O)(=O)c2ccc(cc2)C=Cc2ccc(F)cc2)ccccc1C(C)O,10.154901959985743
C1C(C)CCN(C1)CCOc1cc(N2Cc3c(C2=O)cc(Cl)cc3)ccc1OC,6.0999990348465305
c1c(ccc(OC)c1OCCN1CCC(C)CC1)N1C(c2c(C1)ccc(Cl)c2)=O,6.0999990348465305
C1CC(CCN1CCOc1cc(ccc1OC)N1Cc2c(cc(Cl)cc2)C1=O)C,6.0999990348465305
c1(ccc(cc1OCCN1CCC(C)CC1)N1Cc2c(cc(cc2)Cl)C1=O)OC,6.0999990348465305
C1CN(CCOc2cc(N3Cc4c(cc(cc4)Cl)C3=O)ccc2OC)CCC1C,6.0999990348465305
C1(CCN2CCN(c3c4c(cc(n3)C)occ4)CC2)CCC(CC1)NC(=O)C1CCOCC1,7.5934598195660445
c1(nc(C)cc2c1cco2)N1CCN(CCC2CCC(NC(C3CCOCC3)=O)CC2)CC1,7.5934598195660445
C1N(CCN(c2nc(cc3c2cco3)C)C1)CCC1CCC(CC1)NC(C1CCOCC1)=O,7.5934598195660445
N1(CCC2CCC(NC(C3CCOCC3)=O)CC2)CCN(c2c3ccoc3cc(n2)C)CC1,7.5934598195660445
c1(N2CCN(CC2)CCC2CCC(NC(=O)C3CCOCC3)CC2)c2ccoc2cc(C)n1,7.5934598195660445
C1Cc2c([nH]nc2CCN1)-c1ccc(cc1)C,6.798602875679548
C1CNCCc2c([nH]nc21)-c1ccc(cc1)C,6.798602875679548
c1(ccc(C)cc1)-c1[nH]nc2CCNCCc12,6.798602875679548
Cc1ccc(cc1)-c1c2c(CCNCC2)n[nH]1,6.798602875679548
C1c2c([nH]nc2CCNC1)-c1ccc(cc1)C,6.798602875679548
c1ccc(CC)c(Cl)c1N1CCN(CCC2CCC(NC(c3ccnc4c3cccc4)=O)CC2)CC1,7.82102305270683
C1CN(CCN1c1cccc(CC)c1Cl)CCC1CCC(CC1)NC(=O)c1c2ccccc2ncc1,7.82102305270683
c12ccccc1c(ccn2)C(NC1CCC(CCN2CCN(c3c(c(CC)ccc3)Cl)CC2)CC1)=O,7.82102305270683
C1CN(CCN1CCC1CCC(NC(=O)c2ccnc3c2cccc3)CC1)c1cccc(CC)c1Cl,7.82102305270683
C1N(c2c(c(ccc2)CC)Cl)CCN(CCC2CCC(CC2)NC(=O)c2ccnc3ccccc23)C1,7.82102305270683
c12c(cccc1)cc([nH]2)C(NCCCCN1CCN(c2cccc(Cl)c2Cl)CC1)=O,7.508638306165727
c1(c(N2CCN(CCCCNC(c3[nH]c4ccccc4c3)=O)CC2)cccc1Cl)Cl,7.508638306165727
c1(c(Cl)cccc1N1CCN(CCCCNC(=O)c2[nH]c3c(c2)cccc3)CC1)Cl,7.508638306165727
Clc1cccc(N2CCN(CC2)CCCCNC(c2cc3ccccc3[nH]2)=O)c1Cl,7.508638306165727
C(CCCN1CCN(c2c(c(ccc2)Cl)Cl)CC1)NC(=O)c1cc2c([nH]1)cccc2,7.508638306165727
c1c(OC)ccc2c1ccc1Cc3ccccc3C(CN)c21,7.6777807052660805
c12c(ccc3Cc4c(cccc4)C(c32)CN)cc(cc1)OC,7.6777807052660805
NCC1c2c3ccc(OC)cc3ccc2Cc2ccccc12,7.6777807052660805
C1(CN)c2c3c(cc(OC)cc3)ccc2Cc2c1cccc2,7.6777807052660805
c1c2c(c3C(c4c(Cc3c1)cccc4)CN)ccc(OC)c2,7.6777807052660805
C1N(CCN(Cc2ccc(cc2)Cn2nc3n(cccc3)c2=O)C1)c1ccc(Cl)cc1,5.838631997765025
n1c2ccccn2c(=O)n1Cc1ccc(CN2CCN(c3ccc(cc3)Cl)CC2)cc1,5.838631997765025
n12c(=O)n(nc1cccc2)Cc1ccc(CN2CCN(c3ccc(Cl)cc3)CC2)cc1,5.838631997765025
n1c2n(cccc2)c(=O)n1Cc1ccc(CN2CCN(CC2)c2ccc(Cl)cc2)cc1,5.838631997765025
c1c(Cl)ccc(N2CCN(Cc3ccc(cc3)Cn3nc4n(cccc4)c3=O)CC2)c1,5.838631997765025
Clc1cc(Cl)c(cc1)CN(C1CCN(CC1)C)C(=O)OCc1ccc(cc1)OCC(C)C,8.0
C1C(N(Cc2ccc(cc2Cl)Cl)C(OCc2ccc(OCC(C)C)cc2)=O)CCN(C)C1,8.0
c1(OCC(C)C)ccc(COC(=O)N(Cc2ccc(Cl)cc2Cl)C2CCN(CC2)C)cc1,8.0
C(N(C(=O)OCc1ccc(OCC(C)C)cc1)C1CCN(CC1)C)c1ccc(Cl)cc1Cl,8.0
c1(ccc(c(c1)Cl)CN(C1CCN(CC1)C)C(OCc1ccc(cc1)OCC(C)C)=O)Cl,8.0
c1c2c(ccc1)sc(C(=O)NCCCCN1CCN(c3ccccc3OC)CC1)c2,6.920818753952375
N(CCCCN1CCN(c2ccccc2OC)CC1)C(=O)c1sc2ccccc2c1,6.920818753952375
O=C(c1cc2c(s1)cccc2)NCCCCN1CCN(CC1)c1ccccc1OC,6.920818753952375
c1c2c(ccc1)cc(s2)C(=O)NCCCCN1CCN(CC1)c1ccccc1OC,6.920818753952375
c1cc(c(N2CCN(CCCCNC(=O)c3sc4c(c3)cccc4)CC2)cc1)OC,6.920818753952375
N(C(CCOC)=O)C1CCC(CCN2CCC(c3c4c(oc3)cccc4)CC2)CC1,8.334419008982048
C1(CCN(CCC2CCC(CC2)NC(=O)CCOC)CC1)c1c2c(cccc2)oc1,8.334419008982048
C(CN1CCC(CC1)c1coc2c1cccc2)C1CCC(NC(CCOC)=O)CC1,8.334419008982048
c12c(cccc2)occ1C1CCN(CC1)CCC1CCC(NC(CCOC)=O)CC1,8.334419008982048
C(N1CCC(c2coc3c2cccc3)CC1)CC1CCC(NC(=O)CCOC)CC1,8.334419008982048
O(C)c1c(Br)cc(c(CCNCc2cc(ccc2)O)c1)OC,8.869988050328097
c1(cc(ccc1)CNCCc1c(cc(Br)c(OC)c1)OC)O,8.869988050328097
c1cc(CNCCc2c(cc(c(c2)OC)Br)OC)cc(O)c1,8.869988050328097
c1cc(cc(CNCCc2c(cc(c(c2)OC)Br)OC)c1)O,8.869988050328097
c1(cc(Br)c(OC)cc1CCNCc1cc(ccc1)O)OC,8.869988050328097
C1C2(CCN(C1)CCCCC(=O)c1cc(Cl)c(Cl)cc1OC)NC(NC2=O)=O,8.199970640755867
c1c(Cl)c(Cl)cc(c1OC)C(=O)CCCCN1CCC2(CC1)C(NC(N2)=O)=O,8.199970640755867
c1(cc(Cl)c(Cl)cc1OC)C(=O)CCCCN1CCC2(CC1)C(NC(=O)N2)=O,8.199970640755867
C1(=O)NC(=O)C2(CCN(CC2)CCCCC(=O)c2cc(Cl)c(Cl)cc2OC)N1,8.199970640755867
O=C1C2(CCN(CCCCC(c3c(OC)cc(c(c3)Cl)Cl)=O)CC2)NC(=O)N1,8.199970640755867
C(Nc1nc(N)nc(n1)N)CCCCN1CCN(c2ccccc2)CC1,5.355758414156272
c1(ccccc1)N1CCN(CC1)CCCCCNc1nc(nc(N)n1)N,5.355758414156272
c1cccc(N2CCN(CCCCCNc3nc(N)nc(N)n3)CC2)c1,5.355758414156272
c1ccc(cc1)N1CCN(CCCCCNc2nc(N)nc(n2)N)CC1,5.355758414156272
c1ccccc1N1CCN(CC1)CCCCCNc1nc(nc(n1)N)N,5.355758414156272
Clc1c(cc(OCCCN2CCN(c3ccccc3)CC2)cc1)C,7.119186407719209
c1(cc(OCCCN2CCN(CC2)c2ccccc2)ccc1Cl)C,7.119186407719209
C(N1CCN(c2ccccc2)CC1)CCOc1ccc(c(c1)C)Cl,7.119186407719209
c1cc(cc(C)c1Cl)OCCCN1CCN(CC1)c1ccccc1,7.119186407719209
C(COc1cc(c(Cl)cc1)C)CN1CCN(c2ccccc2)CC1,7.119186407719209
N1(CCN(CC1)c1c(Cl)c(ccc1)Cl)CCCCNc1nc(NCCc2c[nH]c3c2cccc3)nc(N)n1,6.653647025549361
c1(nc(N)nc(NCCc2c3ccccc3[nH]c2)n1)NCCCCN1CCN(c2c(Cl)c(ccc2)Cl)CC1,6.653647025549361
N1(CCN(CC1)c1cccc(c1Cl)Cl)CCCCNc1nc(nc(NCCc2c[nH]c3ccccc23)n1)N,6.653647025549361
n1c(N)nc(NCCCCN2CCN(CC2)c2cccc(c2Cl)Cl)nc1NCCc1c[nH]c2c1cccc2,6.653647025549361
N1(CCN(CC1)CCCCNc1nc(nc(n1)N)NCCc1c[nH]c2c1cccc2)c1c(c(Cl)ccc1)Cl,6.653647025549361
c1c2c(C3C(c4c(O2)cccc4)CC(CN(C)C)O3)ccc1,7.431798275933005
N(C)(CC1CC2C(O1)c1c(Oc3ccccc23)cccc1)C,7.431798275933005
c12c(C3OC(CN(C)C)CC3c3c(cccc3)O2)cccc1,7.431798275933005
c1ccc2C3OC(CN(C)C)CC3c3ccccc3Oc2c1,7.431798275933005
c1ccc2c(c1)C1CC(OC1c1ccccc1O2)CN(C)C,7.431798275933005
c1c(CNC(Cn2c3c4cccnc4ccc3cc2)C)c(ccc1)C,5.774432286560529
c1c2c(ccc3ccn(CC(NCc4ccccc4C)C)c23)ncc1,5.774432286560529
C(NCc1c(cccc1)C)(Cn1ccc2c1c1c(cc2)nccc1)C,5.774432286560529
C(c1c(C)cccc1)NC(Cn1c2c3cccnc3ccc2cc1)C,5.774432286560529
CC(Cn1c2c(ccc3ncccc23)cc1)NCc1c(C)cccc1,5.774432286560529
CC1CC2(C=C(C)C1c1c(O)n(c(O)c21)OCCCN1CCN(CC1)c1c(cccc1)OC)OC(C)=O,6.168424545547012
O=C(C)OC12c3c(O)n(c(c3C(C(C2)C)C(=C1)C)O)OCCCN1CCN(CC1)c1ccccc1OC,6.168424545547012
N1(CCCOn2c(c3C4C(C)=CC(c3c2O)(OC(=O)C)CC4C)O)CCN(c2c(OC)cccc2)CC1,6.168424545547012
C1(CC2(c3c(n(OCCCN4CCN(c5ccccc5OC)CC4)c(O)c3C1C(=C2)C)O)OC(C)=O)C,6.168424545547012
CC(=O)OC12c3c(O)n(c(O)c3C(C(C1)C)C(C)=C2)OCCCN1CCN(c2c(OC)cccc2)CC1,6.168424545547012
c1cccc2CC(CC(c3ccccc3)c21)N(C)C,6.327902142064283
c12c(CC(CC1c1ccccc1)N(C)C)cccc2,6.327902142064283
c1c(C2CC(Cc3ccccc32)N(C)C)cccc1,6.327902142064283
c1cccc(C2c3c(cccc3)CC(N(C)C)C2)c1,6.327902142064283
C1C(N(C)C)CC(c2c1cccc2)c1ccccc1,6.327902142064283
C1CN(CCC1COc1c2c(cccc2)c2c(c(OC)ccc2)n1)CCC,5.224608028303388
C(C1CCN(CCC)CC1)Oc1c2c(cccc2)c2cccc(OC)c2n1,5.224608028303388
c1(cccc2c1nc(c1c2cccc1)OCC1CCN(CC1)CCC)OC,5.224608028303388
c1ccc2c(nc(c3c2cccc3)OCC2CCN(CC2)CCC)c1OC,5.224608028303388
c1cc2c3cccc(OC)c3nc(OCC3CCN(CC3)CCC)c2cc1,5.224608028303388
c1c2c(cc(c1)F)onc2C1CCN(CC1)CC1Cc2nc(-c3ccccc3)ncc2C(C1)=O,6.900008766455316
C(N1CCC(CC1)c1c2ccc(cc2on1)F)C1Cc2c(cnc(n2)-c2ccccc2)C(C1)=O,6.900008766455316
C1(Cc2nc(ncc2C(C1)=O)-c1ccccc1)CN1CCC(CC1)c1c2c(cc(cc2)F)on1,6.900008766455316
C(N1CCC(c2c3ccc(cc3on2)F)CC1)C1Cc2c(C(C1)=O)cnc(n2)-c1ccccc1,6.900008766455316
c1(C2CCN(CC3CC(c4c(C3)nc(nc4)-c3ccccc3)=O)CC2)noc2cc(F)ccc21,6.900008766455316
N(C(C)=O)c1ccc2CC3c4c(c(OCC=C)c(OC)cc4CCN3C)-c2c1,5.913640169325252
C(C=C)Oc1c(cc2CCN(C3Cc4c(cc(NC(=O)C)cc4)-c1c32)C)OC,5.913640169325252
c12cc(c(OCC=C)c3c2C(Cc2ccc(cc2-3)NC(=O)C)N(C)CC1)OC,5.913640169325252
N(c1ccc2c(c1)-c1c(OCC=C)c(OC)cc3c1C(N(CC3)C)C2)C(C)=O,5.913640169325252
c12-c3c(OCC=C)c(OC)cc4c3C(N(CC4)C)Cc1ccc(NC(=O)C)c2,5.913640169325252
C1CN(CC2Cc3c(cc(c(c3)OC)OC)C(=O)C2)CCN1c1ncccc1,6.180002266489224
O(C)c1c(cc2CC(CC(c2c1)=O)CN1CCN(CC1)c1ncccc1)OC,6.180002266489224
c1(cc2CC(CC(=O)c2cc1OC)CN1CCN(CC1)c1ncccc1)OC,6.180002266489224
C1C(=O)c2cc(OC)c(OC)cc2CC1CN1CCN(CC1)c1ccccn1,6.180002266489224
c1(N2CCN(CC2)CC2Cc3cc(c(OC)cc3C(C2)=O)OC)ncccc1,6.180002266489224
c1cc(cc2c1C(CN)c1ccc(cc1C2)OC)CCCCCC,7.366531544420414
c1c2Cc3cc(ccc3C(CN)c2ccc1OC)CCCCCC,7.366531544420414
c12cc(ccc2C(CN)c2c(cc(OC)cc2)C1)CCCCCC,7.366531544420414
C1c2cc(ccc2C(CN)c2c1cc(cc2)CCCCCC)OC,7.366531544420414
c1c2Cc3cc(CCCCCC)ccc3C(CN)c2ccc1OC,7.366531544420414
C1N(CCN(CCCC2C(=O)c3c(C2)cc(Cl)cc3)C1)c1ncccc1,6.271634041668666
c1ccnc(N2CCN(CC2)CCCC2Cc3cc(Cl)ccc3C2=O)c1,6.271634041668666
C1CN(CCCC2C(c3ccc(Cl)cc3C2)=O)CCN1c1ccccn1,6.271634041668666
C1CN(CCN1CCCC1Cc2cc(ccc2C1=O)Cl)c1ncccc1,6.271634041668666
C1N(CCN(C1)CCCC1C(c2ccc(Cl)cc2C1)=O)c1ccccn1,6.271634041668666
C1C(CCC(CCN2CCN(c3c4CCOc4ccn3)CC2)C1)NC(=O)C(C)OC,8.154901959985743
C1C(CCN2CCN(CC2)c2nccc3OCCc32)CCC(NC(=O)C(C)OC)C1,8.154901959985743
c12ccnc(N3CCN(CC3)CCC3CCC(NC(=O)C(OC)C)CC3)c2CCO1,8.154901959985743
C1N(CCN(C1)c1nccc2OCCc21)CCC1CCC(CC1)NC(=O)C(C)OC,8.154901959985743
C(N1CCN(c2c3c(ccn2)OCC3)CC1)CC1CCC(CC1)NC(=O)C(OC)C,8.154901959985743
c1(c(C)ccnc1C)-c1cccc(c1)NC(=O)N1CCc2cc(c(cc12)C(F)(F)F)OC,6.699991797446187
Cc1ccnc(C)c1-c1cc(ccc1)NC(=O)N1CCc2c1cc(c(OC)c2)C(F)(F)F,6.699991797446187
c12CCN(c1cc(C(F)(F)F)c(c2)OC)C(Nc1cccc(c1)-c1c(C)nccc1C)=O,6.699991797446187
N1(CCc2c1cc(C(F)(F)F)c(OC)c2)C(=O)Nc1cc(-c2c(nccc2C)C)ccc1,6.699991797446187
COc1cc2CCN(C(=O)Nc3cc(-c4c(ccnc4C)C)ccc3)c2cc1C(F)(F)F,6.699991797446187
s1c2c(cccc2)c(n1)N1CCN(CCC2CCC(NC(=O)OCc3cc4ccccc4o3)CC2)CC1,8.588380294036769
c1cc2c(oc(c2)COC(NC2CCC(CC2)CCN2CCN(CC2)c2nsc3ccccc32)=O)cc1,8.588380294036769
c1ccc2c(snc2N2CCN(CC2)CCC2CCC(CC2)NC(OCc2oc3c(cccc3)c2)=O)c1,8.588380294036769
c1(N2CCN(CCC3CCC(NC(OCc4oc5ccccc5c4)=O)CC3)CC2)c2ccccc2sn1,8.588380294036769
c1cc2cc(COC(=O)NC3CCC(CC3)CCN3CCN(CC3)c3nsc4ccccc43)oc2cc1,8.588380294036769
c1(C#N)c(nccc1)N1CCN(CCCCOc2cc3c(cc2)CCC(N3)=O)CC1,5.130768280269024
c1ccnc(N2CCN(CCCCOc3ccc4c(c3)NC(CC4)=O)CC2)c1C#N,5.130768280269024
C1N(CCN(C1)CCCCOc1cc2NC(CCc2cc1)=O)c1c(cccn1)C#N,5.130768280269024
C1Cc2c(NC1=O)cc(OCCCCN1CCN(CC1)c1c(C#N)cccn1)cc2,5.130768280269024
c1c(OCCCCN2CCN(c3ncccc3C#N)CC2)cc2c(c1)CCC(=O)N2,5.130768280269024
c1(O)ccc(-c2ccc(o2)CNCCc2c[nH]c3cc(ccc32)F)cc1,7.017728766960431
c1(ccc2c(c[nH]c2c1)CCNCc1oc(cc1)-c1ccc(cc1)O)F,7.017728766960431
c1(ccc(cc1)-c1ccc(o1)CNCCc1c[nH]c2c1ccc(c2)F)O,7.017728766960431
c1cc2c(cc1F)[nH]cc2CCNCc1ccc(o1)-c1ccc(O)cc1,7.017728766960431
Fc1cc2[nH]cc(CCNCc3oc(-c4ccc(cc4)O)cc3)c2cc1,7.017728766960431
C(CN1CCN(c2ccccc2)CC1)CCC(c1nc2c(s1)cccc2)=O,6.690369832574102
c1c2c(sc(n2)C(CCCCN2CCN(CC2)c2ccccc2)=O)ccc1,6.690369832574102
c1cccc2c1nc(s2)C(=O)CCCCN1CCN(CC1)c1ccccc1,6.690369832574102
C1N(CCN(CCCCC(=O)c2nc3c(cccc3)s2)C1)c1ccccc1,6.690369832574102
c1ccc(cc1)N1CCN(CCCCC(c2sc3c(cccc3)n2)=O)CC1,6.690369832574102
c12OCOc1cccc2C1CCN(CC1)CCC1CCC(CC1)NC(CF)=O,7.399135963690161
C(CN1CCC(c2cccc3OCOc32)CC1)C1CCC(NC(=O)CF)CC1,7.399135963690161
C(F)C(NC1CCC(CCN2CCC(c3cccc4OCOc43)CC2)CC1)=O,7.399135963690161
C1(CCN(CCC2CCC(NC(=O)CF)CC2)CC1)c1c2OCOc2ccc1,7.399135963690161
O=C(CF)NC1CCC(CC1)CCN1CCC(CC1)c1cccc2OCOc12,7.399135963690161
c1c2n(ncc2ccc1O)CC(N)C,7.920818753952375
C(Cn1c2cc(ccc2cn1)O)(N)C,7.920818753952375
n1(CC(C)N)ncc2ccc(cc21)O,7.920818753952375
C(N)(Cn1ncc2c1cc(O)cc2)C,7.920818753952375
C(Cn1ncc2c1cc(cc2)O)(N)C,7.920818753952375
C(C)(c1nc(N2CCN(CC2)C)nc(n1)N)Oc1c(F)c(ccc1)F,6.152427340857888
c1(N)nc(C(C)Oc2c(F)c(F)ccc2)nc(N2CCN(C)CC2)n1,6.152427340857888
c1(cccc(c1F)F)OC(c1nc(nc(N2CCN(CC2)C)n1)N)C,6.152427340857888
n1c(nc(N)nc1C(Oc1cccc(F)c1F)C)N1CCN(CC1)C,6.152427340857888
Fc1c(OC(C)c2nc(nc(n2)N)N2CCN(C)CC2)cccc1F,6.152427340857888
Clc1ccc(cc1Cl)N1C(=O)C(C)(CC1)c1cc(c(OC)cc1)OCCN1CCCCC1,6.299997602857746
C1N(C(C(C1)(C)c1ccc(OC)c(c1)OCCN1CCCCC1)=O)c1ccc(Cl)c(c1)Cl,6.299997602857746
c1(c(OCCN2CCCCC2)cc(C2(C(N(c3ccc(c(Cl)c3)Cl)CC2)=O)C)cc1)OC,6.299997602857746
c1(c(OC)ccc(C2(C)C(=O)N(c3cc(Cl)c(cc3)Cl)CC2)c1)OCCN1CCCCC1,6.299997602857746
N1(C(C(C)(c2cc(c(OC)cc2)OCCN2CCCCC2)CC1)=O)c1cc(Cl)c(Cl)cc1,6.299997602857746
C1(=O)N(CCN2CCC(CC2)c2noc3c2cccc3)CCc2n(ncc21)C(C)C,8.234331445240986
C(CN1CCc2c(cnn2C(C)C)C1=O)N1CCC(CC1)c1noc2c1cccc2,8.234331445240986
n1n(c2c(c1)C(=O)N(CC2)CCN1CCC(CC1)c1noc2c1cccc2)C(C)C,8.234331445240986
n1(C(C)C)c2CCN(CCN3CCC(c4noc5ccccc54)CC3)C(=O)c2cn1,8.234331445240986
c12onc(C3CCN(CCN4C(c5c(CC4)n(C(C)C)nc5)=O)CC3)c1cccc2,8.234331445240986
Cc1c(Oc2ccc(NC(=O)N3CCc4cc(OC)c(C(F)(F)F)cc43)cn2)cccn1,6.0999990348465305
FC(c1cc2c(cc1OC)CCN2C(Nc1cnc(Oc2cccnc2C)cc1)=O)(F)F,6.0999990348465305
C1CN(C(Nc2cnc(Oc3cccnc3C)cc2)=O)c2cc(c(cc12)OC)C(F)(F)F,6.0999990348465305
C1c2c(cc(c(c2)OC)C(F)(F)F)N(C1)C(=O)Nc1ccc(nc1)Oc1c(nccc1)C,6.0999990348465305
c1(C(F)(F)F)c(OC)cc2c(N(CC2)C(=O)Nc2cnc(Oc3c(C)nccc3)cc2)c1,6.0999990348465305
C1Cc2c(N3CCN(CC3)CCC3CCC(NC(=O)c4ccc(cc4)Cl)CC3)nccc2O1,7.8297382846050425
O1CCc2c1ccnc2N1CCN(CC1)CCC1CCC(CC1)NC(c1ccc(cc1)Cl)=O,7.8297382846050425
c12c(OCC2)ccnc1N1CCN(CC1)CCC1CCC(NC(=O)c2ccc(Cl)cc2)CC1,7.8297382846050425
C1CC(CCC1CCN1CCN(c2c3c(OCC3)ccn2)CC1)NC(=O)c1ccc(cc1)Cl,7.8297382846050425
C1CN(CCN1c1c2c(OCC2)ccn1)CCC1CCC(CC1)NC(c1ccc(Cl)cc1)=O,7.8297382846050425
c12ccccc1c(ns2)N1CCN(CC1)CCC1CCC(NC(=O)NCc2ccccc2)CC1,8.896196279044043
s1c2c(c(N3CCN(CC3)CCC3CCC(NC(NCc4ccccc4)=O)CC3)n1)cccc2,8.896196279044043
c12c(N3CCN(CCC4CCC(NC(=O)NCc5ccccc5)CC4)CC3)nsc1cccc2,8.896196279044043
s1nc(c2c1cccc2)N1CCN(CCC2CCC(NC(=O)NCc3ccccc3)CC2)CC1,8.896196279044043
n1sc2ccccc2c1N1CCN(CC1)CCC1CCC(CC1)NC(=O)NCc1ccccc1,8.896196279044043
c1cc(cc(C)c1)S(=O)(=O)CC1CCN(CCCc2c3ccc(cc3on2)F)C1,8.230032198670557
c1c(F)cc2c(c1)c(CCCN1CCC(CS(=O)(=O)c3cc(C)ccc3)C1)no2,8.230032198670557
c1cc2c(noc2cc1F)CCCN1CCC(CS(c2cccc(C)c2)(=O)=O)C1,8.230032198670557
c1(CCCN2CCC(CS(=O)(c3cccc(c3)C)=O)C2)c2c(on1)cc(F)cc2,8.230032198670557
S(CC1CCN(CCCc2noc3c2ccc(F)c3)C1)(=O)(c1cc(ccc1)C)=O,8.230032198670557
Fc1cc(S(n2cc(c3c2ccc(OC)c3)-c2[nH]c(nc2C)N)(=O)=O)ccc1,5.950007143079858
c12c(ccc(OC)c2)n(S(c2cccc(c2)F)(=O)=O)cc1-c1c(C)nc(N)[nH]1,5.950007143079858
c1cc(OC)cc2c1n(S(=O)(c1cccc(F)c1)=O)cc2-c1c(nc(N)[nH]1)C,5.950007143079858
c1c(-c2c(C)nc(N)[nH]2)c2cc(ccc2n1S(=O)(=O)c1cc(ccc1)F)OC,5.950007143079858
c12cc(ccc1n(cc2-c1c(C)nc([nH]1)N)S(c1cccc(F)c1)(=O)=O)OC,5.950007143079858
Brc1c(-c2c(ccc(c2)NC(=O)Nc2ccc(cc2F)F)OCCN2CCCC2)n(C)nc1,9.744727494896694
c1cc(c(cc1F)F)NC(Nc1ccc(c(c1)-c1c(cnn1C)Br)OCCN1CCCC1)=O,9.744727494896694
c1(c(-c2cc(ccc2OCCN2CCCC2)NC(Nc2c(cc(cc2)F)F)=O)n(C)nc1)Br,9.744727494896694
c1(c(cnn1C)Br)-c1c(ccc(c1)NC(=O)Nc1c(F)cc(cc1)F)OCCN1CCCC1,9.744727494896694
C1CN(CC1)CCOc1ccc(cc1-c1n(C)ncc1Br)NC(Nc1c(F)cc(F)cc1)=O,9.744727494896694
C1(c2ccccc2)CC2CCC(N2CCCC(c2ccc(F)cc2)=O)C1,6.97469413473523
C12CC(c3ccccc3)CC(N1CCCC(=O)c1ccc(cc1)F)CC2,6.97469413473523
c1c(C2CC3CCC(C2)N3CCCC(=O)c2ccc(F)cc2)cccc1,6.97469413473523
c1cc(F)ccc1C(CCCN1C2CC(c3ccccc3)CC1CC2)=O,6.97469413473523
c1c(cccc1)C1CC2CCC(C1)N2CCCC(=O)c1ccc(F)cc1,6.97469413473523
C(C(O)CC)C(=O)NC1CCC(CC1)CCN1CCC(CC1)c1coc2c1cccc2,8.040958607678906
c1(c2ccccc2oc1)C1CCN(CCC2CCC(NC(CC(CC)O)=O)CC2)CC1,8.040958607678906
c1cc2c(c(C3CCN(CC3)CCC3CCC(NC(CC(CC)O)=O)CC3)co2)cc1,8.040958607678906
O=C(CC(O)CC)NC1CCC(CC1)CCN1CCC(c2coc3c2cccc3)CC1,8.040958607678906
C1(c2c3ccccc3oc2)CCN(CC1)CCC1CCC(CC1)NC(=O)CC(CC)O,8.040958607678906
c1c(ccc2c1CCN2C(=O)Nc1cnccc1)C(F)(F)F,5.899998417198648
C1N(c2ccc(cc2C1)C(F)(F)F)C(=O)Nc1cnccc1,5.899998417198648
c1ncccc1NC(=O)N1CCc2cc(C(F)(F)F)ccc21,5.899998417198648
c1(C(F)(F)F)cc2c(N(C(=O)Nc3cnccc3)CC2)cc1,5.899998417198648
c1c2N(CCc2cc(c1)C(F)(F)F)C(=O)Nc1cccnc1,5.899998417198648
C1N(CCN(c2ccccc2OCC)C1)CCCCCCN1C(c2cccc3c2c1ccc3)=O,6.144480844332199
c1cc2C(=O)N(c3c2c(c1)ccc3)CCCCCCN1CCN(CC1)c1c(OCC)cccc1,6.144480844332199
C1N(CCN(CCCCCCN2c3c4c(cccc4C2=O)ccc3)C1)c1c(cccc1)OCC,6.144480844332199
c1cccc(c1OCC)N1CCN(CCCCCCN2c3cccc4c3c(C2=O)ccc4)CC1,6.144480844332199
N1(CCN(CC1)CCCCCCN1C(c2c3c1cccc3ccc2)=O)c1c(OCC)cccc1,6.144480844332199
N1(CCN(CC1)CCOc1c(cc(cc1)NC(c1cc(ccc1)F)=O)-c1c(cnn1C)Cl)C(=O)C,8.657577319177793
c1(F)cc(ccc1)C(Nc1ccc(c(c1)-c1c(cnn1C)Cl)OCCN1CCN(CC1)C(C)=O)=O,8.657577319177793
N1(CCN(CCOc2ccc(cc2-c2c(Cl)cnn2C)NC(c2cccc(F)c2)=O)CC1)C(C)=O,8.657577319177793
Fc1cc(ccc1)C(Nc1ccc(OCCN2CCN(C(C)=O)CC2)c(c1)-c1c(cnn1C)Cl)=O,8.657577319177793
C(N1CCN(C(C)=O)CC1)COc1c(cc(NC(c2cccc(F)c2)=O)cc1)-c1c(Cl)cnn1C,8.657577319177793
N1(S(c2ccccc2C1=O)(=O)=O)CCCCCN1CCN(c2cccc3c2cccc3)CC1,6.978810700930062
c1ccc2ccccc2c1N1CCN(CC1)CCCCCN1S(c2ccccc2C1=O)(=O)=O,6.978810700930062
c1cccc2S(N(CCCCCN3CCN(CC3)c3c4c(cccc4)ccc3)C(=O)c21)(=O)=O,6.978810700930062
C1N(CCN(c2c3c(ccc2)cccc3)C1)CCCCCN1S(=O)(c2c(cccc2)C1=O)=O,6.978810700930062
c1c2C(=O)N(S(c2ccc1)(=O)=O)CCCCCN1CCN(c2cccc3c2cccc3)CC1,6.978810700930062
c1(c(Cl)c(ccc1)CC)N1CCN(CC(O)CCNC(=O)c2cc3c([nH]2)cccc3)CC1,7.671620396561262
c1ccc2cc([nH]c2c1)C(NCCC(CN1CCN(c2c(Cl)c(CC)ccc2)CC1)O)=O,7.671620396561262
c1(Cl)c(CC)cccc1N1CCN(CC(CCNC(c2cc3c(cccc3)[nH]2)=O)O)CC1,7.671620396561262
c12cc([nH]c1cccc2)C(=O)NCCC(CN1CCN(c2cccc(c2Cl)CC)CC1)O,7.671620396561262
c1(c(Cl)c(ccc1)CC)N1CCN(CC(CCNC(=O)c2[nH]c3ccccc3c2)O)CC1,7.671620396561262
C(CC1CCC(CC1)NC(=O)CC(F)(F)F)N1CCC(c2c3OCOc3ccc2)CC1,7.742561433140186
C(C(F)(F)F)C(=O)NC1CCC(CCN2CCC(c3c4OCOc4ccc3)CC2)CC1,7.742561433140186
C1CC(CCN1CCC1CCC(NC(CC(F)(F)F)=O)CC1)c1c2c(ccc1)OCO2,7.742561433140186
C(F)(CC(=O)NC1CCC(CC1)CCN1CCC(CC1)c1cccc2OCOc12)(F)F,7.742561433140186
C1C(CCC(NC(=O)CC(F)(F)F)C1)CCN1CCC(CC1)c1cccc2OCOc12,7.742561433140186
c12Cn3c(C)c(nc3C(=Cc1cccc2)N1CCN(CC(C)(C(=O)O)C)CC1)C,6.399996913372259
c12n(c(C)c(C)n1)Cc1ccccc1C=C2N1CCN(CC1)CC(C(O)=O)(C)C,6.399996913372259
O=C(O)C(CN1CCN(CC1)C1c2nc(c(n2Cc2ccccc2C=1)C)C)(C)C,6.399996913372259
c12ccccc2Cn2c(nc(c2C)C)C(=C1)N1CCN(CC(C(=O)O)(C)C)CC1,6.399996913372259
C(CN1CCN(C2c3n(Cc4c(C=2)cccc4)c(C)c(n3)C)CC1)(C)(C(=O)O)C,6.399996913372259
C1N(CCN(C1)c1cccc2OCOc21)CCC1CCC(NC(CCC)=O)CC1,7.545612532853045
C(CN1CCN(c2c3c(ccc2)OCO3)CC1)C1CCC(CC1)NC(=O)CCC,7.545612532853045
N1(CCC2CCC(CC2)NC(CCC)=O)CCN(c2c3c(ccc2)OCO3)CC1,7.545612532853045
C1N(c2cccc3OCOc23)CCN(C1)CCC1CCC(NC(CCC)=O)CC1,7.545612532853045
N1(CCN(c2cccc3c2OCO3)CC1)CCC1CCC(CC1)NC(=O)CCC,7.545612532853045
C(CN1CCC(CC1)c1c2ccccc2oc1)C1CCC(CC1)NC(=O)C1CC1,8.366531544420413
C(CN1CCC(c2c3ccccc3oc2)CC1)C1CCC(NC(C2CC2)=O)CC1,8.366531544420413
c1cccc2c(C3CCN(CCC4CCC(CC4)NC(C4CC4)=O)CC3)coc21,8.366531544420413
C1CC(NC(=O)C2CC2)CCC1CCN1CCC(CC1)c1c2c(cccc2)oc1,8.366531544420413
C1CC(CCN1CCC1CCC(CC1)NC(C1CC1)=O)c1c2ccccc2oc1,8.366531544420413
C1C(N)C1c1c[nH]c2c1c(ccc2)OC,7.338187314462739
c1(c2c(cccc2[nH]c1)OC)C1C(C1)N,7.338187314462739
NC1C(C1)c1c[nH]c2cccc(c12)OC,7.338187314462739
NC1C(C1)c1c[nH]c2c1c(OC)ccc2,7.338187314462739
c1ccc(OC)c2c(C3C(C3)N)c[nH]c12,7.338187314462739
n1oc2ccccc2c1C1CCN(CCn2ccc3c(c2=O)c(nc(n3)C)C)CC1,8.657577319177793
c1n(CCN2CCC(c3c4ccccc4on3)CC2)c(=O)c2c(C)nc(C)nc2c1,8.657577319177793
n1(CCN2CCC(c3c4c(on3)cccc4)CC2)c(c2c(nc(nc2cc1)C)C)=O,8.657577319177793
c1(c2c(cccc2)on1)C1CCN(CC1)CCn1ccc2c(c(C)nc(C)n2)c1=O,8.657577319177793
c1(C2CCN(CC2)CCn2ccc3nc(nc(C)c3c2=O)C)c2ccccc2on1,8.657577319177793
C1c2ccccc2C(CCNC)c2ccccc12,7.036212172654444
c1cccc2C(CCNC)c3ccccc3Cc21,7.036212172654444
c1cccc2c1C(CCNC)c1c(cccc1)C2,7.036212172654444
c1ccc2C(c3ccccc3Cc2c1)CCNC,7.036212172654444
c1c2c(ccc1)C(CCNC)c1ccccc1C2,7.036212172654444
c1c(Cl)cc2c(N3C(C2)CCNCC3)c1-c1ccc(cc1)F,6.835647144215563
c12c(cc(Cl)cc1CC1N2CCNCC1)-c1ccc(F)cc1,6.835647144215563
C12N(CCNCC1)c1c(cc(Cl)cc1C2)-c1ccc(cc1)F,6.835647144215563
c1c(F)ccc(-c2c3N4C(Cc3cc(Cl)c2)CCNCC4)c1,6.835647144215563
C1C2N(CCNCC2)c2c(-c3ccc(cc3)F)cc(cc21)Cl,6.835647144215563
C1(c2c3c(on2)cc(cc3)Cl)CCN(CCC2CCC(CC2)NC(=O)CC(OC)OC)CC1,7.864867348623225
C(CN1CCC(c2noc3cc(ccc23)Cl)CC1)C1CCC(NC(CC(OC)OC)=O)CC1,7.864867348623225
N1(CCC2CCC(CC2)NC(=O)CC(OC)OC)CCC(c2noc3c2ccc(Cl)c3)CC1,7.864867348623225
C1CC(CCN2CCC(CC2)c2c3ccc(Cl)cc3on2)CCC1NC(=O)CC(OC)OC,7.864867348623225
o1c2cc(Cl)ccc2c(C2CCN(CC2)CCC2CCC(CC2)NC(CC(OC)OC)=O)n1,7.864867348623225
C(N1CCc2c1cc(C(F)(F)F)c(c2)OC)(Nc1c(ccc(-c2cccnc2)c1)F)=O,5.100000128334196
O=C(Nc1cc(ccc1F)-c1cccnc1)N1CCc2cc(OC)c(cc21)C(F)(F)F,5.100000128334196
COc1c(C(F)(F)F)cc2N(CCc2c1)C(=O)Nc1c(F)ccc(c1)-c1cccnc1,5.100000128334196
c1(ccc(cc1NC(N1CCc2c1cc(c(c2)OC)C(F)(F)F)=O)-c1cccnc1)F,5.100000128334196
c1cc(F)c(NC(=O)N2CCc3cc(OC)c(C(F)(F)F)cc32)cc1-c1cccnc1,5.100000128334196
[nH]1cc(C2CCN(CC2)CCCCn2c(cc(-c3c4cc(ccc4[nH]c3)OC)c2O)O)c2cc(OC)ccc12,6.30189945437661
[nH]1cc(C2CCN(CCCCn3c(c(-c4c5cc(ccc5[nH]c4)OC)cc3O)O)CC2)c2c1ccc(OC)c2,6.30189945437661
O(C)c1ccc2c(c(C3CCN(CC3)CCCCn3c(O)c(cc3O)-c3c4c([nH]c3)ccc(OC)c4)c[nH]2)c1,6.30189945437661
c1c(-c2c(n(CCCCN3CCC(c4c[nH]c5ccc(OC)cc45)CC3)c(c2)O)O)c2cc(ccc2[nH]1)OC,6.30189945437661
c12cc(OC)ccc1[nH]cc2-c1c(O)n(CCCCN2CCC(CC2)c2c[nH]c3ccc(OC)cc23)c(O)c1,6.30189945437661
c1c(cc2c(c1)n(cc2C1=CCNCC1)S(=O)(=O)c1cc2ncccc2cc1)Cl,5.586867949565128
c1c2n(S(=O)(=O)c3ccc4c(nccc4)c3)cc(C3CCNCC=3)c2cc(Cl)c1,5.586867949565128
c12c(cc(cc1)S(n1cc(c3cc(ccc31)Cl)C1=CCNCC1)(=O)=O)nccc2,5.586867949565128
c1ccc2ccc(cc2n1)S(=O)(n1cc(c2c1ccc(c2)Cl)C1=CCNCC1)=O,5.586867949565128
O=S(n1c2c(cc(cc2)Cl)c(C2CCNCC=2)c1)(c1cc2ncccc2cc1)=O,5.586867949565128
N1(c2c3c(cccc3F)ccc2)CCN(CC1)CCCCOc1c(F)cc2c(C(=O)NC2)c1,8.45717457304082
C1CN(c2c3c(cccc3ccc2)F)CCN1CCCCOc1c(cc2CNC(=O)c2c1)F,8.45717457304082
c12c(cc(c(c1)OCCCCN1CCN(CC1)c1cccc3cccc(c13)F)F)CNC2=O,8.45717457304082
c1(F)c(OCCCCN2CCN(CC2)c2cccc3c2c(ccc3)F)cc2C(NCc2c1)=O,8.45717457304082
C1(c2c(cc(F)c(OCCCCN3CCN(c4c5c(cccc5ccc4)F)CC3)c2)CN1)=O,8.45717457304082
O(c1ccccc1-c1c(Cl)ccc(C2CNCC2)c1)C,6.468521082957745
COc1ccccc1-c1c(Cl)ccc(C2CNCC2)c1,6.468521082957745
c1(c(-c2cc(ccc2Cl)C2CCNC2)cccc1)OC,6.468521082957745
N1CC(c2cc(-c3ccccc3OC)c(Cl)cc2)CC1,6.468521082957745
C1(CNCC1)c1ccc(Cl)c(c1)-c1c(OC)cccc1,6.468521082957745
c1cnc(cc1)-c1ccc(cc1)C(NCC1CC1CN1CCN(CC1)c1c(Cl)c(ccc1)Cl)=O,7.326979092871103
c1cccnc1-c1ccc(cc1)C(=O)NCC1C(C1)CN1CCN(CC1)c1cccc(c1Cl)Cl,7.326979092871103
c1cc(ccc1-c1ncccc1)C(=O)NCC1C(C1)CN1CCN(c2c(c(Cl)ccc2)Cl)CC1,7.326979092871103
C1(CC1CN1CCN(c2cccc(c2Cl)Cl)CC1)CNC(=O)c1ccc(cc1)-c1ncccc1,7.326979092871103
c1c(c(c(N2CCN(CC3CC3CNC(=O)c3ccc(cc3)-c3ccccn3)CC2)cc1)Cl)Cl,7.326979092871103
c12onc(C3CCN(CCN4CCc5nn(c(C)c5C4=O)C)CC3)c1cccc2,9.431798275933005
o1nc(c2c1cccc2)C1CCN(CC1)CCN1CCc2c(C1=O)c(C)n(C)n2,9.431798275933005
N1(C(=O)c2c(nn(C)c2C)CC1)CCN1CCC(CC1)c1c2c(on1)cccc2,9.431798275933005
c12c(c(n(C)n2)C)C(N(CC1)CCN1CCC(CC1)c1noc2ccccc12)=O,9.431798275933005
C1C(CCN(C1)CCN1CCc2nn(c(C)c2C1=O)C)c1noc2ccccc12,9.431798275933005
C(#N)c1ccc(cc1)C(=O)CCCN1Cc2ccccc2CC1,7.639122702897961
C(c1ccc(C#N)cc1)(CCCN1Cc2ccccc2CC1)=O,7.639122702897961
c1cc2c(CN(CC2)CCCC(=O)c2ccc(cc2)C#N)cc1,7.639122702897961
c1cccc2CN(CCc21)CCCC(=O)c1ccc(cc1)C#N,7.639122702897961
N#Cc1ccc(cc1)C(=O)CCCN1CCc2ccccc2C1,7.639122702897961
c1c(cccc1)C(=C(Cl)c1ccccc1)c1ccc(cc1)OCCN(CC)CC,6.024568191490737
c1cccc(C(c2ccc(cc2)OCCN(CC)CC)=C(c2ccccc2)Cl)c1,6.024568191490737
C(N(CC)CC)COc1ccc(cc1)C(c1ccccc1)=C(c1ccccc1)Cl,6.024568191490737
c1c(ccc(C(=C(c2ccccc2)Cl)c2ccccc2)c1)OCCN(CC)CC,6.024568191490737
c1(ccc(cc1)C(=C(Cl)c1ccccc1)c1ccccc1)OCCN(CC)CC,6.024568191490737
N1(CCN(c2ccccc2)CC1)C(C)CNc1cncc(n1)Cl,7.259637310505756
C1CN(CCN1C(CNc1cncc(Cl)n1)C)c1ccccc1,7.259637310505756
n1c(cncc1Cl)NCC(C)N1CCN(CC1)c1ccccc1,7.259637310505756
c1cccc(c1)N1CCN(CC1)C(C)CNc1cncc(Cl)n1,7.259637310505756
CC(N1CCN(c2ccccc2)CC1)CNc1nc(Cl)cnc1,7.259637310505756
C1c2cc(C)c(Cl)cc2N(C1)C(Nc1cnc(OCc2n(ccn2)C)cc1)=O,6.599997654072044
C1CN(c2cc(c(cc12)C)Cl)C(=O)Nc1cnc(OCc2nccn2C)cc1,6.599997654072044
c12cc(c(C)cc2CCN1C(Nc1cnc(OCc2nccn2C)cc1)=O)Cl,6.599997654072044
C(Oc1ncc(NC(N2c3cc(Cl)c(C)cc3CC2)=O)cc1)c1nccn1C,6.599997654072044
n1cc(NC(N2c3cc(Cl)c(C)cc3CC2)=O)ccc1OCc1n(ccn1)C,6.599997654072044
c12CCNCCc2ccc(NS(c2ccc(CCCC)cc2)(=O)=O)c1,7.79997073344623
C1NCCc2cc(NS(=O)(=O)c3ccc(cc3)CCCC)ccc2C1,7.79997073344623
c1cc(ccc1S(=O)(Nc1ccc2c(c1)CCNCC2)=O)CCCC,7.79997073344623
c1c2CCNCCc2ccc1NS(=O)(=O)c1ccc(CCCC)cc1,7.79997073344623
C(Cc1ccc(S(=O)(Nc2ccc3CCNCCc3c2)=O)cc1)CC,7.79997073344623
C1CN(CCN1c1ccc(cc1)C(F)(F)F)Cc1c2cccnc2[nH]c1,5.554240163511369
c12ncccc2c(CN2CCN(c3ccc(C(F)(F)F)cc3)CC2)c[nH]1,5.554240163511369
c1c(CN2CCN(CC2)c2ccc(C(F)(F)F)cc2)c2c([nH]1)nccc2,5.554240163511369
C1CN(Cc2c[nH]c3c2cccn3)CCN1c1ccc(cc1)C(F)(F)F,5.554240163511369
C1N(CCN(C1)Cc1c[nH]c2c1cccn2)c1ccc(cc1)C(F)(F)F,5.554240163511369
N12c3c(ccc(Cl)c3C(C)(C)C1)CNCC2,7.221848749616356
c12N3CCNCc2ccc(Cl)c1C(C)(C3)C,7.221848749616356
c1cc2CNCCN3CC(c(c1Cl)c32)(C)C,7.221848749616356
c1cc(Cl)c2C(C)(CN3CCNCc1c32)C,7.221848749616356
C1CN2c3c(C(C)(C2)C)c(ccc3CN1)Cl,7.221848749616356
c1(OC)c(c2c3c(CCN(C3Cc3ccc(cc-23)N)C)c1)OCC#C,6.422508200162775
C1CN(C2Cc3c(-c4c(OCC#C)c(cc1c24)OC)cc(N)cc3)C,6.422508200162775
C(Oc1c(cc2CCN(C3c2c1-c1c(ccc(c1)N)C3)C)OC)C#C,6.422508200162775
O(C)c1c(OCC#C)c2-c3c(CC4N(C)CCc(c1)c42)ccc(N)c3,6.422508200162775
O(C)c1cc2c3C(Cc4ccc(N)cc4-c3c1OCC#C)N(C)CC2,6.422508200162775
C(CN(CC)CC)CC(C)Nc1ncc(C(Nc2c3ncccc3c(cc2)Cl)=O)nc1,5.90274269030658
n1c(NC(C)CCCN(CC)CC)cnc(c1)C(=O)Nc1ccc(c2cccnc21)Cl,5.90274269030658
c1ccc2c(ccc(NC(c3ncc(NC(CCCN(CC)CC)C)nc3)=O)c2n1)Cl,5.90274269030658
c1ccc2c(c(ccc2Cl)NC(=O)c2ncc(NC(CCCN(CC)CC)C)nc2)n1,5.90274269030658
C(C)N(CCCC(Nc1cnc(C(=O)Nc2ccc(Cl)c3cccnc32)cn1)C)CC,5.90274269030658
n1cc(c(CCC(F)(F)F)c2c1N1C(CC2)CNCC1)Cl,7.467245621007502
C1Cc2c(CCC(F)(F)F)c(Cl)cnc2N2CCNCC12,7.467245621007502
c1(c(Cl)cnc2c1CCC1N2CCNC1)CCC(F)(F)F,7.467245621007502
C1N2c3c(CCC2CNC1)c(c(Cl)cn3)CCC(F)(F)F,7.467245621007502
c1nc2c(c(CCC(F)(F)F)c1Cl)CCC1CNCCN21,7.467245621007502
C1N(CCC(C1)c1cccc2c1CCO2)CCC1CCC(NC(=O)CC(O)(C)C)CC1,7.251037138743839
c1c(C2CCN(CCC3CCC(CC3)NC(=O)CC(C)(O)C)CC2)c2c(OCC2)cc1,7.251037138743839
OC(C)(C)CC(NC1CCC(CC1)CCN1CCC(CC1)c1cccc2c1CCO2)=O,7.251037138743839
C1(CCC(CCN2CCC(c3cccc4c3CCO4)CC2)CC1)NC(CC(C)(C)O)=O,7.251037138743839
C1CN(CCC2CCC(NC(=O)CC(C)(O)C)CC2)CCC1c1c2CCOc2ccc1,7.251037138743839
c1(CC)cc(c(c(c1)N1CCN(C)CC1)OC)Cl,6.853871964321762
O(C)c1c(cc(CC)cc1Cl)N1CCN(C)CC1,6.853871964321762
N1(C)CCN(c2c(c(cc(c2)CC)Cl)OC)CC1,6.853871964321762
COc1c(N2CCN(C)CC2)cc(CC)cc1Cl,6.853871964321762
C1CN(c2c(OC)c(cc(CC)c2)Cl)CCN1C,6.853871964321762
C1CN(CC(=C1)c1c[nH]c2c1c(C)ccn2)C,7.197226274708024
c1[nH]c2c(c1C1=CCCN(C)C1)c(C)ccn2,7.197226274708024
n1ccc(C)c2c(c[nH]c12)C1=CCCN(C1)C,7.197226274708024
C1C(c2c3c(C)ccnc3[nH]c2)=CCCN1C,7.197226274708024
Cc1ccnc2[nH]cc(C3CN(CCC=3)C)c12,7.197226274708024
c1c(cc2CN(c3cc(OCCN4CCC(CC4)C)c(cc3)OC)C(=O)c2c1C(F)(F)F)F,6.599997654072044
C1N(CCOc2c(OC)ccc(N3Cc4cc(F)cc(c4C3=O)C(F)(F)F)c2)CCC(C1)C,6.599997654072044
c1c(c2c(cc1F)CN(c1cc(OCCN3CCC(CC3)C)c(cc1)OC)C2=O)C(F)(F)F,6.599997654072044
N1(Cc2cc(cc(c2C1=O)C(F)(F)F)F)c1ccc(c(c1)OCCN1CCC(CC1)C)OC,6.599997654072044
c1cc(c(OCCN2CCC(C)CC2)cc1N1C(=O)c2c(C1)cc(F)cc2C(F)(F)F)OC,6.599997654072044
C1CCC(CN1CCCNC(Nc1cc(C#N)ccc1)=O)Cc1ccc(cc1F)F,5.628009088535085
C1CC(CN(CCCNC(Nc2cc(C#N)ccc2)=O)C1)Cc1ccc(F)cc1F,5.628009088535085
c1(CC2CN(CCCNC(Nc3cc(ccc3)C#N)=O)CCC2)ccc(cc1F)F,5.628009088535085
c1(cc(ccc1)NC(NCCCN1CC(CCC1)Cc1c(F)cc(F)cc1)=O)C#N,5.628009088535085
N(CCCN1CCCC(Cc2ccc(F)cc2F)C1)C(=O)Nc1cccc(c1)C#N,5.628009088535085
C1CC(CCC1CCN1CC(c2c(ccc(c2)Cl)CC1)C)NC(c1occc1)=O,7.111820506081675
C1CC(NC(=O)c2ccco2)CCC1CCN1CC(C)c2cc(Cl)ccc2CC1,7.111820506081675
c1(C(=O)NC2CCC(CCN3CCc4ccc(Cl)cc4C(C)C3)CC2)occc1,7.111820506081675
C(N1CCc2c(C(C)C1)cc(Cl)cc2)CC1CCC(NC(=O)c2occc2)CC1,7.111820506081675
C1CC(CCC1CCN1CCc2c(C(C1)C)cc(Cl)cc2)NC(=O)c1ccco1,7.111820506081675
Brc1c(OC)cc(c(c1)OC)CCNCc1cc(ccc1)OC,9.36001575195841
c1(cc(CNCCc2c(OC)cc(Br)c(c2)OC)ccc1)OC,9.36001575195841
COc1cc(CCNCc2cc(OC)ccc2)c(OC)cc1Br,9.36001575195841
C(CNCc1cc(OC)ccc1)c1cc(c(cc1OC)Br)OC,9.36001575195841
c1c(OC)cccc1CNCCc1c(cc(Br)c(c1)OC)OC,9.36001575195841
c1c2OCCn3c4c(c(c23)cc1)CCNCC4,8.387216143280265
c1c2OCCn3c2c(cc1)c1c3CCNCC1,8.387216143280265
N1CCc2c3c4n(CCOc4ccc3)c2CC1,8.387216143280265
c12n3c4c(cccc4OCC3)c1CCNCC2,8.387216143280265
n12c3c(c4c2c(OCC1)ccc4)CCNCC3,8.387216143280265
N1(CCCCCCn2nc3n(c2=O)cccc3)CCN(c2cccc(c2)C(F)(F)F)CC1,6.536107011014093
C1N(CCN(c2cccc(C(F)(F)F)c2)C1)CCCCCCn1nc2ccccn2c1=O,6.536107011014093
c1cc(cc(c1)C(F)(F)F)N1CCN(CCCCCCn2nc3ccccn3c2=O)CC1,6.536107011014093
FC(c1cc(ccc1)N1CCN(CCCCCCn2c(n3ccccc3n2)=O)CC1)(F)F,6.536107011014093
C1CN(CCN1c1cccc(c1)C(F)(F)F)CCCCCCn1c(n2c(n1)cccc2)=O,6.536107011014093
n1c(Cc2ccccc2)nc2CCNCCc2c1-c1ccc(F)cc1,9.221848749616356
c1ccccc1Cc1nc(-c2ccc(F)cc2)c2c(CCNCC2)n1,9.221848749616356
n1c(nc2CCNCCc2c1-c1ccc(F)cc1)Cc1ccccc1,9.221848749616356
c1(ccc(cc1)F)-c1nc(Cc2ccccc2)nc2CCNCCc21,9.221848749616356
c1ccccc1Cc1nc(c2CCNCCc2n1)-c1ccc(F)cc1,9.221848749616356
Fc1ccc(cc1)CCCCN1CCN(CC1)c1ncc(cc1)C,6.86005797693002
c1cc(N2CCN(CCCCc3ccc(cc3)F)CC2)ncc1C,6.86005797693002
Cc1ccc(N2CCN(CC2)CCCCc2ccc(F)cc2)nc1,6.86005797693002
C(N1CCN(c2ccc(cn2)C)CC1)CCCc1ccc(cc1)F,6.86005797693002
c1(ccc(CCCCN2CCN(c3ncc(C)cc3)CC2)cc1)F,6.86005797693002
Fc1c(OC(c2nc(N3CCN(CC3)C)nc(N)n2)CC)cccc1Cl,6.679853713888946
n1c(C(Oc2cccc(c2F)Cl)CC)nc(N2CCN(C)CC2)nc1N,6.679853713888946
n1c(N)nc(C(Oc2c(F)c(Cl)ccc2)CC)nc1N1CCN(C)CC1,6.679853713888946
C(Oc1c(c(Cl)ccc1)F)(c1nc(N2CCN(CC2)C)nc(n1)N)CC,6.679853713888946
C(C(Oc1cccc(c1F)Cl)c1nc(N2CCN(CC2)C)nc(N)n1)C,6.679853713888946
N1(CCN(c2nc(N)nc(n2)C(Oc2cccc(F)c2Cl)CC)CC1)C,5.64994590642097
CN1CCN(c2nc(C(Oc3cccc(c3Cl)F)CC)nc(N)n2)CC1,5.64994590642097
c1(OC(CC)c2nc(N3CCN(CC3)C)nc(n2)N)cccc(F)c1Cl,5.64994590642097
Clc1c(F)cccc1OC(CC)c1nc(nc(n1)N1CCN(CC1)C)N,5.64994590642097
c1cc(F)c(Cl)c(c1)OC(c1nc(nc(N)n1)N1CCN(CC1)C)CC,5.64994590642097
C(Cc1ccc(c(OC)c1)OC)N(CCCc1c(OC)cccc1)CCc1cc2OCOc2cc1,6.853871964321762
C(Cc1ccc(OC)c(c1)OC)N(CCc1cc2c(OCO2)cc1)CCCc1ccccc1OC,6.853871964321762
c1(c(cc(cc1)CCN(CCc1cc2c(cc1)OCO2)CCCc1c(cccc1)OC)OC)OC,6.853871964321762
c1(CCN(CCCc2c(cccc2)OC)CCc2ccc3OCOc3c2)ccc(c(OC)c1)OC,6.853871964321762
c1c(ccc2c1OCO2)CCN(CCCc1ccccc1OC)CCc1ccc(c(OC)c1)OC,6.853871964321762
CCCOc1cccc2C(N3CCNCC3Cc12)=O,5.839231438138872
c1(cccc2C(N3CCNCC3Cc12)=O)OCCC,5.839231438138872
C1c2c(OCCC)cccc2C(=O)N2C1CNCC2,5.839231438138872
C12N(C(=O)c3c(C2)c(ccc3)OCCC)CCNC1,5.839231438138872
C1CNCC2N1C(c1cccc(c1C2)OCCC)=O,5.839231438138872
C1C2(CCc3c(c(F)ccc3)O2)CCN(CCc2c(F)cc(F)cc2)C1,8.481486060122112
c12c(OC3(CC1)CCN(CC3)CCc1c(F)cc(F)cc1)c(F)ccc2,8.481486060122112
C12(Oc3c(CC1)cccc3F)CCN(CC2)CCc1ccc(cc1F)F,8.481486060122112
c1(F)ccc(CCN2CCC3(CC2)Oc2c(F)cccc2CC3)c(c1)F,8.481486060122112
O1c2c(CCC31CCN(CCc1c(F)cc(cc1)F)CC3)cccc2F,8.481486060122112
c1(ccc(cc1)F)C(CCCN1CC2C(CC1)N1c3c2cccc3N(C(C)C)CC1)=O,8.1249387366083
CC(N1c2cccc3C4CN(CCC4N(CC1)c32)CCCC(c1ccc(F)cc1)=O)C,8.1249387366083
Fc1ccc(cc1)C(=O)CCCN1CCC2N3c4c(cccc4C2C1)N(C(C)C)CC3,8.1249387366083
N1(c2c3N(C4CCN(CC4c3ccc2)CCCC(c2ccc(F)cc2)=O)CC1)C(C)C,8.1249387366083
c1cc(ccc1C(CCCN1CC2C(N3CCN(C(C)C)c4cccc2c43)CC1)=O)F,8.1249387366083
c1c(cccc1CCCN(CCc1cc2OCOc2cc1)CCc1cc(OC)c(OC)cc1)OC,6.698970004336019
c1(OC)cc(ccc1)CCCN(CCc1cc2c(OCO2)cc1)CCc1ccc(c(OC)c1)OC,6.698970004336019
C(CN(CCc1ccc(c(OC)c1)OC)CCc1ccc2OCOc2c1)Cc1cccc(c1)OC,6.698970004336019
C(CN(CCc1ccc2c(OCO2)c1)CCc1ccc(c(OC)c1)OC)Cc1cc(OC)ccc1,6.698970004336019
c1(c(OC)cc(cc1)CCN(CCCc1cccc(OC)c1)CCc1cc2c(OCO2)cc1)OC,6.698970004336019
c1(cc2c3C(Cc4cccc(c4-c3c1)OCCF)N(CC2)C)OC,5.943857737940948
c1c(cc2c3C(N(CCc31)C)Cc1c-2c(OCCF)ccc1)OC,5.943857737940948
c1ccc(OCCF)c2c1CC1N(C)CCc3cc(OC)cc-2c13,5.943857737940948
c1(c2-c3cc(cc4c3C(Cc2ccc1)N(C)CC4)OC)OCCF,5.943857737940948
c12c3c(cc(OC)c1)-c1c(cccc1OCCF)CC3N(C)CC2,5.943857737940948
C1(CN(CCC=1)C)c1c2c([nH]c1)c(c(F)cc2)Cl,7.815308569182402
C1=C(c2c[nH]c3c(Cl)c(F)ccc23)CN(CC1)C,7.815308569182402
C1CCN(CC=1c1c[nH]c2c1ccc(F)c2Cl)C,7.815308569182402
c1(c2ccc(F)c(c2[nH]c1)Cl)C1CN(CCC=1)C,7.815308569182402
c1(Cl)c2[nH]cc(c2ccc1F)C1CN(CCC=1)C,7.815308569182402
C1CN(CCN1CC1Cc2c(cccc2)C(C1)=O)c1ncccc1,6.009998764965339
C1(CC(Cc2c1cccc2)CN1CCN(c2ccccn2)CC1)=O,6.009998764965339
n1ccccc1N1CCN(CC1)CC1Cc2c(C(C1)=O)cccc2,6.009998764965339
O=C1c2ccccc2CC(C1)CN1CCN(c2ncccc2)CC1,6.009998764965339
c12C(CC(CN3CCN(c4ccccn4)CC3)Cc2cccc1)=O,6.009998764965339
C1N(C)C2C(=CC1C(N(CC)CCF)=O)c1c3c(ccc1)[nH]cc3C2,9.468521082957745
c12C3C(N(CC(C=3)C(N(CCF)CC)=O)C)Cc3c2c(ccc1)[nH]c3,9.468521082957745
c12[nH]cc3CC4N(C)CC(C=C4c(c32)ccc1)C(=O)N(CCF)CC,9.468521082957745
C1c2c[nH]c3c2c(C2=CC(C(N(CC)CCF)=O)CN(C)C12)ccc3,9.468521082957745
C(N(C(=O)C1CN(C2C(=C1)c1c3c(C2)c[nH]c3ccc1)C)CC)CF,9.468521082957745
C1n2c3c(n(c(n(C)c3=O)=O)C)nc2N(CCC1)CCCN1CCN(CC1)c1ccccc1,6.58799330475894
c1(c2c(nc3N(CCCN4CCN(c5ccccc5)CC4)CCCCn32)n(c(=O)n1C)C)=O,6.58799330475894
c12N(CCCCn1c1c(=O)n(C)c(=O)n(C)c1n2)CCCN1CCN(CC1)c1ccccc1,6.58799330475894
C1CN(CCN1c1ccccc1)CCCN1CCCCn2c3c(nc12)n(C)c(n(c3=O)C)=O,6.58799330475894
O=c1n(c(=O)c2n3c(N(CCCN4CCN(CC4)c4ccccc4)CCCC3)nc2n1C)C,6.58799330475894
c12ccccc2c(cn(-c2cccc(OC)c2)c1=O)C(N(c1cccc(c1)Cl)C)=O,4.5379016188648444
c1ccc(N(C)C(=O)c2c3c(c(n(c2)-c2cccc(OC)c2)=O)cccc3)cc1Cl,4.5379016188648444
C(=O)(c1cn(c(=O)c2ccccc21)-c1cc(OC)ccc1)N(c1cccc(Cl)c1)C,4.5379016188648444
C(N(c1cc(ccc1)Cl)C)(c1c2c(c(n(c1)-c1cccc(OC)c1)=O)cccc2)=O,4.5379016188648444
COc1cc(-n2c(c3c(cccc3)c(C(N(C)c3cccc(c3)Cl)=O)c2)=O)ccc1,4.5379016188648444
O=c1oc2c(ccc(c2C(C)=O)OCCCCN2CCN(c3cccc(OC)c3)CC2)c(c1)C,6.860120913598763
c1c(c(c2c(c1)c(C)cc(o2)=O)C(C)=O)OCCCCN1CCN(c2cccc(c2)OC)CC1,6.860120913598763
o1c(=O)cc(C)c2ccc(c(C(C)=O)c21)OCCCCN1CCN(c2cccc(OC)c2)CC1,6.860120913598763
c1(OC)cccc(N2CCN(CC2)CCCCOc2ccc3c(oc(cc3C)=O)c2C(C)=O)c1,6.860120913598763
N1(CCN(c2cccc(OC)c2)CC1)CCCCOc1c(C(=O)C)c2c(cc1)c(cc(=O)o2)C,6.860120913598763
C1CC(c2cccc3occc23)CCN1CCC1CCC(CC1)NC(C)=O,8.167491087293763
C1CN(CCC2CCC(CC2)NC(=O)C)CCC1c1c2c(occ2)ccc1,8.167491087293763
c1cc2c(cco2)c(C2CCN(CCC3CCC(NC(C)=O)CC3)CC2)c1,8.167491087293763
C(NC1CCC(CCN2CCC(c3c4c(occ4)ccc3)CC2)CC1)(=O)C,8.167491087293763
C1C(CCN2CCC(c3cccc4occc34)CC2)CCC(NC(C)=O)C1,8.167491087293763
C1N(c2c3c(ccc(c3)F)ccc2)CCN(CCCOc2ccc3CNCc3c2)C1,9.142667503568731
c1ccc2c(cc(F)cc2)c1N1CCN(CCCOc2cc3c(CNC3)cc2)CC1,9.142667503568731
c1c2c(cc(c1)OCCCN1CCN(CC1)c1c3cc(F)ccc3ccc1)CNC2,9.142667503568731
c1cc(N2CCN(CCCOc3ccc4CNCc4c3)CC2)c2c(ccc(F)c2)c1,9.142667503568731
c1c2c(N3CCN(CC3)CCCOc3ccc4c(c3)CNC4)cccc2ccc1F,9.142667503568731
c1ccc2c(cccc2c1)N1CCN(CC1)CCCOc1c(C)c2C(NCc2cc1)=O,8.025488307262671
c1(C)c2c(CNC2=O)ccc1OCCCN1CCN(c2c3ccccc3ccc2)CC1,8.025488307262671
c1c2cccc(N3CCN(CCCOc4c(C)c5c(cc4)CNC5=O)CC3)c2ccc1,8.025488307262671
c12c(C(=O)NC2)c(c(cc1)OCCCN1CCN(CC1)c1cccc2c1cccc2)C,8.025488307262671
c12C(NCc1ccc(OCCCN1CCN(CC1)c1cccc3c1cccc3)c2C)=O,8.025488307262671
c1c2n(ccc(c2)-n2nnc(CCCCN3CCN(CC3)c3c(c(ccc3)Cl)Cl)c2)nc1,9.193820026016112
N1(CCN(c2cccc(Cl)c2Cl)CC1)CCCCc1nnn(-c2ccn3nccc3c2)c1,9.193820026016112
c1c(N2CCN(CCCCc3cn(nn3)-c3ccn4nccc4c3)CC2)c(Cl)c(cc1)Cl,9.193820026016112
n12c(ccn1)cc(cc2)-n1cc(CCCCN2CCN(CC2)c2cccc(c2Cl)Cl)nn1,9.193820026016112
c1(CCCCN2CCN(c3cccc(c3Cl)Cl)CC2)nnn(-c2ccn3nccc3c2)c1,9.193820026016112
C1=C(CNCC1)c1n[nH]c2ccc(Cl)cc21,7.5968794788241825
C1C(c2c3c(ccc(c3)Cl)[nH]n2)=CCCN1,7.5968794788241825
c1cc2c(cc1Cl)c(C1=CCCNC1)n[nH]2,7.5968794788241825
C1CNCC(c2n[nH]c3ccc(cc32)Cl)=C1,7.5968794788241825
Clc1cc2c(cc1)[nH]nc2C1CNCCC=1,7.5968794788241825
C1CC(CCC1NC(c1[nH]ccc1)=O)CCN1CCN(c2nsc3c2cccc3)CC1,9.537602002101044
C1CN(CCC2CCC(NC(c3ccc[nH]3)=O)CC2)CCN1c1c2c(sn1)cccc2,9.537602002101044
C(CN1CCN(c2nsc3ccccc32)CC1)C1CCC(NC(=O)c2ccc[nH]2)CC1,9.537602002101044
C1CN(CCN1c1c2ccccc2sn1)CCC1CCC(NC(c2[nH]ccc2)=O)CC1,9.537602002101044
C1CN(CCC2CCC(CC2)NC(=O)c2ccc[nH]2)CCN1c1c2c(sn1)cccc2,9.537602002101044
c1nn(C)c(-c2cc(ccc2OCCN2CCCCC2)NC(Nc2c(cccc2)F)=O)c1,8.214670164989233
c1(c(F)cccc1)NC(Nc1ccc(c(c1)-c1ccnn1C)OCCN1CCCCC1)=O,8.214670164989233
C1N(CCOc2c(-c3ccnn3C)cc(cc2)NC(Nc2c(F)cccc2)=O)CCCC1,8.214670164989233
c1(NC(Nc2ccccc2F)=O)cc(c(OCCN2CCCCC2)cc1)-c1n(ncc1)C,8.214670164989233
N1(CCOc2ccc(cc2-c2n(C)ncc2)NC(=O)Nc2ccccc2F)CCCCC1,8.214670164989233
N1(CCN(CC1)CCC1CCC(NC(=O)CCOC)CC1)c1c2c(OCC2)ccn1,7.617982957425132
O=C(CCOC)NC1CCC(CC1)CCN1CCN(CC1)c1c2c(OCC2)ccn1,7.617982957425132
O=C(NC1CCC(CC1)CCN1CCN(CC1)c1c2CCOc2ccn1)CCOC,7.617982957425132
C1CN(CCN1c1c2c(ccn1)OCC2)CCC1CCC(NC(=O)CCOC)CC1,7.617982957425132
N1(CCN(CCC2CCC(CC2)NC(=O)CCOC)CC1)c1nccc2c1CCO2,7.617982957425132
CN1CCN(CC1)c1nc(C(C)Oc2cccc(Cl)c2F)nc(n1)N,6.94692155651658
Fc1c(cccc1OC(c1nc(nc(n1)N1CCN(C)CC1)N)C)Cl,6.94692155651658
C1N(CCN(C1)c1nc(N)nc(n1)C(Oc1c(F)c(ccc1)Cl)C)C,6.94692155651658
n1c(nc(nc1N1CCN(C)CC1)C(C)Oc1cccc(c1F)Cl)N,6.94692155651658
c1cc(OC(c2nc(N3CCN(C)CC3)nc(N)n2)C)c(F)c(c1)Cl,6.94692155651658
C(CCN1CCN(c2c3cc(ccc3ccc2)F)CC1)COc1cc2c(cc1)CNC2=O,7.943095148663527
c1c(cc2C(NCc2c1)=O)OCCCCN1CCN(CC1)c1cccc2c1cc(cc2)F,7.943095148663527
c1c2c(ccc1F)cccc2N1CCN(CCCCOc2cc3c(CNC3=O)cc2)CC1,7.943095148663527
c1cc2c(c(ccc2)N2CCN(CC2)CCCCOc2ccc3CNC(c3c2)=O)cc1F,7.943095148663527
O(CCCCN1CCN(CC1)c1c2c(ccc(c2)F)ccc1)c1ccc2CNC(=O)c2c1,7.943095148663527
C1N(CCC(C1)c1c2c(cccc2)on1)CCN(CC)C(C(O)C)=O,8.193820026016112
C1C(c2noc3ccccc32)CCN(CCN(C(C(O)C)=O)CC)C1,8.193820026016112
c12c(cccc1)c(no2)C1CCN(CC1)CCN(C(=O)C(O)C)CC,8.193820026016112
C(N1CCC(CC1)c1noc2ccccc12)CN(C(C(C)O)=O)CC,8.193820026016112
C1(CCN(CC1)CCN(CC)C(=O)C(C)O)c1noc2c1cccc2,8.193820026016112
N1(CCC2CCC(NS(=O)(CC)=O)CC2)CCN(c2c3ccsc3ccn2)CC1,8.537602002101044
C1CN(CCN1c1nccc2sccc21)CCC1CCC(CC1)NS(CC)(=O)=O,8.537602002101044
c12c(N3CCN(CC3)CCC3CCC(NS(=O)(CC)=O)CC3)nccc2scc1,8.537602002101044
C(S(NC1CCC(CCN2CCN(CC2)c2c3c(ccn2)scc3)CC1)(=O)=O)C,8.537602002101044
n1ccc2sccc2c1N1CCN(CC1)CCC1CCC(CC1)NS(CC)(=O)=O,8.537602002101044
N1(CCN(CC1)CCCCNC(=O)c1oc2ccccc2c1)c1ccccc1OC,5.958607314841775
C1CN(CCN1CCCCNC(=O)c1oc2c(cccc2)c1)c1ccccc1OC,5.958607314841775
C1N(CCN(c2c(OC)cccc2)C1)CCCCNC(c1oc2c(c1)cccc2)=O,5.958607314841775
O=C(NCCCCN1CCN(CC1)c1c(cccc1)OC)c1oc2ccccc2c1,5.958607314841775
o1c2c(cc1C(=O)NCCCCN1CCN(c3c(cccc3)OC)CC1)cccc2,5.958607314841775
N(C(=O)COC)C1CCC(CC1)CCN1CCC(CC1)c1cccc2c1cco2,8.3767507096021
N(C(=O)COC)C1CCC(CCN2CCC(CC2)c2c3ccoc3ccc2)CC1,8.3767507096021
N1(CCC2CCC(CC2)NC(=O)COC)CCC(CC1)c1cccc2c1cco2,8.3767507096021
C1(CCN2CCC(c3c4ccoc4ccc3)CC2)CCC(NC(=O)COC)CC1,8.3767507096021
C(COC)(=O)NC1CCC(CCN2CCC(c3c4ccoc4ccc3)CC2)CC1,8.3767507096021
c1(C(F)(F)F)cc(cc(-c2[nH]c3c(c2CCN(CC)C)cccc3)c1)C(F)(F)F,9.721246399047171
N(CCc1c2c(cccc2)[nH]c1-c1cc(C(F)(F)F)cc(c1)C(F)(F)F)(C)CC,9.721246399047171
c12c([nH]c(c1CCN(C)CC)-c1cc(cc(c1)C(F)(F)F)C(F)(F)F)cccc2,9.721246399047171
FC(F)(c1cc(-c2[nH]c3ccccc3c2CCN(C)CC)cc(c1)C(F)(F)F)F,9.721246399047171
c1(-c2cc(C(F)(F)F)cc(C(F)(F)F)c2)[nH]c2c(cccc2)c1CCN(C)CC,9.721246399047171
c12c(CC(CC1=O)CN1CCC(CC1)C(=O)c1ccc(F)cc1)cc(cc2)OC,7.8217906967103215
C1C(CCN(CC2CC(=O)c3ccc(cc3C2)OC)C1)C(=O)c1ccc(F)cc1,7.8217906967103215
c12cc(ccc2C(CC(CN2CCC(CC2)C(c2ccc(cc2)F)=O)C1)=O)OC,7.8217906967103215
c1cc(OC)cc2CC(CC(=O)c12)CN1CCC(CC1)C(c1ccc(F)cc1)=O,7.8217906967103215
c1(ccc2c(CC(CN3CCC(C(c4ccc(cc4)F)=O)CC3)CC2=O)c1)OC,7.8217906967103215
c1(O)c2c(CCN(C)C)cn(c2ccc1)CCCC,6.508638306165727
C(CCn1c2c(c(O)ccc2)c(CCN(C)C)c1)C,6.508638306165727
c1(cccc2n(cc(c21)CCN(C)C)CCCC)O,6.508638306165727
C(CCC)n1cc(CCN(C)C)c2c(cccc12)O,6.508638306165727
CCCCn1c2c(c(O)ccc2)c(c1)CCN(C)C,6.508638306165727
c12cc(OCC)ccc1Nc1c(cc(Cl)cc1)N=C2C1=CC(N(C)CC1)C,10.040958607678906
N1(CCC(=CC1C)C1c2c(ccc(c2)OCC)Nc2c(N=1)cc(Cl)cc2)C,10.040958607678906
O(c1cc2c(Nc3ccc(Cl)cc3N=C2C2CCN(C)C(C)C=2)cc1)CC,10.040958607678906
C1(C2CCN(C(C=2)C)C)c2c(ccc(OCC)c2)Nc2ccc(cc2N=1)Cl,10.040958607678906
C1(C2CCN(C)C(C=2)C)c2cc(ccc2Nc2ccc(Cl)cc2N=1)OCC,10.040958607678906
c1(cccc(N2CCN(CCCCNC(=O)c3ncc4ccccc4c3)CC2)c1)OC,7.481486060122112
c12ccccc2cnc(C(NCCCCN2CCN(c3cc(OC)ccc3)CC2)=O)c1,7.481486060122112
C1CN(CCN1c1cccc(c1)OC)CCCCNC(c1cc2c(cccc2)cn1)=O,7.481486060122112
N1(CCN(CC1)CCCCNC(=O)c1ncc2ccccc2c1)c1cccc(c1)OC,7.481486060122112
C1CN(c2cc(OC)ccc2)CCN1CCCCNC(=O)c1cc2ccccc2cn1,7.481486060122112
c1(C2CCN(CCC3CCC(CC3)NC(C3CCC3)=O)CC2)cccc2OCCc21,7.690369832574102
N1(CCC2CCC(NC(C3CCC3)=O)CC2)CCC(CC1)c1c2c(OCC2)ccc1,7.690369832574102
c1cc2OCCc2c(C2CCN(CC2)CCC2CCC(CC2)NC(=O)C2CCC2)c1,7.690369832574102
C1N(CCC(C1)c1c2c(OCC2)ccc1)CCC1CCC(CC1)NC(=O)C1CCC1,7.690369832574102
O=C(NC1CCC(CCN2CCC(CC2)c2cccc3c2CCO3)CC1)C1CCC1,7.690369832574102
c1c(F)ccc(c1)C(=O)CN1CCN(CC1)C(c1c(Br)c(n(C)n1)C)=O,8.337242168318426
Cc1c(c(C(N2CCN(CC(c3ccc(cc3)F)=O)CC2)=O)nn1C)Br,8.337242168318426
c1cc(C(CN2CCN(C(=O)c3nn(C)c(C)c3Br)CC2)=O)ccc1F,8.337242168318426
C1N(CC(=O)c2ccc(F)cc2)CCN(C(c2nn(C)c(C)c2Br)=O)C1,8.337242168318426
O=C(c1nn(C)c(C)c1Br)N1CCN(CC1)CC(=O)c1ccc(F)cc1,8.337242168318426
N1(CCN(CC1)c1ccccc1OC)CCCOc1ccc2c(cc(oc2c1)=O)C,6.760000207113128
o1c(cc(C)c2ccc(OCCCN3CCN(CC3)c3ccccc3OC)cc12)=O,6.760000207113128
c1c(c(ccc1)N1CCN(CCCOc2cc3c(c(C)cc(=O)o3)cc2)CC1)OC,6.760000207113128
C1N(CCN(CCCOc2ccc3c(C)cc(oc3c2)=O)C1)c1c(OC)cccc1,6.760000207113128
N1(CCN(c2c(OC)cccc2)CC1)CCCOc1cc2oc(=O)cc(C)c2cc1,6.760000207113128
Fc1c(S(=O)(C2(F)CCN(CC2)CCc2c(F)cc(F)cc2)=O)cccc1,9.494850021680094
Fc1ccccc1S(C1(F)CCN(CCc2c(F)cc(cc2)F)CC1)(=O)=O,9.494850021680094
c1(c(cccc1)S(=O)(=O)C1(F)CCN(CCc2c(cc(cc2)F)F)CC1)F,9.494850021680094
c1(CCN2CCC(S(c3c(F)cccc3)(=O)=O)(CC2)F)ccc(F)cc1F,9.494850021680094
C1N(CCc2ccc(cc2F)F)CCC(C1)(S(c1c(F)cccc1)(=O)=O)F,9.494850021680094
C1CN(c2c(cccc2)SC)CCN1CCCCNC(=O)c1[nH]nc2c1cccc2,6.747146969020107
C1N(CCCCNC(=O)c2[nH]nc3c2cccc3)CCN(C1)c1ccccc1SC,6.747146969020107
c1c(N2CCN(CCCCNC(c3[nH]nc4ccccc43)=O)CC2)c(ccc1)SC,6.747146969020107
N1(CCN(CC1)CCCCNC(=O)c1c2c(cccc2)n[nH]1)c1c(SC)cccc1,6.747146969020107
c1ccc(c(N2CCN(CCCCNC(c3c4ccccc4n[nH]3)=O)CC2)c1)SC,6.747146969020107
c12cc(F)ccc1c(no2)C1CCN(CCC2CCC(NS(CC)(=O)=O)CC2)CC1,8.778846678045294
C1C(c2c3ccc(cc3on2)F)CCN(CCC2CCC(CC2)NS(CC)(=O)=O)C1,8.778846678045294
C1(NS(=O)(=O)CC)CCC(CC1)CCN1CCC(CC1)c1noc2cc(F)ccc21,8.778846678045294
N(S(=O)(CC)=O)C1CCC(CCN2CCC(c3noc4c3ccc(c4)F)CC2)CC1,8.778846678045294
c1cc(F)cc2c1c(C1CCN(CC1)CCC1CCC(NS(=O)(CC)=O)CC1)no2,8.778846678045294
c12cc(F)ccc2c(no1)C1CCN(CC1)CCCNS(=O)(=O)c1cc(c(cc1)Cl)Cl,8.657577319177793
c1(F)cc2onc(C3CCN(CC3)CCCNS(=O)(=O)c3cc(c(Cl)cc3)Cl)c2cc1,8.657577319177793
c12c(noc1cc(cc2)F)C1CCN(CCCNS(=O)(=O)c2cc(Cl)c(Cl)cc2)CC1,8.657577319177793
N1(CCC(c2c3c(on2)cc(cc3)F)CC1)CCCNS(c1cc(Cl)c(Cl)cc1)(=O)=O,8.657577319177793
C1N(CCC(C1)c1c2c(on1)cc(cc2)F)CCCNS(=O)(c1ccc(c(Cl)c1)Cl)=O,8.657577319177793
C(C)(N(CCN1CCC(c2noc3cc(F)ccc23)CC1)C(=O)C(C)O)C,8.67778070526608
C1N(CCN(C(=O)C(C)O)C(C)C)CCC(C1)c1c2ccc(cc2on1)F,8.67778070526608
Fc1ccc2c(noc2c1)C1CCN(CCN(C(C)C)C(=O)C(C)O)CC1,8.67778070526608
C(CN1CCC(CC1)c1c2ccc(cc2on1)F)N(C(C)C)C(C(O)C)=O,8.67778070526608
C1C(c2noc3cc(F)ccc32)CCN(C1)CCN(C(C(O)C)=O)C(C)C,8.67778070526608
C1C(NC(=O)C2CCOCC2)CCC(CCN2CCN(c3ncc(c4c3CCO4)C)CC2)C1,7.705533773838407
c1nc(c2CCOc2c1C)N1CCN(CCC2CCC(NC(=O)C3CCOCC3)CC2)CC1,7.705533773838407
C1C(C(NC2CCC(CCN3CCN(c4c5CCOc5c(cn4)C)CC3)CC2)=O)CCOC1,7.705533773838407
C1C(C(NC2CCC(CC2)CCN2CCN(c3ncc(c4c3CCO4)C)CC2)=O)CCOC1,7.705533773838407
C(CC1CCC(NC(=O)C2CCOCC2)CC1)N1CCN(c2c3CCOc3c(C)cn2)CC1,7.705533773838407
C1CC(CCN1CCc1ccccc1)COc1c2cn(C(C)C)cc2c2c(cccc2)n1,7.0
c1ccc2c3c(c(OCC4CCN(CC4)CCc4ccccc4)nc2c1)cn(c3)C(C)C,7.0
c1cc(CCN2CCC(CC2)COc2c3cn(cc3c3c(cccc3)n2)C(C)C)ccc1,7.0
c1cc(CCN2CCC(COc3nc4ccccc4c4c3cn(c4)C(C)C)CC2)ccc1,7.0
N1(CCc2ccccc2)CCC(COc2nc3ccccc3c3c2cn(C(C)C)c3)CC1,7.0
c1nc2C(N3CC(N(C(C3)C)CCC(O)=O)C)=Cc3ccccc3Cn2c1,7.400007822415902
c12Cn3ccnc3C(=Cc1cccc2)N1CC(N(C(C)C1)CCC(=O)O)C,7.400007822415902
C1N(CC(N(CCC(O)=O)C1C)C)C1=Cc2ccccc2Cn2ccnc21,7.400007822415902
n1ccn2c1C(=Cc1ccccc1C2)N1CC(N(C(C1)C)CCC(O)=O)C,7.400007822415902
OC(=O)CCN1C(CN(C2=Cc3ccccc3Cn3ccnc32)CC1C)C,7.400007822415902
O=S(NC1CCC(CC1)CCN1CCN(c2c3ccccc3sn2)CC1)(c1sc(C(C)(C)C)cc1)=O,8.276134035556495
c1cc(sc1C(C)(C)C)S(NC1CCC(CC1)CCN1CCN(CC1)c1c2c(cccc2)sn1)(=O)=O,8.276134035556495
C(CC1CCC(CC1)NS(=O)(c1ccc(C(C)(C)C)s1)=O)N1CCN(CC1)c1c2c(cccc2)sn1,8.276134035556495
C1C(CCC(NS(c2sc(C(C)(C)C)cc2)(=O)=O)C1)CCN1CCN(CC1)c1nsc2ccccc12,8.276134035556495
C1N(c2c3ccccc3sn2)CCN(CCC2CCC(NS(=O)(=O)c3sc(cc3)C(C)(C)C)CC2)C1,8.276134035556495
C(N1CCC(CC1)c1c2c(cccc2)on1)CN1CCc2nc(ncc2C1=O)OC,8.073143291050307
c1cccc2c(C3CCN(CCN4C(c5c(nc(nc5)OC)CC4)=O)CC3)noc21,8.073143291050307
C1(=O)N(CCN2CCC(CC2)c2noc3ccccc32)CCc2nc(ncc12)OC,8.073143291050307
n1c2CCN(CCN3CCC(CC3)c3c4c(cccc4)on3)C(c2cnc1OC)=O,8.073143291050307
c12ccccc1c(C1CCN(CC1)CCN1CCc3nc(ncc3C1=O)OC)no2,8.073143291050307
O=C(C(F)(F)CO)N(CCN1CCC(c2noc3c2ccc(F)c3)CC1)CC,9.045757490560675
C1N(CCN(CC)C(C(F)(F)CO)=O)CCC(C1)c1noc2c1ccc(F)c2,9.045757490560675
c12ccc(F)cc2onc1C1CCN(CC1)CCN(CC)C(=O)C(CO)(F)F,9.045757490560675
CCN(C(C(F)(F)CO)=O)CCN1CCC(CC1)c1noc2c1ccc(c2)F,9.045757490560675
n1c(C2CCN(CCN(CC)C(=O)C(F)(CO)F)CC2)c2ccc(cc2o1)F,9.045757490560675
c1(ccc(c(c1)OC)OC)CCN(CCc1cc2OCOc2cc1)CCCc1ccc(cc1)Br,6.655607726314889
c1c(ccc(Br)c1)CCCN(CCc1cc(c(cc1)OC)OC)CCc1cc2OCOc2cc1,6.655607726314889
c1c2OCOc2cc(c1)CCN(CCc1ccc(OC)c(c1)OC)CCCc1ccc(Br)cc1,6.655607726314889
c1c(cc(c(OC)c1)OC)CCN(CCc1cc2OCOc2cc1)CCCc1ccc(Br)cc1,6.655607726314889
c1(cc2OCOc2cc1)CCN(CCc1ccc(OC)c(OC)c1)CCCc1ccc(Br)cc1,6.655607726314889
N1(c2cccc3c2OCO3)CCN(CCC2CCC(NC(=O)C3(OC)CC3)CC2)CC1,8.202732459169283
C(C1CCC(NC(C2(CC2)OC)=O)CC1)CN1CCN(c2c3c(ccc2)OCO3)CC1,8.202732459169283
c1ccc2OCOc2c1N1CCN(CCC2CCC(CC2)NC(=O)C2(OC)CC2)CC1,8.202732459169283
C1N(CCN(C1)c1c2c(ccc1)OCO2)CCC1CCC(CC1)NC(=O)C1(CC1)OC,8.202732459169283
O=C(NC1CCC(CCN2CCN(CC2)c2cccc3OCOc32)CC1)C1(CC1)OC,8.202732459169283
c1c(ccc2c1onc2C1CCN(CC1)CCCOc1ccc(NC(C)=O)cc1)F,8.10790539730952
c12ccc(cc1onc2C1CCN(CC1)CCCOc1ccc(cc1)NC(=O)C)F,8.10790539730952
c12c(C3CCN(CC3)CCCOc3ccc(NC(=O)C)cc3)noc1cc(F)cc2,8.10790539730952
c1c(cc2onc(C3CCN(CC3)CCCOc3ccc(cc3)NC(=O)C)c2c1)F,8.10790539730952
C(Oc1ccc(cc1)NC(=O)C)CCN1CCC(c2noc3cc(F)ccc23)CC1,8.10790539730952
c1c2c(ccc1)snc2N1CCN(CC1)CCN1CCCc2c(nn(C)c2)C1=O,8.744727494896694
c1cc2c(cc1)snc2N1CCN(CCN2CCCc3cn(C)nc3C2=O)CC1,8.744727494896694
C1(N(CCN2CCN(CC2)c2c3c(sn2)cccc3)CCCc2cn(nc12)C)=O,8.744727494896694
c1c2c(c(ns2)N2CCN(CCN3CCCc4cn(nc4C3=O)C)CC2)ccc1,8.744727494896694
c12ccccc1snc2N1CCN(CCN2C(c3c(cn(n3)C)CCC2)=O)CC1,8.744727494896694
Clc1ccc(c(OC(CC)c2nc(nc(n2)N2CCN(CC2)C)N)c1)Cl,6.316352692858534
n1c(nc(nc1N1CCN(CC1)C)C(CC)Oc1c(Cl)ccc(Cl)c1)N,6.316352692858534
c1c(OC(c2nc(nc(n2)N)N2CCN(C)CC2)CC)c(ccc1Cl)Cl,6.316352692858534
n1c(N2CCN(CC2)C)nc(nc1C(Oc1cc(ccc1Cl)Cl)CC)N,6.316352692858534
C(Oc1cc(Cl)ccc1Cl)(c1nc(N2CCN(C)CC2)nc(n1)N)CC,6.316352692858534
C1CC(CCC1)Cn1c(cc(CNC)n1)OCc1ccc(cc1Cl)F,9.2839966563652
c1cc(COc2n(nc(CNC)c2)CC2CCCCC2)c(cc1F)Cl,9.2839966563652
C(NC)c1nn(c(OCc2ccc(cc2Cl)F)c1)CC1CCCCC1,9.2839966563652
C(c1c(cc(F)cc1)Cl)Oc1cc(CNC)nn1CC1CCCCC1,9.2839966563652
C1CCCC(C1)Cn1c(OCc2c(cc(F)cc2)Cl)cc(CNC)n1,9.2839966563652
C1CN(CCN1c1cccc2c1cccc2)CCCOc1cc2C(=O)NCc2cc1Cl,7.46344155742847
c1(OCCCN2CCN(CC2)c2c3ccccc3ccc2)c(cc2CNC(c2c1)=O)Cl,7.46344155742847
c12c(C(NC2)=O)cc(c(Cl)c1)OCCCN1CCN(c2cccc3c2cccc3)CC1,7.46344155742847
c1c(c2ccccc2cc1)N1CCN(CCCOc2cc3c(cc2Cl)CNC3=O)CC1,7.46344155742847
C1(=O)c2c(cc(c(c2)OCCCN2CCN(CC2)c2cccc3c2cccc3)Cl)CN1,7.46344155742847
C1(CC(=O)NC2CCC(CCN3CCC(c4noc5cc(Cl)ccc54)CC3)CC2)OCCCO1,7.753994095923971
c1c(cc2onc(c2c1)C1CCN(CC1)CCC1CCC(NC(CC2OCCCO2)=O)CC1)Cl,7.753994095923971
C(C(=O)NC1CCC(CCN2CCC(c3c4c(on3)cc(cc4)Cl)CC2)CC1)C1OCCCO1,7.753994095923971
O=C(NC1CCC(CC1)CCN1CCC(c2noc3cc(ccc32)Cl)CC1)CC1OCCCO1,7.753994095923971
C1CC(CCN1CCC1CCC(NC(=O)CC2OCCCO2)CC1)c1noc2c1ccc(Cl)c2,7.753994095923971
c1cccc2c1Oc1ccc(Br)cc1C1C2CC(O1)Cn1c2cc(N)ccc2o1,6.5934598195660445
c12Oc3c(C4C(c2cc(cc1)Br)OC(C4)Cn1c2c(ccc(N)c2)o1)cccc3,6.5934598195660445
c1cccc2Oc3ccc(Br)cc3C3OC(CC3c21)Cn1c2cc(ccc2o1)N,6.5934598195660445
O1c2ccccc2C2CC(Cn3c4c(o3)ccc(c4)N)OC2c2c1ccc(c2)Br,6.5934598195660445
c1cc2c(Oc3ccc(cc3C3C2CC(Cn2c4cc(N)ccc4o2)O3)Br)cc1,6.5934598195660445
c1ccc2N(CCCN(C)C)C(=O)c3ccccc3C=Cc2c1,4.767003889607846
c1c2c(N(CCCN(C)C)C(=O)c3c(cccc3)C=C2)ccc1,4.767003889607846
c12c(C(=O)N(CCCN(C)C)c3c(cccc3)C=C2)cccc1,4.767003889607846
C(CN1c2c(cccc2)C=Cc2c(C1=O)cccc2)CN(C)C,4.767003889607846
c1ccc2c(c1)N(CCCN(C)C)C(=O)c1c(C=C2)cccc1,4.767003889607846
N1(CCN(c2nsc3ccccc32)CC1)CCCCNS(c1ccc(c(c1)Cl)Cl)(=O)=O,7.920818753952375
N1(c2nsc3c2cccc3)CCN(CC1)CCCCNS(=O)(c1ccc(c(c1)Cl)Cl)=O,7.920818753952375
C(CNS(=O)(c1ccc(Cl)c(Cl)c1)=O)CCN1CCN(CC1)c1c2c(cccc2)sn1,7.920818753952375
c1(c2ccccc2sn1)N1CCN(CCCCNS(=O)(=O)c2ccc(c(c2)Cl)Cl)CC1,7.920818753952375
c1c2c(nsc2ccc1)N1CCN(CC1)CCCCNS(=O)(=O)c1ccc(Cl)c(Cl)c1,7.920818753952375
C(CCN1CCN(CC1)c1cccc(Cl)c1)N1CCCCn2c1nc1n(c(n(C)c(c21)=O)=O)C,6.480999396660359
C(N1c2nc3n(c(=O)n(C)c(=O)c3n2CCCC1)C)CCN1CCN(c2cc(Cl)ccc2)CC1,6.480999396660359
C1CN(CCCN2CCCCn3c4c(n(c(=O)n(c4nc23)C)C)=O)CCN1c1cc(Cl)ccc1,6.480999396660359
c1c(cc(N2CCN(CC2)CCCN2c3nc4n(C)c(=O)n(C)c(c4n3CCCC2)=O)cc1)Cl,6.480999396660359
C1N(CCN(C1)c1cc(ccc1)Cl)CCCN1c2n(CCCC1)c1c(n2)n(c(=O)n(c1=O)C)C,6.480999396660359
COc1nc(ccc1)N1CCN(CC1)CCCCNC(=O)c1ccccc1,6.958607314841775
c1cccc(C(NCCCCN2CCN(CC2)c2cccc(n2)OC)=O)c1,6.958607314841775
c1cc(N2CCN(CCCCNC(=O)c3ccccc3)CC2)nc(c1)OC,6.958607314841775
C1CN(CCN1CCCCNC(=O)c1ccccc1)c1cccc(OC)n1,6.958607314841775
N1(CCN(CC1)CCCCNC(c1ccccc1)=O)c1cccc(n1)OC,6.958607314841775
N1(CCN(CCC2CCC(CC2)NC(=O)CC2CCCCO2)CC1)c1cccc2c1OCO2,7.921543181946707
c12OCOc1cccc2N1CCN(CCC2CCC(NC(=O)CC3CCCCO3)CC2)CC1,7.921543181946707
C1Oc2c(c(N3CCN(CC3)CCC3CCC(NC(CC4OCCCC4)=O)CC3)ccc2)O1,7.921543181946707
C(=O)(NC1CCC(CC1)CCN1CCN(CC1)c1cccc2OCOc12)CC1OCCCC1,7.921543181946707
O1C(CC(=O)NC2CCC(CCN3CCN(CC3)c3c4c(ccc3)OCO4)CC2)CCCC1,7.921543181946707
C1Cc2ccccc2N(CCCNC)c2c1cccc2,6.795880017344075
c1ccc2c(CCc3ccccc3N2CCCNC)c1,6.795880017344075
c12ccccc2N(CCCNC)c2ccccc2CC1,6.795880017344075
c1ccc2c(c1)CCc1ccccc1N2CCCNC,6.795880017344075
CNCCCN1c2c(CCc3c1cccc3)cccc2,6.795880017344075
C1CC2CC1C(Cn1nc(cc1OCc1c(F)ccc(F)c1)CNC)C2,9.119186407719209
CNCc1cc(OCc2cc(ccc2F)F)n(CC2C3CCC(C2)C3)n1,9.119186407719209
C1C2CCC1C(Cn1nc(CNC)cc1OCc1cc(ccc1F)F)C2,9.119186407719209
c1(CNC)cc(n(CC2C3CCC(C3)C2)n1)OCc1c(ccc(F)c1)F,9.119186407719209
C1CC2CC1C(C2)Cn1c(cc(n1)CNC)OCc1cc(ccc1F)F,9.119186407719209
C(CCN1CCN(CC1)c1c2ccccc2ccc1)Oc1c(F)cc2c(c1)C(=O)NC2,7.493494967595128
C1N(CCCOc2cc3C(NCc3cc2F)=O)CCN(c2c3c(ccc2)cccc3)C1,7.493494967595128
N1C(c2c(cc(c(OCCCN3CCN(CC3)c3c4c(ccc3)cccc4)c2)F)C1)=O,7.493494967595128
Fc1c(cc2C(NCc2c1)=O)OCCCN1CCN(CC1)c1cccc2c1cccc2,7.493494967595128
C(N1CCN(c2c3ccccc3ccc2)CC1)CCOc1cc2c(cc1F)CNC2=O,7.493494967595128
N1(CCOCC1)c1nc2c(c(Nc3ccc(F)cc3)n1)cccc2,6.629357400043094
C1COCCN1c1nc2ccccc2c(Nc2ccc(cc2)F)n1,6.629357400043094
O1CCN(CC1)c1nc2c(c(n1)Nc1ccc(F)cc1)cccc2,6.629357400043094
n1c(c2ccccc2nc1N1CCOCC1)Nc1ccc(F)cc1,6.629357400043094
n1c2c(c(Nc3ccc(F)cc3)nc1N1CCOCC1)cccc2,6.629357400043094
c1(S(=O)(N2CCCC2CCN2CCN(CC2)c2c3cc[nH]c3ccc2)=O)cccc2ncccc12,6.345823458122039
n1c2c(ccc1)c(S(=O)(=O)N1C(CCN3CCN(c4cccc5c4cc[nH]5)CC3)CCC1)ccc2,6.345823458122039
[nH]1c2c(cc1)c(ccc2)N1CCN(CCC2N(S(=O)(c3c4cccnc4ccc3)=O)CCC2)CC1,6.345823458122039
c1cc(S(=O)(N2CCCC2CCN2CCN(CC2)c2cccc3c2cc[nH]3)=O)c2c(nccc2)c1,6.345823458122039
c1(S(N2C(CCC2)CCN2CCN(CC2)c2c3cc[nH]c3ccc2)(=O)=O)c2cccnc2ccc1,6.345823458122039
C1C(c2coc3ccccc23)CCN(CCC2CCC(NC(=O)C(CC)C)CC2)C1,8.18309616062434
c12occ(C3CCN(CCC4CCC(NC(C(C)CC)=O)CC4)CC3)c1cccc2,8.18309616062434
C1C(CCN2CCC(c3coc4ccccc34)CC2)CCC(NC(C(CC)C)=O)C1,8.18309616062434
C1(CCC(CC1)NC(=O)C(CC)C)CCN1CCC(c2coc3ccccc23)CC1,8.18309616062434
C(CC1CCC(CC1)NC(=O)C(CC)C)N1CCC(c2coc3c2cccc3)CC1,8.18309616062434
c1c(S(=O)(=O)n2cc(-c3nc([nH]c3C)N)c3ccccc23)cccc1,7.0
[nH]1c(nc(-c2c3c(cccc3)n(c2)S(=O)(=O)c2ccccc2)c1C)N,7.0
c1ccccc1S(=O)(=O)n1cc(c2ccccc12)-c1c([nH]c(n1)N)C,7.0
c12c(cn(S(c3ccccc3)(=O)=O)c2cccc1)-c1nc([nH]c1C)N,7.0
c1cccc2c1n(S(c1ccccc1)(=O)=O)cc2-c1nc([nH]c1C)N,7.0
C1C(CCC(C1)CCN1CCC(CC1)c1c2cc(F)c(Cl)cc2on1)NC(CC1CCCO1)=O,7.508638306165727
c1(C2CCN(CCC3CCC(NC(=O)CC4CCCO4)CC3)CC2)c2c(cc(Cl)c(c2)F)on1,7.508638306165727
c1c(F)c(cc2c1c(no2)C1CCN(CC1)CCC1CCC(CC1)NC(=O)CC1CCCO1)Cl,7.508638306165727
C1C(NC(=O)CC2OCCC2)CCC(C1)CCN1CCC(CC1)c1c2c(cc(Cl)c(c2)F)on1,7.508638306165727
C1N(CCC2CCC(NC(=O)CC3CCCO3)CC2)CCC(C1)c1noc2cc(c(F)cc12)Cl,7.508638306165727
c1(N2CCN(CC2)CCC2CCN(S(=O)(c3cccc4ncccc43)=O)CC2)cccc(c1)C(F)(F)F,6.275724130399211
C1CC(CCN1S(c1c2cccnc2ccc1)(=O)=O)CCN1CCN(c2cc(C(F)(F)F)ccc2)CC1,6.275724130399211
C1CN(CCN1CCC1CCN(S(=O)(c2cccc3c2cccn3)=O)CC1)c1cccc(C(F)(F)F)c1,6.275724130399211
c1c(cc(cc1)C(F)(F)F)N1CCN(CCC2CCN(S(=O)(=O)c3c4c(ccc3)nccc4)CC2)CC1,6.275724130399211
C1CN(S(=O)(c2c3c(ccc2)nccc3)=O)CCC1CCN1CCN(c2cccc(c2)C(F)(F)F)CC1,6.275724130399211
c1ccc(c2c1nc(cc2)C)N1CCN(CC1)CCc1cc(ccc1)NC(OC)=O,6.699991797446187
O(C)C(=O)Nc1cc(ccc1)CCN1CCN(CC1)c1c2ccc(nc2ccc1)C,6.699991797446187
c1(CCN2CCN(c3c4ccc(nc4ccc3)C)CC2)cccc(c1)NC(=O)OC,6.699991797446187
C1CN(CCc2cccc(NC(OC)=O)c2)CCN1c1cccc2nc(ccc12)C,6.699991797446187
c1c(nc2cccc(N3CCN(CCc4cc(ccc4)NC(=O)OC)CC3)c2c1)C,6.699991797446187
O(CCCN1CCN(CC1)c1c2c(cccc2ccc1)F)c1c(Cl)cc2CNC(c2c1)=O,8.053547734986926
c1ccc2c(c1N1CCN(CC1)CCCOc1c(Cl)cc3CNC(c3c1)=O)c(F)ccc2,8.053547734986926
c1cc(F)c2c(cccc2N2CCN(CCCOc3cc4c(cc3Cl)CNC4=O)CC2)c1,8.053547734986926
Clc1c(OCCCN2CCN(CC2)c2c3c(ccc2)cccc3F)cc2c(CNC2=O)c1,8.053547734986926
C1CN(c2c3c(ccc2)cccc3F)CCN1CCCOc1c(Cl)cc2CNC(=O)c2c1,8.053547734986926
Fc1c(c(ccc1)OC(CC)c1nc(nc(n1)N)N1CCN(C)CC1)F,5.5184140636323775
c1(cccc(F)c1F)OC(c1nc(nc(n1)N1CCN(C)CC1)N)CC,5.5184140636323775
c1c(F)c(F)c(OC(c2nc(N3CCN(C)CC3)nc(n2)N)CC)cc1,5.5184140636323775
CCC(c1nc(N)nc(n1)N1CCN(C)CC1)Oc1c(c(F)ccc1)F,5.5184140636323775
c1cc(F)c(c(c1)OC(CC)c1nc(nc(n1)N)N1CCN(CC1)C)F,5.5184140636323775
c1(C2CCCC2)c(OC)cc(c(c1)OC)CCN,6.872895201635193
O(c1cc(C2CCCC2)c(OC)cc1CCN)C,6.872895201635193
c1(c(OC)cc(CCN)c(c1)OC)C1CCCC1,6.872895201635193
COc1c(cc(c(c1)C1CCCC1)OC)CCN,6.872895201635193
c1c(OC)c(cc(c1CCN)OC)C1CCCC1,6.872895201635193
N1(CCN(CCN2CCN(CC2)C(=O)c2nn(c3c2cccc3)C)CC1)c1c(c(Cl)ccc1)Cl,5.7447274948966935
c1cccc2c(nn(C)c12)C(N1CCN(CC1)CCN1CCN(CC1)c1cccc(Cl)c1Cl)=O,5.7447274948966935
Clc1c(Cl)c(ccc1)N1CCN(CCN2CCN(C(c3nn(c4ccccc43)C)=O)CC2)CC1,5.7447274948966935
c1c(c(c(cc1)N1CCN(CCN2CCN(CC2)C(c2nn(C)c3c2cccc3)=O)CC1)Cl)Cl,5.7447274948966935
n1(C)c2ccccc2c(C(N2CCN(CCN3CCN(CC3)c3cccc(c3Cl)Cl)CC2)=O)n1,5.7447274948966935
CN1CCC(N(Cc2c(F)cc(cc2)Cl)C(OCc2ccc(cc2)OC(C)C)=O)CC1,9.300162274132754
O(C(=O)N(Cc1ccc(cc1F)Cl)C1CCN(CC1)C)Cc1ccc(OC(C)C)cc1,9.300162274132754
c1cc(c(cc1Cl)F)CN(C(OCc1ccc(cc1)OC(C)C)=O)C1CCN(C)CC1,9.300162274132754
N(Cc1c(cc(Cl)cc1)F)(C1CCN(CC1)C)C(=O)OCc1ccc(OC(C)C)cc1,9.300162274132754
c1c(ccc(CN(C(OCc2ccc(OC(C)C)cc2)=O)C2CCN(C)CC2)c1F)Cl,9.300162274132754
c1cccc(c1)CCN1CCC(C(c2ccccc2)O)CC1,8.60467360693065
c1cc(CCN2CCC(C(c3ccccc3)O)CC2)ccc1,8.60467360693065
C1(CCN(CCc2ccccc2)CC1)C(c1ccccc1)O,8.60467360693065
c1cc(C(O)C2CCN(CC2)CCc2ccccc2)ccc1,8.60467360693065
C(CN1CCC(C(O)c2ccccc2)CC1)c1ccccc1,8.60467360693065
c12CC(CN3CCC(c4c5c(on4)cc(F)cc5)CC3)CC(c1cnc(SC)n2)=O,8.33998877871067
c1cc(F)cc2c1c(C1CCN(CC3Cc4c(C(C3)=O)cnc(n4)SC)CC1)no2,8.33998877871067
O=C1CC(CN2CCC(CC2)c2c3c(on2)cc(cc3)F)Cc2nc(ncc21)SC,8.33998877871067
N1(CC2Cc3nc(ncc3C(C2)=O)SC)CCC(c2noc3c2ccc(c3)F)CC1,8.33998877871067
C(C1CC(=O)c2c(nc(SC)nc2)C1)N1CCC(CC1)c1c2ccc(F)cc2on1,8.33998877871067
C1C(c2noc3c2ccc(F)c3)CCN(C1)CCCOc1ccc(CN2CCOCC2)cc1Cl,8.244125144327509
C(CN1CCC(CC1)c1c2ccc(cc2on1)F)COc1c(cc(CN2CCOCC2)cc1)Cl,8.244125144327509
c1(ccc(OCCCN2CCC(CC2)c2noc3c2ccc(c3)F)c(c1)Cl)CN1CCOCC1,8.244125144327509
c1(c2ccc(F)cc2on1)C1CCN(CCCOc2c(Cl)cc(cc2)CN2CCOCC2)CC1,8.244125144327509
c1(F)cc2c(c(C3CCN(CC3)CCCOc3ccc(CN4CCOCC4)cc3Cl)no2)cc1,8.244125144327509
c1cc(cc(c1OCCN1CCCC1)-c1n(C)ncc1)NC(c1ccc(cc1)C(F)(F)F)=O,8.721246399047171
C(COc1c(-c2n(C)ncc2)cc(cc1)NC(=O)c1ccc(C(F)(F)F)cc1)N1CCCC1,8.721246399047171
c1(cc(NC(c2ccc(cc2)C(F)(F)F)=O)ccc1OCCN1CCCC1)-c1ccnn1C,8.721246399047171
c1cc(NC(c2ccc(C(F)(F)F)cc2)=O)cc(-c2ccnn2C)c1OCCN1CCCC1,8.721246399047171
FC(c1ccc(C(=O)Nc2ccc(OCCN3CCCC3)c(c2)-c2ccnn2C)cc1)(F)F,8.721246399047171
FC(c1cc2N(C(=O)Nc3cnc(cc3)CCc3ccccn3)CCc2cc1C)(F)F,6.799998134593398
c1c2c(N(C(Nc3ccc(CCc4ccccn4)nc3)=O)CC2)cc(c1C)C(F)(F)F,6.799998134593398
N(C(N1c2c(CC1)cc(c(C(F)(F)F)c2)C)=O)c1ccc(CCc2ccccn2)nc1,6.799998134593398
C1CN(C(=O)Nc2cnc(cc2)CCc2ccccn2)c2cc(C(F)(F)F)c(C)cc12,6.799998134593398
c1(ncccc1)CCc1ccc(cn1)NC(=O)N1c2c(CC1)cc(c(C(F)(F)F)c2)C,6.799998134593398
C1C(=CCN(C1)CCC1CCCN1S(=O)(c1cccc2c1cccn2)=O)c1c[nH]c2ccc(cc12)Cl,5.939302159646388
c12cccc(S(N3CCCC3CCN3CC=C(c4c5c([nH]c4)ccc(c5)Cl)CC3)(=O)=O)c2cccn1,5.939302159646388
C(N1CC=C(c2c[nH]c3ccc(cc23)Cl)CC1)CC1CCCN1S(c1cccc2c1cccn2)(=O)=O,5.939302159646388
O=S(c1c2c(nccc2)ccc1)(N1CCCC1CCN1CCC(=CC1)c1c[nH]c2c1cc(cc2)Cl)=O,5.939302159646388
c1(c2c([nH]c1)ccc(Cl)c2)C1CCN(CC=1)CCC1CCCN1S(=O)(c1cccc2c1cccn2)=O,5.939302159646388
C(CN)c1c(cc(c(OC)c1)OCCCF)OC,5.778033138347075
O(CCCF)c1cc(c(CCN)cc1OC)OC,5.778033138347075
C(CCOc1c(OC)cc(c(c1)OC)CCN)F,5.778033138347075
c1c(OCCCF)c(OC)cc(CCN)c1OC,5.778033138347075
COc1c(cc(OC)c(c1)CCN)OCCCF,5.778033138347075
c1c2C(=O)N3CC(C)NCC3Cc2ccc1,5.7594507517174005
O=C1c2c(cccc2)CC2N1CC(NC2)C,5.7594507517174005
C1(NCC2N(C1)C(c1ccccc1C2)=O)C,5.7594507517174005
C1N2C(=O)c3ccccc3CC2CNC1C,5.7594507517174005
N12C(CNC(C2)C)Cc2c(cccc2)C1=O,5.7594507517174005
c1(c(OC)cc2CCN(C)C3c2c1-c1c(cc(c(OC)c1)OC(C)CCCC)C3)OC,6.350665141287858
c1(c(cc2CC3N(C)CCc4c3c(c(OC)c(OC)c4)-c2c1)OC(CCCC)C)OC,6.350665141287858
C(CC)CC(Oc1cc2c(-c3c4C(C2)N(C)CCc4cc(OC)c3OC)cc1OC)C,6.350665141287858
c12c(c(OC)cc3CCN(C)C(Cc4c-2cc(OC)c(OC(C)CCCC)c4)c13)OC,6.350665141287858
C1C2N(CCc3cc(OC)c(c(c32)-c2c1cc(c(c2)OC)OC(CCCC)C)OC)C,6.350665141287858
C1Oc2c(c(N3CCN(CCC4N(S(=O)(c5c6cccnc6ccc5)=O)CCC4)CC3)ccc2)OC1,6.958607314841775
c1c(c2cccnc2cc1)S(=O)(=O)N1C(CCC1)CCN1CCN(c2c3c(OCCO3)ccc2)CC1,6.958607314841775
C1CN(CCN1CCC1CCCN1S(=O)(=O)c1c2cccnc2ccc1)c1cccc2c1OCCO2,6.958607314841775
C1(N(CCC1)S(c1c2cccnc2ccc1)(=O)=O)CCN1CCN(c2cccc3OCCOc23)CC1,6.958607314841775
N1(CCN(CC1)c1c2c(ccc1)OCCO2)CCC1CCCN1S(c1cccc2ncccc21)(=O)=O,6.958607314841775
n1nc2c(ccc(CCN3CCN(CC3)c3cccc(c3C)C)c2)[nH]1,8.289967300934247
[nH]1c2ccc(CCN3CCN(c4cccc(c4C)C)CC3)cc2nn1,8.289967300934247
C(CN1CCN(c2c(c(C)ccc2)C)CC1)c1cc2nn[nH]c2cc1,8.289967300934247
Cc1c(cccc1C)N1CCN(CCc2ccc3[nH]nnc3c2)CC1,8.289967300934247
c1c(c(C)c(N2CCN(CC2)CCc2cc3c(cc2)[nH]nn3)cc1)C,8.289967300934247
c1ccc2c(C(CNCCCc3ccccc3)c3ccccc3C2)c1,6.651695136951839
C1(CNCCCc2ccccc2)c2c(cccc2)Cc2ccccc21,6.651695136951839
c12C(c3ccccc3Cc2cccc1)CNCCCc1ccccc1,6.651695136951839
c1ccc2c(C(c3c(cccc3)C2)CNCCCc2ccccc2)c1,6.651695136951839
c12c(cccc2)C(c2c(cccc2)C1)CNCCCc1ccccc1,6.651695136951839
O(c1cc(N2CCN(CCCCNC(c3n(C)c4ccccc4c3)=O)CC2)ccc1)C,6.507239610973162
c1cccc2cc(C(NCCCCN3CCN(c4cccc(OC)c4)CC3)=O)n(c12)C,6.507239610973162
N1(c2cc(OC)ccc2)CCN(CC1)CCCCNC(=O)c1n(C)c2ccccc2c1,6.507239610973162
c1(cccc(N2CCN(CC2)CCCCNC(c2cc3c(n2C)cccc3)=O)c1)OC,6.507239610973162
c1cc(cc(OC)c1)N1CCN(CC1)CCCCNC(=O)c1n(c2c(c1)cccc2)C,6.507239610973162
c1(c(C(F)(F)F)cc2N(CCc2c1)C(=O)Nc1cnc(Oc2cccnc2)cc1)OC,7.0
N(C(N1c2c(CC1)cc(c(c2)C(F)(F)F)OC)=O)c1cnc(cc1)Oc1cnccc1,7.0
c1(Oc2ccc(cn2)NC(=O)N2c3c(cc(c(C(F)(F)F)c3)OC)CC2)cnccc1,7.0
c1(OC)cc2CCN(C(Nc3cnc(Oc4cccnc4)cc3)=O)c2cc1C(F)(F)F,7.0
FC(F)(c1c(OC)cc2CCN(c2c1)C(=O)Nc1ccc(nc1)Oc1cnccc1)F,7.0
N(C(Cc1ccc(cc1)OCC(C)C)=O)(C1CCN(CC1)C)Cc1ccc(F)cc1OC(F)(F)F,6.698970004336019
c1c(ccc(c1)CC(N(C1CCN(CC1)C)Cc1c(OC(F)(F)F)cc(F)cc1)=O)OCC(C)C,6.698970004336019
C1CC(CCN1C)N(Cc1ccc(F)cc1OC(F)(F)F)C(Cc1ccc(cc1)OCC(C)C)=O,6.698970004336019
N(Cc1c(OC(F)(F)F)cc(cc1)F)(C1CCN(C)CC1)C(Cc1ccc(cc1)OCC(C)C)=O,6.698970004336019
Fc1ccc(CN(C(=O)Cc2ccc(cc2)OCC(C)C)C2CCN(C)CC2)c(c1)OC(F)(F)F,6.698970004336019
C1(CCCCC1)Cn1nc(CNC)cc1OC(F)(F)c1ccccc1,8.221848749616356
C1C(CCCC1)Cn1nc(CNC)cc1OC(F)(F)c1ccccc1,8.221848749616356
C1CCCC(C1)Cn1nc(CNC)cc1OC(F)(c1ccccc1)F,8.221848749616356
C(n1c(OC(c2ccccc2)(F)F)cc(CNC)n1)C1CCCCC1,8.221848749616356
C1CCCC(Cn2nc(CNC)cc2OC(F)(c2ccccc2)F)C1,8.221848749616356
c1(ccccc1N1CCNCC1)-c1ccccc1,5.924453038607469
c1c(c(ccc1)N1CCNCC1)-c1ccccc1,5.924453038607469
c1cc(-c2c(cccc2)N2CCNCC2)ccc1,5.924453038607469
c1cccc(c1-c1ccccc1)N1CCNCC1,5.924453038607469
N1CCN(CC1)c1c(cccc1)-c1ccccc1,5.924453038607469
Clc1cc(OC(C)c2nc(N)nc(N3CCN(C)CC3)n2)ccc1,6.229147988357855
CC(Oc1cc(Cl)ccc1)c1nc(nc(n1)N1CCN(C)CC1)N,6.229147988357855
Clc1cccc(c1)OC(C)c1nc(N)nc(n1)N1CCN(CC1)C,6.229147988357855
n1c(nc(nc1N1CCN(C)CC1)C(C)Oc1cccc(c1)Cl)N,6.229147988357855
Clc1cc(OC(C)c2nc(N3CCN(C)CC3)nc(n2)N)ccc1,6.229147988357855
C1CC(CCN2CCN(c3cccc4c3OCO4)CC2)CCC1NC(=O)c1ccccc1,7.733533104559759
C1N(CCN(CCC2CCC(CC2)NC(=O)c2ccccc2)C1)c1cccc2OCOc21,7.733533104559759
O=C(NC1CCC(CC1)CCN1CCN(CC1)c1c2c(OCO2)ccc1)c1ccccc1,7.733533104559759
c1(C(=O)NC2CCC(CCN3CCN(c4c5OCOc5ccc4)CC3)CC2)ccccc1,7.733533104559759
O=C(NC1CCC(CCN2CCN(CC2)c2c3c(ccc2)OCO3)CC1)c1ccccc1,7.733533104559759
c12c(cc(c(c2CC1CN)OC)Br)OC,9.455931955649724
c1(c(Br)cc(c2c1CC2CN)OC)OC,9.455931955649724
COc1c2C(Cc2c(OC)c(Br)c1)CN,9.455931955649724
NCC1Cc2c(c(cc(OC)c21)Br)OC,9.455931955649724
COc1c2CC(CN)c2c(OC)cc1Br,9.455931955649724
O=C(Nc1ccco1)NC1CCC(CC1)CCN1CCN(c2nsc3ccccc23)CC1,8.98296666070122
c1oc(cc1)NC(=O)NC1CCC(CCN2CCN(c3c4ccccc4sn3)CC2)CC1,8.98296666070122
N(c1ccco1)C(NC1CCC(CCN2CCN(CC2)c2nsc3c2cccc3)CC1)=O,8.98296666070122
C1C(NC(Nc2ccco2)=O)CCC(C1)CCN1CCN(c2nsc3ccccc23)CC1,8.98296666070122
c1ccoc1NC(NC1CCC(CCN2CCN(CC2)c2c3ccccc3sn2)CC1)=O,8.98296666070122
c1cccc2c1onc2N1CCN(CC1)CCCNS(c1ccc(Cl)c(c1)Cl)(=O)=O,6.5376020021010435
O=S(=O)(c1ccc(c(Cl)c1)Cl)NCCCN1CCN(CC1)c1noc2c1cccc2,6.5376020021010435
N(CCCN1CCN(c2noc3ccccc23)CC1)S(c1cc(Cl)c(cc1)Cl)(=O)=O,6.5376020021010435
C1N(CCN(C1)CCCNS(=O)(=O)c1cc(Cl)c(cc1)Cl)c1c2ccccc2on1,6.5376020021010435
c1c(c(ccc1S(NCCCN1CCN(c2noc3ccccc23)CC1)(=O)=O)Cl)Cl,6.5376020021010435
C1CCCN(CCc2c3c(c[nH]c3ccc2)S(=O)(c2ccccc2)=O)C1,7.229147988357855
c1cc(ccc1)S(c1c[nH]c2cccc(CCN3CCCCC3)c12)(=O)=O,7.229147988357855
c1cc2c(c(S(=O)(=O)c3ccccc3)c[nH]2)c(CCN2CCCCC2)c1,7.229147988357855
C1CCN(CCc2c3c(S(c4ccccc4)(=O)=O)c[nH]c3ccc2)CC1,7.229147988357855
c1(S(=O)(=O)c2ccccc2)c[nH]c2cccc(CCN3CCCCC3)c21,7.229147988357855
c1c(ccc(F)c1)C(=O)CCCN1CCN(CCC1)c1ccc(cc1)Cl,7.627087997029894
c1cc(C(CCCN2CCCN(c3ccc(cc3)Cl)CC2)=O)ccc1F,7.627087997029894
c1cc(Cl)ccc1N1CCCN(CC1)CCCC(=O)c1ccc(cc1)F,7.627087997029894
C1CN(CCCN1CCCC(c1ccc(F)cc1)=O)c1ccc(Cl)cc1,7.627087997029894
Clc1ccc(cc1)N1CCCN(CCCC(c2ccc(cc2)F)=O)CC1,7.627087997029894
O=C(NC1CCC(CC1)CCN1CCN(CC1)c1c2c(OCO2)ccc1)C(C)OC,7.469032318428085
C1CN(CCN1c1c2c(OCO2)ccc1)CCC1CCC(CC1)NC(C(OC)C)=O,7.469032318428085
N1(CCN(CC1)c1cccc2OCOc21)CCC1CCC(CC1)NC(C(OC)C)=O,7.469032318428085
c12c(OCO1)c(ccc2)N1CCN(CCC2CCC(CC2)NC(C(C)OC)=O)CC1,7.469032318428085
C1N(CCN(CCC2CCC(CC2)NC(=O)C(C)OC)C1)c1cccc2c1OCO2,7.469032318428085
Fc1c(CCN2CCN(CC2)C(=O)c2cccn3cc(nc32)Cl)ccc(c1)F,8.823908740944319
C(Cc1ccc(F)cc1F)N1CCN(C(c2cccn3cc(Cl)nc23)=O)CC1,8.823908740944319
c1ccc(C(=O)N2CCN(CCc3c(cc(F)cc3)F)CC2)c2n1cc(n2)Cl,8.823908740944319
c1(Cl)nc2n(cccc2C(=O)N2CCN(CCc3ccc(cc3F)F)CC2)c1,8.823908740944319
c1c(F)c(CCN2CCN(CC2)C(c2c3nc(Cl)cn3ccc2)=O)ccc1F,8.823908740944319
c1(oc2c(c(ccc2c(C)c1)OCCCCN1CCN(CC1)c1cc(F)ccc1)C(C)=O)=O,6.3979400086720375
C(c1c(ccc2c(C)cc(=O)oc21)OCCCCN1CCN(c2cc(F)ccc2)CC1)(=O)C,6.3979400086720375
c12oc(=O)cc(C)c2ccc(c1C(=O)C)OCCCCN1CCN(c2cccc(c2)F)CC1,6.3979400086720375
C1CN(CCN1CCCCOc1ccc2c(c1C(C)=O)oc(cc2C)=O)c1cccc(c1)F,6.3979400086720375
Cc1cc(oc2c(C(=O)C)c(OCCCCN3CCN(CC3)c3cc(ccc3)F)ccc12)=O,6.3979400086720375
C1(NC(CC)=O)CCC(CC1)CCN1CCN(CC1)c1cccc2c1OCO2,7.865504144165326
c1c2OCOc2c(N2CCN(CC2)CCC2CCC(NC(=O)CC)CC2)cc1,7.865504144165326
O1COc2c1c(ccc2)N1CCN(CC1)CCC1CCC(CC1)NC(CC)=O,7.865504144165326
C(NC1CCC(CCN2CCN(CC2)c2c3c(ccc2)OCO3)CC1)(CC)=O,7.865504144165326
C1CC(NC(CC)=O)CCC1CCN1CCN(CC1)c1c2c(OCO2)ccc1,7.865504144165326
COc1ccc2ccn(c2c1)CCN(C)C,5.982966660701219
c12ccc(cc2n(cc1)CCN(C)C)OC,5.982966660701219
c1c(ccc2c1n(cc2)CCN(C)C)OC,5.982966660701219
C(n1c2cc(ccc2cc1)OC)CN(C)C,5.982966660701219
COc1cc2c(cc1)ccn2CCN(C)C,5.982966660701219
COc1ccc2[nH]cc(c2c1)CCNCc1oc(-c2ccc(cc2)O)cc1,7.3872161432802645
c1(CCNCc2ccc(o2)-c2ccc(O)cc2)c2c(ccc(OC)c2)[nH]c1,7.3872161432802645
c1(cc2c(c[nH]c2cc1)CCNCc1ccc(-c2ccc(O)cc2)o1)OC,7.3872161432802645
c1(c2cc(OC)ccc2[nH]c1)CCNCc1ccc(o1)-c1ccc(cc1)O,7.3872161432802645
c1c2c(c[nH]c2ccc1OC)CCNCc1oc(cc1)-c1ccc(O)cc1,7.3872161432802645
N1(CCC2CCC(CC2)NC(=O)C(O)(C)C)CCN(CC1)c1cccc2c1OCO2,8.237321436272564
N1(CCC2CCC(NC(C(C)(C)O)=O)CC2)CCN(c2c3OCOc3ccc2)CC1,8.237321436272564
C(CN1CCN(CC1)c1c2c(OCO2)ccc1)C1CCC(NC(=O)C(C)(O)C)CC1,8.237321436272564
N1(CCN(CCC2CCC(NC(=O)C(O)(C)C)CC2)CC1)c1cccc2OCOc12,8.237321436272564
C1(CCN2CCN(c3c4c(OCO4)ccc3)CC2)CCC(NC(C(C)(C)O)=O)CC1,8.237321436272564
c1(cc(OC)c(C2CCCNC2)cc1OC)C(F)(F)F,7.782516055786093
c1c(OC)c(cc(c1C1CNCCC1)OC)C(F)(F)F,7.782516055786093
c1(cc(c(cc1OC)C1CCCNC1)OC)C(F)(F)F,7.782516055786093
N1CCCC(C1)c1cc(OC)c(cc1OC)C(F)(F)F,7.782516055786093
N1CC(c2cc(c(cc2OC)C(F)(F)F)OC)CCC1,7.782516055786093
C1C(N2CCC(C(=O)O)(C)C2)CC2(C1)Cc1ccccc1Cc1ccccc12,7.899974269892137
c1c2Cc3c(CC4(c2ccc1)CCC(C4)N1CCC(C(=O)O)(C1)C)cccc3,7.899974269892137
c1ccc2c(C3(CC(CC3)N3CC(CC3)(C)C(=O)O)Cc3ccccc3C2)c1,7.899974269892137
C1CC(C(O)=O)(C)CN1C1CC2(CC1)Cc1c(Cc3ccccc23)cccc1,7.899974269892137
C1N(CCC1(C)C(=O)O)C1CC2(CC1)c1c(cccc1)Cc1c(cccc1)C2,7.899974269892137
CC(c1cc(-c2c(CNC)cccc2)cs1)Nc1c2cc(OC)c(OC)cc2nc(C)n1,6.9013216704235605
c1(OC)c(cc2c(c(nc(C)n2)NC(c2scc(-c3ccccc3CNC)c2)C)c1)OC,6.9013216704235605
N(Cc1ccccc1-c1csc(C(Nc2nc(nc3c2cc(c(OC)c3)OC)C)C)c1)C,6.9013216704235605
c1cc(CNC)c(-c2cc(C(Nc3nc(nc4c3cc(c(OC)c4)OC)C)C)sc2)cc1,6.9013216704235605
c1c(OC)c(cc2nc(nc(c12)NC(c1cc(-c2ccccc2CNC)cs1)C)C)OC,6.9013216704235605
C1NCC2N(c3cc(ccc3C(N2)=O)C)C1,6.221848749616356
c12C(NC3CNCCN3c1cc(cc2)C)=O,6.221848749616356
N1C(=O)c2c(cc(cc2)C)N2CCNCC12,6.221848749616356
O=C1NC2N(CCNC2)c2c1ccc(c2)C,6.221848749616356
N1CC2N(CC1)c1c(C(=O)N2)ccc(c1)C,6.221848749616356
N1(C2c3ccc(CC)cc3Oc3c(N=2)ccc(Cl)c3)CCN(CC(C(=O)O)(C)C)CC1,7.886056647693163
O1c2cc(CC)ccc2C(N2CCN(CC2)CC(C)(C(=O)O)C)=Nc2c1cc(Cl)cc2,7.886056647693163
C(C(C)(C(=O)O)C)N1CCN(CC1)C1c2c(cc(cc2)CC)Oc2cc(ccc2N=1)Cl,7.886056647693163
O1c2cc(ccc2C(=Nc2ccc(cc21)Cl)N1CCN(CC1)CC(C)(C)C(=O)O)CC,7.886056647693163
c1c2C(N3CCN(CC3)CC(C(O)=O)(C)C)=Nc3ccc(cc3Oc2cc(c1)CC)Cl,7.886056647693163
O(C)c1cc(ccc1Nc1c2ccccc2nc(N2CCN(CCO)CC2)n1)OC,6.226293987370532
c1(OC)cc(c(cc1)Nc1nc(N2CCN(CC2)CCO)nc2ccccc12)OC,6.226293987370532
O(C)c1cc(OC)ccc1Nc1nc(nc2c1cccc2)N1CCN(CCO)CC1,6.226293987370532
c12nc(nc(Nc3c(cc(OC)cc3)OC)c2cccc1)N1CCN(CC1)CCO,6.226293987370532
n1c(Nc2ccc(cc2OC)OC)c2c(nc1N1CCN(CCO)CC1)cccc2,6.226293987370532
FC(c1c(cccc1)CN1CCN(CC1)CCSc1nc(c(Cc2ccccc2)c(n1)N)N)(F)F,7.213958789757446
n1c(c(c(N)nc1SCCN1CCN(CC1)Cc1c(C(F)(F)F)cccc1)Cc1ccccc1)N,7.213958789757446
N1(Cc2ccccc2C(F)(F)F)CCN(CC1)CCSc1nc(c(c(N)n1)Cc1ccccc1)N,7.213958789757446
c1c(Cc2c(nc(nc2N)SCCN2CCN(Cc3ccccc3C(F)(F)F)CC2)N)cccc1,7.213958789757446
c1c(C(F)(F)F)c(CN2CCN(CC2)CCSc2nc(N)c(c(n2)N)Cc2ccccc2)ccc1,7.213958789757446
C1(CCCC1)C(C)n1nc(CNC)cc1OCc1cc(ccc1F)Cl,8.602059991327963
c1c(COc2cc(nn2C(C)C2CCCC2)CNC)c(F)ccc1Cl,8.602059991327963
c1(cc(COc2n(C(C3CCCC3)C)nc(c2)CNC)c(cc1)F)Cl,8.602059991327963
c1cc(cc(c1F)COc1cc(CNC)nn1C(C)C1CCCC1)Cl,8.602059991327963
C(NC)c1nn(c(c1)OCc1cc(ccc1F)Cl)C(C)C1CCCC1,8.602059991327963
c12Cc3ccccc3CC3(CC(N4CCC=C(C4)C(OC)=O)CC3)c2cccc1,6.399996913372259
c1c2C3(CC(N4CCC=C(C4)C(=O)OC)CC3)Cc3ccccc3Cc2ccc1,6.399996913372259
C1C(CCC12Cc1c(cccc1)Cc1c2cccc1)N1CC(=CCC1)C(OC)=O,6.399996913372259
c1ccc2c(c1)CC1(CCC(C1)N1CCC=C(C(=O)OC)C1)c1ccccc1C2,6.399996913372259
C1(=CCCN(C2CC3(Cc4ccccc4Cc4ccccc43)CC2)C1)C(OC)=O,6.399996913372259
C1C2N(C(C1)CC(NS(=O)(=O)c1ccc(cc1)F)C2)CCOc1cccc(c1)C(C)C,5.887730231582729
C1C(CC2N(CCOc3cc(ccc3)C(C)C)C1CC2)NS(=O)(c1ccc(F)cc1)=O,5.887730231582729
C12N(C(CC(C1)NS(=O)(c1ccc(F)cc1)=O)CC2)CCOc1cccc(c1)C(C)C,5.887730231582729
c1(OCCN2C3CC(NS(=O)(c4ccc(cc4)F)=O)CC2CC3)cccc(C(C)C)c1,5.887730231582729
S(NC1CC2N(CCOc3cc(ccc3)C(C)C)C(C1)CC2)(=O)(c1ccc(F)cc1)=O,5.887730231582729
c1c2[nH]c(c(c2ccc1F)C1CNCCC1F)-c1ccc2ccccc2c1,9.638272163982407
c1c2ccccc2ccc1-c1c(C2C(F)CCNC2)c2ccc(F)cc2[nH]1,9.638272163982407
c12c(ccc(c2)-c2[nH]c3c(c2C2C(CCNC2)F)ccc(F)c3)cccc1,9.638272163982407
N1CC(c2c([nH]c3c2ccc(F)c3)-c2cc3ccccc3cc2)C(F)CC1,9.638272163982407
C1C(C(c2c(-c3ccc4c(c3)cccc4)[nH]c3c2ccc(c3)F)CNC1)F,9.638272163982407
N1(c2c(cccc2)OC)CCN(CC1)CC1CC(c2ccc(cc2C1)OC)=O,6.050000457140078
C1(Cc2cc(ccc2C(C1)=O)OC)CN1CCN(CC1)c1ccccc1OC,6.050000457140078
N1(CC2Cc3cc(OC)ccc3C(C2)=O)CCN(c2c(OC)cccc2)CC1,6.050000457140078
c12ccc(OC)cc1CC(CN1CCN(c3c(OC)cccc3)CC1)CC2=O,6.050000457140078
COc1ccc2c(c1)CC(CC2=O)CN1CCN(c2ccccc2OC)CC1,6.050000457140078
NC(C)CN1CCc2ccc(cc12)Br,6.454692883534176
CC(CN1CCc2c1cc(Br)cc2)N,6.454692883534176
c1(Br)ccc2c(N(CC(N)C)CC2)c1,6.454692883534176
NC(CN1CCc2ccc(Br)cc12)C,6.454692883534176
C(C(C)N)N1c2c(CC1)ccc(c2)Br,6.454692883534176
c1cc(OCCCCC)cc2c1C(CN)c1c(cccc1)C2,7.638272163982407
C(C1c2ccc(OCCCCC)cc2Cc2ccccc12)N,7.638272163982407
c1cc2c(cc1)C(c1ccc(OCCCCC)cc1C2)CN,7.638272163982407
c1cc2C(c3c(Cc2cc1OCCCCC)cccc3)CN,7.638272163982407
c12Cc3cc(ccc3C(c2cccc1)CN)OCCCCC,7.638272163982407
C1CCCN1CCOc1c(-c2c(Br)cnn2C)cc(cc1)NC(Nc1ccc(cc1)F)=O,9.443697499232712
C(=O)(Nc1ccc(F)cc1)Nc1ccc(c(-c2c(Br)cnn2C)c1)OCCN1CCCC1,9.443697499232712
C1N(CCOc2c(-c3c(Br)cnn3C)cc(cc2)NC(=O)Nc2ccc(cc2)F)CCC1,9.443697499232712
c1cc(F)ccc1NC(=O)Nc1ccc(c(c1)-c1n(ncc1Br)C)OCCN1CCCC1,9.443697499232712
C1N(CCC1)CCOc1ccc(NC(=O)Nc2ccc(cc2)F)cc1-c1n(ncc1Br)C,9.443697499232712
N12C(Cc3ccccc3)C(N3CCCC3C2(OC(NC(C2CC3C(N(C)C2)Cc2c[nH]c4c2c3ccc4)=O)(C(C)C)C1=O)O)=O,8.372634143407268
C1CC2C3(N(C(C(C(C)C)(O3)NC(C3CN(C)C4C(c5c6c(ccc5)[nH]cc6C4)C3)=O)=O)C(C(N2C1)=O)Cc1ccccc1)O,8.372634143407268
C12c3c4c([nH]cc4CC2N(CC(C1)C(=O)NC1(C(C)C)C(=O)N2C(C4N(CCC4)C(C2Cc2ccccc2)=O)(O)O1)C)ccc3,8.372634143407268
C1(CN(C)C2Cc3c[nH]c4c3c(C2C1)ccc4)C(=O)NC1(C(N2C(O)(O1)C1CCCN1C(=O)C2Cc1ccccc1)=O)C(C)C,8.372634143407268
C1CCN2C1C1(OC(C(N1C(C2=O)Cc1ccccc1)=O)(NC(=O)C1CC2c3cccc4[nH]cc(CC2N(C)C1)c34)C(C)C)O,8.372634143407268
c1c2c(onc2N2CCN(CC2)CCn2c(=O)c3c(cc2)cc(nc3)C)ccc1,8.431798275933005
N1(CCn2ccc3cc(C)ncc3c2=O)CCN(CC1)c1noc2c1cccc2,8.431798275933005
N1(CCN(CCn2ccc3c(cnc(c3)C)c2=O)CC1)c1c2c(on1)cccc2,8.431798275933005
o1nc(c2ccccc12)N1CCN(CC1)CCn1c(=O)c2c(cc(C)nc2)cc1,8.431798275933005
C1CN(CCN1CCn1c(c2cnc(cc2cc1)C)=O)c1c2c(on1)cccc2,8.431798275933005
N(C(Cn1ccc2ccc3ncccc3c12)C)Cc1ccccc1Cl,6.17134010346468
c1c2ncccc2c2c(c1)ccn2CC(NCc1c(cccc1)Cl)C,6.17134010346468
Clc1c(cccc1)CNC(Cn1ccc2c1c1cccnc1cc2)C,6.17134010346468
C(NCc1c(Cl)cccc1)(Cn1c2c3cccnc3ccc2cc1)C,6.17134010346468
c1ccc(Cl)c(CNC(Cn2ccc3c2c2cccnc2cc3)C)c1,6.17134010346468
c1(S(=O)(=O)C2(CCN(CCc3ccc(F)cc3F)CC2)F)ccccc1,9.167491087293763
c1c(ccc(CCN2CCC(CC2)(S(=O)(=O)c2ccccc2)F)c1F)F,9.167491087293763
c1cc(S(C2(F)CCN(CC2)CCc2ccc(F)cc2F)(=O)=O)ccc1,9.167491087293763
FC1(CCN(CC1)CCc1ccc(cc1F)F)S(c1ccccc1)(=O)=O,9.167491087293763
S(C1(CCN(CC1)CCc1ccc(F)cc1F)F)(c1ccccc1)(=O)=O,9.167491087293763
C1C(CCN2CCN(CC2)c2c3CCOc3ccn2)CCC(C1)NC(c1ccc(C(C)(C)C)cc1)=O,7.175874166083451
C1C(CCN2CCN(c3nccc4c3CCO4)CC2)CCC(C1)NC(c1ccc(C(C)(C)C)cc1)=O,7.175874166083451
C1CN(CCN1CCC1CCC(CC1)NC(c1ccc(cc1)C(C)(C)C)=O)c1c2CCOc2ccn1,7.175874166083451
C1(NC(=O)c2ccc(C(C)(C)C)cc2)CCC(CCN2CCN(c3c4CCOc4ccn3)CC2)CC1,7.175874166083451
C1C(CCN2CCN(CC2)c2c3CCOc3ccn2)CCC(NC(=O)c2ccc(cc2)C(C)(C)C)C1,7.175874166083451
O1CCCCC1CC(=O)NC1CCC(CC1)CCN1CCC(CC1)c1cccc2OCOc12,7.554395796726403
C1C(CCN(CCC2CCC(CC2)NC(CC2OCCCC2)=O)C1)c1c2c(OCO2)ccc1,7.554395796726403
c1c(c2OCOc2cc1)C1CCN(CCC2CCC(NC(=O)CC3CCCCO3)CC2)CC1,7.554395796726403
c12c(OCO2)cccc1C1CCN(CCC2CCC(NC(CC3OCCCC3)=O)CC2)CC1,7.554395796726403
N(C(=O)CC1CCCCO1)C1CCC(CC1)CCN1CCC(CC1)c1c2c(OCO2)ccc1,7.554395796726403
c1(OC)cc2c(cc1)[nH]c(C(=O)NCCC(F)CN1CCN(CC1)c1c(OC)cccc1)c2,5.450996737974212
FC(CCNC(c1[nH]c2ccc(OC)cc2c1)=O)CN1CCN(CC1)c1c(cccc1)OC,5.450996737974212
c1c(OC)cc2c(c1)[nH]c(c2)C(=O)NCCC(CN1CCN(CC1)c1ccccc1OC)F,5.450996737974212
c1cccc(c1OC)N1CCN(CC(CCNC(c2cc3c(ccc(c3)OC)[nH]2)=O)F)CC1,5.450996737974212
c12c(cc(cc1)OC)cc(C(NCCC(F)CN1CCN(CC1)c1ccccc1OC)=O)[nH]2,5.450996737974212
C1C(c2c3c(c(cc2OC)Br)OCC3CC1)CN,6.698970004336019
NCC1CCCC2c3c1c(cc(c3OC2)Br)OC,6.698970004336019
c12c3c(Br)cc(c2C(CCCC1CO3)CN)OC,6.698970004336019
C12CCCC(c3c1c(c(cc3OC)Br)OC2)CN,6.698970004336019
c1(OC)c2c3c(c(c1)Br)OCC3CCCC2CN,6.698970004336019
C1N(CCN(C1)CCC1CCC(NC(C(F)(F)F)=O)CC1)c1c2ccccc2sn1,9.200659450546418
C1CC(CCC1CCN1CCN(CC1)c1nsc2c1cccc2)NC(=O)C(F)(F)F,9.200659450546418
c1ccc2c(snc2N2CCN(CC2)CCC2CCC(NC(C(F)(F)F)=O)CC2)c1,9.200659450546418
c12c(c(N3CCN(CC3)CCC3CCC(CC3)NC(=O)C(F)(F)F)ns1)cccc2,9.200659450546418
O=C(NC1CCC(CCN2CCN(c3nsc4ccccc43)CC2)CC1)C(F)(F)F,9.200659450546418
c1cccc(S(=O)(=O)c2cnc(cc2)C=Cc2ccc(cc2F)F)c1,9.065501548756432
Fc1cc(F)c(C=Cc2ccc(S(c3ccccc3)(=O)=O)cn2)cc1,9.065501548756432
O=S(c1cnc(cc1)C=Cc1c(cc(F)cc1)F)(c1ccccc1)=O,9.065501548756432
c1(c(F)cc(F)cc1)C=Cc1ncc(cc1)S(=O)(=O)c1ccccc1,9.065501548756432
c1cc(ncc1S(c1ccccc1)(=O)=O)C=Cc1ccc(cc1F)F,9.065501548756432
c12c(C=Cc3c(C(N1CCCN1CCN(C)CC1)=O)cccc3)cccc2,4.316052869248487
N1(C)CCN(CCCN2C(=O)c3c(C=Cc4c2cccc4)cccc3)CC1,4.316052869248487
N1(CCN(CC1)CCCN1c2ccccc2C=Cc2c(cccc2)C1=O)C,4.316052869248487
C1(=O)N(c2ccccc2C=Cc2c1cccc2)CCCN1CCN(C)CC1,4.316052869248487
C1CN(C)CCN1CCCN1C(=O)c2c(C=Cc3ccccc31)cccc2,4.316052869248487
N1(CCN(c2c(cccc2)OC)CC1)CCCCCCn1c2c3n(CCCc3ccc2)c1=O,6.341035157335565
n1(CCCCCCN2CCN(c3c(OC)cccc3)CC2)c2cccc3CCCn(c32)c1=O,6.341035157335565
C1N(CCCCCCn2c(n3CCCc4c3c2ccc4)=O)CCN(C1)c1ccccc1OC,6.341035157335565
C(n1c(n2c3c1cccc3CCC2)=O)CCCCCN1CCN(CC1)c1c(OC)cccc1,6.341035157335565
C(CCCCCN1CCN(CC1)c1ccccc1OC)n1c(n2c3c(cccc13)CCC2)=O,6.341035157335565
c1c(OCCCN2CCC(c3noc4cc(ccc34)F)CC2)ccc(CN2CCN(CC2)C)c1,8.327902142064282
C1C(CCN(C1)CCCOc1ccc(cc1)CN1CCN(C)CC1)c1noc2c1ccc(c2)F,8.327902142064282
C1N(Cc2ccc(OCCCN3CCC(CC3)c3noc4cc(ccc43)F)cc2)CCN(C)C1,8.327902142064282
C1N(CCN(C1)Cc1ccc(cc1)OCCCN1CCC(c2c3c(on2)cc(F)cc3)CC1)C,8.327902142064282
C1CN(CCCOc2ccc(cc2)CN2CCN(CC2)C)CCC1c1c2ccc(F)cc2on1,8.327902142064282
CN(C1CC(c2c(Cl)cccc2)c2c(cccc2)C1)C,5.619788758288394
C1(c2c(Cl)cccc2)CC(N(C)C)Cc2ccccc21,5.619788758288394
c1cc(c(cc1)C1CC(N(C)C)Cc2ccccc21)Cl,5.619788758288394
C1(Cc2ccccc2C(c2ccccc2Cl)C1)N(C)C,5.619788758288394
c1cc2c(cc1)C(c1ccccc1Cl)CC(N(C)C)C2,5.619788758288394
N1(CCN(CCC2CCC(CC2)NC(=O)CC(C(F)(F)F)O)CC1)c1c2c(ccn1)OCC2,7.480172006224281
C1C(CCC(CCN2CCN(c3nccc4OCCc34)CC2)C1)NC(=O)CC(C(F)(F)F)O,7.480172006224281
N1(CCC2CCC(CC2)NC(=O)CC(O)C(F)(F)F)CCN(CC1)c1nccc2OCCc21,7.480172006224281
C1Cc2c(nccc2O1)N1CCN(CCC2CCC(CC2)NC(=O)CC(C(F)(F)F)O)CC1,7.480172006224281
C(C(F)(F)F)(O)CC(=O)NC1CCC(CC1)CCN1CCN(c2nccc3OCCc32)CC1,7.480172006224281
c1c(c(cc(F)c1)F)CN(C1CCN(CC1)C)C(=O)Cc1ccc(cc1)OCC,7.801342913045577
N(C1CCN(C)CC1)(C(=O)Cc1ccc(cc1)OCC)Cc1c(F)cc(F)cc1,7.801342913045577
c1(cc(c(cc1)CN(C(=O)Cc1ccc(OCC)cc1)C1CCN(C)CC1)F)F,7.801342913045577
CCOc1ccc(cc1)CC(N(C1CCN(CC1)C)Cc1c(F)cc(cc1)F)=O,7.801342913045577
c1(F)cc(c(cc1)CN(C(=O)Cc1ccc(OCC)cc1)C1CCN(C)CC1)F,7.801342913045577
c1cc(ccc1F)S(=O)(=O)NC1CCC(CC1)CCN1CCN(CC1)c1nccc2c1CCO2,7.404503778174426
S(=O)(c1ccc(cc1)F)(=O)NC1CCC(CC1)CCN1CCN(c2nccc3c2CCO3)CC1,7.404503778174426
O=S(=O)(c1ccc(cc1)F)NC1CCC(CCN2CCN(c3nccc4OCCc43)CC2)CC1,7.404503778174426
c12CCOc1ccnc2N1CCN(CC1)CCC1CCC(NS(=O)(=O)c2ccc(F)cc2)CC1,7.404503778174426
c1nc(c2CCOc2c1)N1CCN(CC1)CCC1CCC(CC1)NS(=O)(c1ccc(cc1)F)=O,7.404503778174426
N1(c2nccc3c2cco3)CCN(CC1)CCC1CCC(CC1)NC(CCO)=O,7.987162775294828
C1(CCC(NC(=O)CCO)CC1)CCN1CCN(CC1)c1nccc2occc12,7.987162775294828
C(CC(=O)NC1CCC(CCN2CCN(c3c4ccoc4ccn3)CC2)CC1)O,7.987162775294828
C1CN(CCN1CCC1CCC(NC(=O)CCO)CC1)c1c2ccoc2ccn1,7.987162775294828
N(C(=O)CCO)C1CCC(CCN2CCN(c3c4ccoc4ccn3)CC2)CC1,7.987162775294828
Clc1cc2sc(S(=O)(=O)NCCCCN3CCN(CC3)c3c4ccccc4sn3)cc2cc1,8.187086643357144
c1cc2snc(N3CCN(CCCCNS(=O)(c4sc5cc(Cl)ccc5c4)=O)CC3)c2cc1,8.187086643357144
c1(N2CCN(CC2)CCCCNS(=O)(=O)c2sc3c(ccc(Cl)c3)c2)nsc2c1cccc2,8.187086643357144
C(N1CCN(CC1)c1nsc2c1cccc2)CCCNS(c1cc2c(cc(Cl)cc2)s1)(=O)=O,8.187086643357144
C(N1CCN(c2c3ccccc3sn2)CC1)CCCNS(=O)(c1sc2c(ccc(Cl)c2)c1)=O,8.187086643357144
O(C)c1ccc(cc1)N1CCN(CCC2c3ccc(cc3CCO2)C(=O)NC)CC1,6.23210238398191
c1cc(OC)ccc1N1CCN(CCC2OCCc3c2ccc(c3)C(NC)=O)CC1,6.23210238398191
C(CN1CCN(c2ccc(OC)cc2)CC1)C1OCCc2c1ccc(C(=O)NC)c2,6.23210238398191
O=C(c1ccc2C(OCCc2c1)CCN1CCN(CC1)c1ccc(cc1)OC)NC,6.23210238398191
COc1ccc(N2CCN(CC2)CCC2c3c(CCO2)cc(C(=O)NC)cc3)cc1,6.23210238398191
[nH]1cc(c2c1ccc(c2)F)C1CCN(CC1)CCCCn1c(c(-c2c3cc(ccc3[nH]c2)OC)cc1O)O,6.928117992693875
Fc1ccc2c(c(c[nH]2)C2CCN(CC2)CCCCn2c(O)cc(-c3c4c([nH]c3)ccc(OC)c4)c2O)c1,6.928117992693875
c1(O)n(c(O)cc1-c1c[nH]c2c1cc(OC)cc2)CCCCN1CCC(c2c[nH]c3ccc(cc32)F)CC1,6.928117992693875
Fc1cc2c([nH]cc2C2CCN(CC2)CCCCn2c(O)cc(c2O)-c2c[nH]c3c2cc(OC)cc3)cc1,6.928117992693875
c1(F)ccc2c(c1)c(C1CCN(CC1)CCCCn1c(c(-c3c[nH]c4ccc(OC)cc34)cc1O)O)c[nH]2,6.928117992693875
C1OCCC(C1)CC(NC1CCC(CCN2CCC(CC2)c2cccc3OCOc23)CC1)=O,7.528268348519949
C1CC(NC(CC2CCOCC2)=O)CCC1CCN1CCC(CC1)c1c2OCOc2ccc1,7.528268348519949
C1C(CCN2CCC(CC2)c2cccc3c2OCO3)CCC(C1)NC(CC1CCOCC1)=O,7.528268348519949
C1CC(CCO1)CC(=O)NC1CCC(CC1)CCN1CCC(CC1)c1cccc2OCOc21,7.528268348519949
C1(CCN(CC1)CCC1CCC(CC1)NC(=O)CC1CCOCC1)c1cccc2OCOc12,7.528268348519949
N1(c2c3c(ccc2)cccc3)CCN(CCCCOc2cc3C(=O)NCc3cc2F)CC1,7.886056647693163
C(CN1CCN(CC1)c1cccc2c1cccc2)CCOc1cc2c(cc1F)CNC2=O,7.886056647693163
N1(CCN(c2cccc3c2cccc3)CC1)CCCCOc1cc2c(cc1F)CNC2=O,7.886056647693163
N1C(=O)c2c(C1)cc(F)c(c2)OCCCCN1CCN(CC1)c1cccc2c1cccc2,7.886056647693163
c1cc2c(cccc2)c(N2CCN(CC2)CCCCOc2c(cc3c(C(=O)NC3)c2)F)c1,7.886056647693163
Clc1ccc(Cn2c(cc(n2)CNC)OCc2cc(F)ccc2F)cc1,8.920818753952375
c1(ccc(cc1)Cn1nc(CNC)cc1OCc1c(ccc(F)c1)F)Cl,8.920818753952375
c1cc(Cl)ccc1Cn1nc(CNC)cc1OCc1cc(ccc1F)F,8.920818753952375
c1c(Cl)ccc(Cn2nc(cc2OCc2cc(F)ccc2F)CNC)c1,8.920818753952375
Clc1ccc(Cn2nc(CNC)cc2OCc2cc(F)ccc2F)cc1,8.920818753952375
c1c2c3C(N(C)CC2)Cc2c(-c3c(OC)c1OC)cc(c(c2)OC(CCC)C)OC,6.61261017366127
C(Oc1cc2c(-c3c(OC)c(OC)cc4CCN(C(c34)C2)C)cc1OC)(CCC)C,6.61261017366127
c12c3c(c(OC)c(OC)c2)-c2c(CC3N(CC1)C)cc(OC(C)CCC)c(c2)OC,6.61261017366127
c12c(c(OC)cc3c2C(Cc2c-1cc(c(OC(CCC)C)c2)OC)N(C)CC3)OC,6.61261017366127
c1(c(OC)cc2CCN(C)C3c2c1-c1c(cc(OC(CCC)C)c(c1)OC)C3)OC,6.61261017366127
C1CC(CCN1CCC1CCC(NC(=O)CC(C)C)CC1)c1cccc2OCCc21,7.507239610973162
C(NC1CCC(CCN2CCC(c3c4CCOc4ccc3)CC2)CC1)(=O)CC(C)C,7.507239610973162
C1CC(NC(CC(C)C)=O)CCC1CCN1CCC(CC1)c1c2CCOc2ccc1,7.507239610973162
C(CN1CCC(c2cccc3OCCc23)CC1)C1CCC(NC(CC(C)C)=O)CC1,7.507239610973162
N(C(=O)CC(C)C)C1CCC(CC1)CCN1CCC(CC1)c1c2c(OCC2)ccc1,7.507239610973162
c12CCC3N(CCNC3)c1nccc2COCC1CCOCC1,5.777283528852417
C1(COCc2c3CCC4CNCCN4c3ncc2)CCOCC1,5.777283528852417
C1CN2c3c(CCC2CN1)c(ccn3)COCC1CCOCC1,5.777283528852417
c1(c2c(N3C(CNCC3)CC2)ncc1)COCC1CCOCC1,5.777283528852417
C1COCCC1COCc1c2CCC3N(CCNC3)c2ncc1,5.777283528852417
C1(CCC(CCN2CCN(CC2)c2nsc3ccccc32)CC1)NC(OCc1ccccc1)=O,9.431798275933005
c1c(COC(=O)NC2CCC(CCN3CCN(c4nsc5c4cccc5)CC3)CC2)cccc1,9.431798275933005
c1cccc2c1c(ns2)N1CCN(CC1)CCC1CCC(NC(=O)OCc2ccccc2)CC1,9.431798275933005
C1CC(CCC1NC(=O)OCc1ccccc1)CCN1CCN(CC1)c1c2c(cccc2)sn1,9.431798275933005
n1c(c2c(s1)cccc2)N1CCN(CCC2CCC(NC(OCc3ccccc3)=O)CC2)CC1,9.431798275933005
c1cc(C(=O)CCCN2CCC3C(C2)c2cccc4c2N3CCCC4)c(N)cc1,8.508638306165727
C1Cc2c3N(C4CCN(CC4c3ccc2)CCCC(c2ccccc2N)=O)CC1,8.508638306165727
c12c3c(ccc1)C1CN(CCC1N3CCCC2)CCCC(c1ccccc1N)=O,8.508638306165727
c12c3cccc2C2CN(CCCC(c4c(cccc4)N)=O)CCC2N1CCCC3,8.508638306165727
c1ccc2CCCCN3C4C(c1c32)CN(CCCC(=O)c1ccccc1N)CC4,8.508638306165727
N12c3c(CC2CNCC1C)ccc(C)c3C,6.991399828238082
c1cc2c(c(C)c1C)N1C(CNCC1C)C2,6.991399828238082
C1C2Cc3c(N2C(CN1)C)c(c(C)cc3)C,6.991399828238082
C1c2ccc(C)c(c2N2C1CNCC2C)C,6.991399828238082
Cc1c(C)c2N3C(CNCC3Cc2cc1)C,6.991399828238082
c1c2c(ccc1)onc2C1CCN(CCN2C(c3c(n(C)cn3)CCC2)=O)CC1,8.721246399047171
o1nc(c2c1cccc2)C1CCN(CC1)CCN1CCCc2n(cnc2C1=O)C,8.721246399047171
C1Cc2c(C(=O)N(C1)CCN1CCC(c3c4c(cccc4)on3)CC1)ncn2C,8.721246399047171
n1oc2c(cccc2)c1C1CCN(CC1)CCN1CCCc2c(ncn2C)C1=O,8.721246399047171
N1(CCN2CCC(c3noc4c3cccc4)CC2)C(=O)c2ncn(c2CCC1)C,8.721246399047171
O=C(C)NC1CCC(CCN2CCC(c3cccc4c3OCO4)CC2)CC1,7.622511616623867
O1COc2cccc(c21)C1CCN(CCC2CCC(CC2)NC(=O)C)CC1,7.622511616623867
c12OCOc2cccc1C1CCN(CCC2CCC(CC2)NC(C)=O)CC1,7.622511616623867
C(=O)(C)NC1CCC(CCN2CCC(c3c4OCOc4ccc3)CC2)CC1,7.622511616623867
C1(CCC(CC1)NC(=O)C)CCN1CCC(CC1)c1cccc2c1OCO2,7.622511616623867
c12c(c(C3=CCCNC3)c[nH]1)cc(Cl)cc2,7.3535962737769305
c1c(C2=CCCNC2)c2c(ccc(Cl)c2)[nH]1,7.3535962737769305
c1cc(Cl)cc2c1[nH]cc2C1CNCCC=1,7.3535962737769305
[nH]1c2ccc(cc2c(c1)C1CNCCC=1)Cl,7.3535962737769305
c12ccc(cc1c(c[nH]2)C1=CCCNC1)Cl,7.3535962737769305
N1(CC2CCc3c(nccc3CCC(F)(F)F)N2CC1)C,7.236572006437063
c1cnc2c(CCC3N2CCN(C3)C)c1CCC(F)(F)F,7.236572006437063
c1(CCC(F)(F)F)ccnc2N3CCN(CC3CCc21)C,7.236572006437063
FC(F)(CCc1c2CCC3CN(CCN3c2ncc1)C)F,7.236572006437063
n1ccc(CCC(F)(F)F)c2CCC3CN(C)CCN3c21,7.236572006437063
N1(CCN(C)CC1)c1nc(CC)cc(-c2cocc2)n1,7.920818753952375
c1cocc1-c1cc(CC)nc(n1)N1CCN(CC1)C,7.920818753952375
C1N(c2nc(cc(CC)n2)-c2cocc2)CCN(C1)C,7.920818753952375
C1N(CCN(C1)c1nc(cc(-c2ccoc2)n1)CC)C,7.920818753952375
C1N(CCN(C1)C)c1nc(cc(CC)n1)-c1cocc1,7.920818753952375
C(c1cc2C3CNCC3NC(c2c(c1)C)=O)C,6.153044674980176
C12NC(=O)c3c(C2CNC1)cc(cc3C)CC,6.153044674980176
c1c2C3CNCC3NC(c2c(C)cc1CC)=O,6.153044674980176
C12C(CNC1)c1cc(cc(C)c1C(=O)N2)CC,6.153044674980176
Cc1cc(CC)cc2c1C(NC1CNCC12)=O,6.153044674980176
c1c2c(ccn2CC(N)C)cc(F)c1Cl,7.435866776157895
c1cc2c(n1CC(N)C)cc(Cl)c(c2)F,7.435866776157895
C(n1c2c(cc(c(c2)Cl)F)cc1)C(C)N,7.435866776157895
c1cc2cc(c(cc2n1CC(N)C)Cl)F,7.435866776157895
c12c(cc(Cl)c(c1)F)n(CC(C)N)cc2,7.435866776157895
C1CC=C(CN1)c1n[nH]c2cccc(OC)c21,7.103473782510445
c1ccc2c(c1OC)c(n[nH]2)C1CNCCC=1,7.103473782510445
c12c(cccc2[nH]nc1C1CNCCC=1)OC,7.103473782510445
C1(c2n[nH]c3c2c(ccc3)OC)=CCCNC1,7.103473782510445
C1CNCC(c2n[nH]c3cccc(OC)c32)=C1,7.103473782510445
c1(OCCN2CCC(CC2)N(S(=O)(=O)c2ccccc2)C)c(cccc1)-c1ccccc1,7.376750709602099
c1c(-c2c(OCCN3CCC(CC3)N(S(=O)(=O)c3ccccc3)C)cccc2)cccc1,7.376750709602099
c1(-c2ccccc2)c(OCCN2CCC(N(C)S(=O)(c3ccccc3)=O)CC2)cccc1,7.376750709602099
c1cccc(c1)-c1c(OCCN2CCC(N(C)S(=O)(c3ccccc3)=O)CC2)cccc1,7.376750709602099
C1CC(N(C)S(=O)(c2ccccc2)=O)CCN1CCOc1c(cccc1)-c1ccccc1,7.376750709602099
c1(cc2c(cc1OC)-c1c(OC)c(OC)cc3CCN(C(c13)C2)C)OCC=C,6.416801226031377
COc1cc2c3c(c1OC)-c1c(CC3N(CC2)C)cc(OCC=C)c(OC)c1,6.416801226031377
c1(cc2c3c(c1OC)-c1c(cc(c(OC)c1)OCC=C)CC3N(C)CC2)OC,6.416801226031377
COc1c2-c3cc(OC)c(OCC=C)cc3CC3c2c(CCN3C)cc1OC,6.416801226031377
O(c1cc2c(-c3c(c(cc4CCN(C(C2)c43)C)OC)OC)cc1OC)CC=C,6.416801226031377
c1c(S(=O)(=O)N2CCC(CC2)CCc2ccc(cc2F)F)ccc(c1)F,7.2839966563652006
C(c1c(F)cc(cc1)F)CC1CCN(CC1)S(=O)(=O)c1ccc(F)cc1,7.2839966563652006
Fc1ccc(CCC2CCN(CC2)S(c2ccc(F)cc2)(=O)=O)c(c1)F,7.2839966563652006
c1cc(F)ccc1S(=O)(N1CCC(CCc2c(cc(F)cc2)F)CC1)=O,7.2839966563652006
c1c(ccc(F)c1)S(=O)(=O)N1CCC(CC1)CCc1ccc(cc1F)F,7.2839966563652006
c1c2c(C3CCN(CC3)CCCOc3cc(F)c(cc3)CN3CCOCC3)noc2cc(F)c1,8.2839966563652
C1CC(CCN1CCCOc1ccc(c(c1)F)CN1CCOCC1)c1noc2cc(F)ccc21,8.2839966563652
Fc1cc(ccc1CN1CCOCC1)OCCCN1CCC(c2c3c(cc(cc3)F)on2)CC1,8.2839966563652
o1c2c(ccc(F)c2)c(n1)C1CCN(CCCOc2cc(F)c(cc2)CN2CCOCC2)CC1,8.2839966563652
C1COCCN1Cc1c(F)cc(cc1)OCCCN1CCC(c2noc3cc(F)ccc23)CC1,8.2839966563652
C1N(c2c3c(cccc3)sn2)CCN(C1)CCc1ccc2c(c1)C(CC2)NC(C(C)C)=O,9.1249387366083
c12c(cc(cc1)CCN1CCN(CC1)c1c3c(sn1)cccc3)C(NC(=O)C(C)C)CC2,9.1249387366083
N(C(=O)C(C)C)C1CCc2ccc(cc21)CCN1CCN(c2c3ccccc3sn2)CC1,9.1249387366083
N(C1CCc2ccc(cc12)CCN1CCN(c2c3ccccc3sn2)CC1)C(C(C)C)=O,9.1249387366083
n1sc2ccccc2c1N1CCN(CC1)CCc1ccc2c(c1)C(CC2)NC(=O)C(C)C,9.1249387366083
C1C(CCNC1)NC(=O)c1ccn(S(=O)(=O)c2cccc(Cl)c2)c1-c1cccc(F)c1,4.975104039892515
c1(F)cc(ccc1)-c1c(C(NC2CCNCC2)=O)ccn1S(=O)(=O)c1cccc(c1)Cl,4.975104039892515
Clc1cccc(c1)S(=O)(n1c(c(cc1)C(=O)NC1CCNCC1)-c1cc(ccc1)F)=O,4.975104039892515
c1c(C(NC2CCNCC2)=O)c(-c2cccc(c2)F)n(c1)S(=O)(=O)c1cccc(c1)Cl,4.975104039892515
c1c(Cl)cc(S(=O)(n2ccc(C(NC3CCNCC3)=O)c2-c2cccc(F)c2)=O)cc1,4.975104039892515
C(C)(Oc1ccc(COC(=O)N(C2CCN(C)CC2)Cc2c(F)cc(F)cc2)cc1)C,9.899629454882437
N1(C)CCC(N(C(OCc2ccc(cc2)OC(C)C)=O)Cc2c(F)cc(cc2)F)CC1,9.899629454882437
C1N(C)CCC(N(C(=O)OCc2ccc(cc2)OC(C)C)Cc2c(cc(cc2)F)F)C1,9.899629454882437
Fc1cc(F)ccc1CN(C(=O)OCc1ccc(OC(C)C)cc1)C1CCN(CC1)C,9.899629454882437
c1(F)ccc(c(c1)F)CN(C(=O)OCc1ccc(cc1)OC(C)C)C1CCN(CC1)C,9.899629454882437
C1N(CCN(c2ccccc2C#N)C1)CCCCOc1c2c(C)cc(=O)oc2cc(c1)C,6.950781977329818
c1(N2CCN(CC2)CCCCOc2c3c(oc(cc3C)=O)cc(c2)C)ccccc1C#N,6.950781977329818
c1c(c2c(oc(cc2C)=O)cc1C)OCCCCN1CCN(CC1)c1ccccc1C#N,6.950781977329818
c1(cc(cc2c1c(cc(=O)o2)C)C)OCCCCN1CCN(c2c(C#N)cccc2)CC1,6.950781977329818
C1CN(CCN1CCCCOc1cc(cc2oc(=O)cc(c21)C)C)c1ccccc1C#N,6.950781977329818
N#CCCC(=O)NC1CCC(CCN2CCC(c3noc4cc(ccc43)Cl)CC2)CC1,7.624336386039115
C(NC1CCC(CCN2CCC(c3noc4c3ccc(c4)Cl)CC2)CC1)(=O)CCC#N,7.624336386039115
N#CCCC(=O)NC1CCC(CCN2CCC(c3noc4c3ccc(Cl)c4)CC2)CC1,7.624336386039115
N#CCCC(NC1CCC(CC1)CCN1CCC(CC1)c1noc2cc(Cl)ccc12)=O,7.624336386039115
C1C(c2c3c(on2)cc(cc3)Cl)CCN(CCC2CCC(CC2)NC(CCC#N)=O)C1,7.624336386039115
C1N(CCC(C1)c1cccc2OCCc21)CCC1CCC(CC1)NC(=O)CC1COCCO1,7.554395796726403
C1(c2cccc3c2CCO3)CCN(CCC2CCC(NC(=O)CC3OCCOC3)CC2)CC1,7.554395796726403
C1c2c(cccc2OC1)C1CCN(CCC2CCC(NC(CC3OCCOC3)=O)CC2)CC1,7.554395796726403
C1Oc2cccc(C3CCN(CCC4CCC(NC(=O)CC5COCCO5)CC4)CC3)c2C1,7.554395796726403
C(C1CCC(NC(CC2COCCO2)=O)CC1)CN1CCC(CC1)c1c2c(OCC2)ccc1,7.554395796726403
C(C)(C)(Oc1ccc(cc1)COC(=O)N(Cc1c(cc(cc1)F)F)C1CCN(CC1)C)C,10.0
CC(Oc1ccc(COC(=O)N(Cc2c(cc(F)cc2)F)C2CCN(C)CC2)cc1)(C)C,10.0
C1CN(CCC1N(Cc1ccc(cc1F)F)C(=O)OCc1ccc(cc1)OC(C)(C)C)C,10.0
CC(C)(C)Oc1ccc(COC(N(Cc2c(cc(F)cc2)F)C2CCN(CC2)C)=O)cc1,10.0
c1c(F)ccc(c1F)CN(C1CCN(C)CC1)C(=O)OCc1ccc(OC(C)(C)C)cc1,10.0
c1c(F)c(cc(Cl)c1)COc1n(nc(c1)CNC)CC1CC1,8.522878745280337
n1(nc(cc1OCc1c(F)ccc(c1)Cl)CNC)CC1CC1,8.522878745280337
C(C1CC1)n1nc(CNC)cc1OCc1cc(Cl)ccc1F,8.522878745280337
C1(Cn2nc(CNC)cc2OCc2cc(Cl)ccc2F)CC1,8.522878745280337
n1(CC2CC2)c(OCc2c(ccc(c2)Cl)F)cc(CNC)n1,8.522878745280337
c1cccc2c1CCc1ccccc1N2CCCN,6.401209493236885
C(CCN)N1c2c(CCc3c1cccc3)cccc2,6.401209493236885
c1cc2N(c3ccccc3CCc2cc1)CCCN,6.401209493236885
c1c2CCc3ccccc3N(CCCN)c2ccc1,6.401209493236885
c1cccc2N(CCCN)c3ccccc3CCc21,6.401209493236885
Fc1ccc(cc1)C(=O)NC1CCC(CCN2CCN(c3c4OCOc4ccc3)CC2)CC1,7.541513236201793
Fc1ccc(cc1)C(NC1CCC(CCN2CCN(CC2)c2cccc3OCOc23)CC1)=O,7.541513236201793
N(C(=O)c1ccc(cc1)F)C1CCC(CCN2CCN(c3c4OCOc4ccc3)CC2)CC1,7.541513236201793
c1c(c2c(cc1)OCO2)N1CCN(CC1)CCC1CCC(NC(=O)c2ccc(F)cc2)CC1,7.541513236201793
c12OCOc2cccc1N1CCN(CC1)CCC1CCC(CC1)NC(=O)c1ccc(F)cc1,7.541513236201793
c1ccc(cc1COc1nc(N2CCNCC2)cnc1)Cl,7.090764996631693
c1(Cl)cccc(COc2cncc(N3CCNCC3)n2)c1,7.090764996631693
c1ccc(COc2nc(cnc2)N2CCNCC2)cc1Cl,7.090764996631693
N1(c2cncc(n2)OCc2cc(Cl)ccc2)CCNCC1,7.090764996631693
C1N(CCNC1)c1cncc(OCc2cccc(Cl)c2)n1,7.090764996631693
FC(S(c1c(OC)cc(CCN)c(OC)c1)(=O)=O)F,7.9691979512277324
c1(c(cc(OC)c(S(=O)(=O)C(F)F)c1)CCN)OC,7.9691979512277324
c1(OC)c(cc(OC)c(S(C(F)F)(=O)=O)c1)CCN,7.9691979512277324
O(C)c1cc(CCN)c(OC)cc1S(C(F)F)(=O)=O,7.9691979512277324
C(N)Cc1cc(OC)c(cc1OC)S(C(F)F)(=O)=O,7.9691979512277324
N1(CCCN2c3c(OCC2=O)cccc3)CCN(c2ccccc2OC)CC1,6.5603357896737515
COc1ccccc1N1CCN(CCCN2C(COc3c2cccc3)=O)CC1,6.5603357896737515
C(CN1C(COc2ccccc21)=O)CN1CCN(CC1)c1ccccc1OC,6.5603357896737515
C(CN1c2c(OCC1=O)cccc2)CN1CCN(c2ccccc2OC)CC1,6.5603357896737515
C(CN1CCN(CC1)c1c(cccc1)OC)CN1C(=O)COc2c1cccc2,6.5603357896737515
N12c3c(CCC1CNCC2)c(c(cn3)Cc1ccccc1)CC,7.43533393574791
C1N2C(CNC1)CCc1c(c(Cc3ccccc3)cnc12)CC,7.43533393574791
C1N2c3c(c(CC)c(Cc4ccccc4)cn3)CCC2CNC1,7.43533393574791
c1(ccccc1)Cc1c(c2CCC3N(c2nc1)CCNC3)CC,7.43533393574791
c1(Cc2ccccc2)cnc2c(c1CC)CCC1CNCCN12,7.43533393574791
C1N(CCCC(c2ccccc2)(O)c2ccccc2)CCCC1,6.131355561605174
N1(CCCCC1)CCCC(O)(c1ccccc1)c1ccccc1,6.131355561605174
C(CN1CCCCC1)CC(O)(c1ccccc1)c1ccccc1,6.131355561605174
c1c(cccc1)C(CCCN1CCCCC1)(c1ccccc1)O,6.131355561605174
c1cc(ccc1)C(CCCN1CCCCC1)(O)c1ccccc1,6.131355561605174
O(c1c(ccc(N2C(c3c(c(ccc3C2)Cl)Cl)=O)c1)OC)CCN1CCC(C)CC1,6.299997602857746
c1c(N2C(c3c(c(ccc3C2)Cl)Cl)=O)cc(OCCN2CCC(CC2)C)c(OC)c1,6.299997602857746
CC1CCN(CCOc2cc(ccc2OC)N2Cc3ccc(Cl)c(Cl)c3C2=O)CC1,6.299997602857746
c1c(c(cc(c1)N1Cc2c(C1=O)c(Cl)c(Cl)cc2)OCCN1CCC(C)CC1)OC,6.299997602857746
C1CC(CCN1CCOc1cc(N2C(c3c(C2)ccc(Cl)c3Cl)=O)ccc1OC)C,6.299997602857746
C1CN(c2nc(nc(n2)N)COc2ccc(Cl)c(C)c2)CCN1C,6.705533773838407
C1N(CCN(c2nc(N)nc(n2)COc2cc(C)c(Cl)cc2)C1)C,6.705533773838407
Nc1nc(N2CCN(CC2)C)nc(COc2cc(c(Cl)cc2)C)n1,6.705533773838407
c1(COc2ccc(c(c2)C)Cl)nc(N)nc(n1)N1CCN(C)CC1,6.705533773838407
Cc1c(Cl)ccc(c1)OCc1nc(N)nc(n1)N1CCN(CC1)C,6.705533773838407
c12ccccc1c(CCNc1nc(nc(n1)NCCCCN1CCN(CC1)c1ccccc1OC)N)c[nH]2,6.46344155742847
Nc1nc(nc(NCCCCN2CCN(c3ccccc3OC)CC2)n1)NCCc1c[nH]c2ccccc12,6.46344155742847
C(Cc1c[nH]c2c1cccc2)Nc1nc(nc(NCCCCN2CCN(c3c(cccc3)OC)CC2)n1)N,6.46344155742847
C(CCCN1CCN(CC1)c1ccccc1OC)Nc1nc(NCCc2c3ccccc3[nH]c2)nc(n1)N,6.46344155742847
c12ccccc2c(CCNc2nc(nc(NCCCCN3CCN(CC3)c3ccccc3OC)n2)N)c[nH]1,6.46344155742847
c1nc(c2CCOc2c1)N1CCN(CC1)CCC1CCC(CC1)NC(=O)CC(C)C,7.804100347590766
C1N(c2c3CCOc3ccn2)CCN(CCC2CCC(CC2)NC(=O)CC(C)C)C1,7.804100347590766
C(C(=O)NC1CCC(CC1)CCN1CCN(c2c3c(ccn2)OCC3)CC1)C(C)C,7.804100347590766
C1CN(c2c3c(OCC3)ccn2)CCN1CCC1CCC(CC1)NC(=O)CC(C)C,7.804100347590766
C(CN1CCN(CC1)c1nccc2c1CCO2)C1CCC(NC(=O)CC(C)C)CC1,7.804100347590766
c1c2c(c(F)cc1)ccn2CC(N)C,6.799998134593398
c1n(CC(C)N)c2cccc(F)c2c1,6.799998134593398
c1c2c(cccc2n(c1)CC(N)C)F,6.799998134593398
C(n1c2cccc(F)c2cc1)C(N)C,6.799998134593398
Fc1c2c(ccc1)n(CC(C)N)cc2,6.799998134593398
C1C(CCC(C1)NC(=O)OCC)CCN1CCN(CC1)c1nsc2c1cccc2,9.275724130399212
N(C1CCC(CCN2CCN(CC2)c2nsc3c2cccc3)CC1)C(OCC)=O,9.275724130399212
C(NC1CCC(CCN2CCN(CC2)c2c3c(cccc3)sn2)CC1)(OCC)=O,9.275724130399212
C1CN(CCC2CCC(CC2)NC(=O)OCC)CCN1c1nsc2ccccc12,9.275724130399212
c1(c2ccccc2sn1)N1CCN(CCC2CCC(NC(=O)OCC)CC2)CC1,9.275724130399212
N1(c2cccc(c2Cl)Cl)CCN(CC1)CCCCCCNc1nc(nc(n1)N)N,7.886056647693163
C1N(c2cccc(Cl)c2Cl)CCN(CCCCCCNc2nc(N)nc(n2)N)C1,7.886056647693163
c1(nc(N)nc(n1)NCCCCCCN1CCN(c2c(c(Cl)ccc2)Cl)CC1)N,7.886056647693163
c1(N)nc(nc(n1)N)NCCCCCCN1CCN(CC1)c1cccc(Cl)c1Cl,7.886056647693163
Clc1c(c(N2CCN(CC2)CCCCCCNc2nc(N)nc(n2)N)ccc1)Cl,7.886056647693163
C1c2ccc(Cl)c(c2N2C1CNCC2)C,8.207608310501746
c1(Cl)c(C)c2c(CC3CNCCN23)cc1,8.207608310501746
C1NCC2N(C1)c1c(C)c(ccc1C2)Cl,8.207608310501746
Cc1c(Cl)ccc2c1N1C(C2)CNCC1,8.207608310501746
C1CNCC2Cc3c(c(c(Cl)cc3)C)N12,8.207608310501746
[nH]1cc2c3c(C4C(C2)N(C)CC(C=4)C(=O)NC(CO)CC)cccc13,9.137868620686962
OCC(NC(C1C=C2c3cccc4[nH]cc(CC2N(C)C1)c34)=O)CC,9.137868620686962
[nH]1cc2c3c1cccc3C1=CC(CN(C)C1C2)C(=O)NC(CC)CO,9.137868620686962
c12c3c[nH]c1cccc2C1=CC(C(=O)NC(CO)CC)CN(C)C1C3,9.137868620686962
C1c2c3c([nH]c2)cccc3C2C1N(CC(C(NC(CO)CC)=O)C=2)C,9.137868620686962
c1cc(ccc1F)C(=O)CCCN1CCN(CC1)c1ncc(Cl)cc1,7.33861330221823
N1(CCN(CCCC(=O)c2ccc(cc2)F)CC1)c1ncc(cc1)Cl,7.33861330221823
C1N(c2ccc(Cl)cn2)CCN(C1)CCCC(c1ccc(cc1)F)=O,7.33861330221823
C(CCC(c1ccc(cc1)F)=O)N1CCN(CC1)c1ccc(Cl)cn1,7.33861330221823
C(N1CCN(c2ncc(Cl)cc2)CC1)CCC(=O)c1ccc(F)cc1,7.33861330221823
C1N(CC(N(C2CCCCC2)c2ccccc2)=O)CCN(C1)CCCc1c[nH]c2c1cc(cc2)F,6.684638513020665
c1(ccc2c(c1)c(c[nH]2)CCCN1CCN(CC(N(C2CCCCC2)c2ccccc2)=O)CC1)F,6.684638513020665
c1c(cccc1)N(C(=O)CN1CCN(CC1)CCCc1c[nH]c2ccc(cc12)F)C1CCCCC1,6.684638513020665
c1ccc(N(C(CN2CCN(CCCc3c4cc(ccc4[nH]c3)F)CC2)=O)C2CCCCC2)cc1,6.684638513020665
c1(F)ccc2[nH]cc(c2c1)CCCN1CCN(CC(N(C2CCCCC2)c2ccccc2)=O)CC1,6.684638513020665
CC(C(NC1CCC(CC1)CCN1CCC(CC1)c1cccc2OCCc12)=O)(C)C,7.295849483160201
C1C(c2cccc3OCCc32)CCN(C1)CCC1CCC(CC1)NC(C(C)(C)C)=O,7.295849483160201
C1CN(CCC1c1c2c(OCC2)ccc1)CCC1CCC(CC1)NC(C(C)(C)C)=O,7.295849483160201
C1CC(c2c3c(OCC3)ccc2)CCN1CCC1CCC(CC1)NC(C(C)(C)C)=O,7.295849483160201
c1ccc(c2CCOc12)C1CCN(CC1)CCC1CCC(NC(C(C)(C)C)=O)CC1,7.295849483160201
C1N(CC(C(C1)N(C(=O)OCc1ccc(cc1)OCC(C)C)Cc1ccc(cc1)F)F)C,9.600326278518962
C(C)(C)COc1ccc(COC(=O)N(Cc2ccc(F)cc2)C2CCN(CC2F)C)cc1,9.600326278518962
N(C(OCc1ccc(cc1)OCC(C)C)=O)(Cc1ccc(cc1)F)C1CCN(CC1F)C,9.600326278518962
C1(F)CN(C)CCC1N(C(=O)OCc1ccc(OCC(C)C)cc1)Cc1ccc(F)cc1,9.600326278518962
C(C)(C)COc1ccc(cc1)COC(=O)N(C1CCN(CC1F)C)Cc1ccc(F)cc1,9.600326278518962
C1CC(CCN2CCC(CC2)c2cccc3c2cco3)CCC1NC(C1CCOCC1)=O,8.657577319177793
C1CC(NC(=O)C2CCOCC2)CCC1CCN1CCC(CC1)c1cccc2c1cco2,8.657577319177793
C1N(CCC(C1)c1cccc2occc12)CCC1CCC(CC1)NC(C1CCOCC1)=O,8.657577319177793
c1ccc(C2CCN(CCC3CCC(NC(C4CCOCC4)=O)CC3)CC2)c2c1occ2,8.657577319177793
c1(C2CCN(CC2)CCC2CCC(NC(C3CCOCC3)=O)CC2)c2c(occ2)ccc1,8.657577319177793
c1cc(cc2c(c[nH]c12)C1=CCN(CC1)CCC1CCCN1S(c1cncc2ccccc21)(=O)=O)Cl,5.720333055951545
c1ncc2ccccc2c1S(N1CCCC1CCN1CCC(c2c[nH]c3ccc(cc32)Cl)=CC1)(=O)=O,5.720333055951545
c1cc2c(S(=O)(=O)N3C(CCN4CC=C(c5c[nH]c6c5cc(Cl)cc6)CC4)CCC3)cncc2cc1,5.720333055951545
Clc1ccc2c(c1)c(c[nH]2)C1CCN(CC=1)CCC1N(S(=O)(c2cncc3c2cccc3)=O)CCC1,5.720333055951545
c12ccccc1cncc2S(=O)(=O)N1CCCC1CCN1CCC(c2c3c(ccc(c3)Cl)[nH]c2)=CC1,5.720333055951545
O=C1N2C(Cc3cc(Cl)ccc13)CNCC2,6.402304814074488
c12ccc(Cl)cc2CC2CNCCN2C1=O,6.402304814074488
c1c2c(ccc1Cl)C(N1C(CNCC1)C2)=O,6.402304814074488
C12CNCCN2C(c2ccc(cc2C1)Cl)=O,6.402304814074488
c1(ccc2c(c1)CC1N(CCNC1)C2=O)Cl,6.402304814074488
C1(NS(N(C)C)(=O)=O)CCC(CC1)CCN1CCN(CC1)c1c2c(ccc1)OCO2,7.665144310382709
C(N1CCN(c2cccc3c2OCO3)CC1)CC1CCC(CC1)NS(=O)(=O)N(C)C,7.665144310382709
c1cc2c(OCO2)c(c1)N1CCN(CCC2CCC(CC2)NS(=O)(=O)N(C)C)CC1,7.665144310382709
N(S(N(C)C)(=O)=O)C1CCC(CC1)CCN1CCN(c2c3OCOc3ccc2)CC1,7.665144310382709
C1C(CCN2CCN(c3c4c(ccc3)OCO4)CC2)CCC(NS(=O)(=O)N(C)C)C1,7.665144310382709
S(c1cc(OC)c(CCN)cc1OC)CCCF,7.925366381703096
c1c(OC)c(cc(c1SCCCF)OC)CCN,7.925366381703096
NCCc1c(OC)cc(SCCCF)c(c1)OC,7.925366381703096
C(Sc1c(OC)cc(CCN)c(OC)c1)CCF,7.925366381703096
c1(OC)c(cc(c(c1)CCN)OC)SCCCF,7.925366381703096
C1(CCN(CCN(CC)C(C2(CCCN(C(C)=O)C2)O)=O)CC1)c1c2c(on1)cc(F)cc2,8.795880017344075
C1CN(CCN(C(=O)C2(CCCN(C(=O)C)C2)O)CC)CCC1c1noc2cc(ccc12)F,8.795880017344075
C(=O)(C1(CCCN(C1)C(=O)C)O)N(CCN1CCC(CC1)c1noc2c1ccc(c2)F)CC,8.795880017344075
O=C(N(CC)CCN1CCC(CC1)c1noc2c1ccc(c2)F)C1(CCCN(C1)C(=O)C)O,8.795880017344075
n1c(c2c(cc(cc2)F)o1)C1CCN(CC1)CCN(CC)C(C1(CN(C(C)=O)CCC1)O)=O,8.795880017344075
C1Cc2c(O1)ccnc2N1CCN(CC1)CCC1CCC(NC(CC2OCCOC2)=O)CC1,7.928117992693875
C1COCC(CC(NC2CCC(CCN3CCN(c4c5CCOc5ccn4)CC3)CC2)=O)O1,7.928117992693875
C1(CC(NC2CCC(CC2)CCN2CCN(CC2)c2c3c(OCC3)ccn2)=O)OCCOC1,7.928117992693875
C1N(CCN(CCC2CCC(CC2)NC(CC2OCCOC2)=O)C1)c1c2CCOc2ccn1,7.928117992693875
C1CN(CCC2CCC(CC2)NC(=O)CC2COCCO2)CCN1c1c2CCOc2ccn1,7.928117992693875
C(Oc1n(C(C)C2CCCCC2)nc(c1)CNC)c1ccc(cc1C)F,9.0268721464003
c1(C)c(ccc(c1)F)COc1n(nc(CNC)c1)C(C1CCCCC1)C,9.0268721464003
N(C)Cc1cc(n(n1)C(C)C1CCCCC1)OCc1ccc(cc1C)F,9.0268721464003
c1c(OCc2ccc(cc2C)F)n(C(C)C2CCCCC2)nc1CNC,9.0268721464003
c1(cc(OCc2ccc(cc2C)F)n(n1)C(C)C1CCCCC1)CNC,9.0268721464003
S(C(c1nc(nc(N)n1)N1CCNCC1)CC)c1cccc(c1Cl)Cl,6.939302159646388
n1c(nc(nc1N1CCNCC1)C(CC)Sc1c(Cl)c(Cl)ccc1)N,6.939302159646388
CCC(c1nc(nc(n1)N1CCNCC1)N)Sc1c(c(ccc1)Cl)Cl,6.939302159646388
n1c(C(CC)Sc2c(Cl)c(ccc2)Cl)nc(N2CCNCC2)nc1N,6.939302159646388
n1c(N)nc(N2CCNCC2)nc1C(Sc1c(Cl)c(Cl)ccc1)CC,6.939302159646388
c12c(cccc1)c(ns2)N1CCN(CC1)CCN1C(=O)c2c(n(C)cc2)CCC1,8.920818753952375
c1c2c(c(ns2)N2CCN(CCN3C(=O)c4ccn(c4CCC3)C)CC2)ccc1,8.920818753952375
n1(C)ccc2C(=O)N(CCN3CCN(c4c5c(sn4)cccc5)CC3)CCCc12,8.920818753952375
c12n(ccc2C(N(CCN2CCN(CC2)c2c3c(sn2)cccc3)CCC1)=O)C,8.920818753952375
c1cc2c(cc1)c(N1CCN(CCN3CCCc4n(C)ccc4C3=O)CC1)ns2,8.920818753952375
O=C(Nc1ccc(cc1)Cl)Nc1ccc(c(c1)-c1c(Br)cnn1C)OCCc1ccccc1,8.199970640755867
c1cccc(CCOc2ccc(NC(Nc3ccc(cc3)Cl)=O)cc2-c2n(C)ncc2Br)c1,8.199970640755867
c1c(cccc1)CCOc1ccc(NC(Nc2ccc(Cl)cc2)=O)cc1-c1c(Br)cnn1C,8.199970640755867
c1cccc(c1)CCOc1c(cc(NC(=O)Nc2ccc(cc2)Cl)cc1)-c1c(Br)cnn1C,8.199970640755867
c1(OCCc2ccccc2)c(-c2c(cnn2C)Br)cc(NC(Nc2ccc(cc2)Cl)=O)cc1,8.199970640755867
c1(c2c(cccc2)[nH]c1-c1ccc(cc1)Cl)CCN(C)CC,8.455931955649724
C(N(C)CC)Cc1c([nH]c2ccccc21)-c1ccc(cc1)Cl,8.455931955649724
c12ccccc1[nH]c(c2CCN(C)CC)-c1ccc(cc1)Cl,8.455931955649724
c1(-c2ccc(Cl)cc2)c(CCN(CC)C)c2ccccc2[nH]1,8.455931955649724
c1c(Cl)ccc(-c2c(c3c(cccc3)[nH]2)CCN(CC)C)c1,8.455931955649724
c1(ccc(N2CCN(CC2)CCC2CCN(CC2)S(=O)(=O)c2cncc3c2cccc3)cc1)F,6.806875401645538
n1cc2ccccc2c(S(=O)(N2CCC(CCN3CCN(c4ccc(cc4)F)CC3)CC2)=O)c1,6.806875401645538
c1cccc2cncc(c12)S(=O)(N1CCC(CCN2CCN(CC2)c2ccc(F)cc2)CC1)=O,6.806875401645538
C(N1CCN(CC1)c1ccc(F)cc1)CC1CCN(S(=O)(=O)c2cncc3c2cccc3)CC1,6.806875401645538
c1c2c(ccc1)cncc2S(N1CCC(CCN2CCN(c3ccc(F)cc3)CC2)CC1)(=O)=O,6.806875401645538
o1c(ccc1CNCCc1c[nH]c2ccc(cc21)OC)-c1cc(ccc1)OC,6.665546248849069
C(NCc1oc(-c2cccc(c2)OC)cc1)Cc1c2cc(ccc2[nH]c1)OC,6.665546248849069
C(c1ccc(o1)-c1cccc(OC)c1)NCCc1c[nH]c2c1cc(cc2)OC,6.665546248849069
c1cc(-c2cc(OC)ccc2)oc1CNCCc1c[nH]c2c1cc(cc2)OC,6.665546248849069
c1(cc(ccc1)-c1oc(cc1)CNCCc1c2c(ccc(c2)OC)[nH]c1)OC,6.665546248849069
OC(C(C)(C)CN1CCC(N(C(OCc2ccc(OC(C)C)cc2)=O)Cc2ccc(F)cc2F)CC1)=O,8.500312917381596
c1(CN(C2CCN(CC2)CC(C)(C)C(O)=O)C(=O)OCc2ccc(cc2)OC(C)C)ccc(F)cc1F,8.500312917381596
c1(ccc(CN(C2CCN(CC2)CC(C(O)=O)(C)C)C(OCc2ccc(cc2)OC(C)C)=O)c(F)c1)F,8.500312917381596
c1(ccc(COC(N(C2CCN(CC2)CC(C)(C)C(=O)O)Cc2c(cc(F)cc2)F)=O)cc1)OC(C)C,8.500312917381596
c1c(OC(C)C)ccc(c1)COC(N(Cc1ccc(F)cc1F)C1CCN(CC1)CC(C(=O)O)(C)C)=O,8.500312917381596
c1c(OC)cc2Cc3c(-c2c1)n(CC(C)N)cc3,6.399996913372259
C(C)(Cn1ccc2Cc3c(ccc(c3)OC)-c12)N,6.399996913372259
c1cn(CC(C)N)c2-c3ccc(OC)cc3Cc21,6.399996913372259
C(Cn1c2c(cc1)Cc1cc(OC)ccc-21)(N)C,6.399996913372259
c1c(OC)ccc2c1Cc1c-2n(cc1)CC(N)C,6.399996913372259
c1cc(Cl)cc(c1)N1CCN(C(=O)N)CC1,4.489991487059766
c1ccc(N2CCN(C(=O)N)CC2)cc1Cl,4.489991487059766
C1CN(C(N)=O)CCN1c1cc(Cl)ccc1,4.489991487059766
C1N(CCN(C1)c1cccc(c1)Cl)C(=O)N,4.489991487059766
C1CN(c2cc(Cl)ccc2)CCN1C(N)=O,4.489991487059766
c1(cc(cc(F)c1)F)NC(=O)Nc1ccc(c(-c2c(cnn2C)Cl)c1)OCCN1CCOCC1,9.508638306165727
C(Nc1cc(cc(F)c1)F)(=O)Nc1cc(-c2c(cnn2C)Cl)c(cc1)OCCN1CCOCC1,9.508638306165727
Fc1cc(cc(c1)NC(=O)Nc1ccc(c(c1)-c1n(ncc1Cl)C)OCCN1CCOCC1)F,9.508638306165727
C1N(CCOc2ccc(cc2-c2n(C)ncc2Cl)NC(=O)Nc2cc(cc(F)c2)F)CCOC1,9.508638306165727
C(Oc1c(-c2n(ncc2Cl)C)cc(NC(Nc2cc(cc(F)c2)F)=O)cc1)CN1CCOCC1,9.508638306165727
c1cc2c(c(N3CCN(CCCCOc4ccc5c(C(NC5)=O)c4C)CC3)c1)c(F)ccc2,8.414539270491499
c1ccc(c2c(cccc21)F)N1CCN(CC1)CCCCOc1ccc2c(c1C)C(=O)NC2,8.414539270491499
C1CN(CCCCOc2ccc3CNC(c3c2C)=O)CCN1c1c2c(ccc1)cccc2F,8.414539270491499
C1CN(CCN1c1cccc2c1c(ccc2)F)CCCCOc1c(C)c2C(=O)NCc2cc1,8.414539270491499
N1(CCCCOc2ccc3CNC(=O)c3c2C)CCN(c2c3c(cccc3F)ccc2)CC1,8.414539270491499
N1(CCC(C1)NS(=O)(=O)c1c2c(cccc2)sc1)CCCc1noc2ccccc12,8.96018944585165
C1C(CCN1CCCc1noc2ccccc21)NS(=O)(c1csc2ccccc21)=O,8.96018944585165
c1c2onc(c2ccc1)CCCN1CCC(NS(=O)(=O)c2c3ccccc3sc2)C1,8.96018944585165
c1cc2c(c(S(=O)(NC3CCN(CCCc4c5ccccc5on4)C3)=O)cs2)cc1,8.96018944585165
c1cc2c(cc1)onc2CCCN1CC(NS(=O)(c2c3c(cccc3)sc2)=O)CC1,8.96018944585165
Fc1ccc(C(=O)CCCN2CCC3C(CC2)N2c4c(N(C)CC2)cccc43)cc1,7.769551078621726
C1N(CCCC(=O)c2ccc(cc2)F)CCC2N3CCN(C)c4c3c(ccc4)C2C1,7.769551078621726
c12cccc3c1N(C1CCN(CCCC(c4ccc(F)cc4)=O)CCC31)CCN2C,7.769551078621726
C1C2N3c4c(cccc4C2CCN(CCCC(=O)c2ccc(cc2)F)C1)N(C)CC3,7.769551078621726
c12cccc3N(C)CCN(C4CCN(CCCC(=O)c5ccc(cc5)F)CCC41)c32,7.769551078621726
C1N(CCC2CCC(CC2)NC(=O)C2CCOCC2)CCN(c2ncc(c3c2cco3)C)C1,8.246416941107093
C1CC(C(NC2CCC(CC2)CCN2CCN(c3c4c(occ4)c(cn3)C)CC2)=O)CCO1,8.246416941107093
C1CC(CCC1CCN1CCN(CC1)c1c2c(c(C)cn1)occ2)NC(=O)C1CCOCC1,8.246416941107093
C1C(C(=O)NC2CCC(CCN3CCN(CC3)c3ncc(C)c4occc34)CC2)CCOC1,8.246416941107093
C1CC(CCC1CCN1CCN(c2ncc(c3c2cco3)C)CC1)NC(C1CCOCC1)=O,8.246416941107093
C1CC(N(C(=O)OCc2ccc(OCC(C)C)cc2)Cc2ccc(cc2)F)CCN1C,9.899629454882437
CN1CCC(CC1)N(C(=O)OCc1ccc(cc1)OCC(C)C)Cc1ccc(F)cc1,9.899629454882437
c1(ccc(cc1)COC(N(C1CCN(CC1)C)Cc1ccc(F)cc1)=O)OCC(C)C,9.899629454882437
C(OCc1ccc(cc1)OCC(C)C)(N(C1CCN(C)CC1)Cc1ccc(cc1)F)=O,9.899629454882437
C1CN(C)CCC1N(C(=O)OCc1ccc(cc1)OCC(C)C)Cc1ccc(F)cc1,9.899629454882437
c1c(CCN(CCCc2cc(ccc2OC)OC)CCc2ccc3OCOc3c2)cc(c(OC)c1)OC,6.036684488613889
c1cc2OCOc2cc1CCN(CCCc1c(ccc(c1)OC)OC)CCc1ccc(OC)c(OC)c1,6.036684488613889
C(N(CCCc1cc(OC)ccc1OC)CCc1ccc(OC)c(c1)OC)Cc1cc2OCOc2cc1,6.036684488613889
c1c(ccc2c1OCO2)CCN(CCCc1cc(OC)ccc1OC)CCc1cc(OC)c(cc1)OC,6.036684488613889
O1c2cc(ccc2OC1)CCN(CCc1cc(OC)c(cc1)OC)CCCc1c(OC)ccc(c1)OC,6.036684488613889
C1N(c2c(C1)cc(OC)c(C(F)(F)F)c2)C(Nc1cccnc1)=O,6.0
n1cccc(c1)NC(=O)N1CCc2cc(c(C(F)(F)F)cc21)OC,6.0
c1cncc(NC(=O)N2CCc3c2cc(C(F)(F)F)c(OC)c3)c1,6.0
N1(C(=O)Nc2cccnc2)CCc2c1cc(C(F)(F)F)c(OC)c2,6.0
COc1cc2CCN(c2cc1C(F)(F)F)C(=O)Nc1cccnc1,6.0
N1(CCCC1CCN1CCN(c2c3c(sn2)cccc3)CC1)S(c1c2c(cnc1)cccc2)(=O)=O,7.886056647693163
c1cc2c(cc1)c(S(=O)(N1CCCC1CCN1CCN(CC1)c1nsc3ccccc31)=O)cnc2,7.886056647693163
c12c(cccc2)c(ns1)N1CCN(CC1)CCC1N(S(=O)(=O)c2c3c(cccc3)cnc2)CCC1,7.886056647693163
C1CN(CCN1c1nsc2c1cccc2)CCC1N(S(=O)(c2cncc3c2cccc3)=O)CCC1,7.886056647693163
c1ccc2c(cncc2c1)S(=O)(N1C(CCN2CCN(CC2)c2nsc3ccccc32)CCC1)=O,7.886056647693163
CN1CCN(c2nc(N)nc(n2)C(Oc2cc(Cl)ccc2Cl)C)CC1,6.449771646944906
C(c1nc(nc(n1)N1CCN(C)CC1)N)(Oc1cc(ccc1Cl)Cl)C,6.449771646944906
c1c(ccc(Cl)c1OC(c1nc(N)nc(n1)N1CCN(CC1)C)C)Cl,6.449771646944906
c1(N)nc(C(Oc2c(Cl)ccc(Cl)c2)C)nc(N2CCN(CC2)C)n1,6.449771646944906
N1(CCN(CC1)C)c1nc(C(C)Oc2cc(Cl)ccc2Cl)nc(n1)N,6.449771646944906
N1(CCN(c2c3c(cccc3)on2)CC1)CCCNS(=O)(=O)c1cc(ccc1)C,5.376750709602099
O=S(c1cccc(c1)C)(=O)NCCCN1CCN(c2c3ccccc3on2)CC1,5.376750709602099
c1cccc2c1c(no2)N1CCN(CC1)CCCNS(=O)(=O)c1cccc(C)c1,5.376750709602099
C1CN(CCN1c1noc2ccccc12)CCCNS(c1cccc(C)c1)(=O)=O,5.376750709602099
N1(CCCNS(c2cccc(c2)C)(=O)=O)CCN(c2noc3ccccc32)CC1,5.376750709602099
c1ccc(Cl)c(Cl)c1N1CCN(CC1)CC=CCNC(=O)c1ccc(-c2ncccc2)cc1,7.204815410317576
C1CN(c2c(c(ccc2)Cl)Cl)CCN1CC=CCNC(=O)c1ccc(-c2ccccn2)cc1,7.204815410317576
c1(cccc(N2CCN(CC=CCNC(=O)c3ccc(cc3)-c3ccccn3)CC2)c1Cl)Cl,7.204815410317576
N1(CC=CCNC(c2ccc(-c3ncccc3)cc2)=O)CCN(c2c(c(Cl)ccc2)Cl)CC1,7.204815410317576
c1cc(c(Cl)c(c1)N1CCN(CC=CCNC(c2ccc(cc2)-c2ccccn2)=O)CC1)Cl,7.204815410317576
C(CCC(=O)c1ccc(F)cc1)N1CC2c3c4N(CCSc4ccc3)C2CC1,8.886056647693163
c1cc(F)ccc1C(CCCN1CCC2N3c4c(cccc4SCC3)C2C1)=O,8.886056647693163
C(CCC(=O)c1ccc(cc1)F)N1CC2C(N3CCSc4c3c2ccc4)CC1,8.886056647693163
C1N(CC2c3c4N(C2C1)CCSc4ccc3)CCCC(=O)c1ccc(F)cc1,8.886056647693163
N1(CCCC(c2ccc(cc2)F)=O)CC2C(CC1)N1CCSc3cccc2c31,8.886056647693163
C12CNCCN1C(=O)c1cc(C(F)(F)F)ccc1C2,6.966576244513051
C12CNCCN1C(c1cc(C(F)(F)F)ccc1C2)=O,6.966576244513051
c12C(N3CCNCC3Cc1ccc(c2)C(F)(F)F)=O,6.966576244513051
c1cc2CC3N(CCNC3)C(=O)c2cc1C(F)(F)F,6.966576244513051
C1CNCC2Cc3ccc(cc3C(=O)N12)C(F)(F)F,6.966576244513051
O=C1c2c(C(CN1CCN1CCN(CC1)c1c3c(cccc3)on1)(C)C)cc(nc2)C,8.481486060122112
C1CN(c2c3ccccc3on2)CCN1CCN1CC(C)(c2c(cnc(c2)C)C1=O)C,8.481486060122112
C(N1CCN(c2noc3c2cccc3)CC1)CN1C(=O)c2cnc(cc2C(C1)(C)C)C,8.481486060122112
C1CN(CCN1CCN1CC(c2c(C1=O)cnc(C)c2)(C)C)c1c2ccccc2on1,8.481486060122112
Cc1ncc2C(=O)N(CC(c2c1)(C)C)CCN1CCN(c2c3c(cccc3)on2)CC1,8.481486060122112
O(c1c(cc2CCN(C3Cc4cc(c(cc4-c1c23)OC)OC)C)OC)C,6.015022873584506
c12C3Cc4c(-c2c(c(cc1CCN3C)OC)OC)cc(c(c4)OC)OC,6.015022873584506
C1N(C)C2c3c(-c4c(cc(OC)c(c4)OC)C2)c(c(OC)cc3C1)OC,6.015022873584506
c12CC3N(CCc4c3c(c(c(c4)OC)OC)-c2cc(OC)c(c1)OC)C,6.015022873584506
c12-c3c(c(cc4CCN(C)C(c43)Cc2cc(OC)c(OC)c1)OC)OC,6.015022873584506
c1(n(CC)cnc1)-c1c2c(F)c(F)ccc2[nH]c1,5.770062314092066
c1(F)c(F)ccc2c1c(-c1cncn1CC)c[nH]2,5.770062314092066
c12c(F)c(ccc1[nH]cc2-c1cncn1CC)F,5.770062314092066
[nH]1c2ccc(F)c(F)c2c(c1)-c1n(cnc1)CC,5.770062314092066
c12[nH]cc(-c3cncn3CC)c2c(F)c(cc1)F,5.770062314092066
c1cccc2[nH]cc(c12)CCN(CC=C)CC=C,6.149997413907539
c12[nH]cc(CCN(CC=C)CC=C)c1cccc2,6.149997413907539
[nH]1cc(CCN(CC=C)CC=C)c2c1cccc2,6.149997413907539
c1c2c([nH]cc2CCN(CC=C)CC=C)ccc1,6.149997413907539
c1cc2c(c(CCN(CC=C)CC=C)c[nH]2)cc1,6.149997413907539
Fc1c(OCCCN2CCN(c3c4c(cc(F)cc4)ccc3)CC2)ccc2c1C(NC2)=O,8.26680273489343
Fc1ccc2c(N3CCN(CC3)CCCOc3c(c4c(CNC4=O)cc3)F)cccc2c1,8.26680273489343
C(CN1CCN(CC1)c1cccc2c1ccc(F)c2)COc1c(c2c(CNC2=O)cc1)F,8.26680273489343
c1(c2C(NCc2ccc1OCCCN1CCN(c2cccc3c2ccc(F)c3)CC1)=O)F,8.26680273489343
c1c2cccc(c2ccc1F)N1CCN(CCCOc2c(c3C(=O)NCc3cc2)F)CC1,8.26680273489343
c1cc(N2C(N(CC2)c2cc(c(OC)cc2)OCCN2CCCCC2)=O)c(cc1)Cl,5.40000018605658
c1cc(c(N2C(=O)N(c3ccc(c(OCCN4CCCCC4)c3)OC)CC2)cc1)Cl,5.40000018605658
c1(c(OC)ccc(c1)N1C(N(CC1)c1ccccc1Cl)=O)OCCN1CCCCC1,5.40000018605658
Clc1c(cccc1)N1CCN(C1=O)c1ccc(c(c1)OCCN1CCCCC1)OC,5.40000018605658
COc1c(OCCN2CCCCC2)cc(cc1)N1C(N(CC1)c1c(cccc1)Cl)=O,5.40000018605658
C1N(CCC(C1)c1c2c(cccc2)on1)CCN1C(c2c(CCC1)nc(C)o2)=O,7.882728704344236
n1c(C2CCN(CC2)CCN2CCCc3nc(oc3C2=O)C)c2ccccc2o1,7.882728704344236
c12c(oc(C)n2)C(N(CCC1)CCN1CCC(c2noc3ccccc32)CC1)=O,7.882728704344236
C1(c2noc3c2cccc3)CCN(CC1)CCN1C(=O)c2c(nc(o2)C)CCC1,7.882728704344236
C1CN(CCN2CCCc3nc(C)oc3C2=O)CCC1c1c2ccccc2on1,7.882728704344236
c1(ccc(F)c(COc2n(nc(CNC)c2)Cc2ccc(F)cc2)c1)F,8.886056647693163
c1(ccc(Cn2c(OCc3c(ccc(F)c3)F)cc(n2)CNC)cc1)F,8.886056647693163
O(c1n(Cc2ccc(F)cc2)nc(c1)CNC)Cc1c(F)ccc(F)c1,8.886056647693163
c1(ccc(cc1COc1n(nc(CNC)c1)Cc1ccc(cc1)F)F)F,8.886056647693163
O(Cc1c(F)ccc(F)c1)c1n(nc(c1)CNC)Cc1ccc(cc1)F,8.886056647693163
C1(CCC(CCN2CCN(CC2)c2nc(C)cc3c2CCO3)CC1)NC(=O)C1CCOCC1,7.232844133917819
O=C(NC1CCC(CCN2CCN(CC2)c2nc(cc3c2CCO3)C)CC1)C1CCOCC1,7.232844133917819
N1(CCC2CCC(NC(=O)C3CCOCC3)CC2)CCN(c2nc(cc3c2CCO3)C)CC1,7.232844133917819
N(C(=O)C1CCOCC1)C1CCC(CC1)CCN1CCN(c2nc(C)cc3OCCc32)CC1,7.232844133917819
O1c2cc(C)nc(c2CC1)N1CCN(CC1)CCC1CCC(CC1)NC(=O)C1CCOCC1,7.232844133917819
C1c2c(cccc2OCC)C(=O)N2C1CNCC2,5.985479461242076
O=C1N2C(CNCC2)Cc2c1cccc2OCC,5.985479461242076
C1NCCN2C(=O)c3cccc(OCC)c3CC21,5.985479461242076
c1ccc2c(c1OCC)CC1CNCCN1C2=O,5.985479461242076
CCOc1c2CC3CNCCN3C(=O)c2ccc1,5.985479461242076
c1cc(CC(N(Cc2c(cc(Cl)cc2)F)C2CCN(C)CC2)=O)ccc1OCC(C)C,7.300162274132754
c1(ccc(cc1)CC(N(Cc1c(cc(Cl)cc1)F)C1CCN(CC1)C)=O)OCC(C)C,7.300162274132754
c1(CC(=O)N(Cc2ccc(cc2F)Cl)C2CCN(C)CC2)ccc(OCC(C)C)cc1,7.300162274132754
c1c(ccc(OCC(C)C)c1)CC(N(C1CCN(C)CC1)Cc1ccc(cc1F)Cl)=O,7.300162274132754
c1(ccc(Cl)cc1F)CN(C1CCN(C)CC1)C(=O)Cc1ccc(OCC(C)C)cc1,7.300162274132754
C(Nc1cccnc1)(N1c2c(CC1)cc(c(Cl)c2)CC)=O,6.399996913372259
N1(c2cc(c(CC)cc2CC1)Cl)C(Nc1cccnc1)=O,6.399996913372259
N1(C(=O)Nc2cccnc2)c2cc(c(CC)cc2CC1)Cl,6.399996913372259
c1ncc(cc1)NC(N1CCc2c1cc(Cl)c(CC)c2)=O,6.399996913372259
c12CCN(c1cc(Cl)c(c2)CC)C(Nc1cccnc1)=O,6.399996913372259
c12c(cccc1)C1(CCC2c2c1cccc2)CCCNC,7.7447274948966935
C1C2(CCCNC)c3c(cccc3)C(C1)c1c2cccc1,7.7447274948966935
c1cccc2c1C1(CCCNC)c3c(cccc3)C2CC1,7.7447274948966935
c12C3c4ccccc4C(CC3)(CCCNC)c1cccc2,7.7447274948966935
CNCCCC12c3ccccc3C(CC2)c2c1cccc2,7.7447274948966935
c1ccc(c(c1Cl)Cl)N1CCN(CCCC(Nc2cc3c(cnn3cc2)C=NO)=O)CC1,8.585026652029182
C(CC(=O)Nc1ccn2c(c1)c(cn2)C=NO)CN1CCN(CC1)c1cccc(c1Cl)Cl,8.585026652029182
c1(NC(CCCN2CCN(c3c(Cl)c(ccc3)Cl)CC2)=O)cc2c(C=NO)cnn2cc1,8.585026652029182
N1(CCN(c2cccc(Cl)c2Cl)CC1)CCCC(=O)Nc1ccn2ncc(C=NO)c2c1,8.585026652029182
c1n2c(cc(c1)NC(=O)CCCN1CCN(CC1)c1c(Cl)c(ccc1)Cl)c(cn2)C=NO,8.585026652029182
C(C1CCC(NC(=O)CO)CC1)CN1CCC(c2noc3cc(Cl)ccc23)CC1,7.824198367151721
C(=O)(NC1CCC(CC1)CCN1CCC(CC1)c1noc2c1ccc(Cl)c2)CO,7.824198367151721
c1(Cl)ccc2c(noc2c1)C1CCN(CC1)CCC1CCC(NC(CO)=O)CC1,7.824198367151721
O=C(CO)NC1CCC(CCN2CCC(CC2)c2c3c(on2)cc(cc3)Cl)CC1,7.824198367151721
C(C1CCC(CC1)NC(CO)=O)CN1CCC(CC1)c1noc2cc(ccc21)Cl,7.824198367151721
c1(Cn2c(c(C(NCCCCN3CCN(CC3)c3c(cccc3)OC)=O)nn2)C)ccc(OC)cc1,6.853871964321762
c1(ccc(cc1)OC)Cn1nnc(c1C)C(NCCCCN1CCN(c2ccccc2OC)CC1)=O,6.853871964321762
N1(CCCCNC(=O)c2nnn(Cc3ccc(OC)cc3)c2C)CCN(CC1)c1ccccc1OC,6.853871964321762
N1(CCN(CCCCNC(=O)c2c(n(nn2)Cc2ccc(OC)cc2)C)CC1)c1c(cccc1)OC,6.853871964321762
C1N(CCN(CCCCNC(c2c(n(nn2)Cc2ccc(OC)cc2)C)=O)C1)c1ccccc1OC,6.853871964321762
C(c1nn(CC2CCCC2)c(c1)OCc1ccc(cc1F)F)NC,9.698970004336019
n1(CC2CCCC2)nc(cc1OCc1ccc(F)cc1F)CNC,9.698970004336019
c1c(c(COc2n(CC3CCCC3)nc(CNC)c2)ccc1F)F,9.698970004336019
CNCc1cc(OCc2ccc(cc2F)F)n(CC2CCCC2)n1,9.698970004336019
C(Oc1cc(CNC)nn1CC1CCCC1)c1ccc(cc1F)F,9.698970004336019
c12c(-c3ccc(C4CCNCCC4)cc3)cc(C(=O)O)cc1cc(cc2)-c1ccc(C(F)(F)F)cc1,5.318758762624412
C1CC(c2ccc(cc2)-c2c3c(cc(C(O)=O)c2)cc(cc3)-c2ccc(cc2)C(F)(F)F)CCCN1,5.318758762624412
c1c(-c2ccc(C3CCNCCC3)cc2)c2ccc(-c3ccc(cc3)C(F)(F)F)cc2cc1C(O)=O,5.318758762624412
C(F)(c1ccc(-c2cc3cc(cc(-c4ccc(C5CCCNCC5)cc4)c3cc2)C(O)=O)cc1)(F)F,5.318758762624412
C1(CCCNCC1)c1ccc(-c2cc(cc3c2ccc(-c2ccc(cc2)C(F)(F)F)c3)C(O)=O)cc1,5.318758762624412
C1CN(CCC2CCC(NC(=O)CCC(=O)N(C)C)CC2)CCN1c1nccc2c1CCO2,7.621602099051862
C1CC(CCC1NC(CCC(=O)N(C)C)=O)CCN1CCN(CC1)c1nccc2OCCc21,7.621602099051862
CN(C)C(=O)CCC(=O)NC1CCC(CC1)CCN1CCN(c2c3c(OCC3)ccn2)CC1,7.621602099051862
c12OCCc1c(ncc2)N1CCN(CCC2CCC(NC(CCC(N(C)C)=O)=O)CC2)CC1,7.621602099051862
N(C(CCC(=O)N(C)C)=O)C1CCC(CC1)CCN1CCN(c2c3c(OCC3)ccn2)CC1,7.621602099051862
N1(c2nsc3ccccc32)CCN(CC1)CCC1CCC(CC1)NC(CC)=O,8.958607314841775
N1(CCN(CCC2CCC(NC(=O)CC)CC2)CC1)c1nsc2ccccc12,8.958607314841775
C1N(CCN(c2nsc3ccccc23)C1)CCC1CCC(CC1)NC(=O)CC,8.958607314841775
c1cc2c(cc1)c(ns2)N1CCN(CC1)CCC1CCC(CC1)NC(CC)=O,8.958607314841775
C1N(CCN(C1)CCC1CCC(CC1)NC(CC)=O)c1c2c(cccc2)sn1,8.958607314841775
C(CN1CCC(CC1)c1c2ccc(F)cc2on1)N(CC#N)C(=O)C(O)C,7.013228265733755
C1N(CCC(c2c3ccc(F)cc3on2)C1)CCN(CC#N)C(=O)C(C)O,7.013228265733755
C1C(CCN(CCN(C(C(O)C)=O)CC#N)C1)c1c2c(on1)cc(F)cc2,7.013228265733755
OC(C(N(CCN1CCC(c2c3c(on2)cc(F)cc3)CC1)CC#N)=O)C,7.013228265733755
n1oc2cc(ccc2c1C1CCN(CC1)CCN(CC#N)C(C(O)C)=O)F,7.013228265733755
c1ccc2c(N3CCN(CCN4C(=O)c5c(CC4)cnc(c5)OC)CC3)nsc2c1,8.853871964321762
N1(CCc2c(cc(nc2)OC)C1=O)CCN1CCN(c2c3c(sn2)cccc3)CC1,8.853871964321762
n1c(c2ccccc2s1)N1CCN(CC1)CCN1CCc2cnc(cc2C1=O)OC,8.853871964321762
C1N(CCN2CCN(c3nsc4ccccc43)CC2)C(c2c(C1)cnc(c2)OC)=O,8.853871964321762
C1(N(CCc2cnc(cc21)OC)CCN1CCN(CC1)c1nsc2c1cccc2)=O,8.853871964321762
n1ccc(C(=O)NC2CCC(CCN3CCN(c4cccc(C(F)(F)F)n4)CC3)CC2)c2ccccc21,5.838631997765025
c1(c2ccccc2ncc1)C(NC1CCC(CCN2CCN(c3cccc(n3)C(F)(F)F)CC2)CC1)=O,5.838631997765025
C1N(c2cccc(n2)C(F)(F)F)CCN(CCC2CCC(NC(c3ccnc4ccccc34)=O)CC2)C1,5.838631997765025
C1C(CCC(CCN2CCN(CC2)c2nc(C(F)(F)F)ccc2)C1)NC(=O)c1ccnc2ccccc12,5.838631997765025
C1(CCN2CCN(CC2)c2nc(ccc2)C(F)(F)F)CCC(CC1)NC(c1c2ccccc2ncc1)=O,5.838631997765025
c1cccc(CN2CCC(C2)NC(=O)c2cccc(c2)-c2sccc2)c1,6.337242168318426
c1(-c2cccc(c2)C(NC2CN(CC2)Cc2ccccc2)=O)sccc1,6.337242168318426
C1C(CCN1Cc1ccccc1)NC(=O)c1cc(-c2sccc2)ccc1,6.337242168318426
c1(cccc(C(NC2CCN(Cc3ccccc3)C2)=O)c1)-c1sccc1,6.337242168318426
c1cc(CN2CCC(C2)NC(=O)c2cccc(c2)-c2sccc2)ccc1,6.337242168318426
C(CCN1CCN(CC1)c1ncccc1)Cc1ccc(NC(=O)C)cc1,6.4322034151049765
c1cccc(n1)N1CCN(CC1)CCCCc1ccc(cc1)NC(C)=O,6.4322034151049765
c1cc(ccc1NC(C)=O)CCCCN1CCN(CC1)c1ncccc1,6.4322034151049765
C1CN(CCN1CCCCc1ccc(cc1)NC(C)=O)c1ncccc1,6.4322034151049765
C1CN(CCN1c1ccccn1)CCCCc1ccc(cc1)NC(C)=O,6.4322034151049765
c12c(CN(CC1)CCCC(c1ccc(O)cc1)=O)cccc2,6.103628127770024
C(CCC(c1ccc(cc1)O)=O)N1CCc2ccccc2C1,6.103628127770024
c1(O)ccc(C(CCCN2CCc3ccccc3C2)=O)cc1,6.103628127770024
C(CCN1Cc2ccccc2CC1)C(c1ccc(O)cc1)=O,6.103628127770024
C(CN1CCc2c(cccc2)C1)CC(=O)c1ccc(cc1)O,6.103628127770024
Fc1c(F)cc2onc(c2c1)C1CCN(CC1)CCC1CCC(CC1)NC(=O)C1CCOCC1,8.104577453960593
C1CC(NC(=O)C2CCOCC2)CCC1CCN1CCC(c2noc3cc(F)c(cc32)F)CC1,8.104577453960593
C1CC(CCO1)C(NC1CCC(CC1)CCN1CCC(CC1)c1c2cc(c(cc2on1)F)F)=O,8.104577453960593
C1C(NC(=O)C2CCOCC2)CCC(C1)CCN1CCC(CC1)c1c2c(cc(F)c(F)c2)on1,8.104577453960593
c1(C2CCN(CC2)CCC2CCC(CC2)NC(=O)C2CCOCC2)noc2cc(F)c(cc21)F,8.104577453960593
C1(c2ccccc2O)=NC(Cc2nc[nH]c2)C(S1)C,5.853871964321762
CC1SC(=NC1Cc1nc[nH]c1)c1c(cccc1)O,5.853871964321762
c1(CC2C(C)SC(=N2)c2c(cccc2)O)nc[nH]c1,5.853871964321762
c1(C2SC(C)C(N=2)Cc2nc[nH]c2)ccccc1O,5.853871964321762
C1(C)SC(c2c(cccc2)O)=NC1Cc1nc[nH]c1,5.853871964321762
N1(CCN(CC1)CCN1CCc2c(ncc(c2)C)C1=O)c1c2c(on1)cccc2,8.638272163982407
C1(=O)N(CCN2CCN(CC2)c2noc3ccccc23)CCc2c1ncc(c2)C,8.638272163982407
C1CN(CCN1CCN1C(c2ncc(C)cc2CC1)=O)c1noc2ccccc12,8.638272163982407
n1cc(C)cc2c1C(N(CC2)CCN1CCN(c2noc3ccccc23)CC1)=O,8.638272163982407
c1(C)cc2CCN(C(c2nc1)=O)CCN1CCN(c2noc3ccccc23)CC1,8.638272163982407
C1CN(CCC1c1noc2cc(F)ccc12)CCN(CC)C(=O)C(CO)(C)C,9.698970004336019
C(N1CCC(c2noc3cc(ccc23)F)CC1)CN(C(=O)C(C)(CO)C)CC,9.698970004336019
c1c2c(cc(F)c1)onc2C1CCN(CC1)CCN(C(=O)C(CO)(C)C)CC,9.698970004336019
C(O)C(C)(C(N(CCN1CCC(c2noc3c2ccc(c3)F)CC1)CC)=O)C,9.698970004336019
c1cc(F)cc2onc(C3CCN(CCN(CC)C(=O)C(C)(CO)C)CC3)c12,9.698970004336019
o1nc(c2c1cccc2)CCCN1CCC(NS(=O)(c2ccc(F)c(c2)Cl)=O)C1,8.280006173632396
c1c(S(=O)(NC2CCN(CCCc3c4ccccc4on3)C2)=O)cc(Cl)c(c1)F,8.280006173632396
c12c(cccc2)onc1CCCN1CCC(C1)NS(=O)(=O)c1cc(Cl)c(cc1)F,8.280006173632396
c1cc(S(=O)(=O)NC2CN(CC2)CCCc2noc3c2cccc3)cc(c1F)Cl,8.280006173632396
c1c(Cl)c(F)ccc1S(NC1CCN(CCCc2noc3c2cccc3)C1)(=O)=O,8.280006173632396
n1c(cc(OCc2c(F)cc(c(F)c2)F)n1CC1CCCC1)CNC,8.886056647693163
C1CCCC1Cn1c(OCc2c(cc(F)c(c2)F)F)cc(CNC)n1,8.886056647693163
c1(cc(nn1CC1CCCC1)CNC)OCc1cc(F)c(F)cc1F,8.886056647693163
C(n1c(cc(n1)CNC)OCc1c(cc(c(c1)F)F)F)C1CCCC1,8.886056647693163
C(c1cc(OCc2cc(c(cc2F)F)F)n(CC2CCCC2)n1)NC,8.886056647693163
c1(C)c2c(cc(OC)c(c2)OC)oc1C(N(c1ccccc1)CCCN1CCCCC1)=O,5.59108197915322
c1ccccc1N(CCCN1CCCCC1)C(c1oc2c(c1C)cc(OC)c(c2)OC)=O,5.59108197915322
c1c(OC)c(cc2oc(C(=O)N(c3ccccc3)CCCN3CCCCC3)c(C)c21)OC,5.59108197915322
COc1cc2c(c(C(=O)N(CCCN3CCCCC3)c3ccccc3)oc2cc1OC)C,5.59108197915322
c1c(N(C(=O)c2oc3c(cc(c(OC)c3)OC)c2C)CCCN2CCCCC2)cccc1,5.59108197915322
O(c1c(N2CCN(CC2)CC(F)CCNC(=O)c2cc3ccccc3s2)cccc1)C,5.518557371497695
C1N(CCN(c2ccccc2OC)C1)CC(CCNC(=O)c1sc2c(cccc2)c1)F,5.518557371497695
C(CC(CN1CCN(c2c(OC)cccc2)CC1)F)NC(c1cc2c(cccc2)s1)=O,5.518557371497695
c12c(cc(s2)C(NCCC(F)CN2CCN(c3ccccc3OC)CC2)=O)cccc1,5.518557371497695
C(C(F)CCNC(c1cc2c(s1)cccc2)=O)N1CCN(CC1)c1ccccc1OC,5.518557371497695
c1(c(cccc1)-c1cc(ccc1Cl)CNCC)OC,6.040958607678906
c1c(c(Cl)ccc1CNCC)-c1ccccc1OC,6.040958607678906
N(CC)Cc1cc(-c2c(OC)cccc2)c(cc1)Cl,6.040958607678906
O(c1c(cccc1)-c1cc(CNCC)ccc1Cl)C,6.040958607678906
c1(CNCC)ccc(Cl)c(c1)-c1c(cccc1)OC,6.040958607678906
CC(C)COc1ccc(CC(N(Cc2ccc(OC)cc2Cl)C2CCN(CC2)C)=O)cc1,6.899629454882437
O(C)c1ccc(c(c1)Cl)CN(C1CCN(CC1)C)C(Cc1ccc(OCC(C)C)cc1)=O,6.899629454882437
C(C(=O)N(C1CCN(CC1)C)Cc1ccc(OC)cc1Cl)c1ccc(OCC(C)C)cc1,6.899629454882437
C1CN(C)CCC1N(Cc1c(cc(OC)cc1)Cl)C(=O)Cc1ccc(cc1)OCC(C)C,6.899629454882437
c1c(CC(N(C2CCN(C)CC2)Cc2ccc(OC)cc2Cl)=O)ccc(c1)OCC(C)C,6.899629454882437
O=C(C)Nc1ccc(cc1)OCC(O)CN1CCC(c2noc3c2ccc(c3)F)CC1,7.141462802430361
c1(c2c(on1)cc(cc2)F)C1CCN(CC(O)COc2ccc(NC(=O)C)cc2)CC1,7.141462802430361
O(c1ccc(NC(=O)C)cc1)CC(O)CN1CCC(c2c3ccc(cc3on2)F)CC1,7.141462802430361
C1(CCN(CC1)CC(O)COc1ccc(NC(=O)C)cc1)c1noc2c1ccc(c2)F,7.141462802430361
c1cc(F)cc2c1c(no2)C1CCN(CC(COc2ccc(NC(C)=O)cc2)O)CC1,7.141462802430361
c1c2onc(c2ccc1F)C1CCN(CC1)CCN(C(C(C)O)=O)CC,8.698970004336019
C(N1CCC(CC1)c1c2c(on1)cc(F)cc2)CN(C(C(O)C)=O)CC,8.698970004336019
C1CC(c2c3c(cc(F)cc3)on2)CCN1CCN(CC)C(C(C)O)=O,8.698970004336019
c1(c2c(on1)cc(F)cc2)C1CCN(CC1)CCN(CC)C(C(O)C)=O,8.698970004336019
C(C(O)C)(=O)N(CC)CCN1CCC(c2noc3c2ccc(c3)F)CC1,8.698970004336019
C(COc1c(OC)ccc(c1)N1C(=O)c2c3ccccc3n(C)c2C1)N1CCCCC1,6.299997602857746
c1(c(cc(N2Cc3n(C)c4ccccc4c3C2=O)cc1)OCCN1CCCCC1)OC,6.299997602857746
c12c3C(=O)N(Cc3n(c2cccc1)C)c1ccc(OC)c(c1)OCCN1CCCCC1,6.299997602857746
C(COc1c(ccc(N2C(c3c4ccccc4n(c3C2)C)=O)c1)OC)N1CCCCC1,6.299997602857746
COc1ccc(N2Cc3n(C)c4c(c3C2=O)cccc4)cc1OCCN1CCCCC1,6.299997602857746
O1COc2c(N3CCN(CC3)CCC3CCC(NC(=O)C(OC)C(C)C)CC3)cccc12,7.375614758579735
CC(C)C(C(NC1CCC(CCN2CCN(CC2)c2c3c(OCO3)ccc2)CC1)=O)OC,7.375614758579735
O1c2c(c(N3CCN(CCC4CCC(NC(C(C(C)C)OC)=O)CC4)CC3)ccc2)OC1,7.375614758579735
C(C(NC1CCC(CC1)CCN1CCN(CC1)c1cccc2OCOc12)=O)(OC)C(C)C,7.375614758579735
C1C(CCC(C1)CCN1CCN(c2cccc3c2OCO3)CC1)NC(C(C(C)C)OC)=O,7.375614758579735
c12c([nH]cc2CCN(C)C)cccc1,7.187086643357144
c1(CCN(C)C)c[nH]c2ccccc12,7.187086643357144
CN(CCc1c[nH]c2ccccc21)C,7.187086643357144
c12[nH]cc(CCN(C)C)c1cccc2,7.187086643357144
CN(CCc1c2ccccc2[nH]c1)C,7.187086643357144
C1C(CCC(C1)NC(=O)CO)CCN1CCC(CC1)c1cccc2OCCc12,7.5968794788241825
C(C(=O)NC1CCC(CC1)CCN1CCC(CC1)c1c2c(ccc1)OCC2)O,7.5968794788241825
c1cc(C2CCN(CC2)CCC2CCC(CC2)NC(CO)=O)c2c(c1)OCC2,7.5968794788241825
O1c2cccc(c2CC1)C1CCN(CCC2CCC(CC2)NC(=O)CO)CC1,7.5968794788241825
C1(c2c3c(OCC3)ccc2)CCN(CCC2CCC(NC(=O)CO)CC2)CC1,7.5968794788241825
c1(cc(NS(c2c(C)c3cc(Cl)ccc3s2)(=O)=O)ccc1OC)N1CCN(C)CC1,6.0
c1c(N2CCN(C)CC2)c(OC)ccc1NS(c1sc2c(c1C)cc(cc2)Cl)(=O)=O,6.0
C1CN(CCN1c1c(OC)ccc(c1)NS(=O)(c1c(c2c(ccc(Cl)c2)s1)C)=O)C,6.0
S(c1sc2ccc(Cl)cc2c1C)(Nc1cc(c(cc1)OC)N1CCN(C)CC1)(=O)=O,6.0
c12c(C)c(S(=O)(=O)Nc3cc(c(cc3)OC)N3CCN(C)CC3)sc1ccc(c2)Cl,6.0
c1(C2CNCCC2F)c(-c2ccccc2)[nH]c2c(Cl)cccc12,9.161150909262744
FC1CCNCC1c1c2cccc(Cl)c2[nH]c1-c1ccccc1,9.161150909262744
C1(CNCCC1F)c1c2c([nH]c1-c1ccccc1)c(ccc2)Cl,9.161150909262744
c12c(c(C3C(CCNC3)F)c([nH]2)-c2ccccc2)cccc1Cl,9.161150909262744
c1cc(-c2[nH]c3c(cccc3Cl)c2C2C(F)CCNC2)ccc1,9.161150909262744
C1CN(Cc2ccc(OCCCN3CCC(c4c5c(cc(F)cc5)on4)CC3)cc2)CCC1,8.292429823902063
c1(ccc(OCCCN2CCC(CC2)c2c3ccc(F)cc3on2)cc1)CN1CCCCC1,8.292429823902063
C1N(CCCOc2ccc(cc2)CN2CCCCC2)CCC(C1)c1c2ccc(F)cc2on1,8.292429823902063
C1C(CCN(C1)CCCOc1ccc(cc1)CN1CCCCC1)c1noc2c1ccc(F)c2,8.292429823902063
c12c(c(C3CCN(CCCOc4ccc(CN5CCCCC5)cc4)CC3)no2)ccc(F)c1,8.292429823902063
CN(C)C1Cc2c(cccc2)C(c2cc(ccc2)Cl)C1,7.3979400086720375
c1c(cc(C2c3ccccc3CC(C2)N(C)C)cc1)Cl,7.3979400086720375
CN(C1CC(c2ccccc2C1)c1cccc(Cl)c1)C,7.3979400086720375
c1(Cl)cccc(C2c3ccccc3CC(C2)N(C)C)c1,7.3979400086720375
c1cccc2c1CC(CC2c1cccc(Cl)c1)N(C)C,7.3979400086720375
c1c2c(cc(c1)Cl)c1c(CN(C1=O)c1ccc(OC)c(OCCN3CCC(C)CC3)c1)n2C,6.900008766455316
N1(CCOc2c(ccc(c2)N2C(=O)c3c4c(n(c3C2)C)ccc(c4)Cl)OC)CCC(C)CC1,6.900008766455316
COc1c(cc(cc1)N1Cc2c(c3cc(ccc3n2C)Cl)C1=O)OCCN1CCC(C)CC1,6.900008766455316
n1(c2c(c3C(=O)N(Cc13)c1ccc(OC)c(c1)OCCN1CCC(C)CC1)cc(Cl)cc2)C,6.900008766455316
c12n(c3c(cc(Cl)cc3)c2C(N(c2ccc(c(c2)OCCN2CCC(CC2)C)OC)C1)=O)C,6.900008766455316
C(NC(c1nn(c2ccccc21)C(C)C)=O)C1CCN(CCc2ccccc2)CC1,7.50003813440381
C(C1CCN(CC1)CCc1ccccc1)NC(=O)c1nn(C(C)C)c2ccccc12,7.50003813440381
CC(C)n1c2c(c(C(NCC3CCN(CC3)CCc3ccccc3)=O)n1)cccc2,7.50003813440381
c12c(n(nc1C(=O)NCC1CCN(CC1)CCc1ccccc1)C(C)C)cccc2,7.50003813440381
CC(C)n1nc(C(NCC2CCN(CC2)CCc2ccccc2)=O)c2ccccc21,7.50003813440381
FC(C(F)(F)F)(c1c(cc2CCN(c2c1)C(Nc1cnccc1)=O)SC)F,5.59999938302362
FC(F)(F)C(F)(c1cc2N(C(=O)Nc3cccnc3)CCc2cc1SC)F,5.59999938302362
C(N1c2cc(C(C(F)(F)F)(F)F)c(cc2CC1)SC)(=O)Nc1cccnc1,5.59999938302362
c1(NC(=O)N2CCc3cc(SC)c(C(C(F)(F)F)(F)F)cc23)cccnc1,5.59999938302362
c1(C(F)(C(F)(F)F)F)c(cc2CCN(C(=O)Nc3cccnc3)c2c1)SC,5.59999938302362
C(OCCN1CCN(CC1)CCc1ccccc1)COc1cccc(c1C)C,6.657577319177793
Cc1c(c(OCCOCCN2CCN(CCc3ccccc3)CC2)ccc1)C,6.657577319177793
c1ccc(CCN2CCN(CC2)CCOCCOc2cccc(C)c2C)cc1,6.657577319177793
c1cc(ccc1)CCN1CCN(CCOCCOc2cccc(C)c2C)CC1,6.657577319177793
C(COCCOc1c(c(C)ccc1)C)N1CCN(CCc2ccccc2)CC1,6.657577319177793
N1(CCN(CC1)CC(c1ccc(cc1)F)=O)C(=O)c1c(Cl)cn(CC)n1,8.585026652029182
C(n1nc(C(=O)N2CCN(CC(c3ccc(F)cc3)=O)CC2)c(c1)Cl)C,8.585026652029182
c1cc(ccc1F)C(CN1CCN(C(c2nn(CC)cc2Cl)=O)CC1)=O,8.585026652029182
O=C(N1CCN(CC1)CC(c1ccc(F)cc1)=O)c1c(cn(n1)CC)Cl,8.585026652029182
C(C(c1ccc(cc1)F)=O)N1CCN(C(c2c(cn(CC)n2)Cl)=O)CC1,8.585026652029182
c12ccnc(c2CCO1)N1CCN(CCC2CCC(NC(=O)CC(C)OC)CC2)CC1,7.517126416391246
N1(CCN(CCC2CCC(NC(=O)CC(OC)C)CC2)CC1)c1c2c(ccn1)OCC2,7.517126416391246
C(N1CCN(c2nccc3c2CCO3)CC1)CC1CCC(NC(CC(C)OC)=O)CC1,7.517126416391246
C1Cc2c(ccnc2N2CCN(CCC3CCC(CC3)NC(=O)CC(C)OC)CC2)O1,7.517126416391246
C(C(C)OC)C(NC1CCC(CCN2CCN(c3c4CCOc4ccn3)CC2)CC1)=O,7.517126416391246
C(CC1CCC(CC1)NC(C)=O)N1CCC(CC1)c1ccc(c2occc21)F,7.47755576649368
C1(CCN2CCC(c3c4c(occ4)c(cc3)F)CC2)CCC(CC1)NC(=O)C,7.47755576649368
c1(c2ccoc2c(F)cc1)C1CCN(CC1)CCC1CCC(CC1)NC(=O)C,7.47755576649368
C1C(c2c3ccoc3c(F)cc2)CCN(C1)CCC1CCC(CC1)NC(=O)C,7.47755576649368
o1ccc2c(ccc(c21)F)C1CCN(CC1)CCC1CCC(CC1)NC(C)=O,7.47755576649368
c1cccc(C=Cn2c3c(CN(CC3)C)c3cc(ccc32)C)c1,9.0
c1(cc2c(n(C=Cc3ccccc3)c3CCN(Cc32)C)cc1)C,9.0
c1c(cc2c3CN(CCc3n(C=Cc3ccccc3)c2c1)C)C,9.0
C1c2c(n(c3ccc(C)cc32)C=Cc2ccccc2)CCN1C,9.0
c1ccccc1C=Cn1c2c(c3CN(C)CCc13)cc(C)cc2,9.0
N(CCCN1CC(Cc2ccccc2)CCC1)C(=O)Nc1cc(ccc1)OC,6.039529222465701
N(c1cc(OC)ccc1)C(NCCCN1CCCC(C1)Cc1ccccc1)=O,6.039529222465701
c1ccccc1CC1CCCN(C1)CCCNC(=O)Nc1cccc(c1)OC,6.039529222465701
N(CCCN1CC(CCC1)Cc1ccccc1)C(=O)Nc1cccc(OC)c1,6.039529222465701
C(CN1CCCC(C1)Cc1ccccc1)CNC(=O)Nc1cc(OC)ccc1,6.039529222465701
c12cc(F)cc(c1ccc(n2)C)OCCN1CCC(CC1)Cc1ccc2c(c1F)NC(=O)CO2,5.700000503883016
C1(CCN(CCOc2c3ccc(nc3cc(F)c2)C)CC1)Cc1c(c2c(cc1)OCC(=O)N2)F,5.700000503883016
C1CC(CCN1CCOc1c2ccc(C)nc2cc(c1)F)Cc1c(F)c2c(cc1)OCC(=O)N2,5.700000503883016
C1N(CCC(Cc2ccc3OCC(Nc3c2F)=O)C1)CCOc1c2ccc(C)nc2cc(F)c1,5.700000503883016
c1cc(c(F)c2NC(=O)COc12)CC1CCN(CC1)CCOc1c2ccc(C)nc2cc(F)c1,5.700000503883016
CC(C1CCCC1)n1nc(CNC)cc1OCc1ccccc1,8.2839966563652
C1CCC(C(n2c(cc(n2)CNC)OCc2ccccc2)C)C1,8.2839966563652
C(c1nn(c(OCc2ccccc2)c1)C(C1CCCC1)C)NC,8.2839966563652
n1(c(cc(CNC)n1)OCc1ccccc1)C(C1CCCC1)C,8.2839966563652
c1c(n(C(C2CCCC2)C)nc1CNC)OCc1ccccc1,8.2839966563652
C(NCCc1cccc2[nH]cc(c21)S(=O)(c1ccccc1)=O)(C)C,6.958607314841775
N(CCc1cccc2c1c(c[nH]2)S(=O)(=O)c1ccccc1)C(C)C,6.958607314841775
C(C)(C)NCCc1c2c(S(=O)(c3ccccc3)=O)c[nH]c2ccc1,6.958607314841775
c1ccccc1S(c1c2c([nH]c1)cccc2CCNC(C)C)(=O)=O,6.958607314841775
c1(S(c2c[nH]c3cccc(c23)CCNC(C)C)(=O)=O)ccccc1,6.958607314841775
C1N(CCc2ccc(cc2F)F)CCC(C1)(S(=O)(=O)c1cc(ccc1)F)F,9.522878745280337
Fc1cc(ccc1)S(=O)(=O)C1(CCN(CC1)CCc1ccc(cc1F)F)F,9.522878745280337
c1cc(cc(F)c1)S(=O)(=O)C1(CCN(CCc2ccc(cc2F)F)CC1)F,9.522878745280337
c1(F)cc(ccc1)S(=O)(C1(F)CCN(CC1)CCc1ccc(F)cc1F)=O,9.522878745280337
C1(S(=O)(c2cc(F)ccc2)=O)(F)CCN(CC1)CCc1ccc(cc1F)F,9.522878745280337
C1CN(CCC2CCN(CC2)S(=O)(c2cncc3ccccc32)=O)CCN1c1cccc(C(F)(F)F)c1,6.79317412396815
C(c1cccc(c1)N1CCN(CC1)CCC1CCN(CC1)S(=O)(c1cncc2c1cccc2)=O)(F)(F)F,6.79317412396815
C1(CCN(CC1)S(=O)(c1cncc2ccccc12)=O)CCN1CCN(c2cc(C(F)(F)F)ccc2)CC1,6.79317412396815
FC(F)(c1cc(ccc1)N1CCN(CC1)CCC1CCN(CC1)S(=O)(c1c2c(cnc1)cccc2)=O)F,6.79317412396815
C1CN(CCN1CCC1CCN(CC1)S(c1cncc2ccccc12)(=O)=O)c1cc(C(F)(F)F)ccc1,6.79317412396815
c1ccc2snc(c2c1)N1CCN(CCC2N(CCC2)S(=O)(=O)c2cccc3c2ccnc3)CC1,7.823908740944319
c1(c2ccncc2ccc1)S(=O)(=O)N1C(CCN2CCN(CC2)c2c3ccccc3sn2)CCC1,7.823908740944319
c1cc2c(cccc2cn1)S(=O)(=O)N1C(CCN2CCN(CC2)c2c3c(sn2)cccc3)CCC1,7.823908740944319
C1N(CCN(C1)c1c2ccccc2sn1)CCC1CCCN1S(=O)(c1cccc2cnccc12)=O,7.823908740944319
C(CN1CCN(c2nsc3ccccc23)CC1)C1CCCN1S(c1cccc2cnccc21)(=O)=O,7.823908740944319
C(c1ccc(cc1)OC(C)C)OC(N(Cc1ccc(F)cc1)C1C(CN(C)CC1)F)=O,10.0
C1N(C)CCC(C1F)N(C(=O)OCc1ccc(OC(C)C)cc1)Cc1ccc(F)cc1,10.0
c1cc(F)ccc1CN(C(OCc1ccc(OC(C)C)cc1)=O)C1CCN(C)CC1F,10.0
c1c(ccc(CN(C2CCN(CC2F)C)C(=O)OCc2ccc(OC(C)C)cc2)c1)F,10.0
c1cc(ccc1OC(C)C)COC(N(Cc1ccc(F)cc1)C1CCN(C)CC1F)=O,10.0
C1CN(CCN1C(=O)c1nn(C)cc1Br)CC(c1ccc(cc1)C(F)(F)F)=O,6.062983892535185
n1c(c(cn1C)Br)C(N1CCN(CC(c2ccc(C(F)(F)F)cc2)=O)CC1)=O,6.062983892535185
C1N(CCN(C1)CC(c1ccc(C(F)(F)F)cc1)=O)C(c1nn(cc1Br)C)=O,6.062983892535185
c1(ccc(cc1)C(F)(F)F)C(CN1CCN(C(=O)c2nn(C)cc2Br)CC1)=O,6.062983892535185
c1cc(C(F)(F)F)ccc1C(=O)CN1CCN(C(=O)c2c(cn(C)n2)Br)CC1,6.062983892535185
C1CC2N3CCCSc4c3c(C2CN1CCCC(c1ccc(F)cc1)=O)ccc4,8.602059991327963
S1CCCN2C3CCN(CCCC(=O)c4ccc(F)cc4)CC3c3c2c1ccc3,8.602059991327963
c12cccc3c2N(C2C1CN(CCCC(=O)c1ccc(F)cc1)CC2)CCCS3,8.602059991327963
c1(ccc(cc1)C(CCCN1CC2c3cccc4c3N(CCCS4)C2CC1)=O)F,8.602059991327963
C1Sc2c3c(ccc2)C2CN(CCC2N3CC1)CCCC(=O)c1ccc(F)cc1,8.602059991327963
c1(N2CCN(CC2)CCC2CCC(NC(CC(CC)O)=O)CC2)c2c(ccn1)OCC2,7.522878745280337
C1N(CCN(c2c3c(OCC3)ccn2)C1)CCC1CCC(CC1)NC(=O)CC(CC)O,7.522878745280337
O1CCc2c(N3CCN(CCC4CCC(CC4)NC(CC(CC)O)=O)CC3)nccc12,7.522878745280337
C1CN(CCC2CCC(CC2)NC(=O)CC(CC)O)CCN1c1c2c(ccn1)OCC2,7.522878745280337
c1c2OCCc2c(nc1)N1CCN(CC1)CCC1CCC(CC1)NC(=O)CC(CC)O,7.522878745280337
c1c(c2ccc(cc2[nH]1)F)C1CCN(CCN(CC)C(CCO)=O)CC1,9.221848749616356
CCN(C(=O)CCO)CCN1CCC(CC1)c1c2ccc(F)cc2[nH]c1,9.221848749616356
C(CC(N(CC)CCN1CCC(c2c[nH]c3c2ccc(c3)F)CC1)=O)O,9.221848749616356
C(CN1CCC(c2c[nH]c3c2ccc(c3)F)CC1)N(CC)C(=O)CCO,9.221848749616356
C1(CCN(CCN(CC)C(=O)CCO)CC1)c1c[nH]c2cc(F)ccc12,9.221848749616356
C1N(CCC2CCC(CC2)NC(=O)C(C(F)(F)F)O)CCC(C1)c1c2c(on1)cc(cc2)Cl,7.660151216962363
OC(C(=O)NC1CCC(CCN2CCC(CC2)c2noc3cc(Cl)ccc32)CC1)C(F)(F)F,7.660151216962363
FC(F)(F)C(O)C(=O)NC1CCC(CCN2CCC(c3c4ccc(Cl)cc4on3)CC2)CC1,7.660151216962363
C1CN(CCC2CCC(CC2)NC(=O)C(O)C(F)(F)F)CCC1c1c2c(on1)cc(Cl)cc2,7.660151216962363
N1(CCC(CC1)c1noc2c1ccc(c2)Cl)CCC1CCC(NC(C(O)C(F)(F)F)=O)CC1,7.660151216962363
C(=O)(NCCCCN1CCN(CC1)c1nc(C)ccc1)c1ncccc1,6.619788758288394
c1(C)nc(N2CCN(CC2)CCCCNC(=O)c2ncccc2)ccc1,6.619788758288394
C(CCNC(=O)c1ccccn1)CN1CCN(c2nc(C)ccc2)CC1,6.619788758288394
c1c(nccc1)C(NCCCCN1CCN(CC1)c1cccc(C)n1)=O,6.619788758288394
c1cc(nc(c1)N1CCN(CCCCNC(c2ncccc2)=O)CC1)C,6.619788758288394
O(c1ccc(N2CCN(CC2)CCC2OCCc3c2ccc(C(N)=O)c3)cc1)C,6.657577319177793
c1c2c(cc(c1)C(=O)N)CCOC2CCN1CCN(c2ccc(OC)cc2)CC1,6.657577319177793
c1cc2c(CCOC2CCN2CCN(CC2)c2ccc(cc2)OC)cc1C(N)=O,6.657577319177793
NC(=O)c1cc2CCOC(CCN3CCN(c4ccc(cc4)OC)CC3)c2cc1,6.657577319177793
c1c2c(ccc1C(N)=O)C(CCN1CCN(c3ccc(OC)cc3)CC1)OCC2,6.657577319177793
c1(C(=O)C2CCN(CC2)CCc2cc(ccc2)I)ccc(cc1)F,9.292429823902063
C1CC(CCN1CCc1cccc(I)c1)C(c1ccc(cc1)F)=O,9.292429823902063
c1c(cccc1CCN1CCC(CC1)C(=O)c1ccc(cc1)F)I,9.292429823902063
C1N(CCc2cccc(I)c2)CCC(C(=O)c2ccc(F)cc2)C1,9.292429823902063
c1cc(CCN2CCC(CC2)C(=O)c2ccc(cc2)F)cc(c1)I,9.292429823902063
C(n1c(cc(n1)CNC)OCc1ccc(cc1Cl)F)(C)C1CCCCC1,9.05551732784983
C(c1nn(c(OCc2ccc(cc2Cl)F)c1)C(C)C1CCCCC1)NC,9.05551732784983
c1(cc(F)ccc1COc1n(nc(CNC)c1)C(C)C1CCCCC1)Cl,9.05551732784983
c1(ccc(COc2cc(nn2C(C2CCCCC2)C)CNC)c(Cl)c1)F,9.05551732784983
N(C)Cc1nn(C(C)C2CCCCC2)c(c1)OCc1c(Cl)cc(cc1)F,9.05551732784983
C1CNCC2N1C(=O)c1c(C2)cccc1C(F)(F)F,7.075720713938118
FC(F)(F)c1c2C(=O)N3CCNCC3Cc2ccc1,7.075720713938118
FC(c1c2c(ccc1)CC1CNCCN1C2=O)(F)F,7.075720713938118
c12C(N3C(Cc1cccc2C(F)(F)F)CNCC3)=O,7.075720713938118
c12cccc(c2C(N2CCNCC2C1)=O)C(F)(F)F,7.075720713938118
C1(=O)C(CCCc2n(ncc21)C)CCN1CCN(c2nsc3ccccc32)CC1,9.327902142064282
C1CCc2c(C(=O)C1CCN1CCN(c3c4ccccc4sn3)CC1)cnn2C,9.327902142064282
C1(C(c2cnn(c2CCC1)C)=O)CCN1CCN(CC1)c1nsc2ccccc21,9.327902142064282
C1CN(CCN1c1c2ccccc2sn1)CCC1CCCc2n(ncc2C1=O)C,9.327902142064282
C1CCC(C(=O)c2c1n(C)nc2)CCN1CCN(c2nsc3c2cccc3)CC1,9.327902142064282
OC(=O)CCC(OC(COc1ccccc1CCc1ccc(cc1)OC)CN(C)C)=O,8.199970640755867
c1cc(c(OCC(OC(CCC(O)=O)=O)CN(C)C)cc1)CCc1ccc(OC)cc1,8.199970640755867
c1cccc(CCc2ccc(OC)cc2)c1OCC(OC(CCC(=O)O)=O)CN(C)C,8.199970640755867
O(C)c1ccc(cc1)CCc1c(OCC(OC(CCC(=O)O)=O)CN(C)C)cccc1,8.199970640755867
O=C(OC(CN(C)C)COc1ccccc1CCc1ccc(OC)cc1)CCC(O)=O,8.199970640755867
CSc1c(cc2c(c1)N(CC2)CC(C)N)F,7.275724130399211
C(CN1CCc2cc(c(SC)cc21)F)(C)N,7.275724130399211
Fc1cc2CCN(CC(C)N)c2cc1SC,7.275724130399211
C(N)(CN1CCc2c1cc(SC)c(c2)F)C,7.275724130399211
C(CN1c2cc(SC)c(F)cc2CC1)(C)N,7.275724130399211
C1C(O)CCC(C1)C(N(CC)CCN1CCC(c2noc3c2ccc(c3)F)CC1)=O,9.301029995663981
C(N(CCN1CCC(CC1)c1c2c(cc(F)cc2)on1)CC)(=O)C1CCC(O)CC1,9.301029995663981
C1CC(CCN1CCN(C(C1CCC(O)CC1)=O)CC)c1noc2cc(ccc12)F,9.301029995663981
n1oc2c(c1C1CCN(CCN(C(C3CCC(CC3)O)=O)CC)CC1)ccc(F)c2,9.301029995663981
c1cc(cc2c1c(C1CCN(CCN(CC)C(C3CCC(O)CC3)=O)CC1)no2)F,9.301029995663981
c1(OC)c(cc(OC)c(CCNCc2ccc(C)cc2)c1)Br,7.732828271596986
N(Cc1ccc(C)cc1)CCc1cc(OC)c(cc1OC)Br,7.732828271596986
Brc1cc(OC)c(cc1OC)CCNCc1ccc(C)cc1,7.732828271596986
c1(Br)cc(c(CCNCc2ccc(cc2)C)cc1OC)OC,7.732828271596986
C(c1c(OC)cc(c(OC)c1)Br)CNCc1ccc(cc1)C,7.732828271596986
CC(Nc1cc2-c3c(OCC#C)c(OC)cc4c3C(N(C)CC4)Cc2cc1)=O,5.8955128886876045
C(C)(=O)Nc1cc2-c3c(OCC#C)c(OC)cc4CCN(C(c43)Cc2cc1)C,5.8955128886876045
c1cc(NC(C)=O)cc2-c3c(c(OC)cc4c3C(N(CC4)C)Cc12)OCC#C,5.8955128886876045
N1(C)C2c3c(c(OCC#C)c(cc3CC1)OC)-c1cc(ccc1C2)NC(=O)C,5.8955128886876045
c1c(cc2-c3c(OCC#C)c(OC)cc4CCN(C)C(Cc2c1)c34)NC(C)=O,5.8955128886876045
c1(cccnc1CCC)Oc1ccc(NC(=O)N2c3c(CC2)cc(C)c(Cl)c3)cn1,6.799998134593398
N1(C(Nc2cnc(cc2)Oc2cccnc2CCC)=O)CCc2c1cc(c(C)c2)Cl,6.799998134593398
c1c(Oc2ccc(NC(N3CCc4cc(c(cc43)Cl)C)=O)cn2)c(CCC)ncc1,6.799998134593398
Clc1cc2N(C(=O)Nc3ccc(Oc4c(CCC)nccc4)nc3)CCc2cc1C,6.799998134593398
c1(Cl)cc2N(C(Nc3cnc(cc3)Oc3c(nccc3)CCC)=O)CCc2cc1C,6.799998134593398
C(CCCOc1ccc2CNC(c2c1)=O)N1CCN(CC1)c1c2c(cccc2F)ccc1,8.73754891026957
C1CN(CCN1CCCCOc1cc2c(CNC2=O)cc1)c1c2c(cccc2F)ccc1,8.73754891026957
c1cc(F)c2c(N3CCN(CCCCOc4ccc5c(c4)C(NC5)=O)CC3)cccc2c1,8.73754891026957
c12c(cccc1N1CCN(CCCCOc3ccc4c(C(=O)NC4)c3)CC1)cccc2F,8.73754891026957
O=C1c2cc(ccc2CN1)OCCCCN1CCN(c2c3c(cccc3F)ccc2)CC1,8.73754891026957
C1CN(CCC=1c1c[nH]c2ccc(Cl)cc21)CCC1CCCN1S(c1c2ccccc2cnc1)(=O)=O,6.623423042943488
c12[nH]cc(C3=CCN(CC3)CCC3CCCN3S(=O)(c3cncc4ccccc43)=O)c1cc(cc2)Cl,6.623423042943488
[nH]1c2ccc(Cl)cc2c(c1)C1CCN(CCC2CCCN2S(c2c3ccccc3cnc2)(=O)=O)CC=1,6.623423042943488
C1N(CC=C(c2c3c(ccc(c3)Cl)[nH]c2)C1)CCC1N(CCC1)S(c1c2ccccc2cnc1)(=O)=O,6.623423042943488
c1cccc2c1cncc2S(=O)(=O)N1C(CCC1)CCN1CC=C(CC1)c1c2cc(Cl)ccc2[nH]c1,6.623423042943488
c1cc(S(N(C)C2CCN(CCOc3ccccc3C(C)C)CC2)(=O)=O)ccc1F,6.4179366370882915
O=S(c1ccc(cc1)F)(N(C)C1CCN(CC1)CCOc1c(C(C)C)cccc1)=O,6.4179366370882915
c1cccc(C(C)C)c1OCCN1CCC(CC1)N(C)S(c1ccc(cc1)F)(=O)=O,6.4179366370882915
C1C(N(C)S(=O)(c2ccc(cc2)F)=O)CCN(CCOc2c(cccc2)C(C)C)C1,6.4179366370882915
C(COc1ccccc1C(C)C)N1CCC(N(S(=O)(=O)c2ccc(F)cc2)C)CC1,6.4179366370882915
c1(c(F)cc(cc1)F)CCN1CCC(CC1)S(c1ccccc1C#N)(=O)=O,9.275724130399212
C1(S(=O)(c2c(cccc2)C#N)=O)CCN(CC1)CCc1c(cc(F)cc1)F,9.275724130399212
c1(c(S(=O)(=O)C2CCN(CC2)CCc2ccc(F)cc2F)cccc1)C#N,9.275724130399212
C(N1CCC(CC1)S(=O)(=O)c1c(C#N)cccc1)Cc1c(cc(F)cc1)F,9.275724130399212
c1ccc(c(S(C2CCN(CC2)CCc2ccc(cc2F)F)(=O)=O)c1)C#N,9.275724130399212
N12CCNCC2CCc2c1nccc2CC1CCCCC1,7.36251027048749
n1ccc(CC2CCCCC2)c2c1N1C(CNCC1)CC2,7.36251027048749
C1CN2C(CN1)CCc1c2nccc1CC1CCCCC1,7.36251027048749
c12c(c(ccn1)CC1CCCCC1)CCC1CNCCN21,7.36251027048749
C1CCC(CC1)Cc1c2CCC3CNCCN3c2ncc1,7.36251027048749
C1N(C2CCC3(C2)Cc2ccccc2Cc2ccccc23)CC(C(O)=O)=CC1,6.900008766455316
C1C2(c3c(cccc3)Cc3c(C2)cccc3)CCC1N1CC(=CCC1)C(=O)O,6.900008766455316
C1=C(C(O)=O)CN(C2CCC3(c4ccccc4Cc4ccccc4C3)C2)CC1,6.900008766455316
c12ccccc1C1(CCC(N3CCC=C(C(O)=O)C3)C1)Cc1ccccc1C2,6.900008766455316
c12ccccc2CC2(CC(N3CC(C(O)=O)=CCC3)CC2)c2c(cccc2)C1,6.900008766455316
FCS(=O)(c1cc(c(cc1OC)CCN)OC)=O,8.224535190654262
c1(OC)cc(S(=O)(=O)CF)c(OC)cc1CCN,8.224535190654262
S(=O)(CF)(c1c(cc(CCN)c(OC)c1)OC)=O,8.224535190654262
c1c(c(cc(OC)c1S(=O)(CF)=O)CCN)OC,8.224535190654262
NCCc1cc(OC)c(S(CF)(=O)=O)cc1OC,8.224535190654262
C(CCCN1CCN(c2c3ccc([nH]c3c(cc2)O)=O)CC1)Oc1cc2n(cc1)ncc2C=NO,5.267606240177032
ON=Cc1c2n(nc1)ccc(OCCCCN1CCN(c3c4c([nH]c(=O)cc4)c(cc3)O)CC1)c2,5.267606240177032
c1(N2CCN(CC2)CCCCOc2cc3c(cnn3cc2)C=NO)c2c([nH]c(=O)cc2)c(O)cc1,5.267606240177032
O(c1ccn2c(c(C=NO)cn2)c1)CCCCN1CCN(CC1)c1c2ccc([nH]c2c(O)cc1)=O,5.267606240177032
C1CN(CCCCOc2ccn3c(c2)c(cn3)C=NO)CCN1c1c2ccc([nH]c2c(O)cc1)=O,5.267606240177032
c1ccc2c(S(=O)(N(CCCCCCN3CCN(c4ccccc4OC)CC3)C2=O)=O)c1,6.11690664142431
C(CCCN1C(c2ccccc2S1(=O)=O)=O)CCN1CCN(CC1)c1ccccc1OC,6.11690664142431
c1cc2c(cc1)C(=O)N(CCCCCCN1CCN(c3c(OC)cccc3)CC1)S2(=O)=O,6.11690664142431
O(c1c(N2CCN(CC2)CCCCCCN2C(=O)c3ccccc3S2(=O)=O)cccc1)C,6.11690664142431
c1cccc2c1S(=O)(N(C2=O)CCCCCCN1CCN(c2c(cccc2)OC)CC1)=O,6.11690664142431
c1c2c(ccc1)cccc2N1CCN(CC1)CCCCOc1cc2C(=O)NCc2cc1C,7.434152181326482
c1(OCCCCN2CCN(c3cccc4c3cccc4)CC2)c(C)cc2c(C(=O)NC2)c1,7.434152181326482
c12c(cccc2)cccc1N1CCN(CC1)CCCCOc1c(cc2c(C(NC2)=O)c1)C,7.434152181326482
C1c2cc(c(OCCCCN3CCN(CC3)c3c4ccccc4ccc3)cc2C(=O)N1)C,7.434152181326482
c1cc2c(cccc2)c(c1)N1CCN(CC1)CCCCOc1c(C)cc2c(c1)C(=O)NC2,7.434152181326482
C1(CCN2CCN(c3ccc(cc3)Cl)CC2)CCN(S(=O)(c2cccc3c2cccn3)=O)CC1,6.818156412055227
C1N(CCC(CCN2CCN(c3ccc(Cl)cc3)CC2)C1)S(=O)(c1cccc2ncccc21)=O,6.818156412055227
c1cc(Cl)ccc1N1CCN(CCC2CCN(S(c3cccc4ncccc43)(=O)=O)CC2)CC1,6.818156412055227
c1c(ccc(c1)Cl)N1CCN(CC1)CCC1CCN(CC1)S(=O)(c1cccc2ncccc21)=O,6.818156412055227
N1(CCC2CCN(CC2)S(c2c3cccnc3ccc2)(=O)=O)CCN(c2ccc(cc2)Cl)CC1,6.818156412055227
O1COc2c1c(ccc2)C1CCN(CC1)CCC1CCC(CC1)NC(=O)C(C)CC,7.601886308269497
C(C1CCC(CC1)NC(=O)C(C)CC)CN1CCC(c2cccc3OCOc23)CC1,7.601886308269497
c1(C2CCN(CCC3CCC(NC(=O)C(CC)C)CC3)CC2)cccc2OCOc12,7.601886308269497
N1(CCC(c2cccc3c2OCO3)CC1)CCC1CCC(CC1)NC(=O)C(C)CC,7.601886308269497
C1CC(CCN2CCC(c3cccc4OCOc34)CC2)CCC1NC(=O)C(CC)C,7.601886308269497
O=C(C1NCCC1O)N(CC)CCN1CCC(c2noc3cc(F)ccc32)CC1,8.00436480540245
C1(C(O)CCN1)C(=O)N(CC)CCN1CCC(c2noc3cc(ccc23)F)CC1,8.00436480540245
C(CN(CC)C(C1NCCC1O)=O)N1CCC(c2c3c(on2)cc(F)cc3)CC1,8.00436480540245
n1c(c2c(cc(cc2)F)o1)C1CCN(CCN(CC)C(C2C(CCN2)O)=O)CC1,8.00436480540245
C(CN1CCC(c2c3ccc(F)cc3on2)CC1)N(C(=O)C1C(O)CCN1)CC,8.00436480540245
c1cccc2C(c3c(cccc3)Br)CC(N(C)C)Cc21,6.119186407719209
c1cc2C(CC(N(C)C)Cc2cc1)c1ccccc1Br,6.119186407719209
CN(C1Cc2ccccc2C(c2c(Br)cccc2)C1)C,6.119186407719209
c1cccc2c1CC(CC2c1ccccc1Br)N(C)C,6.119186407719209
c1(Br)ccccc1C1CC(N(C)C)Cc2ccccc21,6.119186407719209
c1ccc2C(N(CCCCCCN3CCN(CC3)c3ccc(Cl)c(Cl)c3)c3c2c1ccc3)=O,6.30715308072277
C1(N(CCCCCCN2CCN(CC2)c2ccc(Cl)c(c2)Cl)c2cccc3c2c1ccc3)=O,6.30715308072277
c1cc2c3c(cccc3N(CCCCCCN3CCN(CC3)c3cc(c(cc3)Cl)Cl)C2=O)c1,6.30715308072277
c1c2c3c(cc1)cccc3C(=O)N2CCCCCCN1CCN(CC1)c1ccc(c(Cl)c1)Cl,6.30715308072277
C(CCN1c2cccc3cccc(C1=O)c23)CCCN1CCN(c2ccc(Cl)c(c2)Cl)CC1,6.30715308072277
n1cccc2c1c(ccc2)N1CCN(CCc2ccc(-c3cccc(N)n3)cc2)CC1,7.853871964321762
N1(CCN(c2c3c(cccn3)ccc2)CC1)CCc1ccc(cc1)-c1nc(ccc1)N,7.853871964321762
C(N1CCN(c2c3ncccc3ccc2)CC1)Cc1ccc(cc1)-c1cccc(N)n1,7.853871964321762
c1c(ccc(c1)CCN1CCN(CC1)c1c2ncccc2ccc1)-c1cccc(N)n1,7.853871964321762
N1(c2cccc3cccnc23)CCN(CCc2ccc(-c3cccc(n3)N)cc2)CC1,7.853871964321762
c1ccnc2c(n(ccc21)CCN1CCC(CC1)c1noc2c1ccc(F)c2)=O,8.55284196865778
c12c(ccc(c1)F)c(no2)C1CCN(CCn2ccc3cccnc3c2=O)CC1,8.55284196865778
o1nc(c2ccc(cc12)F)C1CCN(CC1)CCn1ccc2c(c1=O)nccc2,8.55284196865778
c12onc(c1ccc(F)c2)C1CCN(CC1)CCn1ccc2cccnc2c1=O,8.55284196865778
N1(CCC(CC1)c1noc2cc(F)ccc12)CCn1ccc2c(c1=O)nccc2,8.55284196865778
C1N(CCC(C1)COc1c2c(nccc2)c2c(n1)c(ccc2)I)CCC,5.738737131207507
C(N1CCC(CC1)COc1nc2c(cccc2I)c2ncccc12)CC,5.738737131207507
c1c(I)c2nc(c3cccnc3c2cc1)OCC1CCN(CC1)CCC,5.738737131207507
N1(CCC)CCC(CC1)COc1c2cccnc2c2c(c(ccc2)I)n1,5.738737131207507
c12c3ncccc3c(nc1c(I)ccc2)OCC1CCN(CC1)CCC,5.738737131207507
c12cc(ccc1c1ccnc(C)c1n2CCN(C)C)OC,5.791584175237514
c1nc(C)c2c(c1)c1ccc(OC)cc1n2CCN(C)C,5.791584175237514
c12c(n(CCN(C)C)c3c(C)nccc32)cc(cc1)OC,5.791584175237514
c12ccc(OC)cc2n(CCN(C)C)c2c(nccc21)C,5.791584175237514
c1cc(OC)cc2c1c1ccnc(C)c1n2CCN(C)C,5.791584175237514
C(CN)c1cc(c(SSC(F)(F)F)cc1OC)OC,7.108964584684689
C(Cc1c(OC)cc(SSC(F)(F)F)c(OC)c1)N,7.108964584684689
c1c(OC)c(cc(c1CCN)OC)SSC(F)(F)F,7.108964584684689
FC(F)(F)SSc1c(OC)cc(c(c1)OC)CCN,7.108964584684689
FC(F)(SSc1cc(c(CCN)cc1OC)OC)F,7.108964584684689
n1(CCC2CCCC2)c(cc(n1)C(C)NC)OCc1cc(F)ccc1F,9.221848749616356
n1n(CCC2CCCC2)c(cc1C(C)NC)OCc1cc(F)ccc1F,9.221848749616356
C(C1CCCC1)Cn1c(cc(C(C)NC)n1)OCc1cc(ccc1F)F,9.221848749616356
c1c(F)c(cc(c1)F)COc1n(nc(C(NC)C)c1)CCC1CCCC1,9.221848749616356
C1CCC(C1)CCn1nc(cc1OCc1c(ccc(c1)F)F)C(NC)C,9.221848749616356
C1(CC(=O)O)CCN(C1)C1CC2(CC1)Cc1ccccc1Cc1c2cccc1,7.700057099977233
C1CC(CC12c1ccccc1Cc1c(cccc1)C2)N1CCC(CC(O)=O)C1,7.700057099977233
c1c2c(C3(Cc4ccccc4C2)CC(N2CC(CC(O)=O)CC2)CC3)ccc1,7.700057099977233
c1cc2c(cc1)CC1(c3c(C2)cccc3)CCC(C1)N1CC(CC1)CC(=O)O,7.700057099977233
c1ccc2c(Cc3c(CC42CC(N2CCC(C2)CC(O)=O)CC4)cccc3)c1,7.700057099977233
c1c(-c2[nH]c3ccc(Cl)cc3c2C2CNCCC2F)cccc1,7.991399828238082
c1cccc(c1)-c1[nH]c2ccc(Cl)cc2c1C1CNCCC1F,7.991399828238082
c1cc2[nH]c(c(c2cc1Cl)C1C(CCNC1)F)-c1ccccc1,7.991399828238082
N1CC(C(CC1)F)c1c2cc(ccc2[nH]c1-c1ccccc1)Cl,7.991399828238082
c1cccc(c1)-c1[nH]c2c(cc(cc2)Cl)c1C1CNCCC1F,7.991399828238082
c1nc(ccc1)N1CCN(CC1)CCCCc1ccc(F)cc1,7.301029995663981
C(CCc1ccc(cc1)F)CN1CCN(CC1)c1ncccc1,7.301029995663981
c1c(N2CCN(CC2)CCCCc2ccc(F)cc2)nccc1,7.301029995663981
C1N(c2ccccn2)CCN(CCCCc2ccc(F)cc2)C1,7.301029995663981
C(CN1CCN(c2ncccc2)CC1)CCc1ccc(F)cc1,7.301029995663981
C1C(C(c2ccccc2)=O)CCN(C1)CCc1ccccc1,8.017728766960431
c1cccc(CCN2CCC(CC2)C(=O)c2ccccc2)c1,8.017728766960431
c1c(cccc1)C(=O)C1CCN(CC1)CCc1ccccc1,8.017728766960431
C1CN(CCc2ccccc2)CCC1C(c1ccccc1)=O,8.017728766960431
c1cccc(c1)CCN1CCC(CC1)C(=O)c1ccccc1,8.017728766960431
C(CN1C(=O)c2c(cccn2)CC1)N1CCN(c2noc3c2ccc(c3)Cl)CC1,7.113509274827518
c12c(ccc(Cl)c2)c(no1)N1CCN(CCN2C(c3c(CC2)cccn3)=O)CC1,7.113509274827518
c1nc2c(CCN(CCN3CCN(c4noc5c4ccc(Cl)c5)CC3)C2=O)cc1,7.113509274827518
c1c2c(cc(Cl)c1)onc2N1CCN(CCN2CCc3c(nccc3)C2=O)CC1,7.113509274827518
n1cccc2CCN(C(c12)=O)CCN1CCN(c2noc3cc(Cl)ccc32)CC1,7.113509274827518
c12cc(c(cc2CC2N(CCc3cc(c(c-1c32)OC)OC)C)OCCF)OC,5.93704216591549
c12CCN(C)C3c1c(c(c(c2)OC)OC)-c1cc(c(OCCF)cc1C3)OC,5.93704216591549
C(Oc1cc2c(-c3c4c(CCN(C4C2)C)cc(OC)c3OC)cc1OC)CF,5.93704216591549
COc1c2c3c(cc1OC)CCN(C)C3Cc1c-2cc(c(OCCF)c1)OC,5.93704216591549
c12c(OC)c(cc3CCN(C)C(Cc4cc(OCCF)c(cc4-1)OC)c23)OC,5.93704216591549
N1(C2c3c(Oc4c(ccc(C)c4)N=2)cc(cc3)F)CCN(CC1)CC1(C(=O)O)CC1,7.886056647693163
c1cc(F)cc2Oc3cc(C)ccc3N=C(N3CCN(CC4(C(O)=O)CC4)CC3)c21,7.886056647693163
C1CC1(C(O)=O)CN1CCN(CC1)C1c2c(Oc3cc(C)ccc3N=1)cc(F)cc2,7.886056647693163
C1(=Nc2c(cc(cc2)C)Oc2c1ccc(F)c2)N1CCN(CC2(CC2)C(=O)O)CC1,7.886056647693163
C1CN(CCN1CC1(C(=O)O)CC1)C1=Nc2c(Oc3c1ccc(F)c3)cc(C)cc2,7.886056647693163
c1c2N(C(=O)Nc3cccnc3)CCc2cc(C(C)=O)c1C(F)(F)F,5.499999678657065
O=C(Nc1cnccc1)N1CCc2c1cc(C(F)(F)F)c(c2)C(C)=O,5.499999678657065
CC(=O)c1cc2c(N(CC2)C(Nc2cccnc2)=O)cc1C(F)(F)F,5.499999678657065
c1ccc(cn1)NC(N1CCc2cc(C(C)=O)c(cc12)C(F)(F)F)=O,5.499999678657065
c1ncccc1NC(N1c2c(cc(C(=O)C)c(C(F)(F)F)c2)CC1)=O,5.499999678657065
c1ccc(NC(NCC)=O)cc1CCN1CCN(c2c3c(nc(cc3)C)ccc2)CC1,6.499996931948306
N(C(NCC)=O)c1cccc(CCN2CCN(c3c4ccc(nc4ccc3)C)CC2)c1,6.499996931948306
n1c2c(ccc1C)c(N1CCN(CCc3cc(ccc3)NC(NCC)=O)CC1)ccc2,6.499996931948306
Cc1nc2c(c(ccc2)N2CCN(CCc3cc(ccc3)NC(=O)NCC)CC2)cc1,6.499996931948306
C1N(CCN(C1)CCc1cccc(c1)NC(=O)NCC)c1cccc2c1ccc(n2)C,6.499996931948306
c1(ccccc1)S(=O)(n1c2ccccc2c(-c2c([nH]c(n2)N)CC)c1)=O,6.97061622231479
c12n(cc(-c3c([nH]c(n3)N)CC)c2cccc1)S(=O)(c1ccccc1)=O,6.97061622231479
c12c(cccc2)n(cc1-c1c([nH]c(n1)N)CC)S(=O)(=O)c1ccccc1,6.97061622231479
S(=O)(c1ccccc1)(=O)n1c2c(c(c1)-c1nc(N)[nH]c1CC)cccc2,6.97061622231479
c1cc(ccc1)S(=O)(n1cc(c2c1cccc2)-c1nc(N)[nH]c1CC)=O,6.97061622231479
c1c(C(=O)CCCN2CC3c4c5N(CCN(c5ccc4)C)C3CC2)ccc(F)c1,8.337242168318426
c1ccc2c3c1C1C(N3CCN2C)CCN(CCCC(c2ccc(F)cc2)=O)C1,8.337242168318426
C1N(CCCC(=O)c2ccc(cc2)F)CCC2N3CCN(C)c4cccc(c34)C21,8.337242168318426
C(CCCN1CCC2N3CCN(c4c3c(C2C1)ccc4)C)(c1ccc(cc1)F)=O,8.337242168318426
C(CCCN1CC2c3cccc4c3N(CCN4C)C2CC1)(c1ccc(cc1)F)=O,8.337242168318426
C1(CCC(CC1)NC(=O)CCO)CCN1CCN(CC1)c1nccc2OCCc21,7.447331783887806
c1c2c(CCO2)c(nc1)N1CCN(CCC2CCC(CC2)NC(CCO)=O)CC1,7.447331783887806
c12CCOc1ccnc2N1CCN(CC1)CCC1CCC(CC1)NC(CCO)=O,7.447331783887806
N1(c2nccc3c2CCO3)CCN(CC1)CCC1CCC(CC1)NC(=O)CCO,7.447331783887806
O=C(NC1CCC(CC1)CCN1CCN(CC1)c1c2CCOc2ccn1)CCO,7.447331783887806
c1(F)cc(F)ccc1CCC1(CCN(S(c2ccc(F)cc2)(=O)=O)CC1)O,6.721246399047171
c1c(F)c(ccc1F)CCC1(O)CCN(S(=O)(c2ccc(F)cc2)=O)CC1,6.721246399047171
c1(S(=O)(=O)N2CCC(O)(CCc3ccc(F)cc3F)CC2)ccc(cc1)F,6.721246399047171
Fc1cc(F)ccc1CCC1(CCN(CC1)S(=O)(=O)c1ccc(cc1)F)O,6.721246399047171
O=S(c1ccc(F)cc1)(N1CCC(CCc2c(F)cc(F)cc2)(O)CC1)=O,6.721246399047171
c12cc(OC)c(cc2C(CC(C1)CN1CCN(CC1)c1c(cccc1)OC)=O)OC,5.6299997805248845
C1(CN2CCN(c3ccccc3OC)CC2)CC(c2c(cc(OC)c(c2)OC)C1)=O,5.6299997805248845
O(C)c1cc2C(=O)CC(CN3CCN(c4c(cccc4)OC)CC3)Cc2cc1OC,5.6299997805248845
O=C1c2c(cc(c(OC)c2)OC)CC(C1)CN1CCN(CC1)c1c(OC)cccc1,5.6299997805248845
c12cc(c(cc1C(CC(C2)CN1CCN(c2c(cccc2)OC)CC1)=O)OC)OC,5.6299997805248845
c1c(c2N(C(=O)C)CCC(c2cc1Cl)C)CCN1CCN(CC1)c1c2c(sn1)cccc2,9.508638306165727
c1ccc2c(c1)c(N1CCN(CC1)CCc1c3N(CCC(C)c3cc(c1)Cl)C(=O)C)ns2,9.508638306165727
c1ccc2c(c1)snc2N1CCN(CC1)CCc1cc(cc2C(CCN(c12)C(C)=O)C)Cl,9.508638306165727
n1sc2ccccc2c1N1CCN(CCc2cc(cc3C(C)CCN(c23)C(=O)C)Cl)CC1,9.508638306165727
c1c(cc(c2N(CCC(c21)C)C(C)=O)CCN1CCN(CC1)c1nsc2ccccc12)Cl,9.508638306165727
C1N(CCN(CCCCNC(=O)c2c3ccccc3n[nH]2)C1)c1cc(ccc1)F,6.614393726401688
c12ccccc1c(C(NCCCCN1CCN(CC1)c1cc(F)ccc1)=O)[nH]n2,6.614393726401688
c1cccc2c(C(NCCCCN3CCN(CC3)c3cccc(c3)F)=O)[nH]nc21,6.614393726401688
n1c2ccccc2c([nH]1)C(NCCCCN1CCN(CC1)c1cccc(c1)F)=O,6.614393726401688
c12n[nH]c(C(=O)NCCCCN3CCN(CC3)c3cc(ccc3)F)c1cccc2,6.614393726401688
n1c(c2c(cccc2)s1)N1CCN(CC1)CCC1CCCN1S(=O)(c1cccc2c1ccnc2)=O,7.7447274948966935
c1c(S(N2C(CCC2)CCN2CCN(CC2)c2c3c(sn2)cccc3)(=O)=O)c2c(cncc2)cc1,7.7447274948966935
c1ccc(S(N2C(CCC2)CCN2CCN(CC2)c2nsc3c2cccc3)(=O)=O)c2ccncc21,7.7447274948966935
C1N(c2nsc3c2cccc3)CCN(CCC2CCCN2S(c2cccc3c2ccnc3)(=O)=O)C1,7.7447274948966935
s1nc(N2CCN(CCC3N(CCC3)S(c3c4ccncc4ccc3)(=O)=O)CC2)c2ccccc12,7.7447274948966935
c12c(cc(cc1)Cl)C(C)CN(CCC1CCC(N3C(=O)CC4(CC3=O)CCCC4)CC1)CC2,7.790484985457369
C12(CC(N(C3CCC(CC3)CCN3CC(c4c(ccc(c4)Cl)CC3)C)C(C1)=O)=O)CCCC2,7.790484985457369
C1C(CCC(CCN2CC(C)c3cc(ccc3CC2)Cl)C1)N1C(CC2(CC1=O)CCCC2)=O,7.790484985457369
C(N1CCc2c(cc(Cl)cc2)C(C1)C)CC1CCC(CC1)N1C(CC2(CCCC2)CC1=O)=O,7.790484985457369
C1CCCC12CC(N(C(C2)=O)C1CCC(CCN2CC(C)c3c(CC2)ccc(Cl)c3)CC1)=O,7.790484985457369
c12c(ccc3c2n(CC(N)C)nc3CC)occ1,7.958607314841775
C(c1nn(c2c1ccc1occc12)CC(N)C)C,7.958607314841775
c12occc1c1n(nc(CC)c1cc2)CC(N)C,7.958607314841775
n1n(CC(C)N)c2c3ccoc3ccc2c1CC,7.958607314841775
c1c2occc2c2c(c1)c(CC)nn2CC(C)N,7.958607314841775
c1c(Cl)cccc1COc1cncc(n1)N1CCNCC1,6.979390146622295
n1cc(OCc2cc(ccc2)Cl)nc(N2CCNCC2)c1,6.979390146622295
c1c(Cl)cc(cc1)COc1nc(cnc1)N1CCNCC1,6.979390146622295
c1(COc2cncc(N3CCNCC3)n2)cccc(c1)Cl,6.979390146622295
c1(N2CCNCC2)cncc(OCc2cc(ccc2)Cl)n1,6.979390146622295
c1c2c3c(-c4c(CC3N(CC2)C)ccc(N)c4)cc1,6.172630726946175
c12-c3cc(ccc3CC3N(C)CCc(ccc1)c32)N,6.172630726946175
c12c(cc(cc2)N)-c2c3C(N(C)CCc3ccc2)C1,6.172630726946175
N1(C2c3c(-c4c(ccc(N)c4)C2)cccc3CC1)C,6.172630726946175
N1(C2Cc3ccc(cc3-c3c2c(CC1)ccc3)N)C,6.172630726946175
C(=O)(N1CCc2c1cc(Cl)c(c2Cl)C)Nc1ccc(nc1)Oc1cccnc1C,7.199970640755866
c1(NC(N2CCc3c2cc(c(C)c3Cl)Cl)=O)ccc(nc1)Oc1cccnc1C,7.199970640755866
n1cc(ccc1Oc1cccnc1C)NC(=O)N1CCc2c(Cl)c(C)c(cc12)Cl,7.199970640755866
c1c(Oc2ccc(cn2)NC(=O)N2c3cc(Cl)c(c(Cl)c3CC2)C)c(ncc1)C,7.199970640755866
c1(cc2c(c(Cl)c1C)CCN2C(Nc1cnc(cc1)Oc1c(C)nccc1)=O)Cl,7.199970640755866
N(CCCCN1CCN(c2cccc(c2)C)CC1)C(c1ncc2ccccc2c1)=O,7.823908740944319
c1ccc2c(cc(C(NCCCCN3CCN(CC3)c3cccc(c3)C)=O)nc2)c1,7.823908740944319
C(N1CCN(c2cc(ccc2)C)CC1)CCCNC(c1cc2ccccc2cn1)=O,7.823908740944319
c12ccccc2cc(nc1)C(NCCCCN1CCN(CC1)c1cccc(c1)C)=O,7.823908740944319
c1cc(cc(C)c1)N1CCN(CC1)CCCCNC(c1ncc2ccccc2c1)=O,7.823908740944319
CCN(CCN1CCC(c2c3ccc(F)cc3on2)CC1)C(CO)=O,8.769551078621726
C1N(CCN(CC)C(CO)=O)CCC(c2c3c(on2)cc(F)cc3)C1,8.769551078621726
C(N(CC)C(CO)=O)CN1CCC(c2c3c(cc(cc3)F)on2)CC1,8.769551078621726
C(N(CC)C(CO)=O)CN1CCC(CC1)c1noc2c1ccc(F)c2,8.769551078621726
c1c2c(noc2cc(F)c1)C1CCN(CC1)CCN(CC)C(=O)CO,8.769551078621726
c1cn2c(=O)n(CCCCN3CC(c4c5c(cccc5)[nH]c4)CCC3)c(=O)c(c2cc1)-c1ccc(cc1)F,6.361510743045363
c1(C2CN(CCC2)CCCCn2c(=O)c(-c3ccc(cc3)F)c3ccccn3c2=O)c[nH]c2c1cccc2,6.361510743045363
C1CN(CCCCn2c(c(-c3ccc(cc3)F)c3n(cccc3)c2=O)=O)CC(c2c3ccccc3[nH]c2)C1,6.361510743045363
[nH]1cc(C2CCCN(CCCCn3c(c(-c4ccc(F)cc4)c4ccccn4c3=O)=O)C2)c2ccccc12,6.361510743045363
c1(ccc(F)cc1)-c1c2n(c(n(c1=O)CCCCN1CCCC(C1)c1c[nH]c3ccccc13)=O)cccc2,6.361510743045363
c1(Cl)c2c(ccc1F)n(cc2)CC(N)C,8.0
Fc1ccc2c(ccn2CC(N)C)c1Cl,8.0
CC(N)Cn1ccc2c(Cl)c(ccc21)F,8.0
c1c2c(c(c(F)c1)Cl)ccn2CC(C)N,8.0
C(Cn1ccc2c1ccc(c2Cl)F)(N)C,8.0
c1cc(-c2ccc(CNCCc3c([nH]c4ccc(OC)cc43)C)o2)ccc1O,7.376750709602099
c1(OC)ccc2c(c(c([nH]2)C)CCNCc2oc(cc2)-c2ccc(cc2)O)c1,7.376750709602099
Cc1[nH]c2c(cc(OC)cc2)c1CCNCc1oc(cc1)-c1ccc(O)cc1,7.376750709602099
c1(ccc2[nH]c(C)c(CCNCc3oc(-c4ccc(O)cc4)cc3)c2c1)OC,7.376750709602099
c12cc(OC)ccc2[nH]c(c1CCNCc1oc(cc1)-c1ccc(cc1)O)C,7.376750709602099
c12c(nc(nc2)CC)CCN(CCN2CCN(c3nsc4ccccc34)CC2)C1=O,8.886056647693163
c12ccccc2c(ns1)N1CCN(CC1)CCN1C(=O)c2c(CC1)nc(CC)nc2,8.886056647693163
C(CN1CCc2nc(ncc2C1=O)CC)N1CCN(c2nsc3c2cccc3)CC1,8.886056647693163
c1ccc2snc(N3CCN(CC3)CCN3C(c4c(CC3)nc(CC)nc4)=O)c2c1,8.886056647693163
C1CN(c2c3c(sn2)cccc3)CCN1CCN1CCc2c(cnc(CC)n2)C1=O,8.886056647693163
C(=O)(c1c(cn(C)n1)Br)N1CCN(CCc2ccccc2F)CC1,7.7447274948966935
c1(CCN2CCN(CC2)C(c2nn(cc2Br)C)=O)c(F)cccc1,7.7447274948966935
c1(CCN2CCN(C(c3nn(cc3Br)C)=O)CC2)c(cccc1)F,7.7447274948966935
c1cccc(F)c1CCN1CCN(CC1)C(=O)c1c(cn(n1)C)Br,7.7447274948966935
c1cc(c(CCN2CCN(C(=O)c3nn(cc3Br)C)CC2)cc1)F,7.7447274948966935
c1c2c(ccc1)c(CCN1CCCC1COC)c(-c1ccccc1)[nH]2,5.522878745280337
c12ccccc2[nH]c(-c2ccccc2)c1CCN1C(CCC1)COC,5.522878745280337
c1(c2ccccc2[nH]c1-c1ccccc1)CCN1CCCC1COC,5.522878745280337
c1ccccc1-c1[nH]c2ccccc2c1CCN1C(COC)CCC1,5.522878745280337
c1ccc2c(c(c(-c3ccccc3)[nH]2)CCN2CCCC2COC)c1,5.522878745280337
N1CCN2C(c3c(cc(Cl)cc3C(F)(F)F)C2C1)=O,5.982966660701219
C12CNCCN1C(=O)c1c(C(F)(F)F)cc(cc21)Cl,5.982966660701219
c1c(C(F)(F)F)c2C(N3CCNCC3c2cc1Cl)=O,5.982966660701219
FC(F)(F)c1cc(cc2C3CNCCN3C(c12)=O)Cl,5.982966660701219
FC(F)(F)c1c2C(N3CCNCC3c2cc(Cl)c1)=O,5.982966660701219
c12CCN(c1cc(c(SC(C)C)c2)C(F)(F)F)C(=O)Nc1cccnc1,5.300000202445418
c1cc(cnc1)NC(=O)N1c2c(CC1)cc(c(C(F)(F)F)c2)SC(C)C,5.300000202445418
c1(C(F)(F)F)c(cc2c(N(C(=O)Nc3cccnc3)CC2)c1)SC(C)C,5.300000202445418
C(C)(Sc1cc2CCN(c2cc1C(F)(F)F)C(=O)Nc1cnccc1)C,5.300000202445418
S(c1c(cc2c(CCN2C(Nc2cnccc2)=O)c1)C(F)(F)F)C(C)C,5.300000202445418
C1CN(CCCNC(=O)Nc2cc(C#N)ccc2)CC(C1)Cc1ccccc1,5.531652669587842
c1(cccc(c1)NC(NCCCN1CCCC(Cc2ccccc2)C1)=O)C#N,5.531652669587842
c1c(cccc1)CC1CCCN(C1)CCCNC(Nc1cc(ccc1)C#N)=O,5.531652669587842
c1ccccc1CC1CN(CCC1)CCCNC(Nc1cc(ccc1)C#N)=O,5.531652669587842
c1ccccc1CC1CCCN(C1)CCCNC(Nc1cccc(C#N)c1)=O,5.531652669587842
C1C(NC(c2c(cc(Cl)cc2)Cl)=O)CCC(CCN2CCC(c3c4c(OCC4)ccc3)CC2)C1,7.501689446210399
c1(c(ccc(c1)Cl)C(NC1CCC(CC1)CCN1CCC(c2cccc3OCCc32)CC1)=O)Cl,7.501689446210399
C1CN(CCC2CCC(CC2)NC(c2c(Cl)cc(Cl)cc2)=O)CCC1c1cccc2c1CCO2,7.501689446210399
C(c1c(Cl)cc(cc1)Cl)(NC1CCC(CCN2CCC(CC2)c2cccc3OCCc32)CC1)=O,7.501689446210399
C1N(CCC2CCC(NC(c3c(Cl)cc(Cl)cc3)=O)CC2)CCC(c2c3c(OCC3)ccc2)C1,7.501689446210399
c1(C2(CCN(CC2)CCCCN(c2ccc(OC)cc2)c2ccc(OC)cc2)O)cc(c(cc1)Cl)C(F)(F)F,6.045757490560675
C(CCN(c1ccc(cc1)OC)c1ccc(OC)cc1)CN1CCC(CC1)(c1ccc(Cl)c(C(F)(F)F)c1)O,6.045757490560675
COc1ccc(N(c2ccc(cc2)OC)CCCCN2CCC(O)(CC2)c2ccc(Cl)c(C(F)(F)F)c2)cc1,6.045757490560675
c1cc(c(C(F)(F)F)cc1C1(CCN(CCCCN(c2ccc(OC)cc2)c2ccc(OC)cc2)CC1)O)Cl,6.045757490560675
c1c(N(c2ccc(cc2)OC)CCCCN2CCC(CC2)(c2ccc(c(C(F)(F)F)c2)Cl)O)ccc(OC)c1,6.045757490560675
c1cc(cnc1N1CCN(CCCC(c2ccc(cc2)F)=O)CCC1)Cl,8.050292927760191
C(CCN1CCN(c2ccc(cn2)Cl)CCC1)C(=O)c1ccc(F)cc1,8.050292927760191
c1(ccc(Cl)cn1)N1CCN(CCCC(c2ccc(cc2)F)=O)CCC1,8.050292927760191
Fc1ccc(cc1)C(=O)CCCN1CCN(CCC1)c1ccc(Cl)cn1,8.050292927760191
N1(CCN(CCCC(c2ccc(cc2)F)=O)CCC1)c1ccc(Cl)cn1,8.050292927760191
c1c(c2CCC3CNCCN3c2cc1)CCC,8.299988937677888
c1c2c(c(CCC)cc1)CCC1CNCCN12,8.299988937677888
c1(cccc2c1CCC1N2CCNC1)CCC,8.299988937677888
c12cccc(CCC)c1CCC1CNCCN21,8.299988937677888
C(C)Cc1cccc2c1CCC1N2CCNC1,8.299988937677888
N(C(=O)CC=CC)C1CCC(CCN2CCN(CC2)c2nccc3OCCc23)CC1,7.642065152999546
n1c(c2CCOc2cc1)N1CCN(CC1)CCC1CCC(NC(CC=CC)=O)CC1,7.642065152999546
C(=CCC(=O)NC1CCC(CC1)CCN1CCN(c2c3CCOc3ccn2)CC1)C,7.642065152999546
c12OCCc1c(N1CCN(CCC3CCC(NC(CC=CC)=O)CC3)CC1)ncc2,7.642065152999546
C1CC(CCC1CCN1CCN(c2c3c(ccn2)OCC3)CC1)NC(CC=CC)=O,7.642065152999546
c1cc(cc(-c2n(C)ncc2)c1OCCN)NC(c1cccc(OC)c1)=O,8.657577319177793
O(c1cc(C(=O)Nc2ccc(c(c2)-c2ccnn2C)OCCN)ccc1)C,8.657577319177793
NCCOc1c(-c2n(C)ncc2)cc(NC(=O)c2cc(OC)ccc2)cc1,8.657577319177793
NCCOc1c(-c2ccnn2C)cc(NC(c2cccc(c2)OC)=O)cc1,8.657577319177793
c1(-c2ccnn2C)cc(ccc1OCCN)NC(=O)c1cc(OC)ccc1,8.657577319177793
c12c(cc[nH]1)c(ccc2)N1CCN(CCC2CCCN2S(=O)(c2c3c(cccc3)cnc2)=O)CC1,7.086186147616283
C1CCN(C1CCN1CCN(CC1)c1cccc2c1cc[nH]2)S(=O)(c1c2c(cccc2)cnc1)=O,7.086186147616283
N1(CCN(c2c3cc[nH]c3ccc2)CC1)CCC1N(S(=O)(=O)c2cncc3ccccc23)CCC1,7.086186147616283
c12cncc(c1cccc2)S(N1C(CCN2CCN(CC2)c2cccc3[nH]ccc32)CCC1)(=O)=O,7.086186147616283
c1c(c2cc[nH]c2cc1)N1CCN(CC1)CCC1CCCN1S(=O)(=O)c1cncc2ccccc21,7.086186147616283
c12NC(=O)COc1ccc(c2)CC1CCN(CC1)CCOc1c2ccc(C)nc2ccc1,5.499999678657065
c1c2c(cc(c1)CC1CCN(CCOc3c4ccc(nc4ccc3)C)CC1)NC(CO2)=O,5.499999678657065
C1CC(Cc2cc3c(OCC(N3)=O)cc2)CCN1CCOc1cccc2c1ccc(C)n2,5.499999678657065
c1(OCCN2CCC(Cc3cc4NC(=O)COc4cc3)CC2)c2c(ccc1)nc(C)cc2,5.499999678657065
c1cc2nc(ccc2c(OCCN2CCC(CC2)Cc2cc3NC(COc3cc2)=O)c1)C,5.499999678657065
C1(CCC(CCN2CCN(CC2)c2nsc3c2ccc(N)c3)CC1)NC(c1occc1)=O,8.366531544420413
c1cc(N)cc2snc(N3CCN(CC3)CCC3CCC(CC3)NC(c3ccco3)=O)c12,8.366531544420413
N1(CCN(CCC2CCC(NC(c3ccco3)=O)CC2)CC1)c1c2c(cc(cc2)N)sn1,8.366531544420413
c1cc2c(N3CCN(CC3)CCC3CCC(NC(c4occc4)=O)CC3)nsc2cc1N,8.366531544420413
N1(c2c3ccc(cc3sn2)N)CCN(CCC2CCC(CC2)NC(c2occc2)=O)CC1,8.366531544420413
c1ccccc1-c1n(C2CC2)nc2CCNCCc21,7.522878745280337
c1cc(ccc1)-c1c2CCNCCc2nn1C1CC1,7.522878745280337
c1(-c2n(C3CC3)nc3c2CCNCC3)ccccc1,7.522878745280337
n1(c(c2c(CCNCC2)n1)-c1ccccc1)C1CC1,7.522878745280337
C1NCCc2c(c(n(n2)C2CC2)-c2ccccc2)C1,7.522878745280337
c12N3C(CNCC3)CCc1c(Cc1cccc(F)c1)ccn2,6.295849483160201
C1C2CNCCN2c2c(c(ccn2)Cc2cc(ccc2)F)C1,6.295849483160201
n1c2c(c(Cc3cc(F)ccc3)cc1)CCC1CNCCN12,6.295849483160201
n1ccc(c2c1N1CCNCC1CC2)Cc1cc(F)ccc1,6.295849483160201
c1nc2N3CCNCC3CCc2c(Cc2cc(ccc2)F)c1,6.295849483160201
c1c(ccc(c1)CCN1CCC(CC1)COc1nc2ccccc2c2c1cn(c2)C)NC(C)=O,5.499999678657065
c1c2c3cn(cc3c(nc2ccc1)OCC1CCN(CC1)CCc1ccc(NC(C)=O)cc1)C,5.499999678657065
c1cc2c3c(cn(c3)C)c(nc2cc1)OCC1CCN(CCc2ccc(NC(=O)C)cc2)CC1,5.499999678657065
c1cc(ccc1CCN1CCC(COc2c3c(cn(c3)C)c3ccccc3n2)CC1)NC(=O)C,5.499999678657065
c1(ccc(CCN2CCC(CC2)COc2nc3c(cccc3)c3c2cn(c3)C)cc1)NC(=O)C,5.499999678657065
c12cccc(c2OCO1)C1CCN(CC1)CCC1CCC(CC1)NC(=O)CC1OCCCC1,7.898596649444669
C1CN(CCC1c1c2c(ccc1)OCO2)CCC1CCC(CC1)NC(CC1CCCCO1)=O,7.898596649444669
O=C(CC1OCCCC1)NC1CCC(CCN2CCC(c3cccc4c3OCO4)CC2)CC1,7.898596649444669
O=C(NC1CCC(CCN2CCC(c3cccc4c3OCO4)CC2)CC1)CC1CCCCO1,7.898596649444669
C1C(c2c3OCOc3ccc2)CCN(CCC2CCC(CC2)NC(=O)CC2OCCCC2)C1,7.898596649444669
c1cc2onc(CCCN3CC(NS(=O)(c4c(C)c5c(ccc(Cl)c5)s4)=O)CC3)c2cc1,8.049976093476673
C1C(NS(=O)(c2sc3ccc(cc3c2C)Cl)=O)CCN1CCCc1noc2c1cccc2,8.049976093476673
c1cccc2c(noc21)CCCN1CCC(NS(=O)(=O)c2c(c3c(s2)ccc(Cl)c3)C)C1,8.049976093476673
C(c1c2ccccc2on1)CCN1CC(CC1)NS(c1c(c2cc(ccc2s1)Cl)C)(=O)=O,8.049976093476673
c1c2c(c(c(S(=O)(=O)NC3CCN(CCCc4c5c(on4)cccc5)C3)s2)C)cc(Cl)c1,8.049976093476673
c1cc(cc2c1c(no2)CCCN1CC(CC1C)NS(c1sc2ccccc2c1)(=O)=O)F,9.160019442321657
c1c(ccc2c(noc12)CCCN1C(CC(NS(=O)(c2sc3ccccc3c2)=O)C1)C)F,9.160019442321657
c1c(F)cc2onc(CCCN3CC(CC3C)NS(c3sc4c(cccc4)c3)(=O)=O)c2c1,9.160019442321657
c1(S(NC2CN(CCCc3noc4cc(ccc43)F)C(C2)C)(=O)=O)sc2c(c1)cccc2,9.160019442321657
c1c2sc(cc2ccc1)S(=O)(=O)NC1CN(CCCc2c3c(cc(F)cc3)on2)C(C1)C,9.160019442321657
O=C1C2c3c(c(n(c3O)OCCCN3CCN(CC3)c3cc(ccc3)Cl)O)C(C1)(CC2C)C,6.959298788062642
Oc1n(c(O)c2C3C(CC(c21)(C)CC3=O)C)OCCCN1CCN(CC1)c1cccc(Cl)c1,6.959298788062642
c1(c2c(C3(CC(C2C(=O)C3)C)C)c(n1OCCCN1CCN(CC1)c1cccc(Cl)c1)O)O,6.959298788062642
O=C1CC2(CC(C1c1c(O)n(OCCCN3CCN(CC3)c3cccc(c3)Cl)c(O)c21)C)C,6.959298788062642
C12(C)c3c(O)n(OCCCN4CCN(CC4)c4cc(ccc4)Cl)c(O)c3C(C(C)C2)C(=O)C1,6.959298788062642
C(C)N(CCOC(=O)C(Cc1cccc2c1cccc2)CC1OCCC1)CC,6.662700508593203
c12c(cccc1CC(C(OCCN(CC)CC)=O)CC1OCCC1)cccc2,6.662700508593203
CCN(CCOC(=O)C(Cc1cccc2c1cccc2)CC1CCCO1)CC,6.662700508593203
c12c(CC(CC3CCCO3)C(=O)OCCN(CC)CC)cccc1cccc2,6.662700508593203
c12cccc(c2cccc1)CC(C(OCCN(CC)CC)=O)CC1CCCO1,6.662700508593203
FC(F)CNC1Nc2cccc(Cl)c2C(C)N=1,6.308918507877031
C1(C)N=C(NCC(F)F)Nc2cccc(c12)Cl,6.308918507877031
FC(CNC1Nc2c(c(Cl)ccc2)C(N=1)C)F,6.308918507877031
CC1N=C(Nc2cccc(Cl)c12)NCC(F)F,6.308918507877031
FC(CNC1=NC(c2c(cccc2Cl)N1)C)F,6.308918507877031
C1(c2c(C3CNCCN31)ccc(CC)c2OC)=O,7.366531544420414
C1NCC2N(C1)C(=O)c1c2ccc(c1OC)CC,7.366531544420414
c12C(=O)N3C(c1ccc(c2OC)CC)CNCC3,7.366531544420414
C12CNCCN2C(c2c1ccc(CC)c2OC)=O,7.366531544420414
c1cc(CC)c(c2C(=O)N3C(c21)CNCC3)OC,7.366531544420414
Cc1c(cccc1)-c1c2c(CC3CCNCCN32)ccc1,6.786482243003695
c1c(-c2ccccc2C)c2N3C(Cc2cc1)CCNCC3,6.786482243003695
C1CNCCC2Cc3c(c(ccc3)-c3ccccc3C)N12,6.786482243003695
c1(-c2c(C)cccc2)c2N3CCNCCC3Cc2ccc1,6.786482243003695
C1CN2c3c(cccc3-c3c(cccc3)C)CC2CCN1,6.786482243003695
c1(C(F)(F)F)cc(CCC)cc2C3CNCCN3C(c12)=O,5.97061622231479
FC(c1c2C(N3CCNCC3c2cc(CCC)c1)=O)(F)F,5.97061622231479
C1(=O)N2C(CNCC2)c2cc(CCC)cc(c21)C(F)(F)F,5.97061622231479
c1(C(F)(F)F)cc(cc2c1C(N1C2CNCC1)=O)CCC,5.97061622231479
C1(c2c(C3N1CCNC3)cc(cc2C(F)(F)F)CCC)=O,5.97061622231479
C1(=O)N(S(c2c1cccc2)(=O)=O)CCCCCN1CCN(CC1)c1c(c(Cl)ccc1)Cl,6.899629454882437
C1CN(c2cccc(c2Cl)Cl)CCN1CCCCCN1C(c2ccccc2S1(=O)=O)=O,6.899629454882437
c1cccc2C(=O)N(CCCCCN3CCN(c4c(c(Cl)ccc4)Cl)CC3)S(c12)(=O)=O,6.899629454882437
C1CN(CCN1c1cccc(c1Cl)Cl)CCCCCN1S(=O)(c2c(C1=O)cccc2)=O,6.899629454882437
O=C1c2c(cccc2)S(=O)(N1CCCCCN1CCN(CC1)c1cccc(Cl)c1Cl)=O,6.899629454882437
c1c(c(NS(c2ccc(cc2)-c2ccc(Cl)cc2)(=O)=O)cc2c1CCN(C)CC2)OC,7.599980364934842
c12CCN(CCc2cc(c(c1)OC)NS(=O)(c1ccc(cc1)-c1ccc(cc1)Cl)=O)C,7.599980364934842
c1cc(Cl)ccc1-c1ccc(S(=O)(=O)Nc2cc3CCN(CCc3cc2OC)C)cc1,7.599980364934842
S(c1ccc(cc1)-c1ccc(cc1)Cl)(=O)(=O)Nc1cc2CCN(C)CCc2cc1OC,7.599980364934842
c1cc(ccc1-c1ccc(cc1)Cl)S(=O)(Nc1cc2c(cc1OC)CCN(CC2)C)=O,7.599980364934842
C(N(CC)S(=O)(C(C)CO)=O)CN1CCC(CC1)n1c2ccc(F)cc2cn1,8.823908740944319
N(S(C(CO)C)(=O)=O)(CCN1CCC(n2ncc3cc(F)ccc23)CC1)CC,8.823908740944319
C(CN(S(=O)(C(C)CO)=O)CC)N1CCC(n2ncc3c2ccc(F)c3)CC1,8.823908740944319
C1CN(CCC1n1ncc2cc(F)ccc12)CCN(CC)S(=O)(=O)C(CO)C,8.823908740944319
N1(CCN(CC)S(C(C)CO)(=O)=O)CCC(CC1)n1ncc2c1ccc(F)c2,8.823908740944319
c1(S(=O)(=O)n2c3ccc(cc3c(-c3c(C)[nH]c(NC(CC)=O)n3)c2)F)ccccc1,5.100015437450609
c1(-c2c3c(n(c2)S(=O)(c2ccccc2)=O)ccc(F)c3)c(C)[nH]c(NC(=O)CC)n1,5.100015437450609
Fc1ccc2c(c(-c3c([nH]c(NC(=O)CC)n3)C)cn2S(=O)(c2ccccc2)=O)c1,5.100015437450609
c1(cn(c2c1cc(cc2)F)S(c1ccccc1)(=O)=O)-c1nc([nH]c1C)NC(CC)=O,5.100015437450609
c12cc(ccc2n(cc1-c1nc(NC(=O)CC)[nH]c1C)S(=O)(c1ccccc1)=O)F,5.100015437450609
O(C(CCCC)c1nc(nc(n1)Nc1ccccc1)N1CCN(CC1)C)c1cc(cc(Cl)c1)Cl,6.542118103266008
CCCCC(Oc1cc(cc(c1)Cl)Cl)c1nc(Nc2ccccc2)nc(n1)N1CCN(CC1)C,6.542118103266008
c1c(cc(cc1Cl)Cl)OC(CCCC)c1nc(nc(Nc2ccccc2)n1)N1CCN(C)CC1,6.542118103266008
c1c(cc(Cl)cc1Cl)OC(c1nc(nc(n1)Nc1ccccc1)N1CCN(C)CC1)CCCC,6.542118103266008
C(C(c1nc(N2CCN(C)CC2)nc(n1)Nc1ccccc1)Oc1cc(cc(c1)Cl)Cl)CCC,6.542118103266008
O(C)c1c(OC)c2c3c(CCN(C)C3Cc3c-2cc(OC)c(OCCCCC)c3)c1,6.621602099051862
c1(c2-c3cc(c(cc3CC3c2c(CCN3C)cc1OC)OCCCCC)OC)OC,6.621602099051862
C1Cc2c3c(c(c(OC)c2)OC)-c2c(cc(OCCCCC)c(OC)c2)CC3N1C,6.621602099051862
C12c3c(-c4c(cc(OCCCCC)c(OC)c4)C1)c(c(cc3CCN2C)OC)OC,6.621602099051862
C12c3c(-c4cc(OC)c(cc4C2)OCCCCC)c(c(cc3CCN1C)OC)OC,6.621602099051862
C12N(C)CCc3cc(OC)c(OCC=C)c(c32)-c2c(C1)ccc(c2)N(C)C,6.497572880015567
c12CCN(C3c1c(c(OCC=C)c(OC)c2)-c1c(ccc(N(C)C)c1)C3)C,6.497572880015567
CN(c1cc2c(CC3c4c-2c(OCC=C)c(cc4CCN3C)OC)cc1)C,6.497572880015567
N1(C)CCc2c3c(-c4cc(ccc4CC31)N(C)C)c(c(OC)c2)OCC=C,6.497572880015567
c12c(ccc(N(C)C)c2)CC2c3c(cc(OC)c(OCC=C)c-13)CCN2C,6.497572880015567
c1cc(C2CC2CN)c(cc1F)Cl,6.5951662833800615
c1c(Cl)c(ccc1F)C1CC1CN,6.5951662833800615
C(N)C1CC1c1c(cc(F)cc1)Cl,6.5951662833800615
c1(C2C(CN)C2)c(cc(F)cc1)Cl,6.5951662833800615
Clc1c(C2CC2CN)ccc(c1)F,6.5951662833800615
c1(cccc(Cl)c1Cl)N1CCN(CC1)CCCCNc1nc(nc(n1)N)N,7.619788758288394
c1cc(c(Cl)c(Cl)c1)N1CCN(CC1)CCCCNc1nc(N)nc(N)n1,7.619788758288394
Clc1c(N2CCN(CC2)CCCCNc2nc(nc(N)n2)N)cccc1Cl,7.619788758288394
C1CN(CCN1CCCCNc1nc(N)nc(n1)N)c1c(c(ccc1)Cl)Cl,7.619788758288394
c1(Cl)c(Cl)cccc1N1CCN(CC1)CCCCNc1nc(nc(n1)N)N,7.619788758288394
n1(c2C(N(CCN3CCN(CC3)c3c4ccccc4sn3)CCCc2nc1)=O)C,8.886056647693163
c1nc2CCCN(CCN3CCN(CC3)c3c4ccccc4sn3)C(=O)c2n1C,8.886056647693163
C(CN1CCN(CC1)c1nsc2ccccc21)N1C(c2c(ncn2C)CCC1)=O,8.886056647693163
s1c2c(cccc2)c(N2CCN(CC2)CCN2CCCc3c(n(cn3)C)C2=O)n1,8.886056647693163
c12c(n(C)cn1)C(N(CCC2)CCN1CCN(CC1)c1nsc2c1cccc2)=O,8.886056647693163
c1cc(cc2ccnn21)OCCCCN1CCN(CC1)c1ccccc1OC,5.958607314841775
n1n2ccc(OCCCCN3CCN(c4c(cccc4)OC)CC3)cc2cc1,5.958607314841775
c1(c(cccc1)N1CCN(CCCCOc2ccn3c(ccn3)c2)CC1)OC,5.958607314841775
O(c1ccn2nccc2c1)CCCCN1CCN(c2c(cccc2)OC)CC1,5.958607314841775
c1c(cc2n(ncc2)c1)OCCCCN1CCN(CC1)c1c(cccc1)OC,5.958607314841775
C1C(CCC(C1)CCN1CCN(CC1)c1cccc2c1OCO2)NC(C(C)(C)OC)=O,7.953504835665291
C1C(CCC(NC(=O)C(OC)(C)C)C1)CCN1CCN(CC1)c1cccc2OCOc21,7.953504835665291
O1c2c(cccc2OC1)N1CCN(CC1)CCC1CCC(CC1)NC(C(C)(OC)C)=O,7.953504835665291
c1c2c(OCO2)c(cc1)N1CCN(CCC2CCC(NC(=O)C(C)(C)OC)CC2)CC1,7.953504835665291
O1COc2c1cccc2N1CCN(CC1)CCC1CCC(CC1)NC(=O)C(OC)(C)C,7.953504835665291
c1(cc(ccc1CCN1CCN(C(c2cc(cn3ccnc23)Br)=O)CC1)F)F,8.301029995663981
C(Cc1ccc(F)cc1F)N1CCN(C(=O)c2cc(cn3ccnc23)Br)CC1,8.301029995663981
c1cc(cc(c1CCN1CCN(C(=O)c2c3nccn3cc(Br)c2)CC1)F)F,8.301029995663981
c1c(F)c(ccc1F)CCN1CCN(C(c2cc(cn3ccnc32)Br)=O)CC1,8.301029995663981
c1c(c2nccn2cc1Br)C(N1CCN(CC1)CCc1c(F)cc(F)cc1)=O,8.301029995663981
C1(CC2c3ccccc3Oc3c(cc(cc3)Br)C2O1)CN(C)C,7.42021640338319
C12C(c3ccccc3Oc3c2cc(cc3)Br)CC(CN(C)C)O1,7.42021640338319
c1ccc2c(C3CC(CN(C)C)OC3c3cc(ccc3O2)Br)c1,7.42021640338319
C(N(C)C)C1OC2C(C1)c1ccccc1Oc1c2cc(Br)cc1,7.42021640338319
N(CC1CC2c3c(Oc4ccc(cc4C2O1)Br)cccc3)(C)C,7.42021640338319
c1(c2c(C3CNCC3NC2=O)ccc1Cl)Cl,7.142667503568732
c12c(c(ccc2C2CNCC2NC1=O)Cl)Cl,7.142667503568732
N1CC2C(C1)NC(c1c2ccc(Cl)c1Cl)=O,7.142667503568732
c1(ccc2c(c1Cl)C(=O)NC1CNCC12)Cl,7.142667503568732
C1(c2c(c(Cl)ccc2C2C(CNC2)N1)Cl)=O,7.142667503568732
N(c1nc(N2CCN(CCO)CC2)nc2c1cccc2)c1c(cccc1)F,7.181906130853364
c1cccc(F)c1Nc1nc(N2CCN(CCO)CC2)nc2ccccc12,7.181906130853364
c12c(cccc2)nc(N2CCN(CC2)CCO)nc1Nc1c(F)cccc1,7.181906130853364
N1(c2nc(c3c(cccc3)n2)Nc2ccccc2F)CCN(CC1)CCO,7.181906130853364
c12nc(nc(c2cccc1)Nc1ccccc1F)N1CCN(CCO)CC1,7.181906130853364
O(c1c(-c2n(ncc2Br)C)cc(cc1)NC(Nc1ccc(Cl)cc1)=O)CCN1CCCC1,9.55284196865778
C(Nc1ccc(OCCN2CCCC2)c(-c2c(cnn2C)Br)c1)(=O)Nc1ccc(Cl)cc1,9.55284196865778
c1c(ccc(Cl)c1)NC(Nc1cc(-c2n(ncc2Br)C)c(OCCN2CCCC2)cc1)=O,9.55284196865778
c1c(Br)c(n(n1)C)-c1cc(NC(=O)Nc2ccc(Cl)cc2)ccc1OCCN1CCCC1,9.55284196865778
n1n(c(-c2c(OCCN3CCCC3)ccc(c2)NC(=O)Nc2ccc(cc2)Cl)c(Br)c1)C,9.55284196865778
n1n(C)c(c(Br)c1)-c1cc(ccc1OC)NC(=O)Nc1cccc(Cl)c1,9.599980364934842
c1(cc(ccc1OC)NC(=O)Nc1cc(Cl)ccc1)-c1n(C)ncc1Br,9.599980364934842
c1(c(-c2c(cnn2C)Br)cc(NC(=O)Nc2cc(Cl)ccc2)cc1)OC,9.599980364934842
n1n(c(c(c1)Br)-c1cc(NC(=O)Nc2cccc(c2)Cl)ccc1OC)C,9.599980364934842
c1(cccc(NC(Nc2cc(-c3c(cnn3C)Br)c(cc2)OC)=O)c1)Cl,9.599980364934842
C12c3c(C(N1CCNC2)=O)c(c(cc3)Cl)OC,6.089909454405932
c1cc(c(c2c1C1CNCCN1C2=O)OC)Cl,6.089909454405932
c1(OC)c(Cl)ccc2c1C(=O)N1C2CNCC1,6.089909454405932
c1(Cl)ccc2C3CNCCN3C(=O)c2c1OC,6.089909454405932
c1(Cl)ccc2C3CNCCN3C(c2c1OC)=O,6.089909454405932
C1CC2(Cc3ccccc3Cc3c2cccc3)CC1N1CCC(CC1)(O)C(O)=O,7.0
c1ccc2CC3(c4c(cccc4)Cc2c1)CC(N1CCC(CC1)(C(O)=O)O)CC3,7.0
C1(N2CCC(CC2)(O)C(=O)O)CCC2(c3ccccc3Cc3ccccc3C2)C1,7.0
C1CC2(CC1N1CCC(C(=O)O)(O)CC1)Cc1c(Cc3c2cccc3)cccc1,7.0
c12c(CC3(c4c(C1)cccc4)CC(CC3)N1CCC(CC1)(O)C(O)=O)cccc2,7.0
c1c(ccc(C)c1)-c1nc(C2CCCC2)nc2CCNCCc12,8.602059991327963
c1(nc(nc2CCNCCc21)C1CCCC1)-c1ccc(cc1)C,8.602059991327963
c1(nc2CCNCCc2c(n1)-c1ccc(C)cc1)C1CCCC1,8.602059991327963
c12c(c(nc(C3CCCC3)n1)-c1ccc(cc1)C)CCNCC2,8.602059991327963
Cc1ccc(cc1)-c1nc(C2CCCC2)nc2CCNCCc12,8.602059991327963
N1(CC(F)CCNC(c2cc3cc(ccc3o2)OC)=O)CCN(CC1)c1ccccc1OC,5.522878745280337
C1CN(CCN1CC(F)CCNC(=O)c1oc2ccc(cc2c1)OC)c1ccccc1OC,5.522878745280337
C1CN(CC(F)CCNC(c2cc3cc(ccc3o2)OC)=O)CCN1c1ccccc1OC,5.522878745280337
c1(N2CCN(CC2)CC(F)CCNC(c2cc3cc(OC)ccc3o2)=O)c(OC)cccc1,5.522878745280337
C(N1CCN(c2ccccc2OC)CC1)C(CCNC(c1cc2cc(ccc2o1)OC)=O)F,5.522878745280337
c12c(cccc1)c(CCNc1nc(NCCNc3ccccc3OC)nc(N)n1)c[nH]2,4.841939206063395
c1cc(NCCNc2nc(nc(n2)NCCc2c3c([nH]c2)cccc3)N)c(OC)cc1,4.841939206063395
c1c(c(ccc1)OC)NCCNc1nc(N)nc(n1)NCCc1c2ccccc2[nH]c1,4.841939206063395
[nH]1c2ccccc2c(c1)CCNc1nc(nc(n1)N)NCCNc1c(cccc1)OC,4.841939206063395
c1c2c(c(c[nH]2)CCNc2nc(nc(NCCNc3c(OC)cccc3)n2)N)ccc1,4.841939206063395
c1cccc(c1)S(=O)(NC1CCC(CCN2CCC(c3cccc4OCOc43)CC2)CC1)=O,7.281913705216908
C(CN1CCC(CC1)c1c2OCOc2ccc1)C1CCC(CC1)NS(c1ccccc1)(=O)=O,7.281913705216908
C1Oc2c(cccc2O1)C1CCN(CCC2CCC(NS(=O)(=O)c3ccccc3)CC2)CC1,7.281913705216908
c1(S(=O)(=O)NC2CCC(CC2)CCN2CCC(c3cccc4c3OCO4)CC2)ccccc1,7.281913705216908
c12c(C3CCN(CCC4CCC(NS(=O)(=O)c5ccccc5)CC4)CC3)cccc1OCO2,7.281913705216908
O(C)c1c(cc(OC)c(c1)CC(N(C)C)C)Br,7.025949097207123
C(C(N(C)C)C)c1c(cc(c(c1)OC)Br)OC,7.025949097207123
c1(c(Br)cc(c(c1)CC(N(C)C)C)OC)OC,7.025949097207123
C(C)(Cc1cc(OC)c(Br)cc1OC)N(C)C,7.025949097207123
N(C)(C)C(Cc1cc(c(Br)cc1OC)OC)C,7.025949097207123
N(C(C)=O)Cc1ccc(OCCCN2CCC(CC2)c2noc3c2ccc(F)c3)cc1,6.850472986245652
n1c(C2CCN(CCCOc3ccc(cc3)CNC(=O)C)CC2)c2ccc(cc2o1)F,6.850472986245652
C1N(CCCOc2ccc(cc2)CNC(=O)C)CCC(c2c3ccc(cc3on2)F)C1,6.850472986245652
c12c(C3CCN(CCCOc4ccc(CNC(=O)C)cc4)CC3)noc1cc(F)cc2,6.850472986245652
C(COc1ccc(CNC(C)=O)cc1)CN1CCC(CC1)c1c2ccc(F)cc2on1,6.850472986245652
c12ccccc1c(ccc2)N1CCN(CC1)CCCCOc1ccc2CNC(c2c1C)=O,8.899629454882437
c1ccc2cccc(c2c1)N1CCN(CC1)CCCCOc1ccc2CNC(c2c1C)=O,8.899629454882437
C(CCN1CCN(c2cccc3c2cccc3)CC1)COc1c(C)c2C(=O)NCc2cc1,8.899629454882437
N1(CCN(CC1)CCCCOc1ccc2c(c1C)C(NC2)=O)c1c2ccccc2ccc1,8.899629454882437
C(CCOc1ccc2CNC(c2c1C)=O)CN1CCN(c2c3ccccc3ccc2)CC1,8.899629454882437
Ic1c(cc2c(c1)N(CC2)C(Nc1cnccc1)=O)C,7.2003149090909
C(=O)(N1CCc2c1cc(c(C)c2)I)Nc1cccnc1,7.2003149090909
O=C(Nc1cccnc1)N1CCc2cc(C)c(I)cc21,7.2003149090909
C1Cc2c(N1C(Nc1cccnc1)=O)cc(c(C)c2)I,7.2003149090909
c12cc(c(cc1N(CC2)C(Nc1cccnc1)=O)I)C,7.2003149090909
N1CC2Cc3c(N2C(C1)C)cccc3,6.366531544420414
c1cccc2c1CC1CNCC(C)N12,6.366531544420414
c12ccccc1CC1N2C(CNC1)C,6.366531544420414
C1NCC2N(C1C)c1c(C2)cccc1,6.366531544420414
c12c(cccc1)N1C(C)CNCC1C2,6.366531544420414
c1c(c(ccc1)S(N1CCC(CCc2ccc(F)cc2F)CC1)(=O)=O)Cl,8.214670164989233
C1N(S(=O)(=O)c2ccccc2Cl)CCC(C1)CCc1ccc(cc1F)F,8.214670164989233
C1CC(CCN1S(=O)(=O)c1c(Cl)cccc1)CCc1c(cc(F)cc1)F,8.214670164989233
Fc1c(CCC2CCN(CC2)S(=O)(c2c(cccc2)Cl)=O)ccc(F)c1,8.214670164989233
c1cc(F)cc(c1CCC1CCN(S(c2c(cccc2)Cl)(=O)=O)CC1)F,8.214670164989233
C(CCCN1CCN(CC1)c1cccc(Cl)c1Cl)(Nc1cc2ccnn2cc1)=O,8.309803919971486
c1(cccc(c1Cl)Cl)N1CCN(CCCC(Nc2ccn3c(c2)ccn3)=O)CC1,8.309803919971486
N1(c2c(c(ccc2)Cl)Cl)CCN(CCCC(=O)Nc2ccn3nccc3c2)CC1,8.309803919971486
n1n2ccc(NC(CCCN3CCN(CC3)c3cccc(c3Cl)Cl)=O)cc2cc1,8.309803919971486
c1cc(cc2n1ncc2)NC(=O)CCCN1CCN(c2c(c(Cl)ccc2)Cl)CC1,8.309803919971486
C(c1ccc(cc1)F)c1c2ccccc2sc1CCN(C)C,10.045757490560675
c1(Cc2c(sc3ccccc32)CCN(C)C)ccc(F)cc1,10.045757490560675
c1(ccc(F)cc1)Cc1c(sc2ccccc21)CCN(C)C,10.045757490560675
C(Cc1c(Cc2ccc(F)cc2)c2ccccc2s1)N(C)C,10.045757490560675
CN(C)CCc1sc2c(c1Cc1ccc(cc1)F)cccc2,10.045757490560675
c1c2c(onc2C2CCN(CCC3CCC(NC(CC4CC(CC4)OC)=O)CC3)CC2)cc(c1F)F,7.879097182385473
C1C(CC(NC2CCC(CCN3CCC(CC3)c3c4cc(F)c(cc4on3)F)CC2)=O)CC(OC)C1,7.879097182385473
c1c(c(cc2c(C3CCN(CCC4CCC(NC(CC5CCC(C5)OC)=O)CC4)CC3)noc21)F)F,7.879097182385473
C(N1CCC(CC1)c1c2c(cc(F)c(c2)F)on1)CC1CCC(CC1)NC(=O)CC1CCC(OC)C1,7.879097182385473
c1c(c(cc2onc(c12)C1CCN(CCC2CCC(NC(CC3CCC(C3)OC)=O)CC2)CC1)F)F,7.879097182385473
C1CC(NC(=O)C2(OC)CCCCC2)CCC1CCN1CCN(CC1)c1cccc2OCOc21,7.739451627363021
C1CN(CCC2CCC(CC2)NC(=O)C2(OC)CCCCC2)CCN1c1cccc2OCOc21,7.739451627363021
C(CN1CCN(c2cccc3c2OCO3)CC1)C1CCC(CC1)NC(=O)C1(OC)CCCCC1,7.739451627363021
c1(N2CCN(CCC3CCC(CC3)NC(=O)C3(CCCCC3)OC)CC2)cccc2c1OCO2,7.739451627363021
C1CN(c2c3c(OCO3)ccc2)CCN1CCC1CCC(NC(=O)C2(CCCCC2)OC)CC1,7.739451627363021
C1CNCC2c3c(C(=O)N21)c(ccc3)OC,5.484126156288321
c12c(C3CNCCN3C1=O)cccc2OC,5.484126156288321
c1cc2C3N(C(=O)c2c(OC)c1)CCNC3,5.484126156288321
C1C2c3c(C(=O)N2CCN1)c(OC)ccc3,5.484126156288321
c12C3CNCCN3C(c1c(ccc2)OC)=O,5.484126156288321
c1cc2C(CN)c3ccc(CCCCCC)cc3Cc2cc1,8.154901959985743
C(CCCCc1cc2Cc3ccccc3C(CN)c2cc1)C,8.154901959985743
NCC1c2c(cc(CCCCCC)cc2)Cc2ccccc12,8.154901959985743
C1(c2c(Cc3c1ccc(c3)CCCCCC)cccc2)CN,8.154901959985743
c1ccc2c(c1)C(c1ccc(cc1C2)CCCCCC)CN,8.154901959985743
c1c2c(ccc1)onc2N1CCN(CC1)CCc1cc(cc2c1NC(CC2C)=O)F,9.55284196865778
C1(=O)CC(c2c(c(cc(F)c2)CCN2CCN(CC2)c2c3c(on2)cccc3)N1)C,9.55284196865778
c12onc(N3CCN(CCc4cc(cc5C(C)CC(Nc45)=O)F)CC3)c2cccc1,9.55284196865778
c1c2C(C)CC(Nc2c(cc1F)CCN1CCN(CC1)c1c2ccccc2on1)=O,9.55284196865778
C1CN(CCN1CCc1c2c(cc(F)c1)C(CC(=O)N2)C)c1noc2c1cccc2,9.55284196865778
c1(O)n(c(O)c2C3(CC(=O)C(c21)C(C3)(C)C)OC(C)=O)CCCCN1CCN(CC1)c1c(cccc1)OC,6.113509274827518
C12C(CC(c3c(n(c(O)c32)CCCCN2CCN(CC2)c2c(OC)cccc2)O)(OC(C)=O)CC1=O)(C)C,6.113509274827518
O(C)c1c(cccc1)N1CCN(CC1)CCCCn1c(O)c2C3(OC(C)=O)CC(C(c2c1O)C(C)(C3)C)=O,6.113509274827518
O=C1CC2(OC(=O)C)c3c(O)n(c(c3C1C(C)(C2)C)O)CCCCN1CCN(CC1)c1ccccc1OC,6.113509274827518
C1CN(CCCCn2c(O)c3c(c2O)C2(CC(C3C(C2)(C)C)=O)OC(C)=O)CCN1c1ccccc1OC,6.113509274827518
c12c(C(CC(C1)N(C)C)c1ccc(F)cc1)cccc2,7.1487416512809245
CN(C1CC(c2ccccc2C1)c1ccc(cc1)F)C,7.1487416512809245
N(C1Cc2ccccc2C(C1)c1ccc(F)cc1)(C)C,7.1487416512809245
c1cc(C2c3ccccc3CC(C2)N(C)C)ccc1F,7.1487416512809245
CN(C)C1CC(c2ccccc2C1)c1ccc(cc1)F,7.1487416512809245
c1cc(c(Cn2c(C)c(nn2)C(NCCCCN2CCN(c3c(cccc3)OC)CC2)=O)cc1)Br,6.823908740944319
COc1ccccc1N1CCN(CCCCNC(c2c(C)n(nn2)Cc2ccccc2Br)=O)CC1,6.823908740944319
c1ccc(c(c1)Br)Cn1nnc(C(=O)NCCCCN2CCN(c3ccccc3OC)CC2)c1C,6.823908740944319
C(CN1CCN(CC1)c1c(cccc1)OC)CCNC(c1c(C)n(Cc2c(cccc2)Br)nn1)=O,6.823908740944319
c1(ccccc1OC)N1CCN(CC1)CCCCNC(c1c(n(nn1)Cc1ccccc1Br)C)=O,6.823908740944319
c1cc(Cl)ccc1-c1noc2c1CCNCC2,6.399027104313252
c1(ccc(Cl)cc1)-c1noc2CCNCCc12,6.399027104313252
C1NCCc2c(c(-c3ccc(cc3)Cl)no2)C1,6.399027104313252
c1(noc2c1CCNCC2)-c1ccc(Cl)cc1,6.399027104313252
c1c(Cl)ccc(c1)-c1c2c(on1)CCNCC2,6.399027104313252
C1CN(CCCC1)CCc1cccc2c1c(S(c1ccccc1)(=O)=O)c[nH]2,7.481486060122112
N1(CCCCCC1)CCc1cccc2c1c(S(c1ccccc1)(=O)=O)c[nH]2,7.481486060122112
c1(CCN2CCCCCC2)c2c(c[nH]c2ccc1)S(=O)(c1ccccc1)=O,7.481486060122112
C1CCCCN(C1)CCc1c2c([nH]cc2S(=O)(c2ccccc2)=O)ccc1,7.481486060122112
c1(CCN2CCCCCC2)c2c([nH]cc2S(=O)(=O)c2ccccc2)ccc1,7.481486060122112
c12Oc3ccc(Cl)cc3N=C(c1cccn2)N1CCNCC1,6.882728704344236
Clc1cc2N=C(N3CCNCC3)c3c(Oc2cc1)nccc3,6.882728704344236
c12cccnc2Oc2ccc(Cl)cc2N=C1N1CCNCC1,6.882728704344236
C1(=Nc2c(Oc3c1cccn3)ccc(c2)Cl)N1CCNCC1,6.882728704344236
c12c(Oc3ncccc3C(N3CCNCC3)=N1)ccc(c2)Cl,6.882728704344236
c1c2c(cccc2)c(cc1)N1CCN(CC1)CCCOc1c(cc2c(c1)C(NC2)=O)C,7.252588192113577
c1ccc(N2CCN(CCCOc3c(cc4CNC(c4c3)=O)C)CC2)c2ccccc12,7.252588192113577
c1(OCCCN2CCN(CC2)c2cccc3c2cccc3)cc2c(cc1C)CNC2=O,7.252588192113577
C(N1CCN(CC1)c1cccc2c1cccc2)CCOc1c(C)cc2c(C(NC2)=O)c1,7.252588192113577
c12ccccc1cccc2N1CCN(CCCOc2cc3c(CNC3=O)cc2C)CC1,7.252588192113577
c1(NC(c2cc(C)c(Br)cc2)=O)ccc(c(N2CCN(CC2)C)c1)OC,6.699991797446187
C1N(CCN(C)C1)c1c(ccc(NC(c2cc(c(cc2)Br)C)=O)c1)OC,6.699991797446187
C(=O)(c1cc(c(cc1)Br)C)Nc1cc(N2CCN(CC2)C)c(cc1)OC,6.699991797446187
c1c(ccc(Br)c1C)C(Nc1ccc(c(c1)N1CCN(CC1)C)OC)=O,6.699991797446187
C1CN(CCN1C)c1cc(NC(=O)c2cc(c(cc2)Br)C)ccc1OC,6.699991797446187
C1N(CCOc2c(OC)ccc(c2)C2C(=O)N(c3cc(c(cc3)Cl)Cl)CC2)CCCC1,6.0999990348465305
c1(Cl)c(cc(N2C(=O)C(CC2)c2ccc(OC)c(c2)OCCN2CCCCC2)cc1)Cl,6.0999990348465305
O=C1C(c2cc(OCCN3CCCCC3)c(OC)cc2)CCN1c1ccc(c(c1)Cl)Cl,6.0999990348465305
C1CCCCN1CCOc1cc(C2CCN(c3cc(Cl)c(Cl)cc3)C2=O)ccc1OC,6.0999990348465305
c1(N2C(C(CC2)c2ccc(c(c2)OCCN2CCCCC2)OC)=O)cc(c(cc1)Cl)Cl,6.0999990348465305
c1(cccc(c1)C(F)(F)F)NC(=O)Nc1ccc(OCCN2CCCCC2)c(c1)-c1ccnn1C,9.602059991327963
c1cnn(C)c1-c1c(ccc(c1)NC(=O)Nc1cccc(c1)C(F)(F)F)OCCN1CCCCC1,9.602059991327963
c1ccc(cc1NC(=O)Nc1ccc(OCCN2CCCCC2)c(c1)-c1ccnn1C)C(F)(F)F,9.602059991327963
C(Nc1ccc(c(c1)-c1ccnn1C)OCCN1CCCCC1)(=O)Nc1cc(C(F)(F)F)ccc1,9.602059991327963
C(CN1CCCCC1)Oc1ccc(cc1-c1ccnn1C)NC(Nc1cccc(c1)C(F)(F)F)=O,9.602059991327963
c1(F)ccc2n(ccc2c1)CC(C)N,6.7992999448177605
c12c(cc(F)cc2)ccn1CC(N)C,6.7992999448177605
c1c(F)cc2ccn(c2c1)CC(C)N,6.7992999448177605
c1c2c(n(cc2)CC(N)C)ccc1F,6.7992999448177605
c1(F)cc2c(n(cc2)CC(N)C)cc1,6.7992999448177605
C1N2C(CNC1)c1c(C2=O)c(ccc1)C(F)(F)F,7.229147988357855
C1(=O)N2C(CNCC2)c2c1c(ccc2)C(F)(F)F,7.229147988357855
c1(cccc2C3N(C(c12)=O)CCNC3)C(F)(F)F,7.229147988357855
C1(=O)N2C(CNCC2)c2c1c(C(F)(F)F)ccc2,7.229147988357855
FC(c1cccc2c1C(=O)N1C2CNCC1)(F)F,7.229147988357855
c1(OCCCC)ccc(C2=NC(C(S2)C)CO)cc1,5.657577319177793
N1=C(SC(C1CO)C)c1ccc(OCCCC)cc1,5.657577319177793
CC1C(CO)N=C(c2ccc(cc2)OCCCC)S1,5.657577319177793
OCC1C(C)SC(c2ccc(cc2)OCCCC)=N1,5.657577319177793
c1(C2=NC(C(S2)C)CO)ccc(OCCCC)cc1,5.657577319177793
C(c1cnn2ccc(cc21)OCCCCN1CCN(CC1)c1c(cccc1)OC)#N,6.958607314841775
C(CCOc1cc2c(cnn2cc1)C#N)CN1CCN(c2ccccc2OC)CC1,6.958607314841775
C(COc1cc2c(cnn2cc1)C#N)CCN1CCN(CC1)c1ccccc1OC,6.958607314841775
n12c(cc(cc1)OCCCCN1CCN(CC1)c1ccccc1OC)c(C#N)cn2,6.958607314841775
N1(c2c(OC)cccc2)CCN(CCCCOc2cc3n(ncc3C#N)cc2)CC1,6.958607314841775
N1(CCCCn2c(c3C4(CCC(c3c2O)C(C4)=O)OCC)O)CCN(c2c(cccc2)OC)CC1,5.554395796726403
c1cc(N2CCN(CCCCn3c(O)c4C5CCC(c4c3O)(CC5=O)OCC)CC2)c(cc1)OC,5.554395796726403
N1(CCN(CC1)c1c(cccc1)OC)CCCCn1c(c2C3(CC(C(CC3)c2c1O)=O)OCC)O,5.554395796726403
C1(=O)C2c3c(n(CCCCN4CCN(CC4)c4ccccc4OC)c(c3C(CC2)(C1)OCC)O)O,5.554395796726403
n1(c(O)c2c(C3C(=O)CC2(OCC)CC3)c1O)CCCCN1CCN(c2ccccc2OC)CC1,5.554395796726403
c1(C)c(Cl)c2C(CN3c2c(c1)CNCC3)C,7.017728766960431
N1CCN2CC(C)c3c2c(C1)cc(c3Cl)C,7.017728766960431
C1(C)CN2c3c1c(c(C)cc3CNCC2)Cl,7.017728766960431
N1Cc2c3N(CC(c3c(c(C)c2)Cl)C)CC1,7.017728766960431
c12CNCCN3c2c(C(C3)C)c(Cl)c(C)c1,7.017728766960431
C1C(CCC(C1)CCN1CCN(c2nccc3c2CCO3)CC1)NC(=O)CC1OCCOC1,8.088842391260023
C(C(NC1CCC(CC1)CCN1CCN(c2c3CCOc3ccn2)CC1)=O)C1COCCO1,8.088842391260023
C1N(CCC2CCC(NC(=O)CC3OCCOC3)CC2)CCN(c2nccc3c2CCO3)C1,8.088842391260023
O1CC(CC(NC2CCC(CCN3CCN(CC3)c3c4c(OCC4)ccn3)CC2)=O)OCC1,8.088842391260023
C1(COCCO1)CC(=O)NC1CCC(CC1)CCN1CCN(CC1)c1c2c(ccn1)OCC2,8.088842391260023
c12c([nH]cc1C1CC1N)ccc(F)c2,7.991399828238082
c1[nH]c2ccc(F)cc2c1C1C(C1)N,7.991399828238082
C1C(C1N)c1c2c(ccc(c2)F)[nH]c1,7.991399828238082
c1c(F)cc2c([nH]cc2C2C(N)C2)c1,7.991399828238082
C1(c2c3c([nH]c2)ccc(F)c3)C(C1)N,7.991399828238082
CN(C)CC1c2ccccc2Cc2c1cccc2,6.267606240177032
CN(C)CC1c2c(Cc3c1cccc3)cccc2,6.267606240177032
c1cc2c(cc1)Cc1ccccc1C2CN(C)C,6.267606240177032
c12c(C(CN(C)C)c3c(C2)cccc3)cccc1,6.267606240177032
c12ccccc1Cc1ccccc1C2CN(C)C,6.267606240177032
C1c2cc(c(cc2N(C(=O)Nc2ccc(nc2)OCc2nc(ccc2)C)C1)C(F)(F)F)C,6.0
n1cc(NC(=O)N2c3cc(C(F)(F)F)c(C)cc3CC2)ccc1OCc1cccc(n1)C,6.0
c12N(CCc1cc(c(C(F)(F)F)c2)C)C(=O)Nc1cnc(cc1)OCc1nc(C)ccc1,6.0
c1c(nc(C)cc1)COc1ncc(NC(N2c3c(CC2)cc(c(C(F)(F)F)c3)C)=O)cc1,6.0
FC(F)(F)c1c(C)cc2c(c1)N(CC2)C(Nc1cnc(OCc2nc(C)ccc2)cc1)=O,6.0
C1NCC2N(C)C(=O)c3c(Cl)cc(CC)cc3C21,5.185219854254195
c1(Cl)cc(CC)cc2c1C(=O)N(C1C2CNC1)C,5.185219854254195
c1(Cl)cc(cc2c1C(N(C1CNCC12)C)=O)CC,5.185219854254195
O=C1c2c(Cl)cc(CC)cc2C2C(CNC2)N1C,5.185219854254195
N1(C2CNCC2c2c(C1=O)c(Cl)cc(c2)CC)C,5.185219854254195
c1nc2C(=Cc3c(cccc3)Cn2c1Cl)N1CCN(CC1)CC(C(=O)O)(C)C,7.199970640755866
O=C(O)C(CN1CCN(C2=Cc3ccccc3Cn3c(Cl)cnc32)CC1)(C)C,7.199970640755866
CC(CN1CCN(CC1)C1c2ncc(Cl)n2Cc2ccccc2C=1)(C)C(=O)O,7.199970640755866
c12ccccc1C=C(c1n(C2)c(Cl)cn1)N1CCN(CC(C(O)=O)(C)C)CC1,7.199970640755866
c1cc2c(C=C(c3n(c(cn3)Cl)C2)N2CCN(CC(C)(C(O)=O)C)CC2)cc1,7.199970640755866
C(F)(F)(CCc1ccnc2c1CCC1CNCCCN21)F,5.943095148663527
c12CCC3CNCCCN3c2nccc1CCC(F)(F)F,5.943095148663527
C(Cc1c2CCC3CNCCCN3c2ncc1)C(F)(F)F,5.943095148663527
c1(CCC(F)(F)F)ccnc2c1CCC1N2CCCNC1,5.943095148663527
c12c(CCC(F)(F)F)ccnc2N2C(CC1)CNCCC2,5.943095148663527
O(CCC(=O)NC1CCC(CCN2CCN(c3c(c(ccc3)Cl)Cl)CC2)CC1)C,7.267606240177032
C1(NC(CCOC)=O)CCC(CCN2CCN(CC2)c2cccc(Cl)c2Cl)CC1,7.267606240177032
C(OC)CC(NC1CCC(CCN2CCN(c3c(c(Cl)ccc3)Cl)CC2)CC1)=O,7.267606240177032
O=C(CCOC)NC1CCC(CCN2CCN(c3cccc(Cl)c3Cl)CC2)CC1,7.267606240177032
c1(N2CCN(CCC3CCC(CC3)NC(=O)CCOC)CC2)cccc(c1Cl)Cl,7.267606240177032
C1N(CCN(C1)c1c2ccoc2ccn1)CCC1CCC(NC(=O)CCOC)CC1,8.09151498112135
N(C(CCOC)=O)C1CCC(CCN2CCN(CC2)c2nccc3c2cco3)CC1,8.09151498112135
C1(NC(=O)CCOC)CCC(CC1)CCN1CCN(c2nccc3occc32)CC1,8.09151498112135
N1(CCN(CCC2CCC(CC2)NC(CCOC)=O)CC1)c1nccc2occc12,8.09151498112135
C1CN(c2c3c(ccn2)occ3)CCN1CCC1CCC(CC1)NC(CCOC)=O,8.09151498112135
c12C3Cc4cc(c(OC)cc4-c2c(c(cc1CCN3C)OC)OC)OCc1ccccc1,6.665546248849069
c1(OC)cc2CCN(C3c2c(-c2cc(OC)c(OCc4ccccc4)cc2C3)c1OC)C,6.665546248849069
c1c(c(cc2CC3N(C)CCc4c3c(-c21)c(OC)c(OC)c4)OCc1ccccc1)OC,6.665546248849069
C(Oc1c(OC)cc2c(CC3N(CCc4cc(OC)c(c-2c43)OC)C)c1)c1ccccc1,6.665546248849069
c12cc(OC)c(OCc3ccccc3)cc2CC2N(C)CCc3cc(c(c-1c23)OC)OC,6.665546248849069
N#CCC(=O)NC1CCC(CC1)CCN1CCC(c2cccc3c2CCO3)CC1,7.412289034981089
c1ccc2OCCc2c1C1CCN(CC1)CCC1CCC(CC1)NC(CC#N)=O,7.412289034981089
c1(C2CCN(CC2)CCC2CCC(NC(=O)CC#N)CC2)c2c(ccc1)OCC2,7.412289034981089
c1(C2CCN(CC2)CCC2CCC(NC(=O)CC#N)CC2)c2c(OCC2)ccc1,7.412289034981089
N1(CCC(c2cccc3c2CCO3)CC1)CCC1CCC(NC(CC#N)=O)CC1,7.412289034981089
C1C(CCC(C1)CCN1CCC(CC1)c1cccc2c1CCO2)NC(=O)CC,7.464705879957229
N1(CCC2CCC(NC(CC)=O)CC2)CCC(CC1)c1c2c(OCC2)ccc1,7.464705879957229
c12OCCc1c(C1CCN(CCC3CCC(NC(CC)=O)CC3)CC1)ccc2,7.464705879957229
C1CN(CCC1c1c2CCOc2ccc1)CCC1CCC(CC1)NC(CC)=O,7.464705879957229
C1C(NC(=O)CC)CCC(CCN2CCC(c3cccc4c3CCO4)CC2)C1,7.464705879957229
OCCC(NC1CCC(CC1)CCN1CCC(CC1)c1c2c(on1)cc(F)c(c2)F)=O,7.605723473232178
N(C1CCC(CC1)CCN1CCC(CC1)c1noc2cc(F)c(cc21)F)C(=O)CCO,7.605723473232178
c12cc(c(cc1c(no2)C1CCN(CC1)CCC1CCC(NC(CCO)=O)CC1)F)F,7.605723473232178
o1nc(C2CCN(CC2)CCC2CCC(NC(=O)CCO)CC2)c2c1cc(c(F)c2)F,7.605723473232178
Fc1c(F)cc2c(noc2c1)C1CCN(CCC2CCC(NC(=O)CCO)CC2)CC1,7.605723473232178
c1cnc2CCN(C(=O)c2c1)CCN1CCC(CC1)c1noc2c1cccc2,8.669586226650809
c12C(N(CCc1nccc2)CCN1CCC(CC1)c1c2ccccc2on1)=O,8.669586226650809
c12C(=O)N(CCN3CCC(c4c5c(on4)cccc5)CC3)CCc2nccc1,8.669586226650809
o1c2c(cccc2)c(n1)C1CCN(CCN2C(=O)c3c(CC2)nccc3)CC1,8.669586226650809
N1(CCN2CCC(c3noc4c3cccc4)CC2)CCc2c(cccn2)C1=O,8.669586226650809
C1C(=O)Nc2nc(ccc2C1)OCCCCN1CCN(CC1)c1cc(F)cc2ccccc21,8.721246399047171
C1Cc2ccc(OCCCCN3CCN(c4cc(F)cc5ccccc45)CC3)nc2NC1=O,8.721246399047171
C1CC(Nc2c1ccc(n2)OCCCCN1CCN(CC1)c1cc(F)cc2ccccc21)=O,8.721246399047171
c1cc(OCCCCN2CCN(CC2)c2c3c(cccc3)cc(F)c2)nc2c1CCC(=O)N2,8.721246399047171
c1(cc2c(cccc2)c(c1)N1CCN(CCCCOc2nc3c(CCC(N3)=O)cc2)CC1)F,8.721246399047171
N12CCNCC2CCc2c1nccc2CCc1ccccc1,7.966576244513051
C(Cc1ccccc1)c1c2CCC3N(c2ncc1)CCNC3,7.966576244513051
c1cc(CCc2ccnc3c2CCC2N3CCNC2)ccc1,7.966576244513051
N12C(CNCC1)CCc1c2nccc1CCc1ccccc1,7.966576244513051
c1(CCc2c3c(ncc2)N2C(CNCC2)CC3)ccccc1,7.966576244513051
c1c(N2CCN(CC2)CCCCCCN2C(c3ccccc3S2(=O)=O)=O)ccc(Cl)c1,6.52432881167557
O=S1(N(C(=O)c2c1cccc2)CCCCCCN1CCN(CC1)c1ccc(Cl)cc1)=O,6.52432881167557
N1(CCN(CCCCCCN2S(=O)(c3c(C2=O)cccc3)=O)CC1)c1ccc(Cl)cc1,6.52432881167557
c1cccc2C(N(S(=O)(c12)=O)CCCCCCN1CCN(CC1)c1ccc(cc1)Cl)=O,6.52432881167557
c1ccc2S(=O)(N(C(c2c1)=O)CCCCCCN1CCN(CC1)c1ccc(cc1)Cl)=O,6.52432881167557
O=C(C#CC)NC1CCC(CCN2CCC(CC2)c2c3c(cccc3)oc2)CC1,8.10292299679058
N(C1CCC(CCN2CCC(CC2)c2c3ccccc3oc2)CC1)C(C#CC)=O,8.10292299679058
C1C(CCC(C1)CCN1CCC(CC1)c1c2c(cccc2)oc1)NC(=O)C#CC,8.10292299679058
c1cc2c(cc1)occ2C1CCN(CCC2CCC(CC2)NC(C#CC)=O)CC1,8.10292299679058
N(C(=O)C#CC)C1CCC(CCN2CCC(CC2)c2coc3c2cccc3)CC1,8.10292299679058
C1CN(CCN1c1ccccc1C#N)CCCOc1c(c(cc2c1c(cc(o2)=O)C)C)C(C)=O,7.1938200260161125
C1N(CCN(C1)c1ccccc1C#N)CCCOc1c2c(oc(cc2C)=O)cc(C)c1C(C)=O,7.1938200260161125
C1N(c2ccccc2C#N)CCN(CCCOc2c(c(cc3oc(cc(C)c23)=O)C)C(C)=O)C1,7.1938200260161125
N1(CCN(CC1)c1ccccc1C#N)CCCOc1c2c(C)cc(=O)oc2cc(c1C(C)=O)C,7.1938200260161125
C1CN(CCCOc2c3c(oc(cc3C)=O)cc(C)c2C(C)=O)CCN1c1c(C#N)cccc1,7.1938200260161125
C1(CCN2CCN(CC2)c2cccc3c2OCO3)CCC(CC1)NC(N(C)C)=O,7.3436142809413125
N1(c2cccc3c2OCO3)CCN(CC1)CCC1CCC(NC(=O)N(C)C)CC1,7.3436142809413125
N1(CCN(CC1)CCC1CCC(CC1)NC(=O)N(C)C)c1c2c(ccc1)OCO2,7.3436142809413125
C1Oc2c(O1)c(N1CCN(CC1)CCC1CCC(NC(=O)N(C)C)CC1)ccc2,7.3436142809413125
c1ccc2OCOc2c1N1CCN(CCC2CCC(NC(=O)N(C)C)CC2)CC1,7.3436142809413125
n1(CC(N)C)c2-c3cc(OC)ccc3C(C)(C)c2cc1,8.0
C(n1ccc2c1-c1cc(ccc1C2(C)C)OC)C(N)C,8.0
CC1(c2c(n(CC(C)N)cc2)-c2c1ccc(c2)OC)C,8.0
COc1cc2-c3c(C(C)(C)c2cc1)ccn3CC(C)N,8.0
c1cc2c(cc1OC)-c1n(ccc1C2(C)C)CC(N)C,8.0
C1N(CCN(c2cccc(c2)F)C1)CCC1CCN(CC1)S(=O)(=O)c1c2c(cccc2)cnc1,6.1605219526258015
Fc1cc(ccc1)N1CCN(CC1)CCC1CCN(S(=O)(=O)c2c3c(cccc3)cnc2)CC1,6.1605219526258015
C1N(CCN(c2cccc(F)c2)C1)CCC1CCN(CC1)S(c1cncc2c1cccc2)(=O)=O,6.1605219526258015
c1cccc2c1c(cnc2)S(N1CCC(CCN2CCN(c3cc(ccc3)F)CC2)CC1)(=O)=O,6.1605219526258015
c1ccc(cc1N1CCN(CCC2CCN(CC2)S(=O)(=O)c2c3ccccc3cnc2)CC1)F,6.1605219526258015
C12CC(c3ccc(Cl)cc3)(CC(CC1)N2CCCOc1ccc(F)cc1)O,6.627087997029894
Fc1ccc(OCCCN2C3CCC2CC(C3)(c2ccc(Cl)cc2)O)cc1,6.627087997029894
c1c(OCCCN2C3CCC2CC(c2ccc(cc2)Cl)(O)C3)ccc(c1)F,6.627087997029894
c1cc(ccc1F)OCCCN1C2CC(c3ccc(cc3)Cl)(CC1CC2)O,6.627087997029894
C1C2N(CCCOc3ccc(cc3)F)C(CC(C2)(O)c2ccc(cc2)Cl)C1,6.627087997029894
c1(SC(C)(C)c2nc(nc(N3CCN(C)CC3)n2)N)c(cccc1)Cl,6.049635145623877
Clc1c(SC(C)(c2nc(nc(n2)N2CCN(C)CC2)N)C)cccc1,6.049635145623877
CC(c1nc(N)nc(n1)N1CCN(C)CC1)(C)Sc1c(Cl)cccc1,6.049635145623877
C1N(CCN(c2nc(N)nc(C(Sc3c(cccc3)Cl)(C)C)n2)C1)C,6.049635145623877
n1c(C(C)(Sc2ccccc2Cl)C)nc(N2CCN(C)CC2)nc1N,6.049635145623877
C1NCC(C(F)C1)c1c2ccc(F)cc2[nH]c1,7.154901959985743
c12c(ccc(F)c2)c(C2C(CCNC2)F)c[nH]1,7.154901959985743
c12c(c(C3C(F)CCNC3)c[nH]1)ccc(F)c2,7.154901959985743
c1c2c(c[nH]c2cc(F)c1)C1C(F)CCNC1,7.154901959985743
c1cc(F)cc2c1c(c[nH]2)C1C(CCNC1)F,7.154901959985743
c1c2c(onc2N2CCN(CC2)CCN2C(=O)c3nc(OC)ccc3CC2)ccc1,7.022276394711152
C1c2c(C(N(C1)CCN1CCN(CC1)c1c3ccccc3on1)=O)nc(cc2)OC,7.022276394711152
n1c(N2CCN(CCN3C(c4nc(ccc4CC3)OC)=O)CC2)c2c(o1)cccc2,7.022276394711152
C1CN(CCN2CCc3c(C2=O)nc(cc3)OC)CCN1c1c2c(on1)cccc2,7.022276394711152
c12c(c(no1)N1CCN(CCN3C(c4nc(OC)ccc4CC3)=O)CC1)cccc2,7.022276394711152
C1N(C(=O)Cc2c(OC)cccc2OC)c2c(cccc2C(C1)C)CCN1CCN(c2c3ccccc3sn2)CC1,8.906578314837764
COc1cccc(OC)c1CC(N1CCC(C)c2c1c(CCN1CCN(CC1)c1c3c(sn1)cccc3)ccc2)=O,8.906578314837764
c12c(N3CCN(CCc4c5c(ccc4)C(C)CCN5C(Cc4c(cccc4OC)OC)=O)CC3)nsc2cccc1,8.906578314837764
c12c(c(ccc1)CCN1CCN(c3c4c(sn3)cccc4)CC1)N(CCC2C)C(Cc1c(OC)cccc1OC)=O,8.906578314837764
c12ccccc1c(ns2)N1CCN(CC1)CCc1c2c(C(CCN2C(=O)Cc2c(cccc2OC)OC)C)ccc1,8.906578314837764
c1(-c2c3CCNCCc3nn2C(C)C)ccc(cc1)F,8.098459949566498
c1(-c2ccc(F)cc2)c2CCNCCc2nn1C(C)C,8.098459949566498
C1NCCc2c(c(n(C(C)C)n2)-c2ccc(cc2)F)C1,8.098459949566498
CC(n1nc2c(CCNCC2)c1-c1ccc(F)cc1)C,8.098459949566498
CC(C)n1nc2c(CCNCC2)c1-c1ccc(F)cc1,8.098459949566498
C(N1C(=O)c2c(nc(C)nc2)CC1)CN1CCN(c2c3ccccc3sn2)CC1,8.075720713938118
n1c(C)ncc2C(=O)N(CCc12)CCN1CCN(c2nsc3ccccc32)CC1,8.075720713938118
C(N1CCN(CC1)c1nsc2ccccc12)CN1CCc2nc(C)ncc2C1=O,8.075720713938118
N1(c2c3c(cccc3)sn2)CCN(CCN2CCc3nc(ncc3C2=O)C)CC1,8.075720713938118
C1c2nc(ncc2C(=O)N(CCN2CCN(c3c4c(sn3)cccc4)CC2)C1)C,8.075720713938118
n12c(cccc2)nc(c1)C(N1CCN(CC1)CCc1c(cc(F)cc1)F)=O,8.366531544420413
c1c(CCN2CCN(C(=O)c3nc4ccccn4c3)CC2)c(F)cc(F)c1,8.366531544420413
c1c(c(cc(F)c1)F)CCN1CCN(CC1)C(=O)c1cn2ccccc2n1,8.366531544420413
Fc1c(ccc(c1)F)CCN1CCN(C(c2nc3ccccn3c2)=O)CC1,8.366531544420413
c1c(nc2n1cccc2)C(N1CCN(CCc2ccc(F)cc2F)CC1)=O,8.366531544420413
C1Oc2cccc(C3CCN(CCC4CCC(CC4)NC(=O)C#CC)CC3)c2C1,7.338187314462739
CC#CC(NC1CCC(CC1)CCN1CCC(c2c3CCOc3ccc2)CC1)=O,7.338187314462739
c12c(c(ccc1)C1CCN(CCC3CCC(NC(C#CC)=O)CC3)CC1)CCO2,7.338187314462739
c1(cccc2OCCc21)C1CCN(CCC2CCC(CC2)NC(=O)C#CC)CC1,7.338187314462739
c1cc2c(c(C3CCN(CCC4CCC(NC(C#CC)=O)CC4)CC3)c1)CCO2,7.338187314462739
C1CN(c2ccc(Cl)cc2)CCN1CCCCCN1S(c2c(C1=O)cccc2)(=O)=O,6.856985199745905
c1c2C(N(S(c2ccc1)(=O)=O)CCCCCN1CCN(CC1)c1ccc(cc1)Cl)=O,6.856985199745905
C(N1C(=O)c2c(S1(=O)=O)cccc2)CCCCN1CCN(CC1)c1ccc(cc1)Cl,6.856985199745905
O=C1c2c(cccc2)S(=O)(N1CCCCCN1CCN(CC1)c1ccc(Cl)cc1)=O,6.856985199745905
C(CN1CCN(CC1)c1ccc(Cl)cc1)CCCN1S(=O)(=O)c2ccccc2C1=O,6.856985199745905
O=Cc1c2n(ccc(c2)OCCCCN2CCN(c3c(cccc3)OC)CC2)nc1,6.455931955649724
n12ccc(OCCCCN3CCN(c4ccccc4OC)CC3)cc2c(C=O)cn1,6.455931955649724
C(CCCN1CCN(CC1)c1c(OC)cccc1)Oc1ccn2ncc(C=O)c2c1,6.455931955649724
C(CCOc1cc2n(ncc2C=O)cc1)CN1CCN(c2ccccc2OC)CC1,6.455931955649724
n12ccc(OCCCCN3CCN(CC3)c3ccccc3OC)cc1c(cn2)C=O,6.455931955649724
C1(=O)CCc2c(N1)nc(OCCCCN1CCN(CC1)c1c(c(ccc1)Cl)Cl)cc2,9.886056647693163
C1N(CCCCOc2nc3c(CCC(=O)N3)cc2)CCN(c2cccc(Cl)c2Cl)C1,9.886056647693163
C1N(c2c(c(ccc2)Cl)Cl)CCN(C1)CCCCOc1ccc2c(NC(=O)CC2)n1,9.886056647693163
c1(cccc(N2CCN(CCCCOc3ccc4CCC(=O)Nc4n3)CC2)c1Cl)Cl,9.886056647693163
c1cc2CCC(=O)Nc2nc1OCCCCN1CCN(c2c(c(Cl)ccc2)Cl)CC1,9.886056647693163
c1c(nc2cccc(N3CCN(CC3)CCc3cc(ccc3)NC(C)=O)c2c1)C,6.599997654072044
c1(cccc(c1)CCN1CCN(CC1)c1cccc2c1ccc(n2)C)NC(=O)C,6.599997654072044
c1c(cc(cc1)NC(C)=O)CCN1CCN(c2cccc3nc(C)ccc23)CC1,6.599997654072044
C1N(CCN(C1)CCc1cccc(c1)NC(=O)C)c1cccc2nc(ccc12)C,6.599997654072044
C1N(c2c3c(ccc2)nc(cc3)C)CCN(CCc2cccc(NC(C)=O)c2)C1,6.599997654072044
C(CN1CCC(c2c3c(on2)cc(F)cc3)CC1)N(C(=O)C1CCC(CC1)O)CC,9.397940008672037
N1(CCC(CC1)c1c2c(on1)cc(F)cc2)CCN(CC)C(=O)C1CCC(O)CC1,9.397940008672037
Fc1cc2c(cc1)c(no2)C1CCN(CC1)CCN(C(C1CCC(O)CC1)=O)CC,9.397940008672037
c1cc(F)cc2onc(C3CCN(CC3)CCN(CC)C(=O)C3CCC(CC3)O)c12,9.397940008672037
C1(CCN(CC1)CCN(CC)C(=O)C1CCC(CC1)O)c1noc2cc(ccc12)F,9.397940008672037
N1(c2nsc3c2cccc3)CCN(CCC2CCC(NC(OC)=O)CC2)CC1,8.935542010773082
c1c2c(nsc2ccc1)N1CCN(CC1)CCC1CCC(NC(=O)OC)CC1,8.935542010773082
C(NC1CCC(CC1)CCN1CCN(CC1)c1c2c(cccc2)sn1)(=O)OC,8.935542010773082
n1sc2c(c1N1CCN(CC1)CCC1CCC(CC1)NC(OC)=O)cccc2,8.935542010773082
c1cc2c(c(N3CCN(CC3)CCC3CCC(NC(OC)=O)CC3)ns2)cc1,8.935542010773082
n12c(cccc1)nn(c2=O)CCCCCCN1CCN(c2c3c(cccn3)ccc2)CC1,5.658367664221946
n1(CCCCCCN2CCN(CC2)c2c3c(cccn3)ccc2)c(=O)n2c(n1)cccc2,5.658367664221946
c12c(N3CCN(CCCCCCn4c(n5c(cccc5)n4)=O)CC3)cccc1cccn2,5.658367664221946
c1(N2CCN(CCCCCCn3c(=O)n4ccccc4n3)CC2)c2c(ccc1)cccn2,5.658367664221946
N1(CCN(CC1)c1cccc2c1nccc2)CCCCCCn1nc2ccccn2c1=O,5.658367664221946
C1N(CCc2ccc3c(c2)CCC3NC(C(C)C)=O)CCN(C1)c1c2ccccc2sn1,9.187086643357144
C(C)(C)C(NC1c2c(CC1)cc(cc2)CCN1CCN(CC1)c1c2ccccc2sn1)=O,9.187086643357144
C1CN(CCN1c1c2ccccc2sn1)CCc1ccc2c(CCC2NC(=O)C(C)C)c1,9.187086643357144
c12c(snc1N1CCN(CCc3cc4c(cc3)C(CC4)NC(=O)C(C)C)CC1)cccc2,9.187086643357144
c12ccccc2c(ns1)N1CCN(CCc2cc3CCC(c3cc2)NC(C(C)C)=O)CC1,9.187086643357144
c12ccccc1snc2N1CCN(CCc2ccc3c(c2)C(CC3)NC(c2ccc(C)cc2)=O)CC1,8.522878745280337
N1(CCN(c2nsc3ccccc32)CC1)CCc1cc2C(CCc2cc1)NC(c1ccc(C)cc1)=O,8.522878745280337
C(c1ccc2c(C(NC(=O)c3ccc(C)cc3)CC2)c1)CN1CCN(CC1)c1c2c(sn1)cccc2,8.522878745280337
C1c2c(C(NC(c3ccc(C)cc3)=O)C1)cc(CCN1CCN(CC1)c1c3c(sn1)cccc3)cc2,8.522878745280337
c1c2c(ccc1)c(ns2)N1CCN(CCc2cc3c(CCC3NC(=O)c3ccc(C)cc3)cc2)CC1,8.522878745280337
C(N1CCC(c2cccc3OCCc32)CC1)CC1CCC(NC(CC(C(F)(F)F)O)=O)CC1,7.272458742971444
C1C(CCN(CCC2CCC(CC2)NC(=O)CC(C(F)(F)F)O)C1)c1cccc2OCCc12,7.272458742971444
OC(C(F)(F)F)CC(NC1CCC(CC1)CCN1CCC(CC1)c1cccc2OCCc21)=O,7.272458742971444
C1(CCN(CCC2CCC(CC2)NC(CC(O)C(F)(F)F)=O)CC1)c1cccc2OCCc12,7.272458742971444
C1c2c(cccc2C2CCN(CCC3CCC(NC(CC(C(F)(F)F)O)=O)CC3)CC2)OC1,7.272458742971444
C1C(c2c(cccc2)CC1N(C)C)C1CCCCC1,7.698970004336019
C1CCCCC1C1CC(N(C)C)Cc2ccccc12,7.698970004336019
C1CC(CCC1)C1c2c(cccc2)CC(N(C)C)C1,7.698970004336019
CN(C)C1Cc2c(cccc2)C(C2CCCCC2)C1,7.698970004336019
C1(C2CCCCC2)CC(N(C)C)Cc2c1cccc2,7.698970004336019
c1c(ccc(c1)Cl)C1(O)CC2N(CCCOc3ccc(F)cc3)C(C1)CC2,6.627087997029894
c1c(ccc(OCCCN2C3CCC2CC(O)(c2ccc(Cl)cc2)C3)c1)F,6.627087997029894
c1cc(C2(CC3CCC(C2)N3CCCOc2ccc(cc2)F)O)ccc1Cl,6.627087997029894
C1C2N(CCCOc3ccc(F)cc3)C(CC1(c1ccc(Cl)cc1)O)CC2,6.627087997029894
C(COc1ccc(cc1)F)CN1C2CCC1CC(O)(c1ccc(cc1)Cl)C2,6.627087997029894
c1(OCC)cc(ccc1)-c1c2N3CCNCCC3Cc2cc(c1)Cl,6.632644078973981
c12c(N3CCNCCC3C1)c(-c1cc(OCC)ccc1)cc(c2)Cl,6.632644078973981
c1c(Cl)cc(c2c1CC1N2CCNCC1)-c1cccc(OCC)c1,6.632644078973981
c12c(N3C(C1)CCNCC3)c(cc(Cl)c2)-c1cccc(OCC)c1,6.632644078973981
c12c(cc(cc1-c1cc(OCC)ccc1)Cl)CC1CCNCCN12,6.632644078973981
c1c(cc(cc1Cl)Cl)OC(c1nc(N2CCN(C)CC2)nc(Nc2ccncc2)n1)CC,6.359518563029578
C(Oc1cc(Cl)cc(c1)Cl)(CC)c1nc(nc(Nc2ccncc2)n1)N1CCN(CC1)C,6.359518563029578
C1CN(c2nc(nc(Nc3ccncc3)n2)C(CC)Oc2cc(Cl)cc(c2)Cl)CCN1C,6.359518563029578
n1c(nc(nc1N1CCN(CC1)C)Nc1ccncc1)C(Oc1cc(cc(c1)Cl)Cl)CC,6.359518563029578
C1N(CCN(C)C1)c1nc(Nc2ccncc2)nc(C(Oc2cc(cc(c2)Cl)Cl)CC)n1,6.359518563029578
n1c2c(c(C(NCCCCN3CCN(CC3)c3ccccc3)=O)[nH]1)cccc2,6.8696662315049934
n1[nH]c(C(=O)NCCCCN2CCN(CC2)c2ccccc2)c2ccccc12,6.8696662315049934
C1CN(c2ccccc2)CCN1CCCCNC(=O)c1[nH]nc2ccccc12,6.8696662315049934
c1([nH]nc2ccccc21)C(=O)NCCCCN1CCN(c2ccccc2)CC1,6.8696662315049934
[nH]1nc2ccccc2c1C(NCCCCN1CCN(CC1)c1ccccc1)=O,6.8696662315049934
c1(C)ncc2c(n1)CCN(C2=O)CCN1CCN(c2c3c(cccc3)on2)CC1,7.640164517660112
N1(CCN2CCc3c(C2=O)cnc(n3)C)CCN(CC1)c1noc2ccccc12,7.640164517660112
n1oc2ccccc2c1N1CCN(CCN2CCc3nc(C)ncc3C2=O)CC1,7.640164517660112
C1N(CCN(C1)c1noc2ccccc21)CCN1CCc2c(cnc(C)n2)C1=O,7.640164517660112
C1N(CCN2CCN(c3c4c(cccc4)on3)CC2)C(c2c(nc(C)nc2)C1)=O,7.640164517660112
O(C)c1c(C2CNCCC2)cc(OC)c(Br)c1,5.698970004336019
C1CNCC(C1)c1c(cc(c(c1)OC)Br)OC,5.698970004336019
c1(cc(c(cc1OC)C1CCCNC1)OC)Br,5.698970004336019
c1(cc(c(cc1Br)OC)C1CNCCC1)OC,5.698970004336019
c1(c(cc(C2CNCCC2)c(OC)c1)OC)Br,5.698970004336019
C(N)C1CC2c3c(cccc3)C1c1ccccc12,5.020907099361674
C12c3c(cccc3)C(C(CN)C2)c2c1cccc2,5.020907099361674
c1cc2C3C(CN)CC(c4c3cccc4)c2cc1,5.020907099361674
C1C2c3c(C(C1CN)c1ccccc12)cccc3,5.020907099361674
NCC1C2c3ccccc3C(c3c2cccc3)C1,5.020907099361674
c12cc(OCCCCN3CCN(c4c5cc(ccc5ccc4)F)CC3)ccc1CNC2,9.316052869248487
c1cc2c(cc1F)c(ccc2)N1CCN(CCCCOc2ccc3CNCc3c2)CC1,9.316052869248487
c1c2c(c(ccc2)N2CCN(CCCCOc3ccc4CNCc4c3)CC2)cc(F)c1,9.316052869248487
c1c(F)ccc2cccc(N3CCN(CCCCOc4ccc5CNCc5c4)CC3)c12,9.316052869248487
c1ccc(N2CCN(CCCCOc3cc4c(CNC4)cc3)CC2)c2cc(F)ccc21,9.316052869248487
C1(c2c(cccn2)CCN1CCN1CCC(CC1)c1c2c(on1)cccc2)=O,8.356547323513812
C1(c2c3c(on2)cccc3)CCN(CCN2C(c3ncccc3CC2)=O)CC1,8.356547323513812
C(CN1CCc2cccnc2C1=O)N1CCC(c2c3ccccc3on2)CC1,8.356547323513812
c1(C2CCN(CC2)CCN2CCc3c(C2=O)nccc3)c2c(cccc2)on1,8.356547323513812
c12ccccc2onc1C1CCN(CC1)CCN1CCc2cccnc2C1=O,8.356547323513812
C1CN(CCN1CC(C(O)=O)(C)C)C1=Nc2c(cc(cc2)Cl)Oc2cc(OC)ccc21,7.425968732272281
c1cc(cc2c1N=C(c1c(O2)cc(OC)cc1)N1CCN(CC1)CC(C)(C(=O)O)C)Cl,7.425968732272281
N1=C(c2c(Oc3cc(ccc13)Cl)cc(cc2)OC)N1CCN(CC1)CC(C)(C)C(O)=O,7.425968732272281
c12c(cc(Cl)cc1)Oc1c(C(N3CCN(CC3)CC(C)(C(=O)O)C)=N2)ccc(OC)c1,7.425968732272281
C1(N2CCN(CC2)CC(C)(C(O)=O)C)c2ccc(cc2Oc2c(ccc(Cl)c2)N=1)OC,7.425968732272281
C(N1CCN(c2nsc3ccccc23)CC1)CC1CCC(NC(c2[nH]ccc2)=O)CC1,9.09151498112135
c1cc([nH]c1)C(=O)NC1CCC(CC1)CCN1CCN(c2c3ccccc3sn2)CC1,9.09151498112135
N1(CCN(CCC2CCC(NC(=O)c3ccc[nH]3)CC2)CC1)c1nsc2c1cccc2,9.09151498112135
c1cc([nH]c1)C(NC1CCC(CC1)CCN1CCN(c2nsc3ccccc23)CC1)=O,9.09151498112135
C1N(CCN(C1)c1c2c(cccc2)sn1)CCC1CCC(NC(=O)c2ccc[nH]2)CC1,9.09151498112135
n1cc(c2cc(OCCCCN(CCC)C3Cc4cccc(O)c4CC3)ccn12)C=O,5.657577319177793
C(COc1ccn2ncc(C=O)c2c1)CCN(C1Cc2cccc(c2CC1)O)CCC,5.657577319177793
c12c(O)cccc1CC(N(CCCCOc1cc3n(cc1)ncc3C=O)CCC)CC2,5.657577319177793
c1(cccc2c1CCC(N(CCC)CCCCOc1ccn3ncc(C=O)c3c1)C2)O,5.657577319177793
c1(C=O)c2cc(OCCCCN(C3CCc4c(cccc4O)C3)CCC)ccn2nc1,5.657577319177793
c1ccc(cc1)C(N1CCN(CC1)CC=Cc1ccccc1)c1ccccc1,6.987162775294828
C1N(C(c2ccccc2)c2ccccc2)CCN(CC=Cc2ccccc2)C1,6.987162775294828
c1cccc(C(c2ccccc2)N2CCN(CC2)CC=Cc2ccccc2)c1,6.987162775294828
C(c1ccccc1)=CCN1CCN(C(c2ccccc2)c2ccccc2)CC1,6.987162775294828
c1(C(N2CCN(CC=Cc3ccccc3)CC2)c2ccccc2)ccccc1,6.987162775294828
FC(F)(c1ccc(cc1OC(c1nc(nc(n1)N1CCN(CC1)C)N)C)C(F)(F)F)F,6.098541678603888
c1(ccc(c(c1)OC(c1nc(N2CCN(CC2)C)nc(n1)N)C)C(F)(F)F)C(F)(F)F,6.098541678603888
FC(F)(F)c1cc(c(cc1)C(F)(F)F)OC(C)c1nc(N2CCN(C)CC2)nc(N)n1,6.098541678603888
n1c(nc(C(Oc2c(C(F)(F)F)ccc(C(F)(F)F)c2)C)nc1N)N1CCN(C)CC1,6.098541678603888
FC(F)(c1ccc(cc1OC(c1nc(N2CCN(C)CC2)nc(N)n1)C)C(F)(F)F)F,6.098541678603888
c12onc(C3CCN(CCN4CCc5ncn(c5C4=O)C)CC3)c2cccc1,9.022276394711152
c1cc2onc(c2cc1)C1CCN(CCN2C(c3c(CC2)ncn3C)=O)CC1,9.022276394711152
C(N1CCC(c2c3ccccc3on2)CC1)CN1CCc2c(n(C)cn2)C1=O,9.022276394711152
c12ccccc1onc2C1CCN(CC1)CCN1C(c2c(ncn2C)CC1)=O,9.022276394711152
C1(=O)N(CCc2c1n(cn2)C)CCN1CCC(CC1)c1noc2ccccc12,9.022276394711152
c1cc(N2CCN(CC2)CCCCCCN2c3cccc4cccc(c34)C2=O)cc(C(F)(F)F)c1,6.111820506081675
C(N1C(=O)c2c3c1cccc3ccc2)CCCCCN1CCN(c2cccc(C(F)(F)F)c2)CC1,6.111820506081675
C(CCN1c2c3c(cccc3ccc2)C1=O)CCCN1CCN(CC1)c1cccc(c1)C(F)(F)F,6.111820506081675
C(N1c2c3c(ccc2)cccc3C1=O)CCCCCN1CCN(CC1)c1cc(ccc1)C(F)(F)F,6.111820506081675
c1c2C(N(CCCCCCN3CCN(CC3)c3cccc(C(F)(F)F)c3)c3cccc(c23)cc1)=O,6.111820506081675
C1(CCN2CCN(CC2)c2c3c(ccc2)OCO3)CCC(CC1)NC(=O)C1(O)CC1,8.109578981199085
c1(cccc2OCOc12)N1CCN(CCC2CCC(CC2)NC(C2(O)CC2)=O)CC1,8.109578981199085
C1CC(CCN2CCN(CC2)c2cccc3OCOc32)CCC1NC(C1(O)CC1)=O,8.109578981199085
C(C1(O)CC1)(=O)NC1CCC(CC1)CCN1CCN(CC1)c1cccc2OCOc21,8.109578981199085
c12OCOc1cccc2N1CCN(CCC2CCC(NC(C3(O)CC3)=O)CC2)CC1,8.109578981199085
C(O)(C1CCN(CC1)CCc1ccccc1I)c1ccc(F)cc1,9.040958607678906
c1c(ccc(c1)C(O)C1CCN(CC1)CCc1ccccc1I)F,9.040958607678906
C(c1ccc(F)cc1)(C1CCN(CCc2ccccc2I)CC1)O,9.040958607678906
C1N(CCc2c(I)cccc2)CCC(C(c2ccc(cc2)F)O)C1,9.040958607678906
c1cc(ccc1F)C(O)C1CCN(CC1)CCc1c(I)cccc1,9.040958607678906
C1c2c(ccnc2N2CCNCC2C1)CC1OCCCC1,6.673664139071248
C1C2CNCCN2c2nccc(CC3CCCCO3)c2C1,6.673664139071248
c12nccc(CC3OCCCC3)c1CCC1CNCCN12,6.673664139071248
C1N2c3c(c(ccn3)CC3OCCCC3)CCC2CNC1,6.673664139071248
C1C(Cc2ccnc3c2CCC2CNCCN32)OCCC1,6.673664139071248
Fc1ccc(CN(C2CCN(C)CC2)C(C=Cc2ccc(OC(C)C)cc2)=O)c(c1)F,7.400116927926312
CC(C)Oc1ccc(cc1)C=CC(N(Cc1ccc(F)cc1F)C1CCN(C)CC1)=O,7.400116927926312
CC(C)Oc1ccc(C=CC(N(C2CCN(C)CC2)Cc2ccc(F)cc2F)=O)cc1,7.400116927926312
c1(F)cc(c(cc1)CN(C1CCN(CC1)C)C(=O)C=Cc1ccc(cc1)OC(C)C)F,7.400116927926312
C1CN(CCC1N(Cc1c(F)cc(F)cc1)C(=O)C=Cc1ccc(OC(C)C)cc1)C,7.400116927926312
c1c(ccc(c1N)C(CCCN1CCC2N3CCCc4c3c(ccc4)C2C1)=O)F,9.301029995663981
N12CCCc3cccc(c32)C2CN(CCCC(c3ccc(cc3N)F)=O)CCC12,9.301029995663981
C(CCN1CC2C(N3c4c(CCC3)cccc42)CC1)C(c1ccc(F)cc1N)=O,9.301029995663981
C1CCN2C3CCN(CC3c3c2c1ccc3)CCCC(c1ccc(cc1N)F)=O,9.301029995663981
c1c(ccc(C(=O)CCCN2CCC3C(C2)c2cccc4c2N3CCC4)c1N)F,9.301029995663981
c1ccc2C(c3c(Cc2c1)cccc3)CCCNC,7.886056647693163
C1c2c(C(c3c1cccc3)CCCNC)cccc2,7.886056647693163
c12Cc3ccccc3C(CCCNC)c1cccc2,7.886056647693163
c1c2Cc3c(cccc3)C(CCCNC)c2ccc1,7.886056647693163
c1c2c(ccc1)Cc1c(cccc1)C2CCCNC,7.886056647693163
O(C)c1cc(Br)c(cc1CCNCc1ccccc1OC)OC,9.301029995663981
C(Cc1c(cc(Br)c(OC)c1)OC)NCc1c(cccc1)OC,9.301029995663981
N(Cc1c(cccc1)OC)CCc1cc(OC)c(cc1OC)Br,9.301029995663981
c1(c(cc(Br)c(c1)OC)OC)CCNCc1c(cccc1)OC,9.301029995663981
c1cc(OC)c(CNCCc2c(OC)cc(Br)c(c2)OC)cc1,9.301029995663981
N(C)(CCN1C(c2c(C=Cc3ccccc13)cccc2)=O)C,4.128427064454121
c1c2c(ccc1)N(CCN(C)C)C(c1c(C=C2)cccc1)=O,4.128427064454121
c12C=Cc3ccccc3N(C(c2cccc1)=O)CCN(C)C,4.128427064454121
c1c2c(ccc1)C=Cc1ccccc1N(C2=O)CCN(C)C,4.128427064454121
c12ccccc1C=Cc1c(cccc1)C(N2CCN(C)C)=O,4.128427064454121
c1c(oc(Cl)c1)S(NC1CCC(CC1)CCN1CCN(CC1)c1c2ccccc2sn1)(=O)=O,8.819587367161676
c1cc2c(cc1)c(N1CCN(CCC3CCC(CC3)NS(=O)(c3oc(Cl)cc3)=O)CC1)ns2,8.819587367161676
O=S(=O)(c1oc(Cl)cc1)NC1CCC(CC1)CCN1CCN(CC1)c1nsc2ccccc12,8.819587367161676
s1nc(N2CCN(CCC3CCC(CC3)NS(=O)(c3ccc(o3)Cl)=O)CC2)c2ccccc21,8.819587367161676
S(c1ccc(Cl)o1)(NC1CCC(CCN2CCN(c3c4c(cccc4)sn3)CC2)CC1)(=O)=O,8.819587367161676
c1c(cccc1I)CN1CCC(C(=O)c2ccc(cc2)F)CC1,7.896196279044043
Ic1cc(CN2CCC(C(=O)c3ccc(F)cc3)CC2)ccc1,7.896196279044043
c1c(I)cc(cc1)CN1CCC(C(c2ccc(cc2)F)=O)CC1,7.896196279044043
c1ccc(CN2CCC(CC2)C(=O)c2ccc(cc2)F)cc1I,7.896196279044043
C1N(Cc2cc(I)ccc2)CCC(C(c2ccc(cc2)F)=O)C1,7.896196279044043
c1cccc2c1C1C(c3c(O2)ccc(c3)OC)OC(CN(C)C)C1,6.714442690992226
c1ccc2c(c1)C1CC(CN(C)C)OC1c1c(O2)ccc(OC)c1,6.714442690992226
C1C(CN(C)C)OC2c3cc(ccc3Oc3c(C21)cccc3)OC,6.714442690992226
CN(CC1CC2c3ccccc3Oc3c(C2O1)cc(OC)cc3)C,6.714442690992226
CN(C)CC1OC2C(C1)c1c(Oc3c2cc(cc3)OC)cccc1,6.714442690992226
c1c(c2CCN(C(=O)Nc3cccnc3)c2cc1)Cl,5.40000018605658
c1c(cncc1)NC(=O)N1CCc2c1cccc2Cl,5.40000018605658
c1(Cl)cccc2c1CCN2C(Nc1cccnc1)=O,5.40000018605658
N1(C(=O)Nc2cnccc2)CCc2c(cccc12)Cl,5.40000018605658
c1cc(NC(N2c3c(CC2)c(ccc3)Cl)=O)cnc1,5.40000018605658
n12c(c(cn1)C=O)ccc(OCCCCN1CCN(CC1)c1ccccc1OC)c2,5.823908740944319
c1(ccccc1N1CCN(CC1)CCCCOc1ccc2n(ncc2C=O)c1)OC,5.823908740944319
c12ccc(cn2ncc1C=O)OCCCCN1CCN(CC1)c1ccccc1OC,5.823908740944319
c1c2c(cnn2cc(c1)OCCCCN1CCN(CC1)c1ccccc1OC)C=O,5.823908740944319
C1CN(c2c(cccc2)OC)CCN1CCCCOc1cn2c(c(cn2)C=O)cc1,5.823908740944319
c1c2occ(c2ccc1)C1CCN(CC1)CCC1CCC(NC(CO)=O)CC1,8.30803489723264
C1(NC(CO)=O)CCC(CCN2CCC(c3coc4ccccc43)CC2)CC1,8.30803489723264
c1oc2c(c1C1CCN(CCC3CCC(NC(CO)=O)CC3)CC1)cccc2,8.30803489723264
N1(CCC(c2coc3ccccc23)CC1)CCC1CCC(NC(=O)CO)CC1,8.30803489723264
c1c2c(ccc1)c(co2)C1CCN(CCC2CCC(NC(CO)=O)CC2)CC1,8.30803489723264
CC(C)(c1c(Cl)cc2N(CCc2c1)C(Nc1cccnc1)=O)C,6.199998172182031
c12c(CCN1C(=O)Nc1cnccc1)cc(C(C)(C)C)c(c2)Cl,6.199998172182031
c1c2N(C(=O)Nc3cnccc3)CCc2cc(C(C)(C)C)c1Cl,6.199998172182031
n1cc(NC(N2c3cc(Cl)c(cc3CC2)C(C)(C)C)=O)ccc1,6.199998172182031
c12CCN(C(Nc3cccnc3)=O)c1cc(Cl)c(c2)C(C)(C)C,6.199998172182031
c1(NC(=O)N2CCN(c3c(cccc3)Cl)CC2)ccc(c(c1)N1CCN(CC1)C)OC,5.222718208328986
CN1CCN(c2cc(NC(=O)N3CCN(c4ccccc4Cl)CC3)ccc2OC)CC1,5.222718208328986
O=C(N1CCN(c2c(Cl)cccc2)CC1)Nc1cc(c(cc1)OC)N1CCN(CC1)C,5.222718208328986
C1CN(c2cc(ccc2OC)NC(=O)N2CCN(c3c(cccc3)Cl)CC2)CCN1C,5.222718208328986
Clc1c(N2CCN(C(=O)Nc3cc(c(OC)cc3)N3CCN(CC3)C)CC2)cccc1,5.222718208328986
C1N(CCN(C1)CCN1CCc2nn(c(c2C1=O)C(F)(F)F)C)c1nsc2ccccc12,9.2839966563652
N1(C(c2c(CC1)nn(c2C(F)(F)F)C)=O)CCN1CCN(c2nsc3ccccc32)CC1,9.2839966563652
Cn1c(c2C(N(CCc2n1)CCN1CCN(c2c3ccccc3sn2)CC1)=O)C(F)(F)F,9.2839966563652
c1cccc2c(nsc12)N1CCN(CC1)CCN1CCc2c(C1=O)c(n(C)n2)C(F)(F)F,9.2839966563652
C1CN(c2c3c(cccc3)sn2)CCN1CCN1CCc2c(c(C(F)(F)F)n(n2)C)C1=O,9.2839966563652
c1c(OC)c(cc(c1)NC(=O)Nc1cccc(C(=O)C)c1)-c1c(cnn1C)Br,8.599980364934842
n1(c(c(cn1)Br)-c1cc(ccc1OC)NC(Nc1cc(C(C)=O)ccc1)=O)C,8.599980364934842
c1c(c(OC)ccc1NC(Nc1cccc(C(=O)C)c1)=O)-c1n(C)ncc1Br,8.599980364934842
N(C(Nc1cc(C(=O)C)ccc1)=O)c1ccc(OC)c(-c2n(ncc2Br)C)c1,8.599980364934842
n1(C)ncc(c1-c1c(OC)ccc(NC(=O)Nc2cc(ccc2)C(C)=O)c1)Br,8.599980364934842
c1c(-c2cc(ccc2Cl)CNC)c(OC)ccc1,6.42021640338319
CNCc1ccc(c(-c2ccccc2OC)c1)Cl,6.42021640338319
O(C)c1c(cccc1)-c1cc(ccc1Cl)CNC,6.42021640338319
c1c(-c2ccccc2OC)c(ccc1CNC)Cl,6.42021640338319
c1cc(Cl)c(cc1CNC)-c1ccccc1OC,6.42021640338319
c1(cc2CCC(=O)Nc2cc1)OCCCN1CCN(c2ncccc2)CC1,6.518056000719933
N1(c2ccccn2)CCN(CCCOc2ccc3NC(=O)CCc3c2)CC1,6.518056000719933
C(N1CCN(c2ccccn2)CC1)CCOc1cc2c(cc1)NC(=O)CC2,6.518056000719933
C(CCN1CCN(CC1)c1ccccn1)Oc1ccc2NC(=O)CCc2c1,6.518056000719933
c1c2NC(CCc2cc(c1)OCCCN1CCN(CC1)c1ccccn1)=O,6.518056000719933
n1(cc2c(CCCN(CCN3CCC(CC3)c3noc4ccccc34)C2=O)n1)C,8.67366413907125
C1CN(CCC1c1noc2c1cccc2)CCN1CCCc2c(cn(n2)C)C1=O,8.67366413907125
N1(CCN2CCC(CC2)c2c3ccccc3on2)C(c2cn(nc2CCC1)C)=O,8.67366413907125
C1CCc2c(cn(n2)C)C(N1CCN1CCC(CC1)c1noc2ccccc12)=O,8.67366413907125
C1C(CCN(CCN2CCCc3nn(cc3C2=O)C)C1)c1noc2c1cccc2,8.67366413907125
C1CC(CCN2CCN(CC2)c2nsc3ccccc23)CCC1NC(=O)N(C(C)C)C(C)C,9.42021640338319
N1(CCC2CCC(CC2)NC(N(C(C)C)C(C)C)=O)CCN(c2nsc3ccccc23)CC1,9.42021640338319
CC(C)N(C(NC1CCC(CC1)CCN1CCN(c2nsc3c2cccc3)CC1)=O)C(C)C,9.42021640338319
C1(NC(=O)N(C(C)C)C(C)C)CCC(CCN2CCN(c3nsc4c3cccc4)CC2)CC1,9.42021640338319
N1(CCN(CC1)c1c2ccccc2sn1)CCC1CCC(CC1)NC(=O)N(C(C)C)C(C)C,9.42021640338319
O(c1c2-c3c(CC4c2c(cc1OC)CCN4C)cc(c(c3)OC)OC(CC)C)C,6.423658649794207
O(C)c1cc2-c3c4c(CCN(C)C4Cc2cc1OC(CC)C)cc(OC)c3OC,6.423658649794207
C1c2cc(c(c3-c4c(CC(N(C)C1)c32)cc(c(OC)c4)OC(CC)C)OC)OC,6.423658649794207
C1Cc2c3c(c(OC)c(OC)c2)-c2cc(c(cc2CC3N1C)OC(CC)C)OC,6.423658649794207
COc1cc2CCN(C3Cc4c(cc(c(OC(C)CC)c4)OC)-c(c23)c1OC)C,6.423658649794207
C(N1CCC(c2c3cc(F)ccc3on2)CC1)CC1CCC(NC(=O)c2ccc(N3CC(C)OC(C)C3)cc2)CC1,7.003751085430868
C1CC(CCC1NC(=O)c1ccc(cc1)N1CC(OC(C1)C)C)CCN1CCC(c2c3cc(ccc3on2)F)CC1,7.003751085430868
N(C1CCC(CCN2CCC(CC2)c2noc3ccc(F)cc23)CC1)C(=O)c1ccc(N2CC(C)OC(C2)C)cc1,7.003751085430868
c1cc(C(=O)NC2CCC(CC2)CCN2CCC(c3c4cc(F)ccc4on3)CC2)ccc1N1CC(C)OC(C)C1,7.003751085430868
N1(c2ccc(C(NC3CCC(CCN4CCC(c5c6cc(ccc6on5)F)CC4)CC3)=O)cc2)CC(C)OC(C)C1,7.003751085430868
c1c(Oc2c(CC)nccc2)ncc(NC(=O)N2c3cc(c(cc3CC2)C)Cl)c1,6.699991797446187
n1c(c(Oc2ccc(NC(=O)N3c4cc(c(cc4CC3)C)Cl)cn2)ccc1)CC,6.699991797446187
Cc1cc2CCN(C(=O)Nc3ccc(Oc4c(nccc4)CC)nc3)c2cc1Cl,6.699991797446187
O=C(Nc1ccc(nc1)Oc1cccnc1CC)N1c2cc(Cl)c(cc2CC1)C,6.699991797446187
n1cc(NC(N2c3cc(c(cc3CC2)C)Cl)=O)ccc1Oc1c(CC)nccc1,6.699991797446187
Clc1cccc2N3CCNCCC3NC(=O)c21,6.774690718274137
Clc1c2c(ccc1)N1CCNCCC1NC2=O,6.774690718274137
c1ccc(Cl)c2C(=O)NC3CCNCCN3c21,6.774690718274137
N1C2CCNCCN2c2c(c(Cl)ccc2)C1=O,6.774690718274137
c1ccc(Cl)c2c1N1C(CCNCC1)NC2=O,6.774690718274137
C1N(CCC(=O)O)CCN(C2c3nccn3Cc3ccccc3C=2)C1,6.499996931948306
C1CN(CCN1C1c2n(Cc3ccccc3C=1)ccn2)CCC(=O)O,6.499996931948306
C(N1CCN(CC1)C1=Cc2ccccc2Cn2ccnc21)CC(O)=O,6.499996931948306
c12Cn3c(C(=Cc1cccc2)N1CCN(CC1)CCC(=O)O)ncc3,6.499996931948306
c1cc2c(cc1)Cn1ccnc1C(=C2)N1CCN(CC1)CCC(O)=O,6.499996931948306
C1(c2noc3c2cccc3)CCN(CC1)CCN1C(=O)c2c(Br)nn(C)c2CC1,8.823908740944319
c12CCN(C(c2c(nn1C)Br)=O)CCN1CCC(CC1)c1noc2ccccc21,8.823908740944319
n1oc2c(c1C1CCN(CC1)CCN1C(c3c(n(C)nc3Br)CC1)=O)cccc2,8.823908740944319
C1CN(CCN2CCc3n(C)nc(c3C2=O)Br)CCC1c1noc2ccccc12,8.823908740944319
C1(=O)c2c(Br)nn(C)c2CCN1CCN1CCC(CC1)c1c2ccccc2on1,8.823908740944319
c1cccc2CC(CC(c12)c1cccc(c1)Cl)N(C)C,6.886056647693163
N(C)(C)C1CC(c2cccc(c2)Cl)c2ccccc2C1,6.886056647693163
c1ccc(cc1Cl)C1c2c(cccc2)CC(C1)N(C)C,6.886056647693163
C1C(CC(c2ccccc21)c1cc(Cl)ccc1)N(C)C,6.886056647693163
Clc1cc(C2CC(Cc3c2cccc3)N(C)C)ccc1,6.886056647693163
c1cc(Cl)cc2C3C(CC(O3)CN(C)C)c3c(cccc3)Oc21,7.958607314841775
CN(CC1CC2C(O1)c1cc(ccc1Oc1ccccc21)Cl)C,7.958607314841775
c1c2Oc3ccccc3C3C(c2cc(Cl)c1)OC(C3)CN(C)C,7.958607314841775
N(C)(C)CC1CC2c3c(cccc3)Oc3c(C2O1)cc(Cl)cc3,7.958607314841775
c12c(cc(cc2)Cl)C2C(c3c(O1)cccc3)CC(CN(C)C)O2,7.958607314841775
[nH]1cc(CC(C)N)c2ccccc21,6.411700275062638
[nH]1cc(c2c1cccc2)CC(N)C,6.411700275062638
C(C)(Cc1c2c(cccc2)[nH]c1)N,6.411700275062638
C(c1c[nH]c2c1cccc2)C(C)N,6.411700275062638
C(C)(N)Cc1c[nH]c2ccccc12,6.411700275062638
n1n(C)c(-c2c(ccc(c2)NC(=O)Nc2ccc(C(F)(F)F)cc2)OCCN2CCCCC2)cc1,9.468521082957745
C(F)(F)(F)c1ccc(cc1)NC(=O)Nc1ccc(c(c1)-c1ccnn1C)OCCN1CCCCC1,9.468521082957745
c1c(ccc(c1)NC(Nc1ccc(OCCN2CCCCC2)c(c1)-c1n(C)ncc1)=O)C(F)(F)F,9.468521082957745
c1(C(F)(F)F)ccc(NC(=O)Nc2cc(-c3ccnn3C)c(OCCN3CCCCC3)cc2)cc1,9.468521082957745
C1CCCN(CCOc2ccc(NC(=O)Nc3ccc(C(F)(F)F)cc3)cc2-c2n(ncc2)C)C1,9.468521082957745
c1c(-c2ccc(Cl)cc2)ccc(c1)S(=O)(Nc1cc2CCN(CCc2cc1)C)=O,6.699991797446187
CN1CCc2cc(ccc2CC1)NS(=O)(c1ccc(cc1)-c1ccc(Cl)cc1)=O,6.699991797446187
Clc1ccc(cc1)-c1ccc(cc1)S(=O)(Nc1cc2CCN(CCc2cc1)C)=O,6.699991797446187
c1c(ccc2c1CCN(C)CC2)NS(c1ccc(-c2ccc(cc2)Cl)cc1)(=O)=O,6.699991797446187
c1(cc2c(cc1)CCN(C)CC2)NS(=O)(=O)c1ccc(-c2ccc(Cl)cc2)cc1,6.699991797446187
c1cccc(OC)c1N1CCN(CC1)CCCCOc1ccc2c(c1)NC(CO2)=O,6.928117992693875
N1(CCCCOc2cc3NC(=O)COc3cc2)CCN(CC1)c1c(OC)cccc1,6.928117992693875
c1c2NC(=O)COc2ccc1OCCCCN1CCN(CC1)c1c(OC)cccc1,6.928117992693875
C(CCCOc1ccc2OCC(Nc2c1)=O)N1CCN(c2c(cccc2)OC)CC1,6.928117992693875
c12cc(OCCCCN3CCN(CC3)c3c(OC)cccc3)ccc2OCC(N1)=O,6.928117992693875
c1cc2c(cc1)c(ns2)N1CCN(CC1)CCc1cc2C(NC(CC)=O)CCc2cc1,11.0
C1CC(NC(=O)CC)c2c1ccc(CCN1CCN(CC1)c1nsc3ccccc31)c2,11.0
s1nc(c2ccccc12)N1CCN(CCc2ccc3c(c2)C(NC(=O)CC)CC3)CC1,11.0
N(C1c2cc(ccc2CC1)CCN1CCN(CC1)c1nsc2c1cccc2)C(CC)=O,11.0
C1N(CCN(c2nsc3ccccc32)C1)CCc1ccc2c(C(CC2)NC(CC)=O)c1,11.0
FC(F)(c1cccc(c1)CN1CCN(CC1)CCSc1nc(N)c(c(N)n1)Cc1cc(OC)ccc1)F,7.350665141287858
S(c1nc(c(Cc2cccc(OC)c2)c(n1)N)N)CCN1CCN(CC1)Cc1cccc(C(F)(F)F)c1,7.350665141287858
C(F)(F)(c1cc(ccc1)CN1CCN(CC1)CCSc1nc(c(Cc2cc(ccc2)OC)c(N)n1)N)F,7.350665141287858
c1(C(F)(F)F)cccc(c1)CN1CCN(CC1)CCSc1nc(N)c(c(n1)N)Cc1cc(OC)ccc1,7.350665141287858
C1N(CCN(C1)CCSc1nc(c(c(N)n1)Cc1cccc(c1)OC)N)Cc1cccc(c1)C(F)(F)F,7.350665141287858
c12c(C3CCN(CC3)CCC3CCC(NC(=O)c4ccc5OCOc5c4)CC3)noc1ccc(F)c2,7.950007143079858
C1CC(CCN2CCC(CC2)c2noc3ccc(F)cc32)CCC1NC(=O)c1cc2c(cc1)OCO2,7.950007143079858
c12c(onc1C1CCN(CC1)CCC1CCC(NC(c3ccc4OCOc4c3)=O)CC1)ccc(c2)F,7.950007143079858
o1nc(C2CCN(CCC3CCC(NC(c4cc5c(cc4)OCO5)=O)CC3)CC2)c2cc(ccc12)F,7.950007143079858
c1(C(NC2CCC(CCN3CCC(c4noc5c4cc(F)cc5)CC3)CC2)=O)ccc2c(OCO2)c1,7.950007143079858
c12cccc3N(CC(C)N(C4C1CN(CC4)CCCC(=O)c1ccc(cc1)F)c32)C,8.244125144327509
C1C2C(N3c4c(cccc24)N(CC3C)C)CCN1CCCC(=O)c1ccc(F)cc1,8.244125144327509
C(CC(c1ccc(F)cc1)=O)CN1CC2C(N3c4c2cccc4N(C)CC3C)CC1,8.244125144327509
C(CCN1CCC2C(C1)c1cccc3c1N2C(CN3C)C)C(c1ccc(cc1)F)=O,8.244125144327509
O=C(CCCN1CCC2N3c4c(C2C1)cccc4N(C)CC3C)c1ccc(F)cc1,8.244125144327509
c12ccc(OC)cc1c(-c1c(nc(N)[nH]1)C)cn2S(=O)(=O)c1ccccc1,6.170053304058364
COc1ccc2c(c1)c(-c1[nH]c(nc1C)N)cn2S(=O)(c1ccccc1)=O,6.170053304058364
c12c(cn(c2ccc(OC)c1)S(=O)(=O)c1ccccc1)-c1[nH]c(nc1C)N,6.170053304058364
[nH]1c(-c2cn(c3c2cc(cc3)OC)S(=O)(c2ccccc2)=O)c(C)nc1N,6.170053304058364
c12ccc(OC)cc1c(cn2S(=O)(=O)c1ccccc1)-c1c(C)nc([nH]1)N,6.170053304058364
C12c3cccc4[nH]cc(c43)CC1N(CC(C=2)C(=O)N(CC)CC#C)C,9.443697499232712
c12cccc3c1c(c[nH]2)CC1N(CC(C=C13)C(N(CC#C)CC)=O)C,9.443697499232712
C(N(CC#C)C(C1CN(C)C2C(=C1)c1c3c(c[nH]c3ccc1)C2)=O)C,9.443697499232712
C#CCN(CC)C(C1CN(C)C2C(=C1)c1cccc3[nH]cc(C2)c31)=O,9.443697499232712
O=C(N(CC#C)CC)C1CN(C2C(c3c4c(c[nH]c4ccc3)C2)=C1)C,9.443697499232712
c1c(CCCCC)c2CCC3N(c2nc1)CCNC3,8.638272163982407
n1c2N3C(CNCC3)CCc2c(cc1)CCCCC,8.638272163982407
C1C2N(CCNC2)c2nccc(c2C1)CCCCC,8.638272163982407
n1ccc(c2c1N1C(CC2)CNCC1)CCCCC,8.638272163982407
N12CCNCC1CCc1c2nccc1CCCCC,8.638272163982407
c1cc2c(cc1)c(c(-c1ccc(F)cc1)[nH]2)CCN(C)CC,9.366531544420413
C(N(CCc1c(-c2ccc(F)cc2)[nH]c2ccccc12)C)C,9.366531544420413
C(N(CC)C)Cc1c(-c2ccc(F)cc2)[nH]c2c1cccc2,9.366531544420413
CN(CC)CCc1c2c([nH]c1-c1ccc(cc1)F)cccc2,9.366531544420413
Fc1ccc(cc1)-c1[nH]c2ccccc2c1CCN(C)CC,9.366531544420413
c1cc(S(=O)(=O)N2CCCC2CCN2CCC(c3noc4cc(ccc43)F)CC2)c2cccnc2c1,7.920818753952375
o1nc(c2ccc(cc12)F)C1CCN(CCC2CCCN2S(c2cccc3ncccc32)(=O)=O)CC1,7.920818753952375
c1(c2ccc(cc2on1)F)C1CCN(CC1)CCC1CCCN1S(=O)(c1c2cccnc2ccc1)=O,7.920818753952375
n1c(C2CCN(CC2)CCC2N(S(=O)(=O)c3cccc4c3cccn4)CCC2)c2ccc(F)cc2o1,7.920818753952375
c1c(ccc2c1onc2C1CCN(CC1)CCC1CCCN1S(=O)(c1c2c(ccc1)nccc2)=O)F,7.920818753952375
C(N1CCC(CC1)c1noc2c1ccc(c2)F)CN(CC)C(=O)C(C(F)(F)F)O,9.221848749616356
N1(CCN(CC)C(C(C(F)(F)F)O)=O)CCC(CC1)c1noc2c1ccc(c2)F,9.221848749616356
c1c2c(cc(F)c1)onc2C1CCN(CC1)CCN(C(C(C(F)(F)F)O)=O)CC,9.221848749616356
n1oc2cc(ccc2c1C1CCN(CC1)CCN(CC)C(C(C(F)(F)F)O)=O)F,9.221848749616356
C(CN1CCC(CC1)c1c2c(cc(F)cc2)on1)N(C(C(O)C(F)(F)F)=O)CC,9.221848749616356
N1(CCN(CC1)CCN1CCc2c(c(C)ncc2)C1=O)c1noc2ccccc12,8.275724130399212
N1(CCN(CCN2CCc3c(c(C)ncc3)C2=O)CC1)c1c2c(cccc2)on1,8.275724130399212
c1c2c(c(N3CCN(CC3)CCN3CCc4ccnc(C)c4C3=O)no2)ccc1,8.275724130399212
c1(c2C(N(CCN3CCN(c4noc5c4cccc5)CC3)CCc2ccn1)=O)C,8.275724130399212
n1ccc2CCN(C(c2c1C)=O)CCN1CCN(c2noc3ccccc23)CC1,8.275724130399212
c1c(OCC(C)C)ccc(c1)CC(N(C1CCN(C)CC1)Cc1ccc(Cl)cc1Cl)=O,6.600326278518962
C(N(C1CCN(C)CC1)Cc1ccc(Cl)cc1Cl)(Cc1ccc(OCC(C)C)cc1)=O,6.600326278518962
Clc1cc(Cl)c(cc1)CN(C(Cc1ccc(cc1)OCC(C)C)=O)C1CCN(CC1)C,6.600326278518962
C1CC(N(C(=O)Cc2ccc(OCC(C)C)cc2)Cc2c(Cl)cc(cc2)Cl)CCN1C,6.600326278518962
C1C(CCN(C)C1)N(Cc1c(Cl)cc(cc1)Cl)C(=O)Cc1ccc(OCC(C)C)cc1,6.600326278518962
C1N(CCN(C1)CCC1CCC(NC(c2sccc2Br)=O)CC1)c1c2ccccc2sn1,8.539102157243452
O=C(NC1CCC(CC1)CCN1CCN(c2c3ccccc3sn2)CC1)c1c(ccs1)Br,8.539102157243452
C1(NC(c2sccc2Br)=O)CCC(CC1)CCN1CCN(c2c3c(sn2)cccc3)CC1,8.539102157243452
Brc1c(scc1)C(NC1CCC(CC1)CCN1CCN(CC1)c1c2ccccc2sn1)=O,8.539102157243452
c1c(Br)c(C(NC2CCC(CCN3CCN(c4c5c(sn4)cccc5)CC3)CC2)=O)sc1,8.539102157243452
C(c1ncccc1)Oc1c(cc(NC(N2c3c(CC2)cc(C)c(c3)C(F)(F)F)=O)cn1)C,7.400007822415902
c12CCN(c1cc(C(F)(F)F)c(c2)C)C(Nc1cc(C)c(nc1)OCc1ccccn1)=O,7.400007822415902
c1(NC(N2c3c(CC2)cc(c(c3)C(F)(F)F)C)=O)cc(c(OCc2ccccn2)nc1)C,7.400007822415902
c1(COc2c(C)cc(NC(=O)N3CCc4c3cc(C(F)(F)F)c(c4)C)cn2)ccccn1,7.400007822415902
Cc1c(C(F)(F)F)cc2N(CCc2c1)C(Nc1cc(C)c(OCc2ccccn2)nc1)=O,7.400007822415902
C1CC(CCN2CCN(c3cccc4c3OCO4)CC2)CCC1NC(=O)C1(CCCCC1)O,8.328827157284916
C1CCCC(C(=O)NC2CCC(CCN3CCN(c4c5OCOc5ccc4)CC3)CC2)(C1)O,8.328827157284916
c12c(OCO1)cccc2N1CCN(CC1)CCC1CCC(NC(C2(CCCCC2)O)=O)CC1,8.328827157284916
C1C(C(=O)NC2CCC(CC2)CCN2CCN(CC2)c2cccc3c2OCO3)(O)CCCC1,8.328827157284916
C1(CCC(NC(=O)C2(O)CCCCC2)CC1)CCN1CCN(c2c3c(ccc2)OCO3)CC1,8.328827157284916
C1(N(C(OC(C(F)(F)F)c2ccc(OC(C)C)cc2)=O)Cc2ccc(F)cc2)CCN(CC1)C,7.5003129173815966
c1c(ccc(c1)F)CN(C(=O)OC(c1ccc(OC(C)C)cc1)C(F)(F)F)C1CCN(CC1)C,7.5003129173815966
c1(CN(C(OC(c2ccc(OC(C)C)cc2)C(F)(F)F)=O)C2CCN(C)CC2)ccc(F)cc1,7.5003129173815966
c1cc(ccc1CN(C(OC(C(F)(F)F)c1ccc(OC(C)C)cc1)=O)C1CCN(C)CC1)F,7.5003129173815966
CC(C)Oc1ccc(C(OC(N(Cc2ccc(F)cc2)C2CCN(C)CC2)=O)C(F)(F)F)cc1,7.5003129173815966
O1COc2ccc(CCN(CCc3ccc(c(OC)c3)OC)CCCc3cc(c(OC)c(OC)c3)OC)cc21,6.835647144215563
c1c(c(ccc1CCN(CCc1cc2OCOc2cc1)CCCc1cc(c(OC)c(OC)c1)OC)OC)OC,6.835647144215563
c12c(OCO2)cc(CCN(CCCc2cc(OC)c(OC)c(OC)c2)CCc2cc(OC)c(cc2)OC)cc1,6.835647144215563
C(c1cc(OC)c(c(c1)OC)OC)CCN(CCc1cc(OC)c(cc1)OC)CCc1cc2c(OCO2)cc1,6.835647144215563
c1(CCN(CCCc2cc(c(c(OC)c2)OC)OC)CCc2ccc(c(c2)OC)OC)cc2OCOc2cc1,6.835647144215563
N(C(N1CCc2c(c(Cl)ccc12)Cl)=O)c1ccc(nc1)Oc1c(C)nccc1,5.499999678657065
n1c(Oc2c(nccc2)C)ccc(NC(N2c3ccc(c(c3CC2)Cl)Cl)=O)c1,5.499999678657065
c1(Oc2ccc(NC(N3c4c(c(c(Cl)cc4)Cl)CC3)=O)cn2)cccnc1C,5.499999678657065
O(c1ccc(cn1)NC(=O)N1c2ccc(c(Cl)c2CC1)Cl)c1cccnc1C,5.499999678657065
c1nc(ccc1NC(N1CCc2c(c(ccc21)Cl)Cl)=O)Oc1cccnc1C,5.499999678657065
C1NCCN2c3c(c(ccn3)-c3ncc(Cl)cc3)CCC21,5.268411234813262
C1C2CCc3c(N2CCN1)nccc3-c1ncc(cc1)Cl,5.268411234813262
n1ccc(c2CCC3N(c12)CCNC3)-c1ccc(cn1)Cl,5.268411234813262
n1c2c(c(cc1)-c1ncc(Cl)cc1)CCC1CNCCN21,5.268411234813262
n1cc(Cl)ccc1-c1ccnc2c1CCC1CNCCN21,5.268411234813262
c1c(c(ccc1)F)-c1c2n(CCCC2)c(n(CCCCN2CCCC(c3c4ccccc4[nH]c3)C2)c1=O)=O,6.488116639021126
c12c(c[nH]c2cccc1)C1CCCN(C1)CCCCn1c(=O)c(-c2c(F)cccc2)c2n(c1=O)CCCC2,6.488116639021126
c1(-c2ccccc2F)c(=O)n(CCCCN2CC(CCC2)c2c[nH]c3ccccc23)c(n2c1CCCC2)=O,6.488116639021126
c1(C2CCCN(C2)CCCCn2c(=O)c(-c3c(F)cccc3)c3n(c2=O)CCCC3)c[nH]c2ccccc12,6.488116639021126
C(CCCN1CCCC(c2c[nH]c3ccccc23)C1)n1c(n2CCCCc2c(-c2c(cccc2)F)c1=O)=O,6.488116639021126
N(C1CCC(CCN2CCC(CC2)c2c3OCOc3ccc2)CC1)C(=O)C1(CC1)C(F)(F)F,7.720333055951545
C1C(C1)(C(F)(F)F)C(=O)NC1CCC(CC1)CCN1CCC(CC1)c1cccc2c1OCO2,7.720333055951545
C(NC1CCC(CCN2CCC(c3c4c(ccc3)OCO4)CC2)CC1)(C1(CC1)C(F)(F)F)=O,7.720333055951545
c12OCOc2cccc1C1CCN(CC1)CCC1CCC(NC(=O)C2(C(F)(F)F)CC2)CC1,7.720333055951545
C1C(C1)(C(=O)NC1CCC(CC1)CCN1CCC(c2cccc3c2OCO3)CC1)C(F)(F)F,7.720333055951545
C(Cc1ccc2c(c1)OCO2)N(CCCc1ccc(cc1)F)CCc1cc(c(cc1)OC)OC,6.732828271596986
c1cc(ccc1F)CCCN(CCc1cc2c(OCO2)cc1)CCc1cc(OC)c(cc1)OC,6.732828271596986
c1cc(cc2c1OCO2)CCN(CCc1cc(c(cc1)OC)OC)CCCc1ccc(F)cc1,6.732828271596986
c12ccc(CCN(CCc3ccc(OC)c(c3)OC)CCCc3ccc(F)cc3)cc1OCO2,6.732828271596986
c1cc(CCN(CCCc2ccc(F)cc2)CCc2cc(c(cc2)OC)OC)cc2c1OCO2,6.732828271596986
c1(F)c(CN(C2CCN(CC2)C)C(=O)OCc2ccc(cc2)OCC(C)C)ccc(F)c1,7.600326278518962
CN1CCC(N(C(=O)OCc2ccc(OCC(C)C)cc2)Cc2c(F)cc(F)cc2)CC1,7.600326278518962
C1C(CCN(C)C1)N(C(OCc1ccc(cc1)OCC(C)C)=O)Cc1ccc(cc1F)F,7.600326278518962
C1(CCN(CC1)C)N(Cc1c(F)cc(F)cc1)C(=O)OCc1ccc(OCC(C)C)cc1,7.600326278518962
C1CN(CCC1N(Cc1ccc(F)cc1F)C(OCc1ccc(cc1)OCC(C)C)=O)C,7.600326278518962
O(c1ccc2n(C)c3CN(c4cc(c(OC)cc4)OCCN4CCCCC4)C(=O)c3c2c1)C,6.0
c1(N2Cc3c(c4cc(OC)ccc4n3C)C2=O)cc(OCCN2CCCCC2)c(OC)cc1,6.0
c1cc(cc2c3c(n(c12)C)CN(c1cc(c(cc1)OC)OCCN1CCCCC1)C3=O)OC,6.0
C(COc1c(ccc(c1)N1C(=O)c2c(C1)n(c1ccc(cc12)OC)C)OC)N1CCCCC1,6.0
N1(CCOc2c(OC)ccc(N3Cc4n(c5c(c4C3=O)cc(cc5)OC)C)c2)CCCCC1,6.0
c1cc2c(nsc2cc1)N1CCN(CCC2CCC(CC2)NC(COC)=O)CC1,9.619788758288394
C1CC(CCC1CCN1CCN(c2nsc3c2cccc3)CC1)NC(COC)=O,9.619788758288394
s1nc(c2c1cccc2)N1CCN(CCC2CCC(CC2)NC(COC)=O)CC1,9.619788758288394
C(OC)C(=O)NC1CCC(CCN2CCN(c3nsc4ccccc43)CC2)CC1,9.619788758288394
c1c2c(ccc1)c(ns2)N1CCN(CC1)CCC1CCC(CC1)NC(=O)COC,9.619788758288394
n1cc2c(nc1)CC(CC2=O)CN1CCC(CC1)c1noc2c1ccc(c2)F,7.630042392653947
c1c2c(c(no2)C2CCN(CC2)CC2Cc3ncncc3C(C2)=O)ccc1F,7.630042392653947
c12cc(ccc2c(no1)C1CCN(CC2CC(c3cncnc3C2)=O)CC1)F,7.630042392653947
c12cc(F)ccc2c(C2CCN(CC2)CC2Cc3ncncc3C(=O)C2)no1,7.630042392653947
C1C(Cc2ncncc2C1=O)CN1CCC(c2noc3cc(ccc32)F)CC1,7.630042392653947
c1c2ccc(cc2ccc1)S(=O)(NCCCCN1CCN(CC1)c1c2c(cccc2)sn1)=O,8.823908740944319
n1c(N2CCN(CCCCNS(=O)(=O)c3cc4ccccc4cc3)CC2)c2ccccc2s1,8.823908740944319
c12ccccc2snc1N1CCN(CC1)CCCCNS(c1ccc2ccccc2c1)(=O)=O,8.823908740944319
s1nc(c2ccccc12)N1CCN(CC1)CCCCNS(=O)(c1ccc2ccccc2c1)=O,8.823908740944319
c12c(N3CCN(CC3)CCCCNS(c3cc4c(cccc4)cc3)(=O)=O)nsc2cccc1,8.823908740944319
C1c2c(N3C(C1)CNCC3)nccc2CCC#N,6.075720713938118
N1CC2N(c3c(CC2)c(ccn3)CCC#N)CC1,6.075720713938118
C1CN2C(CCc3c2nccc3CCC#N)CN1,6.075720713938118
C1Cc2c(CCC#N)ccnc2N2C1CNCC2,6.075720713938118
C1N2C(CCc3c2nccc3CCC#N)CNC1,6.075720713938118
c1c(ccc(c1-c1ccccc1)NC(NCCCN1CCN(CC1)c1ccccc1OC)=O)OCCOCCOC,5.823908740944319
c1(ccccc1)-c1cc(OCCOCCOC)ccc1NC(=O)NCCCN1CCN(CC1)c1ccccc1OC,5.823908740944319
N1(CCN(c2ccccc2OC)CC1)CCCNC(=O)Nc1ccc(OCCOCCOC)cc1-c1ccccc1,5.823908740944319
C(=O)(NCCCN1CCN(CC1)c1c(OC)cccc1)Nc1ccc(cc1-c1ccccc1)OCCOCCOC,5.823908740944319
O(CCOCCOC)c1ccc(c(c1)-c1ccccc1)NC(=O)NCCCN1CCN(CC1)c1ccccc1OC,5.823908740944319
c1c(F)ccc2c(C3C(F)CCNC3)c([nH]c21)-c1ccc(F)cc1,9.920818753952375
c1c2c(C3CNCCC3F)c([nH]c2cc(c1)F)-c1ccc(F)cc1,9.920818753952375
C1C(C(CNC1)c1c2ccc(F)cc2[nH]c1-c1ccc(cc1)F)F,9.920818753952375
c1cc(F)ccc1-c1c(C2C(F)CCNC2)c2c(cc(F)cc2)[nH]1,9.920818753952375
c12ccc(cc2[nH]c(c1C1CNCCC1F)-c1ccc(F)cc1)F,9.920818753952375
C1CCCN1CCOC(=O)N1c2ccccc2Sc2ccccc21,5.619788758288394
C(CN1CCCC1)OC(N1c2c(Sc3c1cccc3)cccc2)=O,5.619788758288394
c1c2Sc3ccccc3N(c2ccc1)C(=O)OCCN1CCCC1,5.619788758288394
O=C(OCCN1CCCC1)N1c2c(Sc3ccccc13)cccc2,5.619788758288394
c1cccc2N(c3c(cccc3)Sc12)C(=O)OCCN1CCCC1,5.619788758288394
c1nc(c2c(c1)OCC2)N1CCN(CC1)CCC1CCC(CC1)NC(=O)CCC,7.636388020107856
n1c(c2c(cc1)OCC2)N1CCN(CCC2CCC(NC(=O)CCC)CC2)CC1,7.636388020107856
c1cnc(c2CCOc12)N1CCN(CC1)CCC1CCC(CC1)NC(=O)CCC,7.636388020107856
C1CN(c2nccc3c2CCO3)CCN1CCC1CCC(CC1)NC(=O)CCC,7.636388020107856
C(C1CCC(CC1)NC(=O)CCC)CN1CCN(CC1)c1nccc2OCCc12,7.636388020107856
c12ccccc1C(CN)c1ccccc-21,5.347753658996677
c1cccc2C(CN)c3c(-c12)cccc3,5.347753658996677
c12ccccc1C(CN)c1ccccc1-2,5.347753658996677
c1cc2c(cc1)-c1c(C2CN)cccc1,5.347753658996677
c1cc2C(CN)c3c(cccc3)-c2cc1,5.347753658996677
c12c(c(-c3ccc(cc3)OC)nc(n2)C2CCCC2)CCNCC1,7.958607314841775
C1CCC(c2nc3c(c(-c4ccc(OC)cc4)n2)CCNCC3)C1,7.958607314841775
N1CCc2c(CC1)nc(C1CCCC1)nc2-c1ccc(OC)cc1,7.958607314841775
C1(CCCC1)c1nc2CCNCCc2c(n1)-c1ccc(cc1)OC,7.958607314841775
c1(-c2ccc(cc2)OC)nc(C2CCCC2)nc2c1CCNCC2,7.958607314841775
C1CN(CCCCCCN2C(c3c4c(ccc3)cccc42)=O)CCN1c1c(Cl)cccc1,6.267606240177032
N1(CCCCCCN2c3c4c(C2=O)cccc4ccc3)CCN(CC1)c1c(Cl)cccc1,6.267606240177032
C1CN(c2ccccc2Cl)CCN1CCCCCCN1C(c2cccc3cccc1c23)=O,6.267606240177032
c12C(N(c3c2c(ccc3)ccc1)CCCCCCN1CCN(c2ccccc2Cl)CC1)=O,6.267606240177032
c1c(c(ccc1)N1CCN(CCCCCCN2c3cccc4cccc(c34)C2=O)CC1)Cl,6.267606240177032
C1N(CCC2CCC(NC(=O)C3CCOCC3)CC2)CCN(c2nccc3OCCc32)C1,8.229147988357855
C1CN(CCN1CCC1CCC(NC(C2CCOCC2)=O)CC1)c1nccc2c1CCO2,8.229147988357855
O=C(NC1CCC(CCN2CCN(c3c4c(OCC4)ccn3)CC2)CC1)C1CCOCC1,8.229147988357855
C1N(c2c3CCOc3ccn2)CCN(CCC2CCC(NC(C3CCOCC3)=O)CC2)C1,8.229147988357855
c1(c2CCOc2ccn1)N1CCN(CC1)CCC1CCC(CC1)NC(=O)C1CCOCC1,8.229147988357855
c1c(ccc(Cl)c1Cl)S(=O)(NCCCN1CCN(CC1)c1nsc2ccccc12)=O,7.6020599913279625
c1(ccc(S(=O)(NCCCN2CCN(c3c4c(sn3)cccc4)CC2)=O)cc1Cl)Cl,7.6020599913279625
C1N(CCN(C1)c1nsc2c1cccc2)CCCNS(=O)(c1cc(c(cc1)Cl)Cl)=O,7.6020599913279625
c1(N2CCN(CC2)CCCNS(c2ccc(c(Cl)c2)Cl)(=O)=O)c2c(cccc2)sn1,7.6020599913279625
c1c(S(=O)(=O)NCCCN2CCN(CC2)c2c3c(cccc3)sn2)cc(Cl)c(c1)Cl,7.6020599913279625
C1CC2N3c4c(N(C)CC3)cccc4C2CN1CCCC(c1ccc(cc1)F)=O,6.489454989793388
C(CCCN1CCC2N3c4c(cccc4C2C1)N(CC3)C)(c1ccc(cc1)F)=O,6.489454989793388
C1N(CCCC(=O)c2ccc(F)cc2)CC2c3cccc4N(C)CCN(c43)C2C1,6.489454989793388
c12cccc3C4CN(CCC4N(c32)CCN1C)CCCC(=O)c1ccc(cc1)F,6.489454989793388
N12C3C(CN(CCCC(c4ccc(F)cc4)=O)CC3)c3c1c(ccc3)N(CC2)C,6.489454989793388
Fc1cc2c(N3CCN(CCCOc4c(cc5CNC(c5c4)=O)F)CC3)cccc2cc1,8.57186520597121
c1(N2CCN(CCCOc3c(F)cc4c(c3)C(=O)NC4)CC2)cccc2c1cc(cc2)F,8.57186520597121
c1cc(cc2c1cccc2N1CCN(CCCOc2cc3C(NCc3cc2F)=O)CC1)F,8.57186520597121
c1(cc2CNC(c2cc1OCCCN1CCN(c2c3c(ccc(F)c3)ccc2)CC1)=O)F,8.57186520597121
c12c(cc(F)cc1)c(ccc2)N1CCN(CCCOc2c(F)cc3CNC(=O)c3c2)CC1,8.57186520597121
N1(C(=O)Nc2cnccc2)c2c(CC1)cc(c(c2)Cl)I,7.0
c12N(C(=O)Nc3cnccc3)CCc1cc(c(Cl)c2)I,7.0
c1(Cl)c(I)cc2CCN(C(=O)Nc3cnccc3)c2c1,7.0
c1c(NC(=O)N2CCc3c2cc(c(I)c3)Cl)cncc1,7.0
c1c(cccn1)NC(N1c2cc(c(I)cc2CC1)Cl)=O,7.0
c12CCN(C(=O)c1c[nH]n2)CCN1CCC(c2noc3ccccc32)CC1,9.229147988357855
C1N(CCC(C1)c1noc2ccccc12)CCN1CCc2n[nH]cc2C1=O,9.229147988357855
C1N(CCN2CCc3c(C2=O)c[nH]n3)CCC(C1)c1noc2ccccc21,9.229147988357855
[nH]1cc2c(n1)CCN(C2=O)CCN1CCC(c2noc3ccccc32)CC1,9.229147988357855
n1oc2c(cccc2)c1C1CCN(CCN2C(c3c[nH]nc3CC2)=O)CC1,9.229147988357855
n1(C(C)(C)C)c(C)cc(C(=O)N2CCN(CC(c3ccc(F)cc3)=O)CC2)n1,8.031517051446064
c1c(n(C(C)(C)C)nc1C(N1CCN(CC(=O)c2ccc(cc2)F)CC1)=O)C,8.031517051446064
C1CN(CCN1C(c1nn(C(C)(C)C)c(c1)C)=O)CC(c1ccc(cc1)F)=O,8.031517051446064
n1c(cc(n1C(C)(C)C)C)C(=O)N1CCN(CC(=O)c2ccc(cc2)F)CC1,8.031517051446064
C(c1ccc(F)cc1)(=O)CN1CCN(C(c2cc(n(C(C)(C)C)n2)C)=O)CC1,8.031517051446064
c12ccccc1onc2N1CCN(CCN2CC3(c4ccncc4C2=O)CC3)CC1,8.494850021680094
C1CN(c2noc3c2cccc3)CCN1CCN1C(c2cnccc2C2(C1)CC2)=O,8.494850021680094
c1c2C(N(CCN3CCN(c4noc5ccccc45)CC3)CC3(CC3)c2ccn1)=O,8.494850021680094
N1(c2c3c(cccc3)on2)CCN(CC1)CCN1C(=O)c2c(ccnc2)C2(CC2)C1,8.494850021680094
C1CC21c1ccncc1C(=O)N(CCN1CCN(c3c4ccccc4on3)CC1)C2,8.494850021680094
C(C1CCC(NC=O)CC1)CN1CCN(c2c3CCOc3ccn2)CC1,7.628932137728263
C1CC(CCN2CCN(c3nccc4c3CCO4)CC2)CCC1NC=O,7.628932137728263
c1cc2OCCc2c(n1)N1CCN(CCC2CCC(CC2)NC=O)CC1,7.628932137728263
C(C1CCC(NC=O)CC1)CN1CCN(CC1)c1nccc2OCCc21,7.628932137728263
C1(NC=O)CCC(CC1)CCN1CCN(c2c3c(OCC3)ccn2)CC1,7.628932137728263
C1CC=C(c2c[nH]c3c2c(ccc3)C)CN1,7.939302159646388
C1(c2c[nH]c3cccc(C)c23)CNCCC=1,7.939302159646388
c1cc(c2c(C3CNCCC=3)c[nH]c2c1)C,7.939302159646388
c1c(c2c(cc1)[nH]cc2C1CNCCC=1)C,7.939302159646388
C1C=C(CNC1)c1c2c(C)cccc2[nH]c1,7.939302159646388
c1cc2c(snc2N2CCN(CC2)CCCCn2c3ccccc3nn2)cc1,10.102372908709558
C1N(CCN(c2c3c(cccc3)sn2)C1)CCCCn1nnc2c1cccc2,10.102372908709558
C(Cn1c2ccccc2nn1)CCN1CCN(CC1)c1c2ccccc2sn1,10.102372908709558
c1cc2nnn(CCCCN3CCN(c4c5ccccc5sn4)CC3)c2cc1,10.102372908709558
c1cccc2c1c(ns2)N1CCN(CC1)CCCCn1c2c(nn1)cccc2,10.102372908709558
C1CCC(F)(Cn2nc(cc2OCc2cc(ccc2F)F)CNC)CC1,8.795880017344075
n1(CC2(CCCCC2)F)nc(CNC)cc1OCc1c(F)ccc(F)c1,8.795880017344075
C1CC(Cn2c(cc(CNC)n2)OCc2cc(ccc2F)F)(CCC1)F,8.795880017344075
C(c1cc(F)ccc1F)Oc1cc(nn1CC1(F)CCCCC1)CNC,8.795880017344075
C1CCC(Cn2nc(cc2OCc2c(F)ccc(c2)F)CNC)(F)CC1,8.795880017344075
S(CCO)(=O)(=O)N(CC)CCN1CCC(c2noc3cc(F)ccc32)CC1,8.568636235841012
N(CCN1CCC(CC1)c1c2ccc(F)cc2on1)(CC)S(=O)(=O)CCO,8.568636235841012
C(S(N(CCN1CCC(CC1)c1c2c(on1)cc(cc2)F)CC)(=O)=O)CO,8.568636235841012
C(CS(=O)(=O)N(CC)CCN1CCC(CC1)c1noc2cc(ccc12)F)O,8.568636235841012
C(CO)S(=O)(N(CCN1CCC(c2noc3cc(F)ccc23)CC1)CC)=O,8.568636235841012
c1(c[nH]c2ccc(cc21)OCCCCCCCCC)CCN,6.585026652029182
C(CCCCCCCC)Oc1cc2c(CCN)c[nH]c2cc1,6.585026652029182
c12[nH]cc(CCN)c1cc(OCCCCCCCCC)cc2,6.585026652029182
C(CCCCCCCC)Oc1cc2c(cc1)[nH]cc2CCN,6.585026652029182
C(CCCCC)CCCOc1cc2c([nH]cc2CCN)cc1,6.585026652029182
c1ccc(C(c2ccccc2)CCN(C)C)cc1,5.786216700664696
c1cc(ccc1)C(CCN(C)C)c1ccccc1,5.786216700664696
c1cccc(c1)C(CCN(C)C)c1ccccc1,5.786216700664696
N(CCC(c1ccccc1)c1ccccc1)(C)C,5.786216700664696
C(C(c1ccccc1)c1ccccc1)CN(C)C,5.786216700664696
C1CC(CCN2CCN(c3c4ccccc4sn3)CC2)CCC1NC(c1ccc(o1)C(=O)C)=O,8.421360790031928
s1nc(N2CCN(CCC3CCC(NC(c4oc(C(C)=O)cc4)=O)CC3)CC2)c2ccccc12,8.421360790031928
C1C(CCC(C1)CCN1CCN(c2nsc3ccccc32)CC1)NC(=O)c1oc(C(C)=O)cc1,8.421360790031928
c1(c2ccccc2sn1)N1CCN(CC1)CCC1CCC(CC1)NC(c1oc(cc1)C(=O)C)=O,8.421360790031928
c1c2c(snc2N2CCN(CCC3CCC(NC(c4ccc(C(C)=O)o4)=O)CC3)CC2)ccc1,8.421360790031928
c1(nsc2c1cccc2)N1CCN(CC2CCCCC2Cn2c(O)c3c(c2O)C2CCC3C2)CC1,8.698970004336019
C1CCCC(Cn2c(c3C4CCC(C4)c3c2O)O)C1CN1CCN(CC1)c1nsc2c1cccc2,8.698970004336019
N1(CC2CCCCC2Cn2c(c3c(C4CCC3C4)c2O)O)CCN(c2nsc3ccccc23)CC1,8.698970004336019
n1c(N2CCN(CC2)CC2CCCCC2Cn2c(c3C4CC(c3c2O)CC4)O)c2ccccc2s1,8.698970004336019
c12ccccc2c(N2CCN(CC2)CC2C(CCCC2)Cn2c(c3C4CCC(C4)c3c2O)O)ns1,8.698970004336019
C(CNC(C1Nc2c(cccc2)CC1)=O)CCN1CCN(c2ccccc2)CC1,7.301029995663981
c1c2c(ccc1)NC(CC2)C(NCCCCN1CCN(c2ccccc2)CC1)=O,7.301029995663981
c1cc2NC(C(NCCCCN3CCN(c4ccccc4)CC3)=O)CCc2cc1,7.301029995663981
c1cccc(N2CCN(CCCCNC(C3Nc4c(cccc4)CC3)=O)CC2)c1,7.301029995663981
c1ccc(N2CCN(CC2)CCCCNC(C2Nc3ccccc3CC2)=O)cc1,7.301029995663981
c12c3N(CCN1C1C(CN(CCCc4c5ccccc5on4)CC1)c2ccc3)C,8.481486060122112
C1CN2c3c(cccc3C3C2CCN(C3)CCCc2c3ccccc3on2)N1C,8.481486060122112
c12c3cccc1N(C)CCN2C1C3CN(CCCc2noc3c2cccc3)CC1,8.481486060122112
C1N(c2c3c(ccc2)C2CN(CCC2N3C1)CCCc1noc2c1cccc2)C,8.481486060122112
C1CC2C(CN1CCCc1c3ccccc3on1)c1c3c(N(CCN32)C)ccc1,8.481486060122112
NC(Cn1c2c(cn1)ccc1c2cc(o1)CC)C,7.886056647693163
o1c2ccc3c(n(nc3)CC(C)N)c2cc1CC,7.886056647693163
c1c2c(cc(CC)o2)c2n(CC(N)C)ncc2c1,7.886056647693163
c1cc2oc(CC)cc2c2c1cnn2CC(C)N,7.886056647693163
NC(Cn1c2c3cc(oc3ccc2cn1)CC)C,7.886056647693163
n1cc2c(cccc2)cc1C(=O)NCCCCN1CCN(c2cc(ccc2)F)CC1,7.958607314841775
c1(cc(ccc1)N1CCN(CC1)CCCCNC(c1cc2c(cccc2)cn1)=O)F,7.958607314841775
C(N1CCN(c2cccc(F)c2)CC1)CCCNC(=O)c1ncc2ccccc2c1,7.958607314841775
C(NCCCCN1CCN(CC1)c1cc(F)ccc1)(c1ncc2ccccc2c1)=O,7.958607314841775
n1c(cc2c(cccc2)c1)C(NCCCCN1CCN(CC1)c1cc(ccc1)F)=O,7.958607314841775
c12occ(c1cccc2)C1CCN(CC1)CCC1CCC(CC1)NC(=O)CCC(F)(F)F,7.825068406471558
C1(CCC(CC1)NC(CCC(F)(F)F)=O)CCN1CCC(CC1)c1coc2c1cccc2,7.825068406471558
N(C1CCC(CCN2CCC(CC2)c2coc3ccccc32)CC1)C(=O)CCC(F)(F)F,7.825068406471558
C(CC1CCC(NC(=O)CCC(F)(F)F)CC1)N1CCC(CC1)c1coc2c1cccc2,7.825068406471558
C1CC(CCN2CCC(CC2)c2coc3c2cccc3)CCC1NC(CCC(F)(F)F)=O,7.825068406471558
c12CCN(C(c1oc(C)n2)=O)CCN1CCN(CC1)c1c2c(sn1)cccc2,8.508638306165727
N1(CCN2CCc3nc(oc3C2=O)C)CCN(c2c3ccccc3sn2)CC1,8.508638306165727
n1c(c2c(cccc2)s1)N1CCN(CCN2CCc3nc(C)oc3C2=O)CC1,8.508638306165727
c1cccc2c(N3CCN(CCN4C(=O)c5oc(nc5CC4)C)CC3)nsc21,8.508638306165727
c12c(C(=O)N(CC1)CCN1CCN(CC1)c1nsc3c1cccc3)oc(n2)C,8.508638306165727
c1cc(C(=O)C2CCN(Cc3c(cccc3)I)CC2)ccc1F,6.718966632752273
c1c(F)ccc(c1)C(=O)C1CCN(CC1)Cc1ccccc1I,6.718966632752273
C1C(C(=O)c2ccc(F)cc2)CCN(Cc2ccccc2I)C1,6.718966632752273
c1(ccc(C(C2CCN(CC2)Cc2ccccc2I)=O)cc1)F,6.718966632752273
O=C(c1ccc(cc1)F)C1CCN(Cc2c(cccc2)I)CC1,6.718966632752273
C(F)(F)CNc1[nH]c(c(C)n1)-c1c2c(ccc(c2)OC)n(c1)S(=O)(c1ccccc1)=O,5.910094888560602
C(Nc1[nH]c(c(C)n1)-c1c2cc(OC)ccc2n(c1)S(=O)(=O)c1ccccc1)C(F)F,5.910094888560602
O=S(n1cc(-c2c(C)nc(NCC(F)F)[nH]2)c2c1ccc(OC)c2)(=O)c1ccccc1,5.910094888560602
c1([nH]c(nc1C)NCC(F)F)-c1cn(S(=O)(c2ccccc2)=O)c2c1cc(OC)cc2,5.910094888560602
c1c(OC)cc2c(n(cc2-c2c(nc(NCC(F)F)[nH]2)C)S(c2ccccc2)(=O)=O)c1,5.910094888560602
C1CN(CCN1CCc1ccc(cc1F)F)C(c1c(c2n(cccc2)n1)Br)=O,9.096910013008056
C(c1c(Br)c2n(cccc2)n1)(=O)N1CCN(CC1)CCc1c(F)cc(F)cc1,9.096910013008056
C(c1ccc(cc1F)F)CN1CCN(C(c2c(c3n(n2)cccc3)Br)=O)CC1,9.096910013008056
Fc1cc(ccc1CCN1CCN(C(=O)c2nn3c(c2Br)cccc3)CC1)F,9.096910013008056
C(c1ccc(F)cc1F)CN1CCN(C(=O)c2nn3c(cccc3)c2Br)CC1,9.096910013008056
O=S(C)(=O)Nc1ccc2CC3N(C)CCc4cc(OC)c(c(-c2c1)c34)OCC#C,5.875821944525325
C12c3c(cc(c(c3-c3c(ccc(NS(=O)(=O)C)c3)C2)OCC#C)OC)CCN1C,5.875821944525325
C(Oc1c(OC)cc2CCN(C)C3c2c1-c1cc(ccc1C3)NS(=O)(=O)C)C#C,5.875821944525325
c1(OCC#C)c2c3C(N(CCc3cc1OC)C)Cc1c-2cc(cc1)NS(=O)(C)=O,5.875821944525325
c1(NS(=O)(=O)C)ccc2CC3N(C)CCc4c3c(-c2c1)c(c(c4)OC)OCC#C,5.875821944525325
C(N(C(=O)C(O)(C)C)CCN1CCC(c2noc3c2ccc(c3)F)CC1)C,9.096910013008056
c1c(F)cc2onc(C3CCN(CCN(C(=O)C(C)(O)C)CC)CC3)c2c1,9.096910013008056
c1c(cc2onc(c2c1)C1CCN(CCN(CC)C(=O)C(C)(C)O)CC1)F,9.096910013008056
C(C(=O)N(CCN1CCC(CC1)c1c2c(cc(F)cc2)on1)CC)(C)(C)O,9.096910013008056
O=C(N(CCN1CCC(c2noc3cc(F)ccc23)CC1)CC)C(O)(C)C,9.096910013008056
